"seriesID","seriesCode","seriesName","seriesParent","seriesUnits","entityID","entityIso","entityName","dataValue","dataYear","dataNote","dataSource","seriesDescription"
56,"i131m","Domestic fixed-to-fixed telephone traffic",,"minutes",6,"AFG","Afghanistan","7856220.0",2005,"","","Refers to completed local and domestic long distance fixed-telephone voice traffic"
56,"i131m","Domestic fixed-to-fixed telephone traffic",,"minutes",6,"AFG","Afghanistan","1.171396197E9",2007,"","Ministry of Communications & Information Technology","Refers to completed local and domestic long distance fixed-telephone voice traffic"
56,"i131m","Domestic fixed-to-fixed telephone traffic",,"minutes",6,"AFG","Afghanistan","7.0591852E7",2015,"","Afghanistan Telecommunication Regulatory Authority Ministry of Communications & Information Technology (MCIT)","Refers to completed local and domestic long distance fixed-telephone voice traffic"
56,"i131m","Domestic fixed-to-fixed telephone traffic",,"minutes",6,"AFG","Afghanistan","2920401.0",2017,"","Afghanistan Telecom Regulatory Authority","Refers to completed local and domestic long distance fixed-telephone voice traffic"
56,"i131m","Domestic fixed-to-fixed telephone traffic",,"minutes",6,"AFG","Afghanistan","2910718.0",2018,"","Afghanistan Telecom Regulatory Authority","Refers to completed local and domestic long distance fixed-telephone voice traffic"
56,"i131m","Domestic fixed-to-fixed telephone traffic",,"minutes",6,"AFG","Afghanistan","3100348.0",2019,"","Afghanistan Telecom Regulatory Authority","Refers to completed local and domestic long distance fixed-telephone voice traffic"
56,"i131m","Domestic fixed-to-fixed telephone traffic",,"minutes",7,"ZAF","South Africa","1.97956117E8",2013,"","Independent Communications Authority of South Africa","Refers to completed local and domestic long distance fixed-telephone voice traffic"
56,"i131m","Domestic fixed-to-fixed telephone traffic",,"minutes",7,"ZAF","South Africa","8.781039054E9",2014,"","Independent Communications Authority of South Africa","Refers to completed local and domestic long distance fixed-telephone voice traffic"
56,"i131m","Domestic fixed-to-fixed telephone traffic",,"minutes",7,"ZAF","South Africa","8.03546925E9",2015,"","Independent Communications Authority of South Africa","Refers to completed local and domestic long distance fixed-telephone voice traffic"
56,"i131m","Domestic fixed-to-fixed telephone traffic",,"minutes",7,"ZAF","South Africa","7.84100105589E9",2016,"","Independent Communication Authority of South Africa","Refers to completed local and domestic long distance fixed-telephone voice traffic"
56,"i131m","Domestic fixed-to-fixed telephone traffic",,"minutes",7,"ZAF","South Africa","7.035505292E9",2017,"","Independent Communication Authority of South Africa","Refers to completed local and domestic long distance fixed-telephone voice traffic"
56,"i131m","Domestic fixed-to-fixed telephone traffic",,"minutes",7,"ZAF","South Africa","1.5099877754E10",2018,"","Independent Communications Authority of South Africa","Refers to completed local and domestic long distance fixed-telephone voice traffic"
56,"i131m","Domestic fixed-to-fixed telephone traffic",,"minutes",7,"ZAF","South Africa","5.106588887E9",2019,"","Independent Communications Authority of South Africa","Refers to completed local and domestic long distance fixed-telephone voice traffic"
56,"i131m","Domestic fixed-to-fixed telephone traffic",,"minutes",7,"ZAF","South Africa","4.438364349E9",2020,"","Independent Communications Authority of South Africa","Refers to completed local and domestic long distance fixed-telephone voice traffic"
56,"i131m","Domestic fixed-to-fixed telephone traffic",,"minutes",7,"ZAF","South Africa","3.930384986E9",2021,"","Independent Communications Authority of South Africa","Refers to completed local and domestic long distance fixed-telephone voice traffic"
56,"i131m","Domestic fixed-to-fixed telephone traffic",,"minutes",8,"AGO","Angola","5942203.0",2012,"","ANGOLAN COMMUNICATIONS REGULATORY AUTHORITY","Refers to completed local and domestic long distance fixed-telephone voice traffic"
56,"i131m","Domestic fixed-to-fixed telephone traffic",,"minutes",8,"AGO","Angola","3726886.0",2013,"","ANGOLAN COMMUNICATIONS REGULATORY AUTHORITY","Refers to completed local and domestic long distance fixed-telephone voice traffic"
56,"i131m","Domestic fixed-to-fixed telephone traffic",,"minutes",8,"AGO","Angola","5260289.0",2015,"","Angolan Institute of Communications","Refers to completed local and domestic long distance fixed-telephone voice traffic"
56,"i131m","Domestic fixed-to-fixed telephone traffic",,"minutes",8,"AGO","Angola","4207272.0",2016,"","Angolan Institute of Communications","Refers to completed local and domestic long distance fixed-telephone voice traffic"
56,"i131m","Domestic fixed-to-fixed telephone traffic",,"minutes",8,"AGO","Angola","2150884.0",2017,"","Angolan Institute of Communications","Refers to completed local and domestic long distance fixed-telephone voice traffic"
56,"i131m","Domestic fixed-to-fixed telephone traffic",,"minutes",8,"AGO","Angola","5761319.0",2018,"","INACOM","Refers to completed local and domestic long distance fixed-telephone voice traffic"
56,"i131m","Domestic fixed-to-fixed telephone traffic",,"minutes",8,"AGO","Angola","1099969.0",2019,"","Angolan Institute of Communications","Refers to completed local and domestic long distance fixed-telephone voice traffic"
56,"i131m","Domestic fixed-to-fixed telephone traffic",,"minutes",8,"AGO","Angola","5229708.0",2020,"","Angolan Institute of Communications","Refers to completed local and domestic long distance fixed-telephone voice traffic"
56,"i131m","Domestic fixed-to-fixed telephone traffic",,"minutes",8,"AGO","Angola","5106138.3",2021,"","Angolan Institute of Communications","Refers to completed local and domestic long distance fixed-telephone voice traffic"
56,"i131m","Domestic fixed-to-fixed telephone traffic",,"minutes",10,"ALB","Albania","2.35E8",2000,"","","Refers to completed local and domestic long distance fixed-telephone voice traffic"
56,"i131m","Domestic fixed-to-fixed telephone traffic",,"minutes",10,"ALB","Albania","4.80540585E8",2010,"","National Agency on Information Society","Refers to completed local and domestic long distance fixed-telephone voice traffic"
56,"i131m","Domestic fixed-to-fixed telephone traffic",,"minutes",10,"ALB","Albania","3.38623266E8",2011,"","National Agency on Information Society","Refers to completed local and domestic long distance fixed-telephone voice traffic"
56,"i131m","Domestic fixed-to-fixed telephone traffic",,"minutes",10,"ALB","Albania","2.93694029E8",2012,"","National Agency on Information Society","Refers to completed local and domestic long distance fixed-telephone voice traffic"
56,"i131m","Domestic fixed-to-fixed telephone traffic",,"minutes",10,"ALB","Albania","2.35408087E8",2013,"","National Agency on Information Society","Refers to completed local and domestic long distance fixed-telephone voice traffic"
56,"i131m","Domestic fixed-to-fixed telephone traffic",,"minutes",10,"ALB","Albania","1.73509603E8",2014,"","Minister of State for the Innovation and Public Administration","Refers to completed local and domestic long distance fixed-telephone voice traffic"
56,"i131m","Domestic fixed-to-fixed telephone traffic",,"minutes",10,"ALB","Albania","1.24654262E8",2015,"","Minister of State for the Innovation and Public Administration","Refers to completed local and domestic long distance fixed-telephone voice traffic"
56,"i131m","Domestic fixed-to-fixed telephone traffic",,"minutes",10,"ALB","Albania","1.02829575E8",2016,"","AKEP","Refers to completed local and domestic long distance fixed-telephone voice traffic"
56,"i131m","Domestic fixed-to-fixed telephone traffic",,"minutes",10,"ALB","Albania","8.2612669E7",2017,"","Ministry of Infrastructure and Energy","Refers to completed local and domestic long distance fixed-telephone voice traffic"
56,"i131m","Domestic fixed-to-fixed telephone traffic",,"minutes",10,"ALB","Albania","6.8193911E7",2018,"","Ministry of Infrastructure and Energy","Refers to completed local and domestic long distance fixed-telephone voice traffic"
56,"i131m","Domestic fixed-to-fixed telephone traffic",,"minutes",10,"ALB","Albania","5.5518758E7",2019,"","Ministry of Infrastructure and Energy","Refers to completed local and domestic long distance fixed-telephone voice traffic"
56,"i131m","Domestic fixed-to-fixed telephone traffic",,"minutes",10,"ALB","Albania","5.3222408E7",2020,"","Ministry of Infrastructure and Energy","Refers to completed local and domestic long distance fixed-telephone voice traffic"
56,"i131m","Domestic fixed-to-fixed telephone traffic",,"minutes",10,"ALB","Albania","4.1988724E7",2021,"","Ministry of Infrastructure and Energy","Refers to completed local and domestic long distance fixed-telephone voice traffic"
56,"i131m","Domestic fixed-to-fixed telephone traffic",,"minutes",11,"DZA","Algeria","5.211801195E9",2005,"","","Refers to completed local and domestic long distance fixed-telephone voice traffic"
56,"i131m","Domestic fixed-to-fixed telephone traffic",,"minutes",11,"DZA","Algeria","3.252664896E9",2006,"","","Refers to completed local and domestic long distance fixed-telephone voice traffic"
56,"i131m","Domestic fixed-to-fixed telephone traffic",,"minutes",11,"DZA","Algeria","2.441822E9",2007,"","","Refers to completed local and domestic long distance fixed-telephone voice traffic"
56,"i131m","Domestic fixed-to-fixed telephone traffic",,"minutes",11,"DZA","Algeria","1.229E9",2011,"","ARTP.","Refers to completed local and domestic long distance fixed-telephone voice traffic"
56,"i131m","Domestic fixed-to-fixed telephone traffic",,"minutes",11,"DZA","Algeria","1.132E9",2012,"","Ministère de la Poste et des Technologies de l'Information et de la Communication","Refers to completed local and domestic long distance fixed-telephone voice traffic"
56,"i131m","Domestic fixed-to-fixed telephone traffic",,"minutes",11,"DZA","Algeria","1.238288022E9",2013,"","Ministère de la Poste et des Technologies de l'Information et de la Communication","Refers to completed local and domestic long distance fixed-telephone voice traffic"
56,"i131m","Domestic fixed-to-fixed telephone traffic",,"minutes",11,"DZA","Algeria","1.19084643E9",2014,"","Ministère de la Poste et des Technologies de l'Information et de la Communication","Refers to completed local and domestic long distance fixed-telephone voice traffic"
56,"i131m","Domestic fixed-to-fixed telephone traffic",,"minutes",11,"DZA","Algeria","1.05720838875E9",2015,"","Ministère de la  Poste et des Technologies de l'Information et de la Communication","Refers to completed local and domestic long distance fixed-telephone voice traffic"
56,"i131m","Domestic fixed-to-fixed telephone traffic",,"minutes",11,"DZA","Algeria","1.73854E9",2016,"Source: ARPT.","Ministère de la Poste, des Télécommunications, des Technologies et du Numérique","Refers to completed local and domestic long distance fixed-telephone voice traffic"
56,"i131m","Domestic fixed-to-fixed telephone traffic",,"minutes",11,"DZA","Algeria","1.382931635E9",2017,"","Ministère de la Poste et des Télécommunications","Refers to completed local and domestic long distance fixed-telephone voice traffic"
56,"i131m","Domestic fixed-to-fixed telephone traffic",,"minutes",11,"DZA","Algeria","1.289310599E9",2018,"","Ministère de la Poste et des Télécommunications","Refers to completed local and domestic long distance fixed-telephone voice traffic"
56,"i131m","Domestic fixed-to-fixed telephone traffic",,"minutes",11,"DZA","Algeria","1.083982322E9",2019,"","Ministère de la Poste et des Télécommunications","Refers to completed local and domestic long distance fixed-telephone voice traffic"
56,"i131m","Domestic fixed-to-fixed telephone traffic",,"minutes",11,"DZA","Algeria","1.204689505E9",2020,"","Ministère de la Poste et des Télécommunications","Refers to completed local and domestic long distance fixed-telephone voice traffic"
56,"i131m","Domestic fixed-to-fixed telephone traffic",,"minutes",11,"DZA","Algeria","1.062531842E9",2021,"","Ministère de la Poste et des Télécommunications","Refers to completed local and domestic long distance fixed-telephone voice traffic"
56,"i131m","Domestic fixed-to-fixed telephone traffic",,"minutes",14,"AND","Andorra","2.04301372E8",2007,"","Andorra Telecom","Refers to completed local and domestic long distance fixed-telephone voice traffic"
56,"i131m","Domestic fixed-to-fixed telephone traffic",,"minutes",14,"AND","Andorra","1.70918584E8",2008,"","Andorra Telecom","Refers to completed local and domestic long distance fixed-telephone voice traffic"
56,"i131m","Domestic fixed-to-fixed telephone traffic",,"minutes",14,"AND","Andorra","1.49162757E8",2009,"","Andorra Telecom","Refers to completed local and domestic long distance fixed-telephone voice traffic"
56,"i131m","Domestic fixed-to-fixed telephone traffic",,"minutes",14,"AND","Andorra","1.37971339E8",2010,"","Servei de Telecomunicacions d'Andorra","Refers to completed local and domestic long distance fixed-telephone voice traffic"
56,"i131m","Domestic fixed-to-fixed telephone traffic",,"minutes",14,"AND","Andorra","1.3168441E8",2011,"","Servei de Telecomunicacions d'Andorra","Refers to completed local and domestic long distance fixed-telephone voice traffic"
56,"i131m","Domestic fixed-to-fixed telephone traffic",,"minutes",14,"AND","Andorra","1.22801051E8",2012,"","Servei de Telecomunicacions d'Andorra","Refers to completed local and domestic long distance fixed-telephone voice traffic"
56,"i131m","Domestic fixed-to-fixed telephone traffic",,"minutes",14,"AND","Andorra","1.16916699E8",2013,"","Servei de Telecomunicacions d'Andorra","Refers to completed local and domestic long distance fixed-telephone voice traffic"
56,"i131m","Domestic fixed-to-fixed telephone traffic",,"minutes",14,"AND","Andorra","1.04901337E8",2014,"","Andorra Telecom SAU","Refers to completed local and domestic long distance fixed-telephone voice traffic"
56,"i131m","Domestic fixed-to-fixed telephone traffic",,"minutes",14,"AND","Andorra","9.0713225E7",2015,"","Andorra Telecom SAU","Refers to completed local and domestic long distance fixed-telephone voice traffic"
56,"i131m","Domestic fixed-to-fixed telephone traffic",,"minutes",14,"AND","Andorra","7.1809647E7",2016,"","Andorra Telecom SAU","Refers to completed local and domestic long distance fixed-telephone voice traffic"
56,"i131m","Domestic fixed-to-fixed telephone traffic",,"minutes",14,"AND","Andorra","6.8395571E7",2017,"","Andorra Telecom SAU","Refers to completed local and domestic long distance fixed-telephone voice traffic"
56,"i131m","Domestic fixed-to-fixed telephone traffic",,"minutes",14,"AND","Andorra","5.650168E7",2018,"","Andorra Telecom SAU","Refers to completed local and domestic long distance fixed-telephone voice traffic"
56,"i131m","Domestic fixed-to-fixed telephone traffic",,"minutes",16,"ARG","Argentina","4.7508534186E10",2010,"","Comisión Nacional de Comunicaciones","Refers to completed local and domestic long distance fixed-telephone voice traffic"
56,"i131m","Domestic fixed-to-fixed telephone traffic",,"minutes",16,"ARG","Argentina","4.5668233609E10",2011,"","Comisión Nacional de Comunicaciones","Refers to completed local and domestic long distance fixed-telephone voice traffic"
56,"i131m","Domestic fixed-to-fixed telephone traffic",,"minutes",16,"ARG","Argentina","4.3885159457E10",2012,"","Comisión Nacional de Comunicaciones","Refers to completed local and domestic long distance fixed-telephone voice traffic"
56,"i131m","Domestic fixed-to-fixed telephone traffic",,"minutes",16,"ARG","Argentina","4.3799111099E10",2013,"","Comisión Nacional de Comunicaciones","Refers to completed local and domestic long distance fixed-telephone voice traffic"
56,"i131m","Domestic fixed-to-fixed telephone traffic",,"minutes",16,"ARG","Argentina","2.2904096E10",2014,"Preliminary.","Comisión Nacional de Comunicaciones","Refers to completed local and domestic long distance fixed-telephone voice traffic"
56,"i131m","Domestic fixed-to-fixed telephone traffic",,"minutes",16,"ARG","Argentina","2.9132526E10",2015,"Preliminary.","Ente Nacional de Comunicaciones","Refers to completed local and domestic long distance fixed-telephone voice traffic"
56,"i131m","Domestic fixed-to-fixed telephone traffic",,"minutes",16,"ARG","Argentina","1.8784408422E10",2018,"","Ente Nacional de Comunicaciones","Refers to completed local and domestic long distance fixed-telephone voice traffic"
56,"i131m","Domestic fixed-to-fixed telephone traffic",,"minutes",16,"ARG","Argentina","1.436332682782E10",2019,"","Ente Nacional de Comunicaciones","Refers to completed local and domestic long distance fixed-telephone voice traffic"
56,"i131m","Domestic fixed-to-fixed telephone traffic",,"minutes",16,"ARG","Argentina","1.1696972878E10",2020,"","Ente Nacional de Comunicaciones","Refers to completed local and domestic long distance fixed-telephone voice traffic"
56,"i131m","Domestic fixed-to-fixed telephone traffic",,"minutes",16,"ARG","Argentina","7.02099136652E9",2021,"","Ente Nacional de Comunicaciones","Refers to completed local and domestic long distance fixed-telephone voice traffic"
56,"i131m","Domestic fixed-to-fixed telephone traffic",,"minutes",17,"ARM","Armenia","1.1760383E8",2000,"","","Refers to completed local and domestic long distance fixed-telephone voice traffic"
56,"i131m","Domestic fixed-to-fixed telephone traffic",,"minutes",17,"ARM","Armenia","1.81988796E9",2005,"","","Refers to completed local and domestic long distance fixed-telephone voice traffic"
56,"i131m","Domestic fixed-to-fixed telephone traffic",,"minutes",17,"ARM","Armenia","9.21574E8",2008,"","Ministry of Transport and Communications","Refers to completed local and domestic long distance fixed-telephone voice traffic"
56,"i131m","Domestic fixed-to-fixed telephone traffic",,"minutes",17,"ARM","Armenia","1.975384986E9",2009,"Break in comparability: counting free traffic included in the subscription fee (360 minutes/month).","Ministry of Transport and Communications","Refers to completed local and domestic long distance fixed-telephone voice traffic"
56,"i131m","Domestic fixed-to-fixed telephone traffic",,"minutes",17,"ARM","Armenia","1.961499013E9",2010,"Counting free traffic included in the subscription fee (360 minutes/month).","Ministry of Transport and Communications","Refers to completed local and domestic long distance fixed-telephone voice traffic"
56,"i131m","Domestic fixed-to-fixed telephone traffic",,"minutes",17,"ARM","Armenia","1.931485412E9",2011,"Counting free traffic included in the subscription fee (360 minutes/month).","Ministry of Transport and Communication of Armenia","Refers to completed local and domestic long distance fixed-telephone voice traffic"
56,"i131m","Domestic fixed-to-fixed telephone traffic",,"minutes",17,"ARM","Armenia","1.669757236E9",2012,"","Ministry of Transport and Communication of Armenia","Refers to completed local and domestic long distance fixed-telephone voice traffic"
56,"i131m","Domestic fixed-to-fixed telephone traffic",,"minutes",17,"ARM","Armenia","1.420948389E9",2013,"","Ministry of Transport and Communication of Armenia","Refers to completed local and domestic long distance fixed-telephone voice traffic"
56,"i131m","Domestic fixed-to-fixed telephone traffic",,"minutes",17,"ARM","Armenia","1.180692361E9",2014,"","Ministry of Transport and Communication of Armenia","Refers to completed local and domestic long distance fixed-telephone voice traffic"
56,"i131m","Domestic fixed-to-fixed telephone traffic",,"minutes",17,"ARM","Armenia","9.675097865E8",2015,"","Ministry of Transport and Communication of Armenia","Refers to completed local and domestic long distance fixed-telephone voice traffic"
56,"i131m","Domestic fixed-to-fixed telephone traffic",,"minutes",17,"ARM","Armenia","7.564839523E8",2016,"","Ministry of Transport, Communication and Information Technologies of Armenia","Refers to completed local and domestic long distance fixed-telephone voice traffic"
56,"i131m","Domestic fixed-to-fixed telephone traffic",,"minutes",17,"ARM","Armenia","5.76668404E8",2017,"","Ministry of Transport, Communication and Information Technologies of Armenia","Refers to completed local and domestic long distance fixed-telephone voice traffic"
56,"i131m","Domestic fixed-to-fixed telephone traffic",,"minutes",17,"ARM","Armenia","4.376332507E8",2018,"","Ministry of High-Tech Industry of Armenia","Refers to completed local and domestic long distance fixed-telephone voice traffic"
56,"i131m","Domestic fixed-to-fixed telephone traffic",,"minutes",17,"ARM","Armenia","3.343177015E8",2019,"","Ministry of High-Tech Industry of Armenia","Refers to completed local and domestic long distance fixed-telephone voice traffic"
56,"i131m","Domestic fixed-to-fixed telephone traffic",,"minutes",17,"ARM","Armenia","3.373164945E8",2020,"","Ministry of High-Tech Industry of Armenia","Refers to completed local and domestic long distance fixed-telephone voice traffic"
56,"i131m","Domestic fixed-to-fixed telephone traffic",,"minutes",17,"ARM","Armenia","2.218841836E8",2021,"","Ministry of High-Tech Industry of Armenia","Refers to completed local and domestic long distance fixed-telephone voice traffic"
56,"i131m","Domestic fixed-to-fixed telephone traffic",,"minutes",18,"SAU","Saudi Arabia","3.094440229E9",2011,"","Communication and Information Technology Commission","Refers to completed local and domestic long distance fixed-telephone voice traffic"
56,"i131m","Domestic fixed-to-fixed telephone traffic",,"minutes",18,"SAU","Saudi Arabia","3.092290544E9",2012,"","","Refers to completed local and domestic long distance fixed-telephone voice traffic"
56,"i131m","Domestic fixed-to-fixed telephone traffic",,"minutes",18,"SAU","Saudi Arabia","3.092290544E9",2013,"","Communication and Information Technology Commission","Refers to completed local and domestic long distance fixed-telephone voice traffic"
56,"i131m","Domestic fixed-to-fixed telephone traffic",,"minutes",18,"SAU","Saudi Arabia","4.901463373E9",2014,"","Communication and Information Technology Commission","Refers to completed local and domestic long distance fixed-telephone voice traffic"
56,"i131m","Domestic fixed-to-fixed telephone traffic",,"minutes",18,"SAU","Saudi Arabia","3.082470324E9",2015,"","Communication and Information Technology Commission","Refers to completed local and domestic long distance fixed-telephone voice traffic"
56,"i131m","Domestic fixed-to-fixed telephone traffic",,"minutes",18,"SAU","Saudi Arabia","3.026603263E9",2016,"","Communications and Information Technology Commission (CITC)","Refers to completed local and domestic long distance fixed-telephone voice traffic"
56,"i131m","Domestic fixed-to-fixed telephone traffic",,"minutes",18,"SAU","Saudi Arabia","2.909347308E9",2017,"","Communications and Information Technology Commission (CITC)","Refers to completed local and domestic long distance fixed-telephone voice traffic"
56,"i131m","Domestic fixed-to-fixed telephone traffic",,"minutes",18,"SAU","Saudi Arabia","2.54552565E9",2018,"","CITC","Refers to completed local and domestic long distance fixed-telephone voice traffic"
56,"i131m","Domestic fixed-to-fixed telephone traffic",,"minutes",24,"AUT","Austria","8.176E9",2000,"","","Refers to completed local and domestic long distance fixed-telephone voice traffic"
56,"i131m","Domestic fixed-to-fixed telephone traffic",,"minutes",24,"AUT","Austria","5.988E9",2001,"","","Refers to completed local and domestic long distance fixed-telephone voice traffic"
56,"i131m","Domestic fixed-to-fixed telephone traffic",,"minutes",24,"AUT","Austria","5.732E9",2007,"","Regulatory Authority for Broadcasting and Telecommunications (Rundfunk und Telekom Regulierungs-GmbH; RTR-GmbH)","Refers to completed local and domestic long distance fixed-telephone voice traffic"
56,"i131m","Domestic fixed-to-fixed telephone traffic",,"minutes",24,"AUT","Austria","5.046E9",2008,"","Regulatory Authority for Broadcasting and Telecommunications (Rundfunk und Telekom Regulierungs-GmbH; RTR-GmbH)","Refers to completed local and domestic long distance fixed-telephone voice traffic"
56,"i131m","Domestic fixed-to-fixed telephone traffic",,"minutes",24,"AUT","Austria","4.195E9",2009,"Excl. minutes to service numbers.","Regulatory Authority for Broadcasting and Telecommunications (Rundfunk und Telekom Regulierungs-GmbH; RTR-GmbH)","Refers to completed local and domestic long distance fixed-telephone voice traffic"
56,"i131m","Domestic fixed-to-fixed telephone traffic",,"minutes",24,"AUT","Austria","3.630241E9",2010,"Excl. minutes to service numbers.","Rundfunk und Telekom Regulierungs-GmbH","Refers to completed local and domestic long distance fixed-telephone voice traffic"
56,"i131m","Domestic fixed-to-fixed telephone traffic",,"minutes",24,"AUT","Austria","3.041737E9",2011,"Excl. minutes to service numbers.","Rundfunk und Telekom Regulierungs-GmbH","Refers to completed local and domestic long distance fixed-telephone voice traffic"
56,"i131m","Domestic fixed-to-fixed telephone traffic",,"minutes",24,"AUT","Austria","2.626214E9",2012,"","Rundfunk und Telekom Regulierungs-GmbH","Refers to completed local and domestic long distance fixed-telephone voice traffic"
56,"i131m","Domestic fixed-to-fixed telephone traffic",,"minutes",24,"AUT","Austria","2.25335E9",2013,"","Austrian Regulatory Authority for Broadcasting and Telecommunications","Refers to completed local and domestic long distance fixed-telephone voice traffic"
56,"i131m","Domestic fixed-to-fixed telephone traffic",,"minutes",24,"AUT","Austria","2.041888E9",2014,"Excl. service numbers","Austrian Regulatory Authority for Broadcasting and Telecommunications","Refers to completed local and domestic long distance fixed-telephone voice traffic"
56,"i131m","Domestic fixed-to-fixed telephone traffic",,"minutes",24,"AUT","Austria","1.773888E9",2015,"","Austrian Regulatory Authority for Broadcasting and Telecommunications","Refers to completed local and domestic long distance fixed-telephone voice traffic"
56,"i131m","Domestic fixed-to-fixed telephone traffic",,"minutes",24,"AUT","Austria","1.61838E9",2016,"","RTR GmbH","Refers to completed local and domestic long distance fixed-telephone voice traffic"
56,"i131m","Domestic fixed-to-fixed telephone traffic",,"minutes",24,"AUT","Austria","1.445627325E9",2017,"","RTR GmbH","Refers to completed local and domestic long distance fixed-telephone voice traffic"
56,"i131m","Domestic fixed-to-fixed telephone traffic",,"minutes",24,"AUT","Austria","1.294099895E9",2018,"","Austrian Regulatory Authority for Broadcasting and Telecommunications","Refers to completed local and domestic long distance fixed-telephone voice traffic"
56,"i131m","Domestic fixed-to-fixed telephone traffic",,"minutes",24,"AUT","Austria","1.167221762E9",2019,"","Austrian Regulatory Authority for Broadcasting and Telecommunications","Refers to completed local and domestic long distance fixed-telephone voice traffic"
56,"i131m","Domestic fixed-to-fixed telephone traffic",,"minutes",24,"AUT","Austria","1.148447717E9",2020,"","Austrian Regulatory Authority for Broadcasting and Telecommunications","Refers to completed local and domestic long distance fixed-telephone voice traffic"
56,"i131m","Domestic fixed-to-fixed telephone traffic",,"minutes",24,"AUT","Austria","1.093091591E9",2021,"","Austrian Regulatory Authority for Broadcasting and Telecommunications","Refers to completed local and domestic long distance fixed-telephone voice traffic"
56,"i131m","Domestic fixed-to-fixed telephone traffic",,"minutes",25,"AZE","Azerbaijan","3.01628016E8",2000,"","","Refers to completed local and domestic long distance fixed-telephone voice traffic"
56,"i131m","Domestic fixed-to-fixed telephone traffic",,"minutes",25,"AZE","Azerbaijan","3.02216422E8",2001,"","","Refers to completed local and domestic long distance fixed-telephone voice traffic"
56,"i131m","Domestic fixed-to-fixed telephone traffic",,"minutes",25,"AZE","Azerbaijan","1.71231939E8",2008,"","Ministry of Communications and Information Technologies of the Republic of Azerbaijan","Refers to completed local and domestic long distance fixed-telephone voice traffic"
56,"i131m","Domestic fixed-to-fixed telephone traffic",,"minutes",25,"AZE","Azerbaijan","1.63096888E8",2009,"","Ministry of Communications and Information Technologies of the Republic of Azerbaijan","Refers to completed local and domestic long distance fixed-telephone voice traffic"
56,"i131m","Domestic fixed-to-fixed telephone traffic",,"minutes",25,"AZE","Azerbaijan","1.39148208E8",2010,"","Ministry of Communications and Information Technologies","Refers to completed local and domestic long distance fixed-telephone voice traffic"
56,"i131m","Domestic fixed-to-fixed telephone traffic",,"minutes",25,"AZE","Azerbaijan","1.094119E8",2011,"","Ministry of Communications and Information Technologies (MC&IT)","Refers to completed local and domestic long distance fixed-telephone voice traffic"
56,"i131m","Domestic fixed-to-fixed telephone traffic",,"minutes",25,"AZE","Azerbaijan","1.25213205E8",2012,"","Ministry of Communications and Information Technologies (MC&IT)","Refers to completed local and domestic long distance fixed-telephone voice traffic"
56,"i131m","Domestic fixed-to-fixed telephone traffic",,"minutes",25,"AZE","Azerbaijan","1.31918113E8",2013,"","Ministry of Communications and High Technologies (MC&HT)","Refers to completed local and domestic long distance fixed-telephone voice traffic"
56,"i131m","Domestic fixed-to-fixed telephone traffic",,"minutes",25,"AZE","Azerbaijan","1.49915391E8",2014,"","Ministry of Communications and High Technologies (MC&HT)","Refers to completed local and domestic long distance fixed-telephone voice traffic"
56,"i131m","Domestic fixed-to-fixed telephone traffic",,"minutes",25,"AZE","Azerbaijan","3.7668878E7",2015,"","Ministry of Communications and High Technologies (MC&HT)","Refers to completed local and domestic long distance fixed-telephone voice traffic"
56,"i131m","Domestic fixed-to-fixed telephone traffic",,"minutes",25,"AZE","Azerbaijan","2.5293343E7",2016,"","Ministry of Transport, Communications and High Technologies","Refers to completed local and domestic long distance fixed-telephone voice traffic"
56,"i131m","Domestic fixed-to-fixed telephone traffic",,"minutes",25,"AZE","Azerbaijan","2.6030357E7",2017,"","Ministry of Transport, Communications and High Technologies","Refers to completed local and domestic long distance fixed-telephone voice traffic"
56,"i131m","Domestic fixed-to-fixed telephone traffic",,"minutes",25,"AZE","Azerbaijan","2.0725078E7",2018,"","Ministry of Transport, Communications and High Technologies","Refers to completed local and domestic long distance fixed-telephone voice traffic"
56,"i131m","Domestic fixed-to-fixed telephone traffic",,"minutes",25,"AZE","Azerbaijan","1.623242E7",2019,"","Ministry of Digital Development and Transport","Refers to completed local and domestic long distance fixed-telephone voice traffic"
56,"i131m","Domestic fixed-to-fixed telephone traffic",,"minutes",25,"AZE","Azerbaijan","1.5095538E7",2020,"","Ministry of Digital Development and Transport","Refers to completed local and domestic long distance fixed-telephone voice traffic"
56,"i131m","Domestic fixed-to-fixed telephone traffic",,"minutes",25,"AZE","Azerbaijan","1.1108266E7",2021,"","Ministry of Digital Development and Transport","Refers to completed local and domestic long distance fixed-telephone voice traffic"
56,"i131m","Domestic fixed-to-fixed telephone traffic",,"minutes",27,"BRA","Brazil","1.98459E11",2005,"In 2005, Brazil used traffic measure in Pulse.To inform ITU (data traffic in minute) it was used the equivalence 1 pulse to 1.7 minute.","","Refers to completed local and domestic long distance fixed-telephone voice traffic"
56,"i131m","Domestic fixed-to-fixed telephone traffic",,"minutes",27,"BRA","Brazil","1.689E11",2007,"In July 2007 Brazil implemented traffic measure in Minutes. Until July, to inform ITU (data traffic in minute), it was used the equivalence 1 pulse to 1.7 minute.","National Agency of Telecomunications","Refers to completed local and domestic long distance fixed-telephone voice traffic"
56,"i131m","Domestic fixed-to-fixed telephone traffic",,"minutes",27,"BRA","Brazil","1.52640962717E11",2009,"","Agência Nacional de Telecomunicaçőes","Refers to completed local and domestic long distance fixed-telephone voice traffic"
56,"i131m","Domestic fixed-to-fixed telephone traffic",,"minutes",27,"BRA","Brazil","1.54489202668E11",2010,"","Agência Nacional de Telecomunicaçőes","Refers to completed local and domestic long distance fixed-telephone voice traffic"
56,"i131m","Domestic fixed-to-fixed telephone traffic",,"minutes",27,"BRA","Brazil","1.56621380938E11",2011,"","Agência Nacional de Telecomunicaçőes","Refers to completed local and domestic long distance fixed-telephone voice traffic"
56,"i131m","Domestic fixed-to-fixed telephone traffic",,"minutes",27,"BRA","Brazil","1.51236789633E11",2012,"","Agência Nacional de Telecomunicaçőes","Refers to completed local and domestic long distance fixed-telephone voice traffic"
56,"i131m","Domestic fixed-to-fixed telephone traffic",,"minutes",27,"BRA","Brazil","1.2450741814E11",2013,"The method for collecting data changed in 07/2013. Minutes was defined as amount of traffic and now it's defined as amount of charged traffic.","Agência Nacional de Telecomunicaçőes","Refers to completed local and domestic long distance fixed-telephone voice traffic"
56,"i131m","Domestic fixed-to-fixed telephone traffic",,"minutes",27,"BRA","Brazil","8.0486E10",2015,"","Agência Nacional de Telecomunicaçőes","Refers to completed local and domestic long distance fixed-telephone voice traffic"
56,"i131m","Domestic fixed-to-fixed telephone traffic",,"minutes",27,"BRA","Brazil","4.361750591412E10",2016,"","National Telecommunication Agency - Anatel","Refers to completed local and domestic long distance fixed-telephone voice traffic"
56,"i131m","Domestic fixed-to-fixed telephone traffic",,"minutes",27,"BRA","Brazil","3.341182018599E10",2017,"","National Telecommunication Agency - Anatel","Refers to completed local and domestic long distance fixed-telephone voice traffic"
56,"i131m","Domestic fixed-to-fixed telephone traffic",,"minutes",27,"BRA","Brazil","2.319378807135E10",2018,"","Anatel","Refers to completed local and domestic long distance fixed-telephone voice traffic"
56,"i131m","Domestic fixed-to-fixed telephone traffic",,"minutes",27,"BRA","Brazil","1.72419595871E10",2019,"","Agência Nacional de Telecomunicaçőes","Refers to completed local and domestic long distance fixed-telephone voice traffic"
56,"i131m","Domestic fixed-to-fixed telephone traffic",,"minutes",27,"BRA","Brazil","1.330790368456E10",2020,"","Agência Nacional de Telecomunicaçőes","Refers to completed local and domestic long distance fixed-telephone voice traffic"
56,"i131m","Domestic fixed-to-fixed telephone traffic",,"minutes",27,"BRA","Brazil","1.148286589607E10",2021,"","Agência Nacional de Telecomunicaçőes","Refers to completed local and domestic long distance fixed-telephone voice traffic"
56,"i131m","Domestic fixed-to-fixed telephone traffic",,"minutes",28,"BHS","Bahamas","5.89446035E8",2014,"Obtained from URCA's Licensees","Utilities Regulation and Competition Authority","Refers to completed local and domestic long distance fixed-telephone voice traffic"
56,"i131m","Domestic fixed-to-fixed telephone traffic",,"minutes",28,"BHS","Bahamas","4.40394672E8",2016,"Obtained from URCA's Licensees","Utilities Regulation and Competition Authority","Refers to completed local and domestic long distance fixed-telephone voice traffic"
56,"i131m","Domestic fixed-to-fixed telephone traffic",,"minutes",28,"BHS","Bahamas","3.16347806E8",2017,"Obtainted from URCA's Licensees","Utilities Regulation and Competition Authority","Refers to completed local and domestic long distance fixed-telephone voice traffic"
56,"i131m","Domestic fixed-to-fixed telephone traffic",,"minutes",28,"BHS","Bahamas","3.00322657E8",2018,"Obtainted from URCA's Licensees","Utilities Regulation and Competition Authority","Refers to completed local and domestic long distance fixed-telephone voice traffic"
56,"i131m","Domestic fixed-to-fixed telephone traffic",,"minutes",29,"BDI","Burundi","2417749.0",2018,"Agence de Régulation et de Contrôle des Télécommunications","AGENCE DE REGULATION ET DE CONTROLE DES TELECOMMUNICATIONS(ARCT)","Refers to completed local and domestic long distance fixed-telephone voice traffic"
56,"i131m","Domestic fixed-to-fixed telephone traffic",,"minutes",29,"BDI","Burundi","1469977.0",2019,"","Agence de Régulation et de Contrôle des Télécommunications ","Refers to completed local and domestic long distance fixed-telephone voice traffic"
56,"i131m","Domestic fixed-to-fixed telephone traffic",,"minutes",29,"BDI","Burundi","427888.0",2020,"","Agence de Régulation et de Contrôle des Télécommunications ","Refers to completed local and domestic long distance fixed-telephone voice traffic"
56,"i131m","Domestic fixed-to-fixed telephone traffic",,"minutes",29,"BDI","Burundi","1.4844126E7",2021,"","Agence de Régulation et de Contrôle des Télécommunications ","Refers to completed local and domestic long distance fixed-telephone voice traffic"
56,"i131m","Domestic fixed-to-fixed telephone traffic",,"minutes",30,"BEL","Belgium","2.2000206754E10",2000,"","","Refers to completed local and domestic long distance fixed-telephone voice traffic"
56,"i131m","Domestic fixed-to-fixed telephone traffic",,"minutes",30,"BEL","Belgium","2.169403366E10",2001,"","","Refers to completed local and domestic long distance fixed-telephone voice traffic"
56,"i131m","Domestic fixed-to-fixed telephone traffic",,"minutes",30,"BEL","Belgium","1.1527909E10",2007,"","IBPT","Refers to completed local and domestic long distance fixed-telephone voice traffic"
56,"i131m","Domestic fixed-to-fixed telephone traffic",,"minutes",30,"BEL","Belgium","1.061284E10",2008,"","Belgian Institute for Postal Services and Telecommunications ","Refers to completed local and domestic long distance fixed-telephone voice traffic"
56,"i131m","Domestic fixed-to-fixed telephone traffic",,"minutes",30,"BEL","Belgium","9.69277E9",2009,"","Belgian Institute for Postal Services and Telecommunications ","Refers to completed local and domestic long distance fixed-telephone voice traffic"
56,"i131m","Domestic fixed-to-fixed telephone traffic",,"minutes",30,"BEL","Belgium","9.515182E9",2010,"","Belgian Institute for Postal Services and Telecommunications ","Refers to completed local and domestic long distance fixed-telephone voice traffic"
56,"i131m","Domestic fixed-to-fixed telephone traffic",,"minutes",30,"BEL","Belgium","8.931191E9",2011,"","Belgian Institute for Postal Services and Telecommunications ","Refers to completed local and domestic long distance fixed-telephone voice traffic"
56,"i131m","Domestic fixed-to-fixed telephone traffic",,"minutes",30,"BEL","Belgium","8.79278E9",2012,"","Belgian Institute for Postal Services and Telecommunications ","Refers to completed local and domestic long distance fixed-telephone voice traffic"
56,"i131m","Domestic fixed-to-fixed telephone traffic",,"minutes",30,"BEL","Belgium","7.96961E9",2013,"","Belgian Institute for Postal Services and Telecommunications ","Refers to completed local and domestic long distance fixed-telephone voice traffic"
56,"i131m","Domestic fixed-to-fixed telephone traffic",,"minutes",30,"BEL","Belgium","7.373528E9",2014,"","Belgian Institute for Postal Services and Telecommunications ","Refers to completed local and domestic long distance fixed-telephone voice traffic"
56,"i131m","Domestic fixed-to-fixed telephone traffic",,"minutes",30,"BEL","Belgium","6.59873E9",2015,"","Belgian Institute for Postal Services and Telecommunications ","Refers to completed local and domestic long distance fixed-telephone voice traffic"
56,"i131m","Domestic fixed-to-fixed telephone traffic",,"minutes",30,"BEL","Belgium","6.094196E9",2016,"","Belgian Institute for Postal Services and Telecommunications ","Refers to completed local and domestic long distance fixed-telephone voice traffic"
56,"i131m","Domestic fixed-to-fixed telephone traffic",,"minutes",30,"BEL","Belgium","5.284224E9",2017,"","Belgian Institute for Postal Services and Telecommunications ","Refers to completed local and domestic long distance fixed-telephone voice traffic"
56,"i131m","Domestic fixed-to-fixed telephone traffic",,"minutes",30,"BEL","Belgium","4.616262E9",2018,"","Belgian Institute for Postal Services and Telecommunications ","Refers to completed local and domestic long distance fixed-telephone voice traffic"
56,"i131m","Domestic fixed-to-fixed telephone traffic",,"minutes",30,"BEL","Belgium","3.909103E9",2019,"","Belgian Institute for Postal Services and Telecommunications ","Refers to completed local and domestic long distance fixed-telephone voice traffic"
56,"i131m","Domestic fixed-to-fixed telephone traffic",,"minutes",30,"BEL","Belgium","4.518663E9",2020,"","Belgian Institute for Postal Services and Telecommunications ","Refers to completed local and domestic long distance fixed-telephone voice traffic"
56,"i131m","Domestic fixed-to-fixed telephone traffic",,"minutes",30,"BEL","Belgium","3.560918E9",2021,"","Belgian Institute for Postal Services and Telecommunications ","Refers to completed local and domestic long distance fixed-telephone voice traffic"
56,"i131m","Domestic fixed-to-fixed telephone traffic",,"minutes",31,"BEN","Benin","3.1313225E7",2010,"","Autorité transitoire de régulation des postes et télécommunications du Bénin","Refers to completed local and domestic long distance fixed-telephone voice traffic"
56,"i131m","Domestic fixed-to-fixed telephone traffic",,"minutes",31,"BEN","Benin","2.1986717E7",2011,"","Autorité transitoire de régulation des postes et télécommunications du Bénin","Refers to completed local and domestic long distance fixed-telephone voice traffic"
56,"i131m","Domestic fixed-to-fixed telephone traffic",,"minutes",31,"BEN","Benin","1.463884E7",2012,"","Autorité transitoire de régulation des postes et télécommunications du Bénin","Refers to completed local and domestic long distance fixed-telephone voice traffic"
56,"i131m","Domestic fixed-to-fixed telephone traffic",,"minutes",31,"BEN","Benin","1.0505973E7",2013,"","Autorité de Régulation des Communications Electroniques et de la Poste (ARCEP- Bénin)","Refers to completed local and domestic long distance fixed-telephone voice traffic"
56,"i131m","Domestic fixed-to-fixed telephone traffic",,"minutes",31,"BEN","Benin","1.0705991E7",2014,"","Autorité de Régulation des Communications Electroniques et de la Poste (ARCEP- Bénin)","Refers to completed local and domestic long distance fixed-telephone voice traffic"
56,"i131m","Domestic fixed-to-fixed telephone traffic",,"minutes",33,"BFA","Burkina Faso","4.75674242E8",2001,"","","Refers to completed local and domestic long distance fixed-telephone voice traffic"
56,"i131m","Domestic fixed-to-fixed telephone traffic",,"minutes",33,"BFA","Burkina Faso","2.69321299E8",2005,"","","Refers to completed local and domestic long distance fixed-telephone voice traffic"
56,"i131m","Domestic fixed-to-fixed telephone traffic",,"minutes",33,"BFA","Burkina Faso","3.19067689E8",2006,"","","Refers to completed local and domestic long distance fixed-telephone voice traffic"
56,"i131m","Domestic fixed-to-fixed telephone traffic",,"minutes",33,"BFA","Burkina Faso","1.4712961E7",2014,"","Autorité de Régulation des Communications Électroniques et des Postes (ARCEP)","Refers to completed local and domestic long distance fixed-telephone voice traffic"
56,"i131m","Domestic fixed-to-fixed telephone traffic",,"minutes",33,"BFA","Burkina Faso","1.2387999E7",2015,"","Autorité de Régulation des Communications Électroniques et des Postes (ARCEP)","Refers to completed local and domestic long distance fixed-telephone voice traffic"
56,"i131m","Domestic fixed-to-fixed telephone traffic",,"minutes",33,"BFA","Burkina Faso","8623713.0",2016,"","Autorité de régulation des communications","Refers to completed local and domestic long distance fixed-telephone voice traffic"
56,"i131m","Domestic fixed-to-fixed telephone traffic",,"minutes",33,"BFA","Burkina Faso","6977866.0",2017,"","Autorité de régulation des communications","Refers to completed local and domestic long distance fixed-telephone voice traffic"
56,"i131m","Domestic fixed-to-fixed telephone traffic",,"minutes",33,"BFA","Burkina Faso","5093747.0",2018,"","Autorité de régulation des communications électroniques et des Postes (ARCEP)","Refers to completed local and domestic long distance fixed-telephone voice traffic"
56,"i131m","Domestic fixed-to-fixed telephone traffic",,"minutes",33,"BFA","Burkina Faso","4888165.0",2020,"","Autorité de régulation des communications électroniques et des Postes (ARCEP)","Refers to completed local and domestic long distance fixed-telephone voice traffic"
56,"i131m","Domestic fixed-to-fixed telephone traffic",,"minutes",34,"BGD","Bangladesh","1.294038576E9",2012,"","Bangladesh Telecommunication Regulatory Commission","Refers to completed local and domestic long distance fixed-telephone voice traffic"
56,"i131m","Domestic fixed-to-fixed telephone traffic",,"minutes",34,"BGD","Bangladesh","1.033375825E9",2013,"","Bangladesh Telecommunication Regulatory Commission","Refers to completed local and domestic long distance fixed-telephone voice traffic"
56,"i131m","Domestic fixed-to-fixed telephone traffic",,"minutes",34,"BGD","Bangladesh","9.17520517E8",2014,"","Bangladesh Telecommunication Regulatory Commission","Refers to completed local and domestic long distance fixed-telephone voice traffic"
56,"i131m","Domestic fixed-to-fixed telephone traffic",,"minutes",34,"BGD","Bangladesh","2.36257619E9",2015,"","Bangladesh Telecommunication Regulatory Commission","Refers to completed local and domestic long distance fixed-telephone voice traffic"
56,"i131m","Domestic fixed-to-fixed telephone traffic",,"minutes",34,"BGD","Bangladesh","4.68088542E8",2016,"","Bangladesh Telecommunication Regulatory Commission","Refers to completed local and domestic long distance fixed-telephone voice traffic"
56,"i131m","Domestic fixed-to-fixed telephone traffic",,"minutes",34,"BGD","Bangladesh","4.98075542E8",2017,"June,2018","Bangladesh Telecommunication Regulatory Commission","Refers to completed local and domestic long distance fixed-telephone voice traffic"
56,"i131m","Domestic fixed-to-fixed telephone traffic",,"minutes",34,"BGD","Bangladesh","5000750.0",2018,"June,2019","Bangladesh Telecommunication Regulatory Commission","Refers to completed local and domestic long distance fixed-telephone voice traffic"
56,"i131m","Domestic fixed-to-fixed telephone traffic",,"minutes",34,"BGD","Bangladesh","4.1977067E8",2019,"December, 2019","Bangladesh Telecommunication Regulatory Commission","Refers to completed local and domestic long distance fixed-telephone voice traffic"
56,"i131m","Domestic fixed-to-fixed telephone traffic",,"minutes",34,"BGD","Bangladesh","4.7069761E7",2020,"June, 2021","Bangladesh Telecommunication Regulatory Commission","Refers to completed local and domestic long distance fixed-telephone voice traffic"
56,"i131m","Domestic fixed-to-fixed telephone traffic",,"minutes",34,"BGD","Bangladesh","5.4090035E7",2021,"June, 2022","Bangladesh Telecommunication Regulatory Commission","Refers to completed local and domestic long distance fixed-telephone voice traffic"
56,"i131m","Domestic fixed-to-fixed telephone traffic",,"minutes",35,"BHR","Bahrain","2.98823985E8",2007,"","Telecommunications Regulatory Authority (TRA)","Refers to completed local and domestic long distance fixed-telephone voice traffic"
56,"i131m","Domestic fixed-to-fixed telephone traffic",,"minutes",35,"BHR","Bahrain","3.09691584E8",2008,"","Telecommunications Regulatory Authority (TRA)","Refers to completed local and domestic long distance fixed-telephone voice traffic"
56,"i131m","Domestic fixed-to-fixed telephone traffic",,"minutes",35,"BHR","Bahrain","2.244267847E8",2011,"","Telecommunications Regulatory Authority ","Refers to completed local and domestic long distance fixed-telephone voice traffic"
56,"i131m","Domestic fixed-to-fixed telephone traffic",,"minutes",35,"BHR","Bahrain","2.23230935E8",2012,"","Telecommunications Regulatory Authority ","Refers to completed local and domestic long distance fixed-telephone voice traffic"
56,"i131m","Domestic fixed-to-fixed telephone traffic",,"minutes",35,"BHR","Bahrain","1.61678896E8",2013,"","Telecommunications Regulatory Authority ","Refers to completed local and domestic long distance fixed-telephone voice traffic"
56,"i131m","Domestic fixed-to-fixed telephone traffic",,"minutes",35,"BHR","Bahrain","1.40265439E8",2014,"","Telecommunications Regulatory Authority ","Refers to completed local and domestic long distance fixed-telephone voice traffic"
56,"i131m","Domestic fixed-to-fixed telephone traffic",,"minutes",35,"BHR","Bahrain","1.27213719E8",2015,"","Telecommunications Regulatory Authority ","Refers to completed local and domestic long distance fixed-telephone voice traffic"
56,"i131m","Domestic fixed-to-fixed telephone traffic",,"minutes",35,"BHR","Bahrain","1.09949404E8",2016,"","Telecommunications Regulatory Authority (TRA Bahrain)","Refers to completed local and domestic long distance fixed-telephone voice traffic"
56,"i131m","Domestic fixed-to-fixed telephone traffic",,"minutes",35,"BHR","Bahrain","8.0373567E7",2017,"Revised","TRA Bahrain","Refers to completed local and domestic long distance fixed-telephone voice traffic"
56,"i131m","Domestic fixed-to-fixed telephone traffic",,"minutes",35,"BHR","Bahrain","6.8496372E7",2018,"Revised","TRA","Refers to completed local and domestic long distance fixed-telephone voice traffic"
56,"i131m","Domestic fixed-to-fixed telephone traffic",,"minutes",35,"BHR","Bahrain","6.77081E7",2019,"revised from 69'156'173.00","Telecommunications Regulatory Authority ","Refers to completed local and domestic long distance fixed-telephone voice traffic"
56,"i131m","Domestic fixed-to-fixed telephone traffic",,"minutes",35,"BHR","Bahrain","6.431601E7",2020,"revised from 66'155'475.00","Telecommunications Regulatory Authority ","Refers to completed local and domestic long distance fixed-telephone voice traffic"
56,"i131m","Domestic fixed-to-fixed telephone traffic",,"minutes",35,"BHR","Bahrain","6.1631598E7",2021,"","Telecommunications Regulatory Authority ","Refers to completed local and domestic long distance fixed-telephone voice traffic"
56,"i131m","Domestic fixed-to-fixed telephone traffic",,"minutes",37,"BLR","Belarus","2.0304503E10",2007,"","Ministry of Communications and Informatization of the Republic of Belarus","Refers to completed local and domestic long distance fixed-telephone voice traffic"
56,"i131m","Domestic fixed-to-fixed telephone traffic",,"minutes",37,"BLR","Belarus","2.07168305E10",2008,"","Ministry of Communications and Informatization of the Republic of Belarus","Refers to completed local and domestic long distance fixed-telephone voice traffic"
56,"i131m","Domestic fixed-to-fixed telephone traffic",,"minutes",37,"BLR","Belarus","1.98827835E10",2009,"","Ministry of Communications and Informatization of the Republic of Belarus","Refers to completed local and domestic long distance fixed-telephone voice traffic"
56,"i131m","Domestic fixed-to-fixed telephone traffic",,"minutes",37,"BLR","Belarus","2.10737447E10",2010,"","Ministry of Communications and Informatization","Refers to completed local and domestic long distance fixed-telephone voice traffic"
56,"i131m","Domestic fixed-to-fixed telephone traffic",,"minutes",37,"BLR","Belarus","1.89296888E10",2011,"","Ministry of Communications and Informatization","Refers to completed local and domestic long distance fixed-telephone voice traffic"
56,"i131m","Domestic fixed-to-fixed telephone traffic",,"minutes",37,"BLR","Belarus","1.69366093E10",2012,"","Ministry of Communications and Informatization","Refers to completed local and domestic long distance fixed-telephone voice traffic"
56,"i131m","Domestic fixed-to-fixed telephone traffic",,"minutes",37,"BLR","Belarus","1.44972669E10",2014,"","Ministry of Communications and Informatization","Refers to completed local and domestic long distance fixed-telephone voice traffic"
56,"i131m","Domestic fixed-to-fixed telephone traffic",,"minutes",37,"BLR","Belarus","1.34475211E10",2015,"","Ministry of Communications and Informatization","Refers to completed local and domestic long distance fixed-telephone voice traffic"
56,"i131m","Domestic fixed-to-fixed telephone traffic",,"minutes",37,"BLR","Belarus","1.23078106E10",2016,"","Ministry of Informatization and communication of the Republic of Belarus","Refers to completed local and domestic long distance fixed-telephone voice traffic"
56,"i131m","Domestic fixed-to-fixed telephone traffic",,"minutes",37,"BLR","Belarus","1.13716771E10",2017,"","Ministry of Communications and Informatization of the Republic of Belarus","Refers to completed local and domestic long distance fixed-telephone voice traffic"
56,"i131m","Domestic fixed-to-fixed telephone traffic",,"minutes",37,"BLR","Belarus","1.03782412E10",2018,"","The Ministry of Communications and Informatization of the Republic of Belarus","Refers to completed local and domestic long distance fixed-telephone voice traffic"
56,"i131m","Domestic fixed-to-fixed telephone traffic",,"minutes",37,"BLR","Belarus","8.8365547E9",2019,"","Ministry of Communications and Informatization","Refers to completed local and domestic long distance fixed-telephone voice traffic"
56,"i131m","Domestic fixed-to-fixed telephone traffic",,"minutes",37,"BLR","Belarus","7.4498931E9",2020,"","Ministry of Communications and Informatization","Refers to completed local and domestic long distance fixed-telephone voice traffic"
56,"i131m","Domestic fixed-to-fixed telephone traffic",,"minutes",37,"BLR","Belarus","7.67105508E9",2021,"","Ministry of Communications and Informatization","Refers to completed local and domestic long distance fixed-telephone voice traffic"
56,"i131m","Domestic fixed-to-fixed telephone traffic",,"minutes",37,"BLR","Belarus","5.4638486E9",2022,"","Ministry of Communications and Informatization","Refers to completed local and domestic long distance fixed-telephone voice traffic"
56,"i131m","Domestic fixed-to-fixed telephone traffic",,"minutes",37,"BLR","Belarus","4.5994065E9",2023,"","Ministry of Communications and Informatization","Refers to completed local and domestic long distance fixed-telephone voice traffic"
56,"i131m","Domestic fixed-to-fixed telephone traffic",,"minutes",38,"BLZ","Belize","8.8441829E7",2001,"","","Refers to completed local and domestic long distance fixed-telephone voice traffic"
56,"i131m","Domestic fixed-to-fixed telephone traffic",,"minutes",38,"BLZ","Belize","7.6216346E7",2005,"","","Refers to completed local and domestic long distance fixed-telephone voice traffic"
56,"i131m","Domestic fixed-to-fixed telephone traffic",,"minutes",38,"BLZ","Belize","6.6120996E7",2006,"","","Refers to completed local and domestic long distance fixed-telephone voice traffic"
56,"i131m","Domestic fixed-to-fixed telephone traffic",,"minutes",38,"BLZ","Belize","6.0375587E7",2010,"","Belize Telemedia Limited","Refers to completed local and domestic long distance fixed-telephone voice traffic"
56,"i131m","Domestic fixed-to-fixed telephone traffic",,"minutes",38,"BLZ","Belize","5.3043395E7",2011,"","Belize Telemedia Limited","Refers to completed local and domestic long distance fixed-telephone voice traffic"
56,"i131m","Domestic fixed-to-fixed telephone traffic",,"minutes",38,"BLZ","Belize","5.8933078E7",2012,"","Belize Telemedia Limited","Refers to completed local and domestic long distance fixed-telephone voice traffic"
56,"i131m","Domestic fixed-to-fixed telephone traffic",,"minutes",39,"BOL","Bolivia (Plurinational State of)","2.159070689E9",2005,"","","Refers to completed local and domestic long distance fixed-telephone voice traffic"
56,"i131m","Domestic fixed-to-fixed telephone traffic",,"minutes",39,"BOL","Bolivia (Plurinational State of)","1.973693459E9",2006,"","","Refers to completed local and domestic long distance fixed-telephone voice traffic"
56,"i131m","Domestic fixed-to-fixed telephone traffic",,"minutes",39,"BOL","Bolivia (Plurinational State of)","1.873676259E9",2008,"","Autoridad de Fiscalización y Control Social de Telecomunicaciones y Transportes","Refers to completed local and domestic long distance fixed-telephone voice traffic"
56,"i131m","Domestic fixed-to-fixed telephone traffic",,"minutes",39,"BOL","Bolivia (Plurinational State of)","1.763660606E9",2009,"","Autoridad de Fiscalización y Control Social de Telecomunicaciones y Transportes","Refers to completed local and domestic long distance fixed-telephone voice traffic"
56,"i131m","Domestic fixed-to-fixed telephone traffic",,"minutes",39,"BOL","Bolivia (Plurinational State of)","1.86367818E9",2010,"","Autoridad de Regulación y Fiscalización de Telecomunicaciones y Transportes","Refers to completed local and domestic long distance fixed-telephone voice traffic"
56,"i131m","Domestic fixed-to-fixed telephone traffic",,"minutes",39,"BOL","Bolivia (Plurinational State of)","1.676444267E9",2011,"","Autoridad de Regulación y Fiscalización de Telecomunicaciones y Transportes","Refers to completed local and domestic long distance fixed-telephone voice traffic"
56,"i131m","Domestic fixed-to-fixed telephone traffic",,"minutes",39,"BOL","Bolivia (Plurinational State of)","1.586191914E9",2012,"","Autoridad de Regulación y Fiscalización de Telecomunicaciones y Transportes","Refers to completed local and domestic long distance fixed-telephone voice traffic"
56,"i131m","Domestic fixed-to-fixed telephone traffic",,"minutes",39,"BOL","Bolivia (Plurinational State of)","1.43209715E9",2013,"","Autoridad de Regulación y Fiscalización de Telecomunicaciones y Transportes","Refers to completed local and domestic long distance fixed-telephone voice traffic"
56,"i131m","Domestic fixed-to-fixed telephone traffic",,"minutes",39,"BOL","Bolivia (Plurinational State of)","7.15355449E8",2014,"","Autoridad de Regulación y Fiscalización de Telecomunicaciones y Transportes","Refers to completed local and domestic long distance fixed-telephone voice traffic"
56,"i131m","Domestic fixed-to-fixed telephone traffic",,"minutes",39,"BOL","Bolivia (Plurinational State of)","1.03134493E9",2015,"","Autoridad de Regulación y Fiscalización de Telecomunicaciones y Transportes","Refers to completed local and domestic long distance fixed-telephone voice traffic"
56,"i131m","Domestic fixed-to-fixed telephone traffic",,"minutes",39,"BOL","Bolivia (Plurinational State of)","8.40241862E8",2016,"","Autoridad de Regulación y Fiscalización de Telecomunicaciones y Transportes","Refers to completed local and domestic long distance fixed-telephone voice traffic"
56,"i131m","Domestic fixed-to-fixed telephone traffic",,"minutes",39,"BOL","Bolivia (Plurinational State of)","7.1505035E8",2017,"","ATT - AUtoridad de Regulacion y Fiscalizacion de Telecomunicaciones y Transportes","Refers to completed local and domestic long distance fixed-telephone voice traffic"
56,"i131m","Domestic fixed-to-fixed telephone traffic",,"minutes",39,"BOL","Bolivia (Plurinational State of)","5.48814068E8",2018,"","ATT - AUtoridad de Regulacion y Fiscalizacion de Telecomunicaciones y Transportes","Refers to completed local and domestic long distance fixed-telephone voice traffic"
56,"i131m","Domestic fixed-to-fixed telephone traffic",,"minutes",39,"BOL","Bolivia (Plurinational State of)","4.16904247E8",2019,"","Autoridad de Regulación y Fiscalización de Telecomunicaciones y Transportes","Refers to completed local and domestic long distance fixed-telephone voice traffic"
56,"i131m","Domestic fixed-to-fixed telephone traffic",,"minutes",39,"BOL","Bolivia (Plurinational State of)","4.71998811E8",2020,"","Autoridad de Regulación y Fiscalización de Telecomunicaciones y Transportes","Refers to completed local and domestic long distance fixed-telephone voice traffic"
56,"i131m","Domestic fixed-to-fixed telephone traffic",,"minutes",39,"BOL","Bolivia (Plurinational State of)","3.27682113E8",2021,"","Autoridad de Regulación y Fiscalización de Telecomunicaciones y Transportes","Refers to completed local and domestic long distance fixed-telephone voice traffic"
56,"i131m","Domestic fixed-to-fixed telephone traffic",,"minutes",40,"BWA","Botswana","3.843715357E9",2014,"","Botswana Communications Regulatory Authority (BOCRA)","Refers to completed local and domestic long distance fixed-telephone voice traffic"
56,"i131m","Domestic fixed-to-fixed telephone traffic",,"minutes",40,"BWA","Botswana","2.37574602E9",2015,"","Botswana Communications Regulatory Authority (BOCRA)","Refers to completed local and domestic long distance fixed-telephone voice traffic"
56,"i131m","Domestic fixed-to-fixed telephone traffic",,"minutes",40,"BWA","Botswana","2.068348163E9",2016,"","Botswana Communications Regulatory Authority (BOCRA)","Refers to completed local and domestic long distance fixed-telephone voice traffic"
56,"i131m","Domestic fixed-to-fixed telephone traffic",,"minutes",40,"BWA","Botswana","7.465245083E9",2017,"","Botswana Communications Regulatory Authority (BOCRA)","Refers to completed local and domestic long distance fixed-telephone voice traffic"
56,"i131m","Domestic fixed-to-fixed telephone traffic",,"minutes",40,"BWA","Botswana","1.630843543E9",2018,"","Botswana Communications Regulatory Authority","Refers to completed local and domestic long distance fixed-telephone voice traffic"
56,"i131m","Domestic fixed-to-fixed telephone traffic",,"minutes",40,"BWA","Botswana","1.367667029E9",2019,"","Botswana Communications Regulatory Authority (BOCRA)","Refers to completed local and domestic long distance fixed-telephone voice traffic"
56,"i131m","Domestic fixed-to-fixed telephone traffic",,"minutes",40,"BWA","Botswana","1.206361297E9",2020,"","Botswana Communications Regulatory Authority (BOCRA)","Refers to completed local and domestic long distance fixed-telephone voice traffic"
56,"i131m","Domestic fixed-to-fixed telephone traffic",,"minutes",40,"BWA","Botswana","9.4657449E8",2021,"","Botswana Communications Regulatory Authority (BOCRA)","Refers to completed local and domestic long distance fixed-telephone voice traffic"
56,"i131m","Domestic fixed-to-fixed telephone traffic",,"minutes",41,"BRB","Barbados","1.9137002E8",2014,"","Division of Energy & Telecommunications                ","Refers to completed local and domestic long distance fixed-telephone voice traffic"
56,"i131m","Domestic fixed-to-fixed telephone traffic",,"minutes",41,"BRB","Barbados","7.0843555E7",2016,"","Ministry Of Innovation Science & Smart Technology","Refers to completed local and domestic long distance fixed-telephone voice traffic"
56,"i131m","Domestic fixed-to-fixed telephone traffic",,"minutes",41,"BRB","Barbados","1.83524816E8",2017,"","Ministry of Innovation Science & Smart Technology","Refers to completed local and domestic long distance fixed-telephone voice traffic"
56,"i131m","Domestic fixed-to-fixed telephone traffic",,"minutes",41,"BRB","Barbados","1.83524816E8",2018,"","Ministry of Innovation Science & Smart Technology","Refers to completed local and domestic long distance fixed-telephone voice traffic"
56,"i131m","Domestic fixed-to-fixed telephone traffic",,"minutes",42,"MMR","Myanmar","2.32426612E8",2000,"","","Refers to completed local and domestic long distance fixed-telephone voice traffic"
56,"i131m","Domestic fixed-to-fixed telephone traffic",,"minutes",42,"MMR","Myanmar","2.37247613E8",2001,"","","Refers to completed local and domestic long distance fixed-telephone voice traffic"
56,"i131m","Domestic fixed-to-fixed telephone traffic",,"minutes",42,"MMR","Myanmar","2.363828604E9",2006,"","","Refers to completed local and domestic long distance fixed-telephone voice traffic"
56,"i131m","Domestic fixed-to-fixed telephone traffic",,"minutes",42,"MMR","Myanmar","2.525854105E9",2007,"","Ministry of Communications, Posts and Telegraphs","Refers to completed local and domestic long distance fixed-telephone voice traffic"
56,"i131m","Domestic fixed-to-fixed telephone traffic",,"minutes",42,"MMR","Myanmar","2.976856756E9",2008,"","Ministry of Communications, Posts and Telegraphs","Refers to completed local and domestic long distance fixed-telephone voice traffic"
56,"i131m","Domestic fixed-to-fixed telephone traffic",,"minutes",42,"MMR","Myanmar","1.849758203E9",2011,"","","Refers to completed local and domestic long distance fixed-telephone voice traffic"
56,"i131m","Domestic fixed-to-fixed telephone traffic",,"minutes",42,"MMR","Myanmar","4.38370767E8",2015,"","Posts and Telecommunications Department, Ministry of Transport and Communications ","Refers to completed local and domestic long distance fixed-telephone voice traffic"
56,"i131m","Domestic fixed-to-fixed telephone traffic",,"minutes",42,"MMR","Myanmar","3.18739265E8",2016,"MPT data only.","Ministry of Transport and Communications","Refers to completed local and domestic long distance fixed-telephone voice traffic"
56,"i131m","Domestic fixed-to-fixed telephone traffic",,"minutes",42,"MMR","Myanmar","1.95580229E8",2017,"","Ministry of Transport and Communications","Refers to completed local and domestic long distance fixed-telephone voice traffic"
56,"i131m","Domestic fixed-to-fixed telephone traffic",,"minutes",42,"MMR","Myanmar","1.4901282E8",2018,"","Ministry of Transport and Communications","Refers to completed local and domestic long distance fixed-telephone voice traffic"
56,"i131m","Domestic fixed-to-fixed telephone traffic",,"minutes",42,"MMR","Myanmar","1.24270571E8",2019,"","Posts and Telecommunications Department, Ministry of Transport and Communications ","Refers to completed local and domestic long distance fixed-telephone voice traffic"
56,"i131m","Domestic fixed-to-fixed telephone traffic",,"minutes",42,"MMR","Myanmar","7.8508304E7",2020,"","Posts and Telecommunications Department, Ministry of Transport and Communications ","Refers to completed local and domestic long distance fixed-telephone voice traffic"
56,"i131m","Domestic fixed-to-fixed telephone traffic",,"minutes",42,"MMR","Myanmar","4.891902E7",2021,"","Posts and Telecommunications Department, Ministry of Transport and Communications ","Refers to completed local and domestic long distance fixed-telephone voice traffic"
56,"i131m","Domestic fixed-to-fixed telephone traffic",,"minutes",43,"BRN","Brunei Darussalam","3402024.88",2016,"","Authority for Info-communications Technology Industry of Brunei Darussalam","Refers to completed local and domestic long distance fixed-telephone voice traffic"
56,"i131m","Domestic fixed-to-fixed telephone traffic",,"minutes",43,"BRN","Brunei Darussalam","2647063.0",2017,"","Authority for Info-communications Technology Industry of Brunei Darussalam","Refers to completed local and domestic long distance fixed-telephone voice traffic"
56,"i131m","Domestic fixed-to-fixed telephone traffic",,"minutes",43,"BRN","Brunei Darussalam","2861988.0",2018,"","Authority for Info-communications Technology Industry of Brunei Darussalam","Refers to completed local and domestic long distance fixed-telephone voice traffic"
56,"i131m","Domestic fixed-to-fixed telephone traffic",,"minutes",44,"BTN","Bhutan","7.8161951E7",2000,"","","Refers to completed local and domestic long distance fixed-telephone voice traffic"
56,"i131m","Domestic fixed-to-fixed telephone traffic",,"minutes",44,"BTN","Bhutan","1.633959E8",2002,"","","Refers to completed local and domestic long distance fixed-telephone voice traffic"
56,"i131m","Domestic fixed-to-fixed telephone traffic",,"minutes",44,"BTN","Bhutan","1.38446503E8",2008,"","Ministry of Information & Communications","Refers to completed local and domestic long distance fixed-telephone voice traffic"
56,"i131m","Domestic fixed-to-fixed telephone traffic",,"minutes",44,"BTN","Bhutan","2369978.0",2011,"Service provided by Bhutan Telecom only.","Ministry of Information & Communications","Refers to completed local and domestic long distance fixed-telephone voice traffic"
56,"i131m","Domestic fixed-to-fixed telephone traffic",,"minutes",44,"BTN","Bhutan","8063342.0",2013,"Service provided by Bhutan Telecom only","Ministry of Information & Communications","Refers to completed local and domestic long distance fixed-telephone voice traffic"
56,"i131m","Domestic fixed-to-fixed telephone traffic",,"minutes",44,"BTN","Bhutan","6063743.0",2014,"","Ministry of Information & Communications","Refers to completed local and domestic long distance fixed-telephone voice traffic"
56,"i131m","Domestic fixed-to-fixed telephone traffic",,"minutes",44,"BTN","Bhutan","6132675.0",2015,"Service provided by Bhutan Telecom only","Ministry of Information & Communications","Refers to completed local and domestic long distance fixed-telephone voice traffic"
56,"i131m","Domestic fixed-to-fixed telephone traffic",,"minutes",44,"BTN","Bhutan","4682012.0",2016,"Service provided by Bhutan Telecom only","Ministry of Information and Communications","Refers to completed local and domestic long distance fixed-telephone voice traffic"
56,"i131m","Domestic fixed-to-fixed telephone traffic",,"minutes",44,"BTN","Bhutan","4119901.16",2017,"Bhutan Telecom only","Ministry of Information and Communications","Refers to completed local and domestic long distance fixed-telephone voice traffic"
56,"i131m","Domestic fixed-to-fixed telephone traffic",,"minutes",44,"BTN","Bhutan","3632817.55",2018,"For Bhutan Telecom","Ministry of Information & Communications","Refers to completed local and domestic long distance fixed-telephone voice traffic"
56,"i131m","Domestic fixed-to-fixed telephone traffic",,"minutes",44,"BTN","Bhutan","2803382.05",2019,"","Ministry of Information & Communications","Refers to completed local and domestic long distance fixed-telephone voice traffic"
56,"i131m","Domestic fixed-to-fixed telephone traffic",,"minutes",44,"BTN","Bhutan","1611201.0",2020,"","Ministry of Information & Communications","Refers to completed local and domestic long distance fixed-telephone voice traffic"
56,"i131m","Domestic fixed-to-fixed telephone traffic",,"minutes",45,"BGR","Bulgaria","6.8728E9",2001,"","","Refers to completed local and domestic long distance fixed-telephone voice traffic"
56,"i131m","Domestic fixed-to-fixed telephone traffic",,"minutes",45,"BGR","Bulgaria","2.598982855E9",2005,"","","Refers to completed local and domestic long distance fixed-telephone voice traffic"
56,"i131m","Domestic fixed-to-fixed telephone traffic",,"minutes",45,"BGR","Bulgaria","3.135336284E9",2006,"","","Refers to completed local and domestic long distance fixed-telephone voice traffic"
56,"i131m","Domestic fixed-to-fixed telephone traffic",,"minutes",45,"BGR","Bulgaria","2.990803381E9",2007,"","","Refers to completed local and domestic long distance fixed-telephone voice traffic"
56,"i131m","Domestic fixed-to-fixed telephone traffic",,"minutes",45,"BGR","Bulgaria","2.343346622E9",2008,"","Communications Regulation Commission","Refers to completed local and domestic long distance fixed-telephone voice traffic"
56,"i131m","Domestic fixed-to-fixed telephone traffic",,"minutes",45,"BGR","Bulgaria","2.153789648E9",2009,"","Communications Regulation Commission","Refers to completed local and domestic long distance fixed-telephone voice traffic"
56,"i131m","Domestic fixed-to-fixed telephone traffic",,"minutes",45,"BGR","Bulgaria","1.870605152E9",2010,"","Communications Regulation Commission","Refers to completed local and domestic long distance fixed-telephone voice traffic"
56,"i131m","Domestic fixed-to-fixed telephone traffic",,"minutes",45,"BGR","Bulgaria","1.662319571E9",2011,"","Communications Regulation Commission","Refers to completed local and domestic long distance fixed-telephone voice traffic"
56,"i131m","Domestic fixed-to-fixed telephone traffic",,"minutes",45,"BGR","Bulgaria","1.496940632E9",2012,"","Communications Regulation Commission","Refers to completed local and domestic long distance fixed-telephone voice traffic"
56,"i131m","Domestic fixed-to-fixed telephone traffic",,"minutes",45,"BGR","Bulgaria","1.272767187E9",2013,"","Communications Regulation Commission","Refers to completed local and domestic long distance fixed-telephone voice traffic"
56,"i131m","Domestic fixed-to-fixed telephone traffic",,"minutes",45,"BGR","Bulgaria","1.106477236E9",2014,"","Communications Regulation Commission","Refers to completed local and domestic long distance fixed-telephone voice traffic"
56,"i131m","Domestic fixed-to-fixed telephone traffic",,"minutes",45,"BGR","Bulgaria","9.29849823E8",2015,"","Communications Regulation Commission","Refers to completed local and domestic long distance fixed-telephone voice traffic"
56,"i131m","Domestic fixed-to-fixed telephone traffic",,"minutes",45,"BGR","Bulgaria","7.47458549E8",2016,"","Communications Regulation Commission","Refers to completed local and domestic long distance fixed-telephone voice traffic"
56,"i131m","Domestic fixed-to-fixed telephone traffic",,"minutes",45,"BGR","Bulgaria","5.684098E8",2017,"","Communications Regulation Commission","Refers to completed local and domestic long distance fixed-telephone voice traffic"
56,"i131m","Domestic fixed-to-fixed telephone traffic",,"minutes",45,"BGR","Bulgaria","4.3643930428E8",2018,"","Communications Regulation Commission","Refers to completed local and domestic long distance fixed-telephone voice traffic"
56,"i131m","Domestic fixed-to-fixed telephone traffic",,"minutes",45,"BGR","Bulgaria","3.4580171018E8",2019,"","Communications Regulation Commission","Refers to completed local and domestic long distance fixed-telephone voice traffic"
56,"i131m","Domestic fixed-to-fixed telephone traffic",,"minutes",45,"BGR","Bulgaria","3.1068673341E8",2020,"","Communications Regulation Commission","Refers to completed local and domestic long distance fixed-telephone voice traffic"
56,"i131m","Domestic fixed-to-fixed telephone traffic",,"minutes",45,"BGR","Bulgaria","2.4508190418E8",2021,"","Communications Regulation Commission","Refers to completed local and domestic long distance fixed-telephone voice traffic"
56,"i131m","Domestic fixed-to-fixed telephone traffic",,"minutes",46,"CAF","Central African Rep.","4937633.0",2010,"##","Agence de Régulation des Télécommunications (ART)","Refers to completed local and domestic long distance fixed-telephone voice traffic"
56,"i131m","Domestic fixed-to-fixed telephone traffic",,"minutes",46,"CAF","Central African Rep.","5004918.0",2011,"","Agence de Régulation des Télécommunications (ART)","Refers to completed local and domestic long distance fixed-telephone voice traffic"
56,"i131m","Domestic fixed-to-fixed telephone traffic",,"minutes",46,"CAF","Central African Rep.","1274092.0",2012,"1er trimestre 2012.","Agence de Régulation des Télécommunications (ART)","Refers to completed local and domestic long distance fixed-telephone voice traffic"
56,"i131m","Domestic fixed-to-fixed telephone traffic",,"minutes",48,"KHM","Cambodia","1.6894321E7",2014,"","Telecommunication Regulator of Cambodia (TRC)","Refers to completed local and domestic long distance fixed-telephone voice traffic"
56,"i131m","Domestic fixed-to-fixed telephone traffic",,"minutes",48,"KHM","Cambodia","7482697.0",2015,"","Telecommunication Regulator of Cambodia (TRC)","Refers to completed local and domestic long distance fixed-telephone voice traffic"
56,"i131m","Domestic fixed-to-fixed telephone traffic",,"minutes",48,"KHM","Cambodia","1.1281696E7",2016,"","Telecommunication Regulator of Cambodia","Refers to completed local and domestic long distance fixed-telephone voice traffic"
56,"i131m","Domestic fixed-to-fixed telephone traffic",,"minutes",48,"KHM","Cambodia","8548972.0",2017,"","Telecommunication Regulator of Cambodia","Refers to completed local and domestic long distance fixed-telephone voice traffic"
56,"i131m","Domestic fixed-to-fixed telephone traffic",,"minutes",48,"KHM","Cambodia","2790233.0",2018,"","Telecommunication Regulator of Cambodia (TRC)","Refers to completed local and domestic long distance fixed-telephone voice traffic"
56,"i131m","Domestic fixed-to-fixed telephone traffic",,"minutes",48,"KHM","Cambodia","1617922.0",2019,"","Telecommunication Regulator of Cambodia (TRC)","Refers to completed local and domestic long distance fixed-telephone voice traffic"
56,"i131m","Domestic fixed-to-fixed telephone traffic",,"minutes",48,"KHM","Cambodia","864253.0",2020,"","Telecommunication Regulator of Cambodia (TRC)","Refers to completed local and domestic long distance fixed-telephone voice traffic"
56,"i131m","Domestic fixed-to-fixed telephone traffic",,"minutes",48,"KHM","Cambodia","2290312.0",2021,"","Telecommunication Regulator of Cambodia (TRC)","Refers to completed local and domestic long distance fixed-telephone voice traffic"
56,"i131m","Domestic fixed-to-fixed telephone traffic",,"minutes",49,"CHL","Chile","1.7836391696E10",2000,"","","Refers to completed local and domestic long distance fixed-telephone voice traffic"
56,"i131m","Domestic fixed-to-fixed telephone traffic",,"minutes",49,"CHL","Chile","1.7026755191E10",2001,"","","Refers to completed local and domestic long distance fixed-telephone voice traffic"
56,"i131m","Domestic fixed-to-fixed telephone traffic",,"minutes",49,"CHL","Chile","1.2607E10",2005,"","","Refers to completed local and domestic long distance fixed-telephone voice traffic"
56,"i131m","Domestic fixed-to-fixed telephone traffic",,"minutes",49,"CHL","Chile","1.2291147016E10",2006,"","","Refers to completed local and domestic long distance fixed-telephone voice traffic"
56,"i131m","Domestic fixed-to-fixed telephone traffic",,"minutes",49,"CHL","Chile","1.0417287051E10",2007,"","Subtel","Refers to completed local and domestic long distance fixed-telephone voice traffic"
56,"i131m","Domestic fixed-to-fixed telephone traffic",,"minutes",49,"CHL","Chile","1.0279533295E10",2008,"","Subsecretaría de Telecomunicaciones","Refers to completed local and domestic long distance fixed-telephone voice traffic"
56,"i131m","Domestic fixed-to-fixed telephone traffic",,"minutes",49,"CHL","Chile","9.40642851E9",2009,"","Subsecretaría de Telecomunicaciones","Refers to completed local and domestic long distance fixed-telephone voice traffic"
56,"i131m","Domestic fixed-to-fixed telephone traffic",,"minutes",49,"CHL","Chile","8.521693757E9",2010,"","Subsecretaría de Telecomunicaciones","Refers to completed local and domestic long distance fixed-telephone voice traffic"
56,"i131m","Domestic fixed-to-fixed telephone traffic",,"minutes",49,"CHL","Chile","8.283065602E9",2011,"","Subsecretaría de Telecomunicaciones","Refers to completed local and domestic long distance fixed-telephone voice traffic"
56,"i131m","Domestic fixed-to-fixed telephone traffic",,"minutes",49,"CHL","Chile","7.382758412E9",2012,"","Subsecretaría de Telecomunicaciones","Refers to completed local and domestic long distance fixed-telephone voice traffic"
56,"i131m","Domestic fixed-to-fixed telephone traffic",,"minutes",49,"CHL","Chile","6.948027391E9",2013,"","Subsecretaría de Telecomunicaciones","Refers to completed local and domestic long distance fixed-telephone voice traffic"
56,"i131m","Domestic fixed-to-fixed telephone traffic",,"minutes",49,"CHL","Chile","6.311684607E9",2014,"","Subsecretaría de Telecomunicaciones","Refers to completed local and domestic long distance fixed-telephone voice traffic"
56,"i131m","Domestic fixed-to-fixed telephone traffic",,"minutes",49,"CHL","Chile","5.731847199E9",2015,"","Subsecretaría de Telecomunicaciones","Refers to completed local and domestic long distance fixed-telephone voice traffic"
56,"i131m","Domestic fixed-to-fixed telephone traffic",,"minutes",49,"CHL","Chile","4.599625362E9",2016,"","Subsecretaría de Telecomunicaciones","Refers to completed local and domestic long distance fixed-telephone voice traffic"
56,"i131m","Domestic fixed-to-fixed telephone traffic",,"minutes",49,"CHL","Chile","3.595888694E9",2017,"","Subsecretaría de Telecomunicaciones","Refers to completed local and domestic long distance fixed-telephone voice traffic"
56,"i131m","Domestic fixed-to-fixed telephone traffic",,"minutes",49,"CHL","Chile","2.491247166E9",2018,"","Subsecretaría de Telecomunicaciones","Refers to completed local and domestic long distance fixed-telephone voice traffic"
56,"i131m","Domestic fixed-to-fixed telephone traffic",,"minutes",49,"CHL","Chile","1.765464035E9",2019,"","Subsecretaría de Telecomunicaciones","Refers to completed local and domestic long distance fixed-telephone voice traffic"
56,"i131m","Domestic fixed-to-fixed telephone traffic",,"minutes",49,"CHL","Chile","1.457202189E9",2020,"","Subsecretaría de Telecomunicaciones","Refers to completed local and domestic long distance fixed-telephone voice traffic"
56,"i131m","Domestic fixed-to-fixed telephone traffic",,"minutes",49,"CHL","Chile","8.7688033E8",2021,"","Subsecretaría de Telecomunicaciones","Refers to completed local and domestic long distance fixed-telephone voice traffic"
56,"i131m","Domestic fixed-to-fixed telephone traffic",,"minutes",50,"CHN","China","8.294E11",2005,"","","Refers to completed local and domestic long distance fixed-telephone voice traffic"
56,"i131m","Domestic fixed-to-fixed telephone traffic",,"minutes",50,"CHN","China","7.9842E11",2006,"","","Refers to completed local and domestic long distance fixed-telephone voice traffic"
56,"i131m","Domestic fixed-to-fixed telephone traffic",,"minutes",50,"CHN","China","6.77141E11",2007,"","Ministry of Industry and Information Technology","Refers to completed local and domestic long distance fixed-telephone voice traffic"
56,"i131m","Domestic fixed-to-fixed telephone traffic",,"minutes",50,"CHN","China","6.18586E11",2008,"","Ministry of Industry and Information Technology","Refers to completed local and domestic long distance fixed-telephone voice traffic"
56,"i131m","Domestic fixed-to-fixed telephone traffic",,"minutes",50,"CHN","China","5.40177E11",2009,"","Ministry of Industry and Information Technology","Refers to completed local and domestic long distance fixed-telephone voice traffic"
56,"i131m","Domestic fixed-to-fixed telephone traffic",,"minutes",50,"CHN","China","3.15392832E11",2014,"The sum of Domestic fixed-to-fixed telephone traffic(i131m) and fixed-to-mobile telephone traffic(i1313wm)","Ministry of Industry and Information Technology","Refers to completed local and domestic long distance fixed-telephone voice traffic"
56,"i131m","Domestic fixed-to-fixed telephone traffic",,"minutes",50,"CHN","China","2.74757624E11",2015,"The sum of Domestic fixed-to-fixed telephone traffic(i131m) and fixed-to-mobile telephone traffic(i1313wm)","Ministry of Industry and Information Technology","Refers to completed local and domestic long distance fixed-telephone voice traffic"
56,"i131m","Domestic fixed-to-fixed telephone traffic",,"minutes",50,"CHN","China","2.27717651E11",2016,"The sum of Domestic fixed-to-fixed telephone traffic(i131m) and fixed-to-mobile telephone traffic(i1313wm)","MIIT","Refers to completed local and domestic long distance fixed-telephone voice traffic"
56,"i131m","Domestic fixed-to-fixed telephone traffic",,"minutes",50,"CHN","China","1.84169031E11",2017,"The sum of Domestic fixed-to-fixed telephone traffic(i131m) and fixed-to-mobile telephone traffic(i1313wm)","MIIT","Refers to completed local and domestic long distance fixed-telephone voice traffic"
56,"i131m","Domestic fixed-to-fixed telephone traffic",,"minutes",50,"CHN","China","1.4811884E11",2018,"The sum of Domestic fixed-to-fixed telephone traffic(i131m) and fixed-to-mobile telephone traffic(i1313wm)","MIIT","Refers to completed local and domestic long distance fixed-telephone voice traffic"
56,"i131m","Domestic fixed-to-fixed telephone traffic",,"minutes",50,"CHN","China","1.20547428E11",2019,"The sum of Domestic fixed-to-fixed telephone traffic(i131m) and fixed-to-mobile telephone traffic(i1313wm)","Ministry of Industry and Information Technology","Refers to completed local and domestic long distance fixed-telephone voice traffic"
56,"i131m","Domestic fixed-to-fixed telephone traffic",,"minutes",50,"CHN","China","1.025953137E11",2020,"The sum of Domestic fixed-to-fixed telephone traffic(i131m) and fixed-to-mobile telephone traffic(i1313wm)","Ministry of Industry and Information Technology","Refers to completed local and domestic long distance fixed-telephone voice traffic"
56,"i131m","Domestic fixed-to-fixed telephone traffic",,"minutes",50,"CHN","China","9.3338805E10",2021,"The sum of Domestic fixed-to-fixed telephone traffic(i131m) and fixed-to-mobile telephone traffic(i1313wm)","Ministry of Industry and Information Technology","Refers to completed local and domestic long distance fixed-telephone voice traffic"
56,"i131m","Domestic fixed-to-fixed telephone traffic",,"minutes",53,"COL","Colombia","3.579615316E9",2001,"","","Refers to completed local and domestic long distance fixed-telephone voice traffic"
56,"i131m","Domestic fixed-to-fixed telephone traffic",,"minutes",53,"COL","Colombia","1.878557735E9",2005,"","Ministerio de Tecnologías de la Información y las Comunicaciones","Refers to completed local and domestic long distance fixed-telephone voice traffic"
56,"i131m","Domestic fixed-to-fixed telephone traffic",,"minutes",53,"COL","Colombia","1.730984198E9",2010,"","Ministerio de Tecnologías de la Información y las Comunicaciones","Refers to completed local and domestic long distance fixed-telephone voice traffic"
56,"i131m","Domestic fixed-to-fixed telephone traffic",,"minutes",53,"COL","Colombia","1.800824226E9",2011,"","Ministerio de Tecnologías de la Información y las Comunicaciones","Refers to completed local and domestic long distance fixed-telephone voice traffic"
56,"i131m","Domestic fixed-to-fixed telephone traffic",,"minutes",53,"COL","Colombia","1.769842492E9",2012,"","Ministerio de Tecnologías de la Información y las Comunicaciones","Refers to completed local and domestic long distance fixed-telephone voice traffic"
56,"i131m","Domestic fixed-to-fixed telephone traffic",,"minutes",53,"COL","Colombia","1.697373076E9",2013,"Source: Colombia TIC.","Ministerio de Tecnologías de la Información y las Comunicaciones","Refers to completed local and domestic long distance fixed-telephone voice traffic"
56,"i131m","Domestic fixed-to-fixed telephone traffic",,"minutes",53,"COL","Colombia","1.592271472E9",2014,"Source: Colombia TIC.","Ministerio de Tecnologías de la Información y las Comunicaciones","Refers to completed local and domestic long distance fixed-telephone voice traffic"
56,"i131m","Domestic fixed-to-fixed telephone traffic",,"minutes",53,"COL","Colombia","1.364846555E9",2015,"Source: Colombia TIC.##","Ministerio de Tecnologías de la Información y las Comunicaciones","Refers to completed local and domestic long distance fixed-telephone voice traffic"
56,"i131m","Domestic fixed-to-fixed telephone traffic",,"minutes",53,"COL","Colombia","1.329059386E9",2016,"Source: Colombia TIC.","Ministerio de Tecnologías de la Información y las Comunicaciones","Refers to completed local and domestic long distance fixed-telephone voice traffic"
56,"i131m","Domestic fixed-to-fixed telephone traffic",,"minutes",53,"COL","Colombia","2.180774888E9",2017,"Source: Colombia TIC.","Ministerio TIC","Refers to completed local and domestic long distance fixed-telephone voice traffic"
56,"i131m","Domestic fixed-to-fixed telephone traffic",,"minutes",53,"COL","Colombia","2.026363275E9",2018,"Source: Colombia TIC.","Ministerio de Tecnologías de la Información y las Comunicaciones","Refers to completed local and domestic long distance fixed-telephone voice traffic"
56,"i131m","Domestic fixed-to-fixed telephone traffic",,"minutes",53,"COL","Colombia","2.234432403E9",2019,"Source: Colombia TIC.","Ministerio de Tecnologías de la Información y las Comunicaciones","Refers to completed local and domestic long distance fixed-telephone voice traffic"
56,"i131m","Domestic fixed-to-fixed telephone traffic",,"minutes",53,"COL","Colombia","2.343142329E9",2020,"Source: Colombia TIC.","Ministerio de Tecnologías de la Información y las Comunicaciones","Refers to completed local and domestic long distance fixed-telephone voice traffic"
56,"i131m","Domestic fixed-to-fixed telephone traffic",,"minutes",53,"COL","Colombia","2.533432555E9",2021,"Source: Colombia TIC.","Ministerio de Tecnologías de la Información y las Comunicaciones","Refers to completed local and domestic long distance fixed-telephone voice traffic"
56,"i131m","Domestic fixed-to-fixed telephone traffic",,"minutes",54,"LKA","Sri Lanka","1.952091528E9",2012,"","Telecommunications Regulatory Commission of Sri Lanka","Refers to completed local and domestic long distance fixed-telephone voice traffic"
56,"i131m","Domestic fixed-to-fixed telephone traffic",,"minutes",54,"LKA","Sri Lanka","1.777421195E9",2013,"","Telecommunications Regulatory Commission of Sri Lanka","Refers to completed local and domestic long distance fixed-telephone voice traffic"
56,"i131m","Domestic fixed-to-fixed telephone traffic",,"minutes",54,"LKA","Sri Lanka","3.054019337E9",2015,"","","Refers to completed local and domestic long distance fixed-telephone voice traffic"
56,"i131m","Domestic fixed-to-fixed telephone traffic",,"minutes",54,"LKA","Sri Lanka","1.761267927E9",2018,"","Telecommunication Regulatory Commission of Sri Lanka","Refers to completed local and domestic long distance fixed-telephone voice traffic"
56,"i131m","Domestic fixed-to-fixed telephone traffic",,"minutes",54,"LKA","Sri Lanka","2.135196336E9",2019,"","Telecommunications Regulatory Commission of Sri Lanka","Refers to completed local and domestic long distance fixed-telephone voice traffic"
56,"i131m","Domestic fixed-to-fixed telephone traffic",,"minutes",54,"LKA","Sri Lanka","8.37362989E8",2020,"","Telecommunications Regulatory Commission of Sri Lanka","Refers to completed local and domestic long distance fixed-telephone voice traffic"
56,"i131m","Domestic fixed-to-fixed telephone traffic",,"minutes",54,"LKA","Sri Lanka","1.896434431E9",2021,"","Telecommunications Regulatory Commission of Sri Lanka","Refers to completed local and domestic long distance fixed-telephone voice traffic"
56,"i131m","Domestic fixed-to-fixed telephone traffic",,"minutes",55,"CMR","Cameroon","1.28589302E8",2006,"","","Refers to completed local and domestic long distance fixed-telephone voice traffic"
56,"i131m","Domestic fixed-to-fixed telephone traffic",,"minutes",55,"CMR","Cameroon","1.08481616E8",2008,"","Agence de Régulation des Télécommunications","Refers to completed local and domestic long distance fixed-telephone voice traffic"
56,"i131m","Domestic fixed-to-fixed telephone traffic",,"minutes",55,"CMR","Cameroon","1.2E8",2014,"","Agence de Régulation des Télécommunications","Refers to completed local and domestic long distance fixed-telephone voice traffic"
56,"i131m","Domestic fixed-to-fixed telephone traffic",,"minutes",55,"CMR","Cameroon","3.9E7",2015,"","Agence de Régulation des Télécommunications","Refers to completed local and domestic long distance fixed-telephone voice traffic"
56,"i131m","Domestic fixed-to-fixed telephone traffic",,"minutes",55,"CMR","Cameroon","1.807012E7",2016,"","Agence de Régulation des Télécommunications  Cameroun","Refers to completed local and domestic long distance fixed-telephone voice traffic"
56,"i131m","Domestic fixed-to-fixed telephone traffic",,"minutes",55,"CMR","Cameroon","3.7260532E7",2017,"la donnée renseigné sur le trafic fixe vers fixe a été mis à jour par l'opérateur","Agence de Régulation des Télécommunications  Cameroun","Refers to completed local and domestic long distance fixed-telephone voice traffic"
56,"i131m","Domestic fixed-to-fixed telephone traffic",,"minutes",55,"CMR","Cameroon","3.2289735E7",2018,"","AGENCE DE REGULATION DES TELECOMMUNICATIONS","Refers to completed local and domestic long distance fixed-telephone voice traffic"
56,"i131m","Domestic fixed-to-fixed telephone traffic",,"minutes",55,"CMR","Cameroon","1.2093224E7",2019,"","Agence de Régulation des Télécommunications","Refers to completed local and domestic long distance fixed-telephone voice traffic"
56,"i131m","Domestic fixed-to-fixed telephone traffic",,"minutes",55,"CMR","Cameroon","1.2676673E7",2021,"","Agence de Régulation des Télécommunications","Refers to completed local and domestic long distance fixed-telephone voice traffic"
56,"i131m","Domestic fixed-to-fixed telephone traffic",,"minutes",58,"COM","Comoros","4.3251675E7",2006,"","","Refers to completed local and domestic long distance fixed-telephone voice traffic"
56,"i131m","Domestic fixed-to-fixed telephone traffic",,"minutes",58,"COM","Comoros","5.6119461E7",2007,"","","Refers to completed local and domestic long distance fixed-telephone voice traffic"
56,"i131m","Domestic fixed-to-fixed telephone traffic",,"minutes",58,"COM","Comoros","5.8415234E7",2008,"","","Refers to completed local and domestic long distance fixed-telephone voice traffic"
56,"i131m","Domestic fixed-to-fixed telephone traffic",,"minutes",58,"COM","Comoros","6077115.0",2010,"","Autorité Nationale de Régulation des TIC","Refers to completed local and domestic long distance fixed-telephone voice traffic"
56,"i131m","Domestic fixed-to-fixed telephone traffic",,"minutes",58,"COM","Comoros","4930129.0",2011,"","Autorité Nationale de Régulation des TIC","Refers to completed local and domestic long distance fixed-telephone voice traffic"
56,"i131m","Domestic fixed-to-fixed telephone traffic",,"minutes",58,"COM","Comoros","3153398.0",2012,"","Autorité Nationale de Régulation des TIC","Refers to completed local and domestic long distance fixed-telephone voice traffic"
56,"i131m","Domestic fixed-to-fixed telephone traffic",,"minutes",58,"COM","Comoros","4957644.0",2015,"","Autorité Nationale de Régulation des TIC","Refers to completed local and domestic long distance fixed-telephone voice traffic"
56,"i131m","Domestic fixed-to-fixed telephone traffic",,"minutes",58,"COM","Comoros","3043256.0",2016,"Autorité Nationale de Régulation des TIC","ANRTIC","Refers to completed local and domestic long distance fixed-telephone voice traffic"
56,"i131m","Domestic fixed-to-fixed telephone traffic",,"minutes",58,"COM","Comoros","5971182.0",2017,"","ANRTIC","Refers to completed local and domestic long distance fixed-telephone voice traffic"
56,"i131m","Domestic fixed-to-fixed telephone traffic",,"minutes",58,"COM","Comoros","5487109.0",2018,"","ANRTIC","Refers to completed local and domestic long distance fixed-telephone voice traffic"
56,"i131m","Domestic fixed-to-fixed telephone traffic",,"minutes",58,"COM","Comoros","4.4205457E7",2019,"Comores Telecom a fourni   une valeur du mois de JANVIER-JUIN, il y'a eu une FMC (convergence fixe, mobile et télévision) et certains données sont effacés y'avait pas eu de sauvegardes","Autorité Nationale de Régulation des TIC","Refers to completed local and domestic long distance fixed-telephone voice traffic"
56,"i131m","Domestic fixed-to-fixed telephone traffic",,"minutes",59,"CPV","Cabo Verde","9.028E7",2005,"","","Refers to completed local and domestic long distance fixed-telephone voice traffic"
56,"i131m","Domestic fixed-to-fixed telephone traffic",,"minutes",59,"CPV","Cabo Verde","8.4516324E7",2006,"","","Refers to completed local and domestic long distance fixed-telephone voice traffic"
56,"i131m","Domestic fixed-to-fixed telephone traffic",,"minutes",59,"CPV","Cabo Verde","9.3516324E7",2007,"","","Refers to completed local and domestic long distance fixed-telephone voice traffic"
56,"i131m","Domestic fixed-to-fixed telephone traffic",,"minutes",59,"CPV","Cabo Verde","7.4516324E7",2008,"","Agencia Nacional das Comunicaçoes","Refers to completed local and domestic long distance fixed-telephone voice traffic"
56,"i131m","Domestic fixed-to-fixed telephone traffic",,"minutes",59,"CPV","Cabo Verde","7.7747835E7",2009,"","ANAC - Agência Nacional das Comunicações","Refers to completed local and domestic long distance fixed-telephone voice traffic"
56,"i131m","Domestic fixed-to-fixed telephone traffic",,"minutes",59,"CPV","Cabo Verde","7.1334613E7",2010,"","Agencia Nacional das Comunicaçoes","Refers to completed local and domestic long distance fixed-telephone voice traffic"
56,"i131m","Domestic fixed-to-fixed telephone traffic",,"minutes",59,"CPV","Cabo Verde","6.9497389E7",2011,"","Agencia Nacional das Comunicaçoes","Refers to completed local and domestic long distance fixed-telephone voice traffic"
56,"i131m","Domestic fixed-to-fixed telephone traffic",,"minutes",59,"CPV","Cabo Verde","5.7782798E7",2012,"","Agencia Nacional das Comunicaçoes","Refers to completed local and domestic long distance fixed-telephone voice traffic"
56,"i131m","Domestic fixed-to-fixed telephone traffic",,"minutes",59,"CPV","Cabo Verde","4.5839762E7",2014,"","Agencia Nacional das Comunicaçoes","Refers to completed local and domestic long distance fixed-telephone voice traffic"
56,"i131m","Domestic fixed-to-fixed telephone traffic",,"minutes",59,"CPV","Cabo Verde","3.9883842E7",2015,"","Agencia Nacional das Comunicaçoes","Refers to completed local and domestic long distance fixed-telephone voice traffic"
56,"i131m","Domestic fixed-to-fixed telephone traffic",,"minutes",59,"CPV","Cabo Verde","3.3347327E7",2016,"","Agência Reguladora Multissetorial da Economia - ARME","Refers to completed local and domestic long distance fixed-telephone voice traffic"
56,"i131m","Domestic fixed-to-fixed telephone traffic",,"minutes",59,"CPV","Cabo Verde","2.8418334E7",2017,"","Agência Reguladora Multissectorial da Economia","Refers to completed local and domestic long distance fixed-telephone voice traffic"
56,"i131m","Domestic fixed-to-fixed telephone traffic",,"minutes",59,"CPV","Cabo Verde","2.2724641E7",2018,"","Agência Reguladora Multissetorial da Economia","Refers to completed local and domestic long distance fixed-telephone voice traffic"
56,"i131m","Domestic fixed-to-fixed telephone traffic",,"minutes",59,"CPV","Cabo Verde","1.5045076E7",2019,"","Agência de Regulação Multissetorial da Economia - ARME","Refers to completed local and domestic long distance fixed-telephone voice traffic"
56,"i131m","Domestic fixed-to-fixed telephone traffic",,"minutes",59,"CPV","Cabo Verde","1.2439004E7",2020,"","Agência de Regulação Multissetorial da Economia - ARME","Refers to completed local and domestic long distance fixed-telephone voice traffic"
56,"i131m","Domestic fixed-to-fixed telephone traffic",,"minutes",59,"CPV","Cabo Verde","1.0711706E7",2021,"","Agência de Regulação Multissetorial da Economia - ARME","Refers to completed local and domestic long distance fixed-telephone voice traffic"
56,"i131m","Domestic fixed-to-fixed telephone traffic",,"minutes",61,"CIV","Côte d'Ivoire","9.3179995E7",2000,"","","Refers to completed local and domestic long distance fixed-telephone voice traffic"
56,"i131m","Domestic fixed-to-fixed telephone traffic",,"minutes",61,"CIV","Côte d'Ivoire","1.014800139E9",2001,"","","Refers to completed local and domestic long distance fixed-telephone voice traffic"
56,"i131m","Domestic fixed-to-fixed telephone traffic",,"minutes",61,"CIV","Côte d'Ivoire","8.4800478E7",2002,"","","Refers to completed local and domestic long distance fixed-telephone voice traffic"
56,"i131m","Domestic fixed-to-fixed telephone traffic",,"minutes",61,"CIV","Côte d'Ivoire","6.279673E7",2003,"","","Refers to completed local and domestic long distance fixed-telephone voice traffic"
56,"i131m","Domestic fixed-to-fixed telephone traffic",,"minutes",61,"CIV","Côte d'Ivoire","5.91700808E8",2004,"","","Refers to completed local and domestic long distance fixed-telephone voice traffic"
56,"i131m","Domestic fixed-to-fixed telephone traffic",,"minutes",61,"CIV","Côte d'Ivoire","1.80450973E8",2009,"","Agence des Télécommunications de Côte d'Ivoire (ATCI)","Refers to completed local and domestic long distance fixed-telephone voice traffic"
56,"i131m","Domestic fixed-to-fixed telephone traffic",,"minutes",61,"CIV","Côte d'Ivoire","1.68851604E8",2010,"","Agence des Télécommunications de Côte d'Ivoire (ATCI)","Refers to completed local and domestic long distance fixed-telephone voice traffic"
56,"i131m","Domestic fixed-to-fixed telephone traffic",,"minutes",61,"CIV","Côte d'Ivoire","1.50363233E8",2011,"","Agence des Télécommunications de Côte d'Ivoire (ATCI)","Refers to completed local and domestic long distance fixed-telephone voice traffic"
56,"i131m","Domestic fixed-to-fixed telephone traffic",,"minutes",61,"CIV","Côte d'Ivoire","7.0079233E7",2014,"","Autorité de Régulation des Télécommunications/TIC","Refers to completed local and domestic long distance fixed-telephone voice traffic"
56,"i131m","Domestic fixed-to-fixed telephone traffic",,"minutes",61,"CIV","Côte d'Ivoire","1.9914733E7",2015,"","Autorité de Régulation des Télécommunications/TIC","Refers to completed local and domestic long distance fixed-telephone voice traffic"
56,"i131m","Domestic fixed-to-fixed telephone traffic",,"minutes",61,"CIV","Côte d'Ivoire","1.728489E7",2016,"","ARTCI","Refers to completed local and domestic long distance fixed-telephone voice traffic"
56,"i131m","Domestic fixed-to-fixed telephone traffic",,"minutes",61,"CIV","Côte d'Ivoire","1.3883829E7",2017,"","ARTCI","Refers to completed local and domestic long distance fixed-telephone voice traffic"
56,"i131m","Domestic fixed-to-fixed telephone traffic",,"minutes",61,"CIV","Côte d'Ivoire","9663464.0",2018,"","ARTCI","Refers to completed local and domestic long distance fixed-telephone voice traffic"
56,"i131m","Domestic fixed-to-fixed telephone traffic",,"minutes",61,"CIV","Côte d'Ivoire","7940556.0",2019,"","ARTCI","Refers to completed local and domestic long distance fixed-telephone voice traffic"
56,"i131m","Domestic fixed-to-fixed telephone traffic",,"minutes",61,"CIV","Côte d'Ivoire","6037241.0",2020,"","ARTCI","Refers to completed local and domestic long distance fixed-telephone voice traffic"
56,"i131m","Domestic fixed-to-fixed telephone traffic",,"minutes",61,"CIV","Côte d'Ivoire","9475479.0",2021,"","ARTCI","Refers to completed local and domestic long distance fixed-telephone voice traffic"
56,"i131m","Domestic fixed-to-fixed telephone traffic",,"minutes",62,"CRI","Costa Rica","5.770119873E9",2000,"","","Refers to completed local and domestic long distance fixed-telephone voice traffic"
56,"i131m","Domestic fixed-to-fixed telephone traffic",,"minutes",62,"CRI","Costa Rica","6.39213426E9",2001,"","","Refers to completed local and domestic long distance fixed-telephone voice traffic"
56,"i131m","Domestic fixed-to-fixed telephone traffic",,"minutes",62,"CRI","Costa Rica","6.721723129E9",2002,"","","Refers to completed local and domestic long distance fixed-telephone voice traffic"
56,"i131m","Domestic fixed-to-fixed telephone traffic",,"minutes",62,"CRI","Costa Rica","7.081842429E9",2010,"Includes conventional fixed telephony and VoIP.","Superintendencia de Telecomunicaciones","Refers to completed local and domestic long distance fixed-telephone voice traffic"
56,"i131m","Domestic fixed-to-fixed telephone traffic",,"minutes",62,"CRI","Costa Rica","5.471241484E9",2011,"Includes conventional fixed telephony and VoIP.","Superintendencia de Telecomunicaciones","Refers to completed local and domestic long distance fixed-telephone voice traffic"
56,"i131m","Domestic fixed-to-fixed telephone traffic",,"minutes",62,"CRI","Costa Rica","4.904561151E9",2012,"Includes conventional fixed telephony and VoIP.","Superintendencia de Telecomunicaciones","Refers to completed local and domestic long distance fixed-telephone voice traffic"
56,"i131m","Domestic fixed-to-fixed telephone traffic",,"minutes",62,"CRI","Costa Rica","2.02592694281E9",2014,"","Superintendencia de Telecomunicaciones","Refers to completed local and domestic long distance fixed-telephone voice traffic"
56,"i131m","Domestic fixed-to-fixed telephone traffic",,"minutes",62,"CRI","Costa Rica","1.805887911E9",2015,"","Superintendencia de Telecomunicaciones","Refers to completed local and domestic long distance fixed-telephone voice traffic"
56,"i131m","Domestic fixed-to-fixed telephone traffic",,"minutes",62,"CRI","Costa Rica","1.635923216E9",2016,"","Superintendencia de Telecomunicaciones","Refers to completed local and domestic long distance fixed-telephone voice traffic"
56,"i131m","Domestic fixed-to-fixed telephone traffic",,"minutes",62,"CRI","Costa Rica","1.482737828E9",2017,"","Superintendencia de Telecomunicaciones","Refers to completed local and domestic long distance fixed-telephone voice traffic"
56,"i131m","Domestic fixed-to-fixed telephone traffic",,"minutes",62,"CRI","Costa Rica","1.275199082E9",2018,"","Superintendencia de Telecomunicaciones","Refers to completed local and domestic long distance fixed-telephone voice traffic"
56,"i131m","Domestic fixed-to-fixed telephone traffic",,"minutes",62,"CRI","Costa Rica","1.00691162E9",2019,"","Superintendencia de Telecomunicaciones","Refers to completed local and domestic long distance fixed-telephone voice traffic"
56,"i131m","Domestic fixed-to-fixed telephone traffic",,"minutes",62,"CRI","Costa Rica","8.4785492E8",2020,"","Superintendencia de Telecomunicaciones","Refers to completed local and domestic long distance fixed-telephone voice traffic"
56,"i131m","Domestic fixed-to-fixed telephone traffic",,"minutes",62,"CRI","Costa Rica","6.71601399E8",2021,"","Superintendencia de Telecomunicaciones","Refers to completed local and domestic long distance fixed-telephone voice traffic"
56,"i131m","Domestic fixed-to-fixed telephone traffic",,"minutes",63,"CUB","Cuba","8.914395422E9",2016,"","Ministerio de Comunicaciones","Refers to completed local and domestic long distance fixed-telephone voice traffic"
56,"i131m","Domestic fixed-to-fixed telephone traffic",,"minutes",63,"CUB","Cuba","8.540476515E9",2017,"","Ministerio de Comunicaciones","Refers to completed local and domestic long distance fixed-telephone voice traffic"
56,"i131m","Domestic fixed-to-fixed telephone traffic",,"minutes",63,"CUB","Cuba","7.984504022E9",2018,"","Ministerio de Comunicaciones","Refers to completed local and domestic long distance fixed-telephone voice traffic"
56,"i131m","Domestic fixed-to-fixed telephone traffic",,"minutes",63,"CUB","Cuba","7.438424796E9",2019,"","Ministerio de Comunicaciones","Refers to completed local and domestic long distance fixed-telephone voice traffic"
56,"i131m","Domestic fixed-to-fixed telephone traffic",,"minutes",63,"CUB","Cuba","8.083535708E9",2020,"","Ministerio de Comunicaciones","Refers to completed local and domestic long distance fixed-telephone voice traffic"
56,"i131m","Domestic fixed-to-fixed telephone traffic",,"minutes",63,"CUB","Cuba","7.96757787411E9",2021,"","Ministerio de Comunicaciones","Refers to completed local and domestic long distance fixed-telephone voice traffic"
56,"i131m","Domestic fixed-to-fixed telephone traffic",,"minutes",65,"CYM","Cayman Islands","2.64552E8",2003,"","","Refers to completed local and domestic long distance fixed-telephone voice traffic"
56,"i131m","Domestic fixed-to-fixed telephone traffic",,"minutes",65,"CYM","Cayman Islands","2.94064E8",2004,"","","Refers to completed local and domestic long distance fixed-telephone voice traffic"
56,"i131m","Domestic fixed-to-fixed telephone traffic",,"minutes",65,"CYM","Cayman Islands","3.23572E8",2005,"","","Refers to completed local and domestic long distance fixed-telephone voice traffic"
56,"i131m","Domestic fixed-to-fixed telephone traffic",,"minutes",65,"CYM","Cayman Islands","369699.0",2006,"","","Refers to completed local and domestic long distance fixed-telephone voice traffic"
56,"i131m","Domestic fixed-to-fixed telephone traffic",,"minutes",66,"CYP","Cyprus","1.034869E9",2007,"","Office of the Commissioner for Electronic Communications and Postal Regulation ","Refers to completed local and domestic long distance fixed-telephone voice traffic"
56,"i131m","Domestic fixed-to-fixed telephone traffic",,"minutes",66,"CYP","Cyprus","7.72782E8",2008,"","Office of the Commissioner for Electronic Communications and Postal Regulation ","Refers to completed local and domestic long distance fixed-telephone voice traffic"
56,"i131m","Domestic fixed-to-fixed telephone traffic",,"minutes",66,"CYP","Cyprus","6.0129E8",2009,"","Office of the Commissioner for Electronic Communications and Postal Regulation ","Refers to completed local and domestic long distance fixed-telephone voice traffic"
56,"i131m","Domestic fixed-to-fixed telephone traffic",,"minutes",66,"CYP","Cyprus","4.9808E8",2010,"","Office of the Commissioner for Electronic Communications and Postal Regulation ","Refers to completed local and domestic long distance fixed-telephone voice traffic"
56,"i131m","Domestic fixed-to-fixed telephone traffic",,"minutes",66,"CYP","Cyprus","4.47777E8",2011,"","Office of the Commissioner for Electronic Communications and Postal Regulation ","Refers to completed local and domestic long distance fixed-telephone voice traffic"
56,"i131m","Domestic fixed-to-fixed telephone traffic",,"minutes",66,"CYP","Cyprus","4.22768E8",2012,"","Office of the Commissioner for Electronic Communications and Postal Regulation ","Refers to completed local and domestic long distance fixed-telephone voice traffic"
56,"i131m","Domestic fixed-to-fixed telephone traffic",,"minutes",66,"CYP","Cyprus","3.59734E8",2013,"","Office of the Commissioner for Electronic Communications and Postal Regulation ","Refers to completed local and domestic long distance fixed-telephone voice traffic"
56,"i131m","Domestic fixed-to-fixed telephone traffic",,"minutes",66,"CYP","Cyprus","3.18474E8",2014,"","Office of the Commissioner for Electronic Communications and Postal Regulation ","Refers to completed local and domestic long distance fixed-telephone voice traffic"
56,"i131m","Domestic fixed-to-fixed telephone traffic",,"minutes",66,"CYP","Cyprus","2.8051E8",2015,"","Office of the Commissioner for Electronic Communications and Postal Regulation ","Refers to completed local and domestic long distance fixed-telephone voice traffic"
56,"i131m","Domestic fixed-to-fixed telephone traffic",,"minutes",66,"CYP","Cyprus","2.45455E8",2016,"","Office of the Commissioner for Electronic Communications and Postal Regulation","Refers to completed local and domestic long distance fixed-telephone voice traffic"
56,"i131m","Domestic fixed-to-fixed telephone traffic",,"minutes",66,"CYP","Cyprus","2.422944E8",2017,"","Office of the Commissioner for Electronic Communications and Postal Regulation","Refers to completed local and domestic long distance fixed-telephone voice traffic"
56,"i131m","Domestic fixed-to-fixed telephone traffic",,"minutes",66,"CYP","Cyprus","2.24073E8",2018,"","Office of the Commissioner of Electronic Communications and Postal Regulation","Refers to completed local and domestic long distance fixed-telephone voice traffic"
56,"i131m","Domestic fixed-to-fixed telephone traffic",,"minutes",66,"CYP","Cyprus","2.39082E8",2019,"","Office of the Commissioner for Electronic Communications and Postal Regulation ","Refers to completed local and domestic long distance fixed-telephone voice traffic"
56,"i131m","Domestic fixed-to-fixed telephone traffic",,"minutes",66,"CYP","Cyprus","2.04505E8",2020,"","Office of the Commissioner for Electronic Communications and Postal Regulation ","Refers to completed local and domestic long distance fixed-telephone voice traffic"
56,"i131m","Domestic fixed-to-fixed telephone traffic",,"minutes",66,"CYP","Cyprus","1.88507E8",2021,"","Office of the Commissioner for Electronic Communications and Postal Regulation ","Refers to completed local and domestic long distance fixed-telephone voice traffic"
56,"i131m","Domestic fixed-to-fixed telephone traffic",,"minutes",67,"DEU","Germany","2.73085E11",2000,"","","Refers to completed local and domestic long distance fixed-telephone voice traffic"
56,"i131m","Domestic fixed-to-fixed telephone traffic",,"minutes",67,"DEU","Germany","3.25023E11",2001,"","","Refers to completed local and domestic long distance fixed-telephone voice traffic"
56,"i131m","Domestic fixed-to-fixed telephone traffic",,"minutes",67,"DEU","Germany","2.464E11",2005,"","","Refers to completed local and domestic long distance fixed-telephone voice traffic"
56,"i131m","Domestic fixed-to-fixed telephone traffic",,"minutes",67,"DEU","Germany","1.57958756048E11",2011,"Including VoIP","Bundesnetzagentur (BNetzA) / Federal Network Agency","Refers to completed local and domestic long distance fixed-telephone voice traffic"
56,"i131m","Domestic fixed-to-fixed telephone traffic",,"minutes",67,"DEU","Germany","1.49352140123E11",2012,"Including VoIP","Bundesnetzagentur (BNetzA) / Federal Network Agency","Refers to completed local and domestic long distance fixed-telephone voice traffic"
56,"i131m","Domestic fixed-to-fixed telephone traffic",,"minutes",67,"DEU","Germany","1.45934137E11",2013,"Including VoIP. Data based on estimates.","Bundesnetzagentur (BNetzA) / Federal Network Agency","Refers to completed local and domestic long distance fixed-telephone voice traffic"
56,"i131m","Domestic fixed-to-fixed telephone traffic",,"minutes",67,"DEU","Germany","1.325E11",2014,"Including VoIP. Data based on estimates","Bundesnetzagentur (BNetzA) / Federal Network Agency","Refers to completed local and domestic long distance fixed-telephone voice traffic"
56,"i131m","Domestic fixed-to-fixed telephone traffic",,"minutes",67,"DEU","Germany","1.2E11",2015,"Including VoIP. Data based on estimates","Bundesnetzagentur (BNetzA) / Federal Network Agency","Refers to completed local and domestic long distance fixed-telephone voice traffic"
56,"i131m","Domestic fixed-to-fixed telephone traffic",,"minutes",67,"DEU","Germany","1.11E11",2016,"Including VoIP. Data based on estimates.","Bundesnetzagentur für Elektrizität, Gas, Telekommunikation, Post und Eisenbahnen","Refers to completed local and domestic long distance fixed-telephone voice traffic"
56,"i131m","Domestic fixed-to-fixed telephone traffic",,"minutes",67,"DEU","Germany","1.01E11",2017,"Including VoIP. Data based on estimates.","Bundesnetzagentur für Elektrizität, Gas, Telekommunikation, Post und Eisenbahnen","Refers to completed local and domestic long distance fixed-telephone voice traffic"
56,"i131m","Domestic fixed-to-fixed telephone traffic",,"minutes",67,"DEU","Germany","9.1E10",2018,"Including VoIP. Data based on estimates.","Bundesnetzagentur für Elektrizität, Gas, Telekommunikation, Post und Eisenbahnen","Refers to completed local and domestic long distance fixed-telephone voice traffic"
56,"i131m","Domestic fixed-to-fixed telephone traffic",,"minutes",67,"DEU","Germany","8.1E10",2019,"Including VoIP. Data based on estimates.","Bundesnetzagentur (BNetzA) / Federal Network Agency","Refers to completed local and domestic long distance fixed-telephone voice traffic"
56,"i131m","Domestic fixed-to-fixed telephone traffic",,"minutes",67,"DEU","Germany","8.9E10",2020,"Including VoIP. Data based on estimates.","Bundesnetzagentur (BNetzA) / Federal Network Agency","Refers to completed local and domestic long distance fixed-telephone voice traffic"
56,"i131m","Domestic fixed-to-fixed telephone traffic",,"minutes",67,"DEU","Germany","8.6E10",2021,"Including VoIP. Data based on estimates.","Bundesnetzagentur (BNetzA) / Federal Network Agency","Refers to completed local and domestic long distance fixed-telephone voice traffic"
56,"i131m","Domestic fixed-to-fixed telephone traffic",,"minutes",69,"DJI","Djibouti","4.8517917E7",2000,"","","Refers to completed local and domestic long distance fixed-telephone voice traffic"
56,"i131m","Domestic fixed-to-fixed telephone traffic",,"minutes",69,"DJI","Djibouti","3.2003708E7",2007,"","Ministére de la Communication et de la Culture, chargé des Postes et des Télécommunications","Refers to completed local and domestic long distance fixed-telephone voice traffic"
56,"i131m","Domestic fixed-to-fixed telephone traffic",,"minutes",69,"DJI","Djibouti","3.1638082E7",2009,"","Ministére de la Communication et de la Culture, chargé des Postes et des Télécommunications","Refers to completed local and domestic long distance fixed-telephone voice traffic"
56,"i131m","Domestic fixed-to-fixed telephone traffic",,"minutes",69,"DJI","Djibouti","284729.0",2017,"","Ministère de la Communication chargé des Postes et des Télécommunications","Refers to completed local and domestic long distance fixed-telephone voice traffic"
56,"i131m","Domestic fixed-to-fixed telephone traffic",,"minutes",70,"DMA","Dominica","2.1729E7",2010,"","National Telecommunications Regulatory Commission","Refers to completed local and domestic long distance fixed-telephone voice traffic"
56,"i131m","Domestic fixed-to-fixed telephone traffic",,"minutes",70,"DMA","Dominica","1.207298851E7",2015,"","National Telecommunications Regulatory Commission","Refers to completed local and domestic long distance fixed-telephone voice traffic"
56,"i131m","Domestic fixed-to-fixed telephone traffic",,"minutes",70,"DMA","Dominica","1.019520965E7",2016,"","National Telecommunications Regulatory Commission","Refers to completed local and domestic long distance fixed-telephone voice traffic"
56,"i131m","Domestic fixed-to-fixed telephone traffic",,"minutes",70,"DMA","Dominica","8763150.0",2017,"","National Telecommunications Regulatory Commission","Refers to completed local and domestic long distance fixed-telephone voice traffic"
56,"i131m","Domestic fixed-to-fixed telephone traffic",,"minutes",71,"DNK","Denmark","2.2437941E10",2000,"","National IT and Telecom Agency.","Refers to completed local and domestic long distance fixed-telephone voice traffic"
56,"i131m","Domestic fixed-to-fixed telephone traffic",,"minutes",71,"DNK","Denmark","2.2830043E10",2001,"","National IT and Telecom Agency.","Refers to completed local and domestic long distance fixed-telephone voice traffic"
56,"i131m","Domestic fixed-to-fixed telephone traffic",,"minutes",71,"DNK","Denmark","2.646552669E10",2005,"","National IT and Telecom Agency.","Refers to completed local and domestic long distance fixed-telephone voice traffic"
56,"i131m","Domestic fixed-to-fixed telephone traffic",,"minutes",72,"DOM","Dominican Rep.","7.207927912E9",2009,"Incl. also traffic to mobile.","Instituto Dominicano de las Telecomunicaciones (INDOTEL)","Refers to completed local and domestic long distance fixed-telephone voice traffic"
56,"i131m","Domestic fixed-to-fixed telephone traffic",,"minutes",72,"DOM","Dominican Rep.","6.482312207E9",2010,"Incl. outgoing traffic from fixed to mobile.","Instituto Dominicano de las Telecomunicaciones (INDOTEL)","Refers to completed local and domestic long distance fixed-telephone voice traffic"
56,"i131m","Domestic fixed-to-fixed telephone traffic",,"minutes",72,"DOM","Dominican Rep.","8.537929139E9",2011,"Incl. outgoing traffic from fixed to mobile.","Instituto Dominicano de las Telecomunicaciones (INDOTEL)","Refers to completed local and domestic long distance fixed-telephone voice traffic"
56,"i131m","Domestic fixed-to-fixed telephone traffic",,"minutes",72,"DOM","Dominican Rep.","1.0186383212E10",2012,"Incl. outgoing traffic from fixed to mobile.","Instituto Dominicano de las Telecomunicaciones (INDOTEL)","Refers to completed local and domestic long distance fixed-telephone voice traffic"
56,"i131m","Domestic fixed-to-fixed telephone traffic",,"minutes",72,"DOM","Dominican Rep.","9.268695621E9",2013,"","Instituto Dominicano de las Telecomunicaciones (INDOTEL)","Refers to completed local and domestic long distance fixed-telephone voice traffic"
56,"i131m","Domestic fixed-to-fixed telephone traffic",,"minutes",72,"DOM","Dominican Rep.","8.220535051E9",2014,"","Instituto Dominicano de las Telecomunicaciones (INDOTEL)","Refers to completed local and domestic long distance fixed-telephone voice traffic"
56,"i131m","Domestic fixed-to-fixed telephone traffic",,"minutes",72,"DOM","Dominican Rep.","7.701193167E9",2015,"","Instituto Dominicano de las Telecomunicaciones (INDOTEL)","Refers to completed local and domestic long distance fixed-telephone voice traffic"
56,"i131m","Domestic fixed-to-fixed telephone traffic",,"minutes",72,"DOM","Dominican Rep.","6.627784937E9",2016,"","INSTITUTO DOMINICANO DE LAS TELECOMUNICACIONES","Refers to completed local and domestic long distance fixed-telephone voice traffic"
56,"i131m","Domestic fixed-to-fixed telephone traffic",,"minutes",72,"DOM","Dominican Rep.","6.14892887E9",2017,"","INSTITUTO DOMINICANO DE LAS TELECOMUNICACIONES","Refers to completed local and domestic long distance fixed-telephone voice traffic"
56,"i131m","Domestic fixed-to-fixed telephone traffic",,"minutes",72,"DOM","Dominican Rep.","5.79095853999E9",2018,"","INSTITUTO DOMINICANO DE LAS TELECOMUNICACIONES (INDOTEL)","Refers to completed local and domestic long distance fixed-telephone voice traffic"
56,"i131m","Domestic fixed-to-fixed telephone traffic",,"minutes",72,"DOM","Dominican Rep.","4.63604792329E9",2019,"","Instituto Dominicano de las Telecomunicaciones (INDOTEL)","Refers to completed local and domestic long distance fixed-telephone voice traffic"
56,"i131m","Domestic fixed-to-fixed telephone traffic",,"minutes",72,"DOM","Dominican Rep.","4.26434137642E9",2020,"","Instituto Dominicano de las Telecomunicaciones (INDOTEL)","Refers to completed local and domestic long distance fixed-telephone voice traffic"
56,"i131m","Domestic fixed-to-fixed telephone traffic",,"minutes",73,"ESP","Spain","5.279E10",2005,"","Comisión del Mercado de las Telecomunicaciones (CMT).","Refers to completed local and domestic long distance fixed-telephone voice traffic"
56,"i131m","Domestic fixed-to-fixed telephone traffic",,"minutes",73,"ESP","Spain","5.043291E10",2006,"","Comisión del Mercado de las Telecomunicaciones (CMT).","Refers to completed local and domestic long distance fixed-telephone voice traffic"
56,"i131m","Domestic fixed-to-fixed telephone traffic",,"minutes",73,"ESP","Spain","5.127566E10",2007,"","Comisión del Mercado de las Telecomunicaciones","Refers to completed local and domestic long distance fixed-telephone voice traffic"
56,"i131m","Domestic fixed-to-fixed telephone traffic",,"minutes",73,"ESP","Spain","5.189928E10",2008,"","Comisión del Mercado de las Telecomunicaciones","Refers to completed local and domestic long distance fixed-telephone voice traffic"
56,"i131m","Domestic fixed-to-fixed telephone traffic",,"minutes",73,"ESP","Spain","5.2430323E10",2009,"","Comisión del Mercado de las Telecomunicaciones","Refers to completed local and domestic long distance fixed-telephone voice traffic"
56,"i131m","Domestic fixed-to-fixed telephone traffic",,"minutes",73,"ESP","Spain","5.277578E10",2010,"","Comisión del Mercado de las Telecomunicaciones","Refers to completed local and domestic long distance fixed-telephone voice traffic"
56,"i131m","Domestic fixed-to-fixed telephone traffic",,"minutes",73,"ESP","Spain","5.305141E10",2011,"","Comisión del Mercado de las Telecomunicaciones","Refers to completed local and domestic long distance fixed-telephone voice traffic"
56,"i131m","Domestic fixed-to-fixed telephone traffic",,"minutes",73,"ESP","Spain","5.134818E10",2012,"","Comisión Nacional de los Mercados y la Competencia","Refers to completed local and domestic long distance fixed-telephone voice traffic"
56,"i131m","Domestic fixed-to-fixed telephone traffic",,"minutes",73,"ESP","Spain","4.474545E10",2013,"","Comisión Nacional de los Mercados y la Competencia","Refers to completed local and domestic long distance fixed-telephone voice traffic"
56,"i131m","Domestic fixed-to-fixed telephone traffic",,"minutes",73,"ESP","Spain","3.692806E10",2014,"","Comisión Nacional de los Mercados y la Competencia","Refers to completed local and domestic long distance fixed-telephone voice traffic"
56,"i131m","Domestic fixed-to-fixed telephone traffic",,"minutes",73,"ESP","Spain","3.104876E10",2015,"","Comisión Nacional de los Mercados y la Competencia","Refers to completed local and domestic long distance fixed-telephone voice traffic"
56,"i131m","Domestic fixed-to-fixed telephone traffic",,"minutes",73,"ESP","Spain","2.617282514569E10",2016,"","Comisión Nacional de los Mercados y la Competencia","Refers to completed local and domestic long distance fixed-telephone voice traffic"
56,"i131m","Domestic fixed-to-fixed telephone traffic",,"minutes",73,"ESP","Spain","2.120803335654E10",2017,"","Comisión Nacional de los Mercados y la Competencia","Refers to completed local and domestic long distance fixed-telephone voice traffic"
56,"i131m","Domestic fixed-to-fixed telephone traffic",,"minutes",73,"ESP","Spain","1.7777970752E10",2018,"","CNMC","Refers to completed local and domestic long distance fixed-telephone voice traffic"
56,"i131m","Domestic fixed-to-fixed telephone traffic",,"minutes",73,"ESP","Spain","1.418570952994E10",2019,"","Comisión Nacional de los Mercados y la Competencia","Refers to completed local and domestic long distance fixed-telephone voice traffic"
56,"i131m","Domestic fixed-to-fixed telephone traffic",,"minutes",73,"ESP","Spain","1.644632303515E10",2020,"","Comisión Nacional de los Mercados y la Competencia","Refers to completed local and domestic long distance fixed-telephone voice traffic"
56,"i131m","Domestic fixed-to-fixed telephone traffic",,"minutes",73,"ESP","Spain","1.252435537334E10",2021,"","Comisión Nacional de los Mercados y la Competencia","Refers to completed local and domestic long distance fixed-telephone voice traffic"
56,"i131m","Domestic fixed-to-fixed telephone traffic",,"minutes",74,"EGY","Egypt","3.346198971959E10",2009,"","MICT","Refers to completed local and domestic long distance fixed-telephone voice traffic"
56,"i131m","Domestic fixed-to-fixed telephone traffic",,"minutes",74,"EGY","Egypt","2.990904408E10",2010,"","Ministry of Communications and Information Technology","Refers to completed local and domestic long distance fixed-telephone voice traffic"
56,"i131m","Domestic fixed-to-fixed telephone traffic",,"minutes",74,"EGY","Egypt","2.4511780402E10",2011,"","Ministry of Communications and Information Technology","Refers to completed local and domestic long distance fixed-telephone voice traffic"
56,"i131m","Domestic fixed-to-fixed telephone traffic",,"minutes",74,"EGY","Egypt","2.0685343957E10",2012,"","Ministry of Communications and Information Technology","Refers to completed local and domestic long distance fixed-telephone voice traffic"
56,"i131m","Domestic fixed-to-fixed telephone traffic",,"minutes",74,"EGY","Egypt","1.6605328925E10",2013,"","Ministry of Communications and Information Technology","Refers to completed local and domestic long distance fixed-telephone voice traffic"
56,"i131m","Domestic fixed-to-fixed telephone traffic",,"minutes",74,"EGY","Egypt","1.3588909553E10",2014,"","Ministry of Communications and Information Technology","Refers to completed local and domestic long distance fixed-telephone voice traffic"
56,"i131m","Domestic fixed-to-fixed telephone traffic",,"minutes",74,"EGY","Egypt","1.1181801543E10",2015,"","Ministry of Communications and Information Technology","Refers to completed local and domestic long distance fixed-telephone voice traffic"
56,"i131m","Domestic fixed-to-fixed telephone traffic",,"minutes",74,"EGY","Egypt","9.050375445E9",2016,"","Ministry of Communications and Information Technology","Refers to completed local and domestic long distance fixed-telephone voice traffic"
56,"i131m","Domestic fixed-to-fixed telephone traffic",,"minutes",74,"EGY","Egypt","7.999717613E9",2017,"","Ministry of Communications and Information Technology","Refers to completed local and domestic long distance fixed-telephone voice traffic"
56,"i131m","Domestic fixed-to-fixed telephone traffic",,"minutes",74,"EGY","Egypt","1.1451965515E10",2018,"","Ministry of Communications and Information Technology","Refers to completed local and domestic long distance fixed-telephone voice traffic"
56,"i131m","Domestic fixed-to-fixed telephone traffic",,"minutes",74,"EGY","Egypt","9.598600776E9",2019,"","Ministry of Communications and Information Technology","Refers to completed local and domestic long distance fixed-telephone voice traffic"
56,"i131m","Domestic fixed-to-fixed telephone traffic",,"minutes",74,"EGY","Egypt","7.62486413619E9",2020,"","Ministry of Communications and Information Technology","Refers to completed local and domestic long distance fixed-telephone voice traffic"
56,"i131m","Domestic fixed-to-fixed telephone traffic",,"minutes",74,"EGY","Egypt","6.49887671871E9",2021,"","Ministry of Communications and Information Technology","Refers to completed local and domestic long distance fixed-telephone voice traffic"
56,"i131m","Domestic fixed-to-fixed telephone traffic",,"minutes",75,"ECU","Ecuador","9.13191105E8",2000,"","","Refers to completed local and domestic long distance fixed-telephone voice traffic"
56,"i131m","Domestic fixed-to-fixed telephone traffic",,"minutes",75,"ECU","Ecuador","3.956184312E9",2001,"","","Refers to completed local and domestic long distance fixed-telephone voice traffic"
56,"i131m","Domestic fixed-to-fixed telephone traffic",,"minutes",75,"ECU","Ecuador","5.16483378529E9",2011,"","Secretaría Nacional de Telecomunicaciones (SENATEL)","Refers to completed local and domestic long distance fixed-telephone voice traffic"
56,"i131m","Domestic fixed-to-fixed telephone traffic",,"minutes",75,"ECU","Ecuador","6.47641213165E9",2012,"","Secretaría Nacional de Telecomunicaciones (SENATEL)","Refers to completed local and domestic long distance fixed-telephone voice traffic"
56,"i131m","Domestic fixed-to-fixed telephone traffic",,"minutes",75,"ECU","Ecuador","5.52952716015E9",2013,"","Secretaría Nacional de Telecomunicaciones (SENATEL)","Refers to completed local and domestic long distance fixed-telephone voice traffic"
56,"i131m","Domestic fixed-to-fixed telephone traffic",,"minutes",75,"ECU","Ecuador","4.87413923712E9",2014,"","Agencia de Regulación y Control de las Telecomunicaciones","Refers to completed local and domestic long distance fixed-telephone voice traffic"
56,"i131m","Domestic fixed-to-fixed telephone traffic",,"minutes",75,"ECU","Ecuador","3.71474146344E9",2015,"","Agencia de Regulación y Control de las Telecomunicaciones","Refers to completed local and domestic long distance fixed-telephone voice traffic"
56,"i131m","Domestic fixed-to-fixed telephone traffic",,"minutes",75,"ECU","Ecuador","4.19213718986E9",2016,"","Agencia de Regulación y Control de las Telecomunicaciones","Refers to completed local and domestic long distance fixed-telephone voice traffic"
56,"i131m","Domestic fixed-to-fixed telephone traffic",,"minutes",75,"ECU","Ecuador","2.45299539594E9",2017,"","Agencia de Regulación y Control de las Telecomunicaciones","Refers to completed local and domestic long distance fixed-telephone voice traffic"
56,"i131m","Domestic fixed-to-fixed telephone traffic",,"minutes",75,"ECU","Ecuador","5.1675206611E8",2018,"","Agencia de Regulación y Control de las Telecomunicaciones","Refers to completed local and domestic long distance fixed-telephone voice traffic"
56,"i131m","Domestic fixed-to-fixed telephone traffic",,"minutes",75,"ECU","Ecuador","1.77742091034E9",2019,"","Agencia de Regulación y Control de las Telecomunicaciones","Refers to completed local and domestic long distance fixed-telephone voice traffic"
56,"i131m","Domestic fixed-to-fixed telephone traffic",,"minutes",75,"ECU","Ecuador","1.68967023928E9",2020,"","Agencia de Regulación y Control de las Telecomunicaciones","Refers to completed local and domestic long distance fixed-telephone voice traffic"
56,"i131m","Domestic fixed-to-fixed telephone traffic",,"minutes",75,"ECU","Ecuador","9.5131790549E8",2021,"","Agencia de Regulación y Control de las Telecomunicaciones","Refers to completed local and domestic long distance fixed-telephone voice traffic"
56,"i131m","Domestic fixed-to-fixed telephone traffic",,"minutes",76,"EST","Estonia","1.815033723E9",2001,"","","Refers to completed local and domestic long distance fixed-telephone voice traffic"
56,"i131m","Domestic fixed-to-fixed telephone traffic",,"minutes",76,"EST","Estonia","8.46758664E8",2007,"","Estonian Competition Auhtority","Refers to completed local and domestic long distance fixed-telephone voice traffic"
56,"i131m","Domestic fixed-to-fixed telephone traffic",,"minutes",76,"EST","Estonia","8.11581374E8",2008,"","Estonian Competition Auhtority","Refers to completed local and domestic long distance fixed-telephone voice traffic"
56,"i131m","Domestic fixed-to-fixed telephone traffic",,"minutes",76,"EST","Estonia","8.83298595E8",2009,"","Estonian Competition Authority","Refers to completed local and domestic long distance fixed-telephone voice traffic"
56,"i131m","Domestic fixed-to-fixed telephone traffic",,"minutes",76,"EST","Estonia","7.26014413E8",2010,"","Estonian Competition Authority","Refers to completed local and domestic long distance fixed-telephone voice traffic"
56,"i131m","Domestic fixed-to-fixed telephone traffic",,"minutes",76,"EST","Estonia","6.57782882E8",2011,"","Estonian Competition Authority","Refers to completed local and domestic long distance fixed-telephone voice traffic"
56,"i131m","Domestic fixed-to-fixed telephone traffic",,"minutes",76,"EST","Estonia","5.7133653E8",2012,"","Estonian Competition Authority","Refers to completed local and domestic long distance fixed-telephone voice traffic"
56,"i131m","Domestic fixed-to-fixed telephone traffic",,"minutes",76,"EST","Estonia","5.43317972E8",2013,"","Estonian Technical Regulation Authority ","Refers to completed local and domestic long distance fixed-telephone voice traffic"
56,"i131m","Domestic fixed-to-fixed telephone traffic",,"minutes",76,"EST","Estonia","4.54514003E8",2014,"","Estonian Technical Regulation Authority ","Refers to completed local and domestic long distance fixed-telephone voice traffic"
56,"i131m","Domestic fixed-to-fixed telephone traffic",,"minutes",76,"EST","Estonia","3.86321165E8",2015,"","Estonian Technical Regulatory Authority","Refers to completed local and domestic long distance fixed-telephone voice traffic"
56,"i131m","Domestic fixed-to-fixed telephone traffic",,"minutes",76,"EST","Estonia","3.0773527E8",2016,"","Consumer Protection and Technical Regulatory Authority","Refers to completed local and domestic long distance fixed-telephone voice traffic"
56,"i131m","Domestic fixed-to-fixed telephone traffic",,"minutes",76,"EST","Estonia","2.98562536E8",2017,"","Consumer Protection and Technical Regulatory Authority","Refers to completed local and domestic long distance fixed-telephone voice traffic"
56,"i131m","Domestic fixed-to-fixed telephone traffic",,"minutes",76,"EST","Estonia","1.64414104E8",2018,"","Estonian Technical Regulatory Authority","Refers to completed local and domestic long distance fixed-telephone voice traffic"
56,"i131m","Domestic fixed-to-fixed telephone traffic",,"minutes",76,"EST","Estonia","1.80552372E8",2019,"","Estonian Technical Regulatory Authority","Refers to completed local and domestic long distance fixed-telephone voice traffic"
56,"i131m","Domestic fixed-to-fixed telephone traffic",,"minutes",76,"EST","Estonia","1.10263232E8",2020,"","Estonian Technical Regulatory Authority","Refers to completed local and domestic long distance fixed-telephone voice traffic"
56,"i131m","Domestic fixed-to-fixed telephone traffic",,"minutes",76,"EST","Estonia","9.1921678E7",2021,"","Estonian Technical Regulatory Authority","Refers to completed local and domestic long distance fixed-telephone voice traffic"
56,"i131m","Domestic fixed-to-fixed telephone traffic",,"minutes",77,"ETH","Ethiopia","3.44599388E8",2007,"","Ethiopian Telecommunication Agency","Refers to completed local and domestic long distance fixed-telephone voice traffic"
56,"i131m","Domestic fixed-to-fixed telephone traffic",,"minutes",77,"ETH","Ethiopia","1.79110104E8",2011,"","Ministry of Communications and Information Technology","Refers to completed local and domestic long distance fixed-telephone voice traffic"
56,"i131m","Domestic fixed-to-fixed telephone traffic",,"minutes",77,"ETH","Ethiopia","9.54666042E7",2012,"","Ministry of Communications and Information Technology","Refers to completed local and domestic long distance fixed-telephone voice traffic"
56,"i131m","Domestic fixed-to-fixed telephone traffic",,"minutes",77,"ETH","Ethiopia","2.0041210796E8",2014,"","Ministry of Communications and Information Technology","Refers to completed local and domestic long distance fixed-telephone voice traffic"
56,"i131m","Domestic fixed-to-fixed telephone traffic",,"minutes",77,"ETH","Ethiopia","2.50234876E8",2015,"","Ministry of Communications and Information Technology","Refers to completed local and domestic long distance fixed-telephone voice traffic"
56,"i131m","Domestic fixed-to-fixed telephone traffic",,"minutes",77,"ETH","Ethiopia","2.518759995E8",2016,"","Ministry of Communications and Information Technology","Refers to completed local and domestic long distance fixed-telephone voice traffic"
56,"i131m","Domestic fixed-to-fixed telephone traffic",,"minutes",78,"FRA","France","1.21949E11",2000,"","","Refers to completed local and domestic long distance fixed-telephone voice traffic"
56,"i131m","Domestic fixed-to-fixed telephone traffic",,"minutes",78,"FRA","France","1.18481E11",2001,"","","Refers to completed local and domestic long distance fixed-telephone voice traffic"
56,"i131m","Domestic fixed-to-fixed telephone traffic",,"minutes",78,"FRA","France","1.12456E11",2002,"","","Refers to completed local and domestic long distance fixed-telephone voice traffic"
56,"i131m","Domestic fixed-to-fixed telephone traffic",,"minutes",78,"FRA","France","1.07776E11",2003,"","","Refers to completed local and domestic long distance fixed-telephone voice traffic"
56,"i131m","Domestic fixed-to-fixed telephone traffic",,"minutes",78,"FRA","France","1.0684E11",2004,"","","Refers to completed local and domestic long distance fixed-telephone voice traffic"
56,"i131m","Domestic fixed-to-fixed telephone traffic",,"minutes",78,"FRA","France","8.529E10",2007,"","ARCEP","Refers to completed local and domestic long distance fixed-telephone voice traffic"
56,"i131m","Domestic fixed-to-fixed telephone traffic",,"minutes",78,"FRA","France","8.797E10",2008,"","ARCEP","Refers to completed local and domestic long distance fixed-telephone voice traffic"
56,"i131m","Domestic fixed-to-fixed telephone traffic",,"minutes",78,"FRA","France","8.95E10",2009,"","Autorité de Régulation des Communications électroniques et des postes","Refers to completed local and domestic long distance fixed-telephone voice traffic"
56,"i131m","Domestic fixed-to-fixed telephone traffic",,"minutes",78,"FRA","France","9.1156E10",2010,"","Autorité de Régulation des Communications électroniques et des postes","Refers to completed local and domestic long distance fixed-telephone voice traffic"
56,"i131m","Domestic fixed-to-fixed telephone traffic",,"minutes",78,"FRA","France","8.3358E10",2011,"","Autorité de Régulation des Communications électroniques et des postes","Refers to completed local and domestic long distance fixed-telephone voice traffic"
56,"i131m","Domestic fixed-to-fixed telephone traffic",,"minutes",78,"FRA","France","7.9542E10",2012,"","Autorité de Régulation des Communications électroniques et des postes","Refers to completed local and domestic long distance fixed-telephone voice traffic"
56,"i131m","Domestic fixed-to-fixed telephone traffic",,"minutes",78,"FRA","France","7.1562E10",2013,"","Autorité de Régulation des Communications électroniques et des postes","Refers to completed local and domestic long distance fixed-telephone voice traffic"
56,"i131m","Domestic fixed-to-fixed telephone traffic",,"minutes",78,"FRA","France","6.2603E10",2014,"","Autorité de Régulation des Communications électroniques et des postes","Refers to completed local and domestic long distance fixed-telephone voice traffic"
56,"i131m","Domestic fixed-to-fixed telephone traffic",,"minutes",78,"FRA","France","5.6961E10",2015,"","Autorité de régulation des communications électroniques et des postes","Refers to completed local and domestic long distance fixed-telephone voice traffic"
56,"i131m","Domestic fixed-to-fixed telephone traffic",,"minutes",78,"FRA","France","5.0315E10",2016,"","ARCEP","Refers to completed local and domestic long distance fixed-telephone voice traffic"
56,"i131m","Domestic fixed-to-fixed telephone traffic",,"minutes",78,"FRA","France","4.4732E10",2017,"","ARCEP","Refers to completed local and domestic long distance fixed-telephone voice traffic"
56,"i131m","Domestic fixed-to-fixed telephone traffic",,"minutes",78,"FRA","France","3.8199E10",2018,"","ARCEP","Refers to completed local and domestic long distance fixed-telephone voice traffic"
56,"i131m","Domestic fixed-to-fixed telephone traffic",,"minutes",78,"FRA","France","3.2147E10",2019,"","ARCEP","Refers to completed local and domestic long distance fixed-telephone voice traffic"
56,"i131m","Domestic fixed-to-fixed telephone traffic",,"minutes",79,"FJI","Fiji","4.25E7",2018,"","Ministry of Communications","Refers to completed local and domestic long distance fixed-telephone voice traffic"
56,"i131m","Domestic fixed-to-fixed telephone traffic",,"minutes",79,"FJI","Fiji","3.306E7",2019,"","Ministry of Communications","Refers to completed local and domestic long distance fixed-telephone voice traffic"
56,"i131m","Domestic fixed-to-fixed telephone traffic",,"minutes",79,"FJI","Fiji","2.588E7",2020,"","Ministry of Communications","Refers to completed local and domestic long distance fixed-telephone voice traffic"
56,"i131m","Domestic fixed-to-fixed telephone traffic",,"minutes",81,"FIN","Finland","1.79833E10",2000,"","","Refers to completed local and domestic long distance fixed-telephone voice traffic"
56,"i131m","Domestic fixed-to-fixed telephone traffic",,"minutes",81,"FIN","Finland","1.82442E10",2001,"","","Refers to completed local and domestic long distance fixed-telephone voice traffic"
56,"i131m","Domestic fixed-to-fixed telephone traffic",,"minutes",84,"GBR","United Kingdom","1.35911E11",2000,"","","Refers to completed local and domestic long distance fixed-telephone voice traffic"
56,"i131m","Domestic fixed-to-fixed telephone traffic",,"minutes",84,"GBR","United Kingdom","1.29429E11",2001,"","","Refers to completed local and domestic long distance fixed-telephone voice traffic"
56,"i131m","Domestic fixed-to-fixed telephone traffic",,"minutes",84,"GBR","United Kingdom","1.10359E11",2005,"","Office of Communications (Ofcom).","Refers to completed local and domestic long distance fixed-telephone voice traffic"
56,"i131m","Domestic fixed-to-fixed telephone traffic",,"minutes",84,"GBR","United Kingdom","1.0556E11",2006,"","Office of Communications (Ofcom).","Refers to completed local and domestic long distance fixed-telephone voice traffic"
56,"i131m","Domestic fixed-to-fixed telephone traffic",,"minutes",84,"GBR","United Kingdom","9.6721E10",2007,"","Office of Communications (Ofcom).","Refers to completed local and domestic long distance fixed-telephone voice traffic"
56,"i131m","Domestic fixed-to-fixed telephone traffic",,"minutes",84,"GBR","United Kingdom","9.2613030072E10",2008,"","Office of Communications","Refers to completed local and domestic long distance fixed-telephone voice traffic"
56,"i131m","Domestic fixed-to-fixed telephone traffic",,"minutes",84,"GBR","United Kingdom","8.9043E10",2009,"","Office of Communications","Refers to completed local and domestic long distance fixed-telephone voice traffic"
56,"i131m","Domestic fixed-to-fixed telephone traffic",,"minutes",84,"GBR","United Kingdom","8.8363E10",2010,"","Office of Communications","Refers to completed local and domestic long distance fixed-telephone voice traffic"
56,"i131m","Domestic fixed-to-fixed telephone traffic",,"minutes",84,"GBR","United Kingdom","7.4565838504E10",2011,"","Office of Communications","Refers to completed local and domestic long distance fixed-telephone voice traffic"
56,"i131m","Domestic fixed-to-fixed telephone traffic",,"minutes",84,"GBR","United Kingdom","6.9029514369E10",2012,"","Office of Communications","Refers to completed local and domestic long distance fixed-telephone voice traffic"
56,"i131m","Domestic fixed-to-fixed telephone traffic",,"minutes",84,"GBR","United Kingdom","6.0856795508E10",2013,"","Office of Communications","Refers to completed local and domestic long distance fixed-telephone voice traffic"
56,"i131m","Domestic fixed-to-fixed telephone traffic",,"minutes",84,"GBR","United Kingdom","5.3618665331E10",2014,"","Office of Communications","Refers to completed local and domestic long distance fixed-telephone voice traffic"
56,"i131m","Domestic fixed-to-fixed telephone traffic",,"minutes",84,"GBR","United Kingdom","4.9532785913E10",2015,"","Office of Communications","Refers to completed local and domestic long distance fixed-telephone voice traffic"
56,"i131m","Domestic fixed-to-fixed telephone traffic",,"minutes",84,"GBR","United Kingdom","4.1678606763E10",2016,"","Ofcom","Refers to completed local and domestic long distance fixed-telephone voice traffic"
56,"i131m","Domestic fixed-to-fixed telephone traffic",,"minutes",84,"GBR","United Kingdom","3.4427E10",2017,"","Ofcom","Refers to completed local and domestic long distance fixed-telephone voice traffic"
56,"i131m","Domestic fixed-to-fixed telephone traffic",,"minutes",84,"GBR","United Kingdom","3.1194E10",2018,"","Ofcom","Refers to completed local and domestic long distance fixed-telephone voice traffic"
56,"i131m","Domestic fixed-to-fixed telephone traffic",,"minutes",84,"GBR","United Kingdom","2.6231E10",2019,"","Office of Communications","Refers to completed local and domestic long distance fixed-telephone voice traffic"
56,"i131m","Domestic fixed-to-fixed telephone traffic",,"minutes",84,"GBR","United Kingdom","3.1421E10",2020,"amended due to operational reinstatement","Office of Communications","Refers to completed local and domestic long distance fixed-telephone voice traffic"
56,"i131m","Domestic fixed-to-fixed telephone traffic",,"minutes",84,"GBR","United Kingdom","2.5509E10",2021,"","Office of Communications","Refers to completed local and domestic long distance fixed-telephone voice traffic"
56,"i131m","Domestic fixed-to-fixed telephone traffic",,"minutes",85,"GAB","Gabon","7201541.0",2015,"","Autorité de Régulation des Communications Electroniques et des Postes ","Refers to completed local and domestic long distance fixed-telephone voice traffic"
56,"i131m","Domestic fixed-to-fixed telephone traffic",,"minutes",85,"GAB","Gabon","6245169.0",2016,"","Autorité de Régulation des Communications Électroniques et des Postes ","Refers to completed local and domestic long distance fixed-telephone voice traffic"
56,"i131m","Domestic fixed-to-fixed telephone traffic",,"minutes",85,"GAB","Gabon","1.1714292E7",2017,"","Autorité de Régulation des Communications Électroniques et des Postes ","Refers to completed local and domestic long distance fixed-telephone voice traffic"
56,"i131m","Domestic fixed-to-fixed telephone traffic",,"minutes",85,"GAB","Gabon","1407416.0",2018,"","Autorité de Régulation des Communications Électroniques et des Postes ","Refers to completed local and domestic long distance fixed-telephone voice traffic"
56,"i131m","Domestic fixed-to-fixed telephone traffic",,"minutes",85,"GAB","Gabon","1125442.0",2019,"","Autorité de Régulation des Communications Électroniques et des Postes ","Refers to completed local and domestic long distance fixed-telephone voice traffic"
56,"i131m","Domestic fixed-to-fixed telephone traffic",,"minutes",85,"GAB","Gabon","920511.0",2020,"","Autorité de Régulation des Communications Électroniques et des Postes ","Refers to completed local and domestic long distance fixed-telephone voice traffic"
56,"i131m","Domestic fixed-to-fixed telephone traffic",,"minutes",85,"GAB","Gabon","696468.0",2021,"","Autorité de Régulation des Communications Électroniques et des Postes ","Refers to completed local and domestic long distance fixed-telephone voice traffic"
56,"i131m","Domestic fixed-to-fixed telephone traffic",,"minutes",90,"GHA","Ghana","5.03209608E8",2000,"","","Refers to completed local and domestic long distance fixed-telephone voice traffic"
56,"i131m","Domestic fixed-to-fixed telephone traffic",,"minutes",90,"GHA","Ghana","9.54482423E8",2001,"","","Refers to completed local and domestic long distance fixed-telephone voice traffic"
56,"i131m","Domestic fixed-to-fixed telephone traffic",,"minutes",90,"GHA","Ghana","1.083139464E9",2005,"","","Refers to completed local and domestic long distance fixed-telephone voice traffic"
56,"i131m","Domestic fixed-to-fixed telephone traffic",,"minutes",90,"GHA","Ghana","5.8016442E8",2006,"","","Refers to completed local and domestic long distance fixed-telephone voice traffic"
56,"i131m","Domestic fixed-to-fixed telephone traffic",,"minutes",90,"GHA","Ghana","3.25779096E8",2007,"","National Communications Authority","Refers to completed local and domestic long distance fixed-telephone voice traffic"
56,"i131m","Domestic fixed-to-fixed telephone traffic",,"minutes",90,"GHA","Ghana","2.16467784E8",2008,"","National Communications Authority","Refers to completed local and domestic long distance fixed-telephone voice traffic"
56,"i131m","Domestic fixed-to-fixed telephone traffic",,"minutes",90,"GHA","Ghana","1.1717117E8",2009,"","National Communications Authority","Refers to completed local and domestic long distance fixed-telephone voice traffic"
56,"i131m","Domestic fixed-to-fixed telephone traffic",,"minutes",90,"GHA","Ghana","8.1474428E7",2010,"","National Communications Authority","Refers to completed local and domestic long distance fixed-telephone voice traffic"
56,"i131m","Domestic fixed-to-fixed telephone traffic",,"minutes",90,"GHA","Ghana","7.2745025E7",2011,"","National Communications Authority","Refers to completed local and domestic long distance fixed-telephone voice traffic"
56,"i131m","Domestic fixed-to-fixed telephone traffic",,"minutes",90,"GHA","Ghana","1.5362369E7",2014,"","National Communications Authority","Refers to completed local and domestic long distance fixed-telephone voice traffic"
56,"i131m","Domestic fixed-to-fixed telephone traffic",,"minutes",90,"GHA","Ghana","7428843.0",2015,"","National Communications Authority","Refers to completed local and domestic long distance fixed-telephone voice traffic"
56,"i131m","Domestic fixed-to-fixed telephone traffic",,"minutes",90,"GHA","Ghana","5621926.0",2016,"","National Communications Authority (NCA)","Refers to completed local and domestic long distance fixed-telephone voice traffic"
56,"i131m","Domestic fixed-to-fixed telephone traffic",,"minutes",90,"GHA","Ghana","460494.0",2017,"Data from Airtel Fixed only. Vodafone did not submit data for the year 2017","National Communications Authority","Refers to completed local and domestic long distance fixed-telephone voice traffic"
56,"i131m","Domestic fixed-to-fixed telephone traffic",,"minutes",90,"GHA","Ghana","219536.0",2018,"","National Communications Authority (NCA)","Refers to completed local and domestic long distance fixed-telephone voice traffic"
56,"i131m","Domestic fixed-to-fixed telephone traffic",,"minutes",90,"GHA","Ghana","680229.0",2019,"Domestic voice traffic from Vodafone only as at July 2019","National Communications Authority","Refers to completed local and domestic long distance fixed-telephone voice traffic"
56,"i131m","Domestic fixed-to-fixed telephone traffic",,"minutes",90,"GHA","Ghana","3971591.0",2020,"Vodafone 3,957,104##AirtelTigo 14,488","National Communications Authority","Refers to completed local and domestic long distance fixed-telephone voice traffic"
56,"i131m","Domestic fixed-to-fixed telephone traffic",,"minutes",90,"GHA","Ghana","5041651.0",2021,"","National Communications Authority","Refers to completed local and domestic long distance fixed-telephone voice traffic"
56,"i131m","Domestic fixed-to-fixed telephone traffic",,"minutes",91,"GIB","Gibraltar","4.9164455E7",2009,"","Gibraltar Regulatory Authority","Refers to completed local and domestic long distance fixed-telephone voice traffic"
56,"i131m","Domestic fixed-to-fixed telephone traffic",,"minutes",91,"GIB","Gibraltar","4.7336652E7",2010,"","Gibraltar Regulatory Authority","Refers to completed local and domestic long distance fixed-telephone voice traffic"
56,"i131m","Domestic fixed-to-fixed telephone traffic",,"minutes",91,"GIB","Gibraltar","4.5050851E7",2011,"","Gibraltar Regulatory Authority","Refers to completed local and domestic long distance fixed-telephone voice traffic"
56,"i131m","Domestic fixed-to-fixed telephone traffic",,"minutes",91,"GIB","Gibraltar","6.8533821E7",2016,"","Gibraltar Regulatory Authority","Refers to completed local and domestic long distance fixed-telephone voice traffic"
56,"i131m","Domestic fixed-to-fixed telephone traffic",,"minutes",91,"GIB","Gibraltar","4.6067931E7",2017,"","Gibraltar Regulatory Authority","Refers to completed local and domestic long distance fixed-telephone voice traffic"
56,"i131m","Domestic fixed-to-fixed telephone traffic",,"minutes",91,"GIB","Gibraltar","5.4208348E7",2019,"","Gibraltar Regulatory Authority","Refers to completed local and domestic long distance fixed-telephone voice traffic"
56,"i131m","Domestic fixed-to-fixed telephone traffic",,"minutes",91,"GIB","Gibraltar","2.4008108E7",2020,"","Gibraltar Regulatory Authority","Refers to completed local and domestic long distance fixed-telephone voice traffic"
56,"i131m","Domestic fixed-to-fixed telephone traffic",,"minutes",91,"GIB","Gibraltar","2.7588784E7",2021,"","Gibraltar Regulatory Authority","Refers to completed local and domestic long distance fixed-telephone voice traffic"
56,"i131m","Domestic fixed-to-fixed telephone traffic",,"minutes",92,"GMB","Gambia","1.15271474E7",2018,"","Public Utilities Regulatory Authority","Refers to completed local and domestic long distance fixed-telephone voice traffic"
56,"i131m","Domestic fixed-to-fixed telephone traffic",,"minutes",95,"GRC","Greece","3.15E10",2001,"","","Refers to completed local and domestic long distance fixed-telephone voice traffic"
56,"i131m","Domestic fixed-to-fixed telephone traffic",,"minutes",95,"GRC","Greece","1.8408437512E10",2005,"Incl. traffic through cards.","","Refers to completed local and domestic long distance fixed-telephone voice traffic"
56,"i131m","Domestic fixed-to-fixed telephone traffic",,"minutes",95,"GRC","Greece","1.764896767E10",2006,"Incl. traffic through cards.","","Refers to completed local and domestic long distance fixed-telephone voice traffic"
56,"i131m","Domestic fixed-to-fixed telephone traffic",,"minutes",95,"GRC","Greece","1.7184033164E10",2007,"Incl. traffic through cards.","Hellenic Telecommunications and Post Commission","Refers to completed local and domestic long distance fixed-telephone voice traffic"
56,"i131m","Domestic fixed-to-fixed telephone traffic",,"minutes",95,"GRC","Greece","1.7150176499E10",2008,"Incl. traffic through cards.","Hellenic Telecommunications & Post Commission","Refers to completed local and domestic long distance fixed-telephone voice traffic"
56,"i131m","Domestic fixed-to-fixed telephone traffic",,"minutes",95,"GRC","Greece","1.7141453572E10",2009,"","Hellenic Telecommunications & Post Commission","Refers to completed local and domestic long distance fixed-telephone voice traffic"
56,"i131m","Domestic fixed-to-fixed telephone traffic",,"minutes",95,"GRC","Greece","1.6696915905E10",2010,"","Hellenic Telecommunications & Post Commission","Refers to completed local and domestic long distance fixed-telephone voice traffic"
56,"i131m","Domestic fixed-to-fixed telephone traffic",,"minutes",95,"GRC","Greece","1.6228125801E10",2011,"","Hellenic Telecommunications & Post Commission","Refers to completed local and domestic long distance fixed-telephone voice traffic"
56,"i131m","Domestic fixed-to-fixed telephone traffic",,"minutes",95,"GRC","Greece","1.6234081447E10",2012,"","Hellenic Telecommunications & Post Commission","Refers to completed local and domestic long distance fixed-telephone voice traffic"
56,"i131m","Domestic fixed-to-fixed telephone traffic",,"minutes",95,"GRC","Greece","1.5786618751E10",2013,"","Hellenic Telecommunications & Post Commission","Refers to completed local and domestic long distance fixed-telephone voice traffic"
56,"i131m","Domestic fixed-to-fixed telephone traffic",,"minutes",95,"GRC","Greece","1.4298459145E10",2014,"","Hellenic Telecommunications & Post Commission","Refers to completed local and domestic long distance fixed-telephone voice traffic"
56,"i131m","Domestic fixed-to-fixed telephone traffic",,"minutes",95,"GRC","Greece","1.4457382499E10",2015,"","Hellenic Telecommunications & Post Commission","Refers to completed local and domestic long distance fixed-telephone voice traffic"
56,"i131m","Domestic fixed-to-fixed telephone traffic",,"minutes",95,"GRC","Greece","1.3428289859E10",2016,"","Hellenic Telecommunications & Post Commission","Refers to completed local and domestic long distance fixed-telephone voice traffic"
56,"i131m","Domestic fixed-to-fixed telephone traffic",,"minutes",95,"GRC","Greece","1.2826767522E10",2017,"","Hellenic Telecommunications & Post Commission","Refers to completed local and domestic long distance fixed-telephone voice traffic"
56,"i131m","Domestic fixed-to-fixed telephone traffic",,"minutes",95,"GRC","Greece","1.1626708706E10",2018,"","HELLENIC TELECOMMUNICATIONS & POST COMMISSION","Refers to completed local and domestic long distance fixed-telephone voice traffic"
56,"i131m","Domestic fixed-to-fixed telephone traffic",,"minutes",95,"GRC","Greece","1.0551017395E10",2019,"","Hellenic Telecommunications & Post Commission","Refers to completed local and domestic long distance fixed-telephone voice traffic"
56,"i131m","Domestic fixed-to-fixed telephone traffic",,"minutes",95,"GRC","Greece","1.1622433769E10",2020,"","Hellenic Telecommunications & Post Commission","Refers to completed local and domestic long distance fixed-telephone voice traffic"
56,"i131m","Domestic fixed-to-fixed telephone traffic",,"minutes",95,"GRC","Greece","1.0551451594E10",2021,"","Hellenic Telecommunications & Post Commission","Refers to completed local and domestic long distance fixed-telephone voice traffic"
56,"i131m","Domestic fixed-to-fixed telephone traffic",,"minutes",96,"GRD","Grenada","2.53950359E8",2014,"Providers Data-NTRC Grenada","National Telecommunications Regulatory Commission","Refers to completed local and domestic long distance fixed-telephone voice traffic"
56,"i131m","Domestic fixed-to-fixed telephone traffic",,"minutes",97,"GRL","Greenland","8.16E7",2000,"","","Refers to completed local and domestic long distance fixed-telephone voice traffic"
56,"i131m","Domestic fixed-to-fixed telephone traffic",,"minutes",97,"GRL","Greenland","1.63E7",2010,"","Tele Greenland A/S","Refers to completed local and domestic long distance fixed-telephone voice traffic"
56,"i131m","Domestic fixed-to-fixed telephone traffic",,"minutes",97,"GRL","Greenland","1.5162E7",2011,"","Tele Greenland A/S","Refers to completed local and domestic long distance fixed-telephone voice traffic"
56,"i131m","Domestic fixed-to-fixed telephone traffic",,"minutes",97,"GRL","Greenland","1.4581E7",2012,"","Tele Greenland A/S","Refers to completed local and domestic long distance fixed-telephone voice traffic"
56,"i131m","Domestic fixed-to-fixed telephone traffic",,"minutes",98,"GTM","Guatemala","5.11880634E8",2007,"","Superintedencia de Telecomunicaciones (SIT)","Refers to completed local and domestic long distance fixed-telephone voice traffic"
56,"i131m","Domestic fixed-to-fixed telephone traffic",,"minutes",98,"GTM","Guatemala","5.26056187E8",2008,"","Superintendencia de Telecomunicaciones (SIT)","Refers to completed local and domestic long distance fixed-telephone voice traffic"
56,"i131m","Domestic fixed-to-fixed telephone traffic",,"minutes",98,"GTM","Guatemala","4.86158388E8",2009,"","Superintendencia de Telecomunicaciones (SIT)","Refers to completed local and domestic long distance fixed-telephone voice traffic"
56,"i131m","Domestic fixed-to-fixed telephone traffic",,"minutes",98,"GTM","Guatemala","5.26546352E8",2010,"","Superintendencia de Telecomunicaciones (SIT)","Refers to completed local and domestic long distance fixed-telephone voice traffic"
56,"i131m","Domestic fixed-to-fixed telephone traffic",,"minutes",98,"GTM","Guatemala","4.60230254E8",2011,"","Superintendencia de Telecomunicaciones (SIT)","Refers to completed local and domestic long distance fixed-telephone voice traffic"
56,"i131m","Domestic fixed-to-fixed telephone traffic",,"minutes",98,"GTM","Guatemala","6.16941278E8",2012,"","Superintendencia de Telecomunicaciones (SIT)","Refers to completed local and domestic long distance fixed-telephone voice traffic"
56,"i131m","Domestic fixed-to-fixed telephone traffic",,"minutes",98,"GTM","Guatemala","1.903889955E9",2013,"","Superintendencia de Telecomunicaciones (SIT)","Refers to completed local and domestic long distance fixed-telephone voice traffic"
56,"i131m","Domestic fixed-to-fixed telephone traffic",,"minutes",98,"GTM","Guatemala","1.127875879E9",2014,"","Superintendencia de Telecomunicaciones (SIT)","Refers to completed local and domestic long distance fixed-telephone voice traffic"
56,"i131m","Domestic fixed-to-fixed telephone traffic",,"minutes",98,"GTM","Guatemala","1.166656848E9",2015,"","Superintendencia de Telecomunicaciones (SIT)","Refers to completed local and domestic long distance fixed-telephone voice traffic"
56,"i131m","Domestic fixed-to-fixed telephone traffic",,"minutes",98,"GTM","Guatemala","1.03875383586E9",2016,"","Superintendencia de Telecomunicaciones","Refers to completed local and domestic long distance fixed-telephone voice traffic"
56,"i131m","Domestic fixed-to-fixed telephone traffic",,"minutes",98,"GTM","Guatemala","8.4431721466E8",2017,"","Superintendencia de Telecomunicaciones","Refers to completed local and domestic long distance fixed-telephone voice traffic"
56,"i131m","Domestic fixed-to-fixed telephone traffic",,"minutes",98,"GTM","Guatemala","8.6582416181E8",2018,"","Superintendencia de Telecomunicaciones","Refers to completed local and domestic long distance fixed-telephone voice traffic"
56,"i131m","Domestic fixed-to-fixed telephone traffic",,"minutes",98,"GTM","Guatemala","5.9074826313E8",2019,"","Superintendencia de Telecomunicaciones (SIT)","Refers to completed local and domestic long distance fixed-telephone voice traffic"
56,"i131m","Domestic fixed-to-fixed telephone traffic",,"minutes",98,"GTM","Guatemala","5.2300955598E8",2020,"","Superintendencia de Telecomunicaciones (SIT)","Refers to completed local and domestic long distance fixed-telephone voice traffic"
56,"i131m","Domestic fixed-to-fixed telephone traffic",,"minutes",98,"GTM","Guatemala","4.0729019388E8",2021,"","Superintendencia de Telecomunicaciones (SIT)","Refers to completed local and domestic long distance fixed-telephone voice traffic"
56,"i131m","Domestic fixed-to-fixed telephone traffic",,"minutes",102,"GUY","Guyana","2.6425E8",2007,"","National Frequency Management Unit","Refers to completed local and domestic long distance fixed-telephone voice traffic"
56,"i131m","Domestic fixed-to-fixed telephone traffic",,"minutes",102,"GUY","Guyana","2.3698E8",2008,"","National Frequency Management Unit","Refers to completed local and domestic long distance fixed-telephone voice traffic"
56,"i131m","Domestic fixed-to-fixed telephone traffic",,"minutes",102,"GUY","Guyana","2.40055E8",2009,"","National Frequency Management Unit","Refers to completed local and domestic long distance fixed-telephone voice traffic"
56,"i131m","Domestic fixed-to-fixed telephone traffic",,"minutes",102,"GUY","Guyana","1.199587663E9",2011,"","National Frequency Management Unit","Refers to completed local and domestic long distance fixed-telephone voice traffic"
56,"i131m","Domestic fixed-to-fixed telephone traffic",,"minutes",102,"GUY","Guyana","1.144524051E9",2012,"","National Frequency Management Unit","Refers to completed local and domestic long distance fixed-telephone voice traffic"
56,"i131m","Domestic fixed-to-fixed telephone traffic",,"minutes",102,"GUY","Guyana","9.67245496E8",2013,"","National Frequency Management Unit","Refers to completed local and domestic long distance fixed-telephone voice traffic"
56,"i131m","Domestic fixed-to-fixed telephone traffic",,"minutes",102,"GUY","Guyana","4.95806263E8",2016,"","National Frequency Management Unit","Refers to completed local and domestic long distance fixed-telephone voice traffic"
56,"i131m","Domestic fixed-to-fixed telephone traffic",,"minutes",102,"GUY","Guyana","4.50560458E8",2017,"","National Frequency Management Unit","Refers to completed local and domestic long distance fixed-telephone voice traffic"
56,"i131m","Domestic fixed-to-fixed telephone traffic",,"minutes",103,"HKG","Hong Kong, China","1.136308723E10",2007,"","Office of the Telecommunications Authority","Refers to completed local and domestic long distance fixed-telephone voice traffic"
56,"i131m","Domestic fixed-to-fixed telephone traffic",,"minutes",103,"HKG","Hong Kong, China","9.505001032E9",2008,"","Office of the Telecommunications Authority","Refers to completed local and domestic long distance fixed-telephone voice traffic"
56,"i131m","Domestic fixed-to-fixed telephone traffic",,"minutes",103,"HKG","Hong Kong, China","8.477015368E9",2009,"","Office of the Telecommunications Authority","Refers to completed local and domestic long distance fixed-telephone voice traffic"
56,"i131m","Domestic fixed-to-fixed telephone traffic",,"minutes",103,"HKG","Hong Kong, China","7.050513331E9",2010,"","Office of the Telecommunications Authority","Refers to completed local and domestic long distance fixed-telephone voice traffic"
56,"i131m","Domestic fixed-to-fixed telephone traffic",,"minutes",103,"HKG","Hong Kong, China","5.602709026E9",2011,"","Office of the Communications Authority","Refers to completed local and domestic long distance fixed-telephone voice traffic"
56,"i131m","Domestic fixed-to-fixed telephone traffic",,"minutes",103,"HKG","Hong Kong, China","4.687137792E9",2012,"","Office of the Communications Authority","Refers to completed local and domestic long distance fixed-telephone voice traffic"
56,"i131m","Domestic fixed-to-fixed telephone traffic",,"minutes",103,"HKG","Hong Kong, China","3.948011145E9",2013,"","Office of the Communications Authority","Refers to completed local and domestic long distance fixed-telephone voice traffic"
56,"i131m","Domestic fixed-to-fixed telephone traffic",,"minutes",103,"HKG","Hong Kong, China","3.473316046E9",2014,"","Office of the Communications Authority","Refers to completed local and domestic long distance fixed-telephone voice traffic"
56,"i131m","Domestic fixed-to-fixed telephone traffic",,"minutes",103,"HKG","Hong Kong, China","3.001756054E9",2015,"","Office of the Communications Authority","Refers to completed local and domestic long distance fixed-telephone voice traffic"
56,"i131m","Domestic fixed-to-fixed telephone traffic",,"minutes",103,"HKG","Hong Kong, China","2.478521659E9",2016,"","Office of the Communications Authority","Refers to completed local and domestic long distance fixed-telephone voice traffic"
56,"i131m","Domestic fixed-to-fixed telephone traffic",,"minutes",103,"HKG","Hong Kong, China","2.184911359E9",2017,"","Office of the Communications Authority","Refers to completed local and domestic long distance fixed-telephone voice traffic"
56,"i131m","Domestic fixed-to-fixed telephone traffic",,"minutes",103,"HKG","Hong Kong, China","1.959024795E9",2018,"","Office of the Communications Authority","Refers to completed local and domestic long distance fixed-telephone voice traffic"
56,"i131m","Domestic fixed-to-fixed telephone traffic",,"minutes",103,"HKG","Hong Kong, China","1.75856077E9",2019,"","Office of the Communications Authority","Refers to completed local and domestic long distance fixed-telephone voice traffic"
56,"i131m","Domestic fixed-to-fixed telephone traffic",,"minutes",103,"HKG","Hong Kong, China","1.657781524E9",2020,"","Office of the Communications Authority","Refers to completed local and domestic long distance fixed-telephone voice traffic"
56,"i131m","Domestic fixed-to-fixed telephone traffic",,"minutes",103,"HKG","Hong Kong, China","1.59574639E9",2021,"","Office of the Communications Authority","Refers to completed local and domestic long distance fixed-telephone voice traffic"
56,"i131m","Domestic fixed-to-fixed telephone traffic",,"minutes",104,"HND","Honduras","2.4332E9",2001,"","","Refers to completed local and domestic long distance fixed-telephone voice traffic"
56,"i131m","Domestic fixed-to-fixed telephone traffic",,"minutes",104,"HND","Honduras","2.371533485E9",2005,"","","Refers to completed local and domestic long distance fixed-telephone voice traffic"
56,"i131m","Domestic fixed-to-fixed telephone traffic",,"minutes",104,"HND","Honduras","2.511219656E9",2006,"","","Refers to completed local and domestic long distance fixed-telephone voice traffic"
56,"i131m","Domestic fixed-to-fixed telephone traffic",,"minutes",104,"HND","Honduras","2.36173874E9",2007,"","","Refers to completed local and domestic long distance fixed-telephone voice traffic"
56,"i131m","Domestic fixed-to-fixed telephone traffic",,"minutes",104,"HND","Honduras","2.00019109E9",2008,"","Comisión Nacional de Telecomunicaciones (CONATEL)","Refers to completed local and domestic long distance fixed-telephone voice traffic"
56,"i131m","Domestic fixed-to-fixed telephone traffic",,"minutes",104,"HND","Honduras","1.646894349E9",2009,"","CONATEL","Refers to completed local and domestic long distance fixed-telephone voice traffic"
56,"i131m","Domestic fixed-to-fixed telephone traffic",,"minutes",104,"HND","Honduras","1.399856042E9",2010,"","Comisión Nacional de Telecomunicaciones (CONATEL)","Refers to completed local and domestic long distance fixed-telephone voice traffic"
56,"i131m","Domestic fixed-to-fixed telephone traffic",,"minutes",104,"HND","Honduras","9.82769578E8",2011,"","Comisión Nacional de Telecomunicaciones (CONATEL)","Refers to completed local and domestic long distance fixed-telephone voice traffic"
56,"i131m","Domestic fixed-to-fixed telephone traffic",,"minutes",104,"HND","Honduras","8.00346368E8",2012,"","Comisión Nacional de Telecomunicaciones (CONATEL)","Refers to completed local and domestic long distance fixed-telephone voice traffic"
56,"i131m","Domestic fixed-to-fixed telephone traffic",,"minutes",104,"HND","Honduras","7.47829662E8",2013,"","Comisión Nacional de Telecomunicaciones (CONATEL)","Refers to completed local and domestic long distance fixed-telephone voice traffic"
56,"i131m","Domestic fixed-to-fixed telephone traffic",,"minutes",104,"HND","Honduras","7.19677778E8",2014,"","Comisión Nacional de Telecomunicaciones (CONATEL)","Refers to completed local and domestic long distance fixed-telephone voice traffic"
56,"i131m","Domestic fixed-to-fixed telephone traffic",,"minutes",104,"HND","Honduras","5.65800753E8",2015,"","Comisión Nacional de Telecomunicaciones (CONATEL)","Refers to completed local and domestic long distance fixed-telephone voice traffic"
56,"i131m","Domestic fixed-to-fixed telephone traffic",,"minutes",104,"HND","Honduras","2.642254953E9",2016,"Incl. outgoing interconnection traffic.","Conatel","Refers to completed local and domestic long distance fixed-telephone voice traffic"
56,"i131m","Domestic fixed-to-fixed telephone traffic",,"minutes",104,"HND","Honduras","2.459186619E9",2017,"","CONATEL","Refers to completed local and domestic long distance fixed-telephone voice traffic"
56,"i131m","Domestic fixed-to-fixed telephone traffic",,"minutes",104,"HND","Honduras","2.519950425E9",2018,"","Comisión Nacional de Telecomunicaciones (CONATEL)","Refers to completed local and domestic long distance fixed-telephone voice traffic"
56,"i131m","Domestic fixed-to-fixed telephone traffic",,"minutes",104,"HND","Honduras","2.560375135E9",2019,"","Comisión Nacional de Telecomunicaciones (CONATEL)","Refers to completed local and domestic long distance fixed-telephone voice traffic"
56,"i131m","Domestic fixed-to-fixed telephone traffic",,"minutes",104,"HND","Honduras","2.986788511E9",2020,"Incluye trafico de interconexión entre redes fijas","Comisión Nacional de Telecomunicaciones (CONATEL)","Refers to completed local and domestic long distance fixed-telephone voice traffic"
56,"i131m","Domestic fixed-to-fixed telephone traffic",,"minutes",104,"HND","Honduras","2.954762857E9",2021,"","Comisión Nacional de Telecomunicaciones (CONATEL)","Refers to completed local and domestic long distance fixed-telephone voice traffic"
56,"i131m","Domestic fixed-to-fixed telephone traffic",,"minutes",105,"HUN","Hungary","1.1649768323E10",2000,"","","Refers to completed local and domestic long distance fixed-telephone voice traffic"
56,"i131m","Domestic fixed-to-fixed telephone traffic",,"minutes",105,"HUN","Hungary","1.189763564E10",2001,"","","Refers to completed local and domestic long distance fixed-telephone voice traffic"
56,"i131m","Domestic fixed-to-fixed telephone traffic",,"minutes",105,"HUN","Hungary","7.342414788E9",2005,"","National Communications Authority. ","Refers to completed local and domestic long distance fixed-telephone voice traffic"
56,"i131m","Domestic fixed-to-fixed telephone traffic",,"minutes",105,"HUN","Hungary","7.127441069E9",2006,"","National Communications Authority. National Communications Authority. ","Refers to completed local and domestic long distance fixed-telephone voice traffic"
56,"i131m","Domestic fixed-to-fixed telephone traffic",,"minutes",105,"HUN","Hungary","6.252917864E9",2007,"","National Communications Authority.","Refers to completed local and domestic long distance fixed-telephone voice traffic"
56,"i131m","Domestic fixed-to-fixed telephone traffic",,"minutes",105,"HUN","Hungary","5.711111767E9",2008,"","National Communications Authority.","Refers to completed local and domestic long distance fixed-telephone voice traffic"
56,"i131m","Domestic fixed-to-fixed telephone traffic",,"minutes",105,"HUN","Hungary","5.523E9",2009,"","National Media and Infocommunications Authority","Refers to completed local and domestic long distance fixed-telephone voice traffic"
56,"i131m","Domestic fixed-to-fixed telephone traffic",,"minutes",105,"HUN","Hungary","5.136E9",2010,"","National Media and Infocommunications Authority","Refers to completed local and domestic long distance fixed-telephone voice traffic"
56,"i131m","Domestic fixed-to-fixed telephone traffic",,"minutes",105,"HUN","Hungary","5.293E9",2011,"","National Media and Infocommunications Authority","Refers to completed local and domestic long distance fixed-telephone voice traffic"
56,"i131m","Domestic fixed-to-fixed telephone traffic",,"minutes",105,"HUN","Hungary","5.121E9",2012,"","National Media and Infocommunications Authority","Refers to completed local and domestic long distance fixed-telephone voice traffic"
56,"i131m","Domestic fixed-to-fixed telephone traffic",,"minutes",105,"HUN","Hungary","5.038E9",2013,"","National Media and Infocommunications Authority","Refers to completed local and domestic long distance fixed-telephone voice traffic"
56,"i131m","Domestic fixed-to-fixed telephone traffic",,"minutes",105,"HUN","Hungary","3.916E9",2014,"Source: Hungarian Central Statistical Office.","National Media and Infocommunications Authority","Refers to completed local and domestic long distance fixed-telephone voice traffic"
56,"i131m","Domestic fixed-to-fixed telephone traffic",,"minutes",105,"HUN","Hungary","3.732E9",2015,"","National Media and Infocommunications Authority","Refers to completed local and domestic long distance fixed-telephone voice traffic"
56,"i131m","Domestic fixed-to-fixed telephone traffic",,"minutes",105,"HUN","Hungary","3.435E9",2016,"Source: Hungarian Central Statistical Office.","National Media and Infocommunications Authority","Refers to completed local and domestic long distance fixed-telephone voice traffic"
56,"i131m","Domestic fixed-to-fixed telephone traffic",,"minutes",105,"HUN","Hungary","3.137077E9",2017,"Source: Hungarian Central Statistical Office","National Media and Infocommunications Authority","Refers to completed local and domestic long distance fixed-telephone voice traffic"
56,"i131m","Domestic fixed-to-fixed telephone traffic",,"minutes",105,"HUN","Hungary","2.834E9",2018,"","National Media and Infocommunications Authority","Refers to completed local and domestic long distance fixed-telephone voice traffic"
56,"i131m","Domestic fixed-to-fixed telephone traffic",,"minutes",105,"HUN","Hungary","2.461E9",2019,"Source: Hungarian Central Statistical Office","National Media and Infocommunications Authority","Refers to completed local and domestic long distance fixed-telephone voice traffic"
56,"i131m","Domestic fixed-to-fixed telephone traffic",,"minutes",105,"HUN","Hungary","2.678E9",2020,"Source: Hungarian Central Statistical Office","National Media and Infocommunications Authority","Refers to completed local and domestic long distance fixed-telephone voice traffic"
56,"i131m","Domestic fixed-to-fixed telephone traffic",,"minutes",105,"HUN","Hungary","3.213478E9",2021,"","National Media and Infocommunications Authority","Refers to completed local and domestic long distance fixed-telephone voice traffic"
56,"i131m","Domestic fixed-to-fixed telephone traffic",,"minutes",106,"NLD","Netherlands","3.44E10",2000,"Local and national long distance fixed telephone calls (n.i. Fixed-mobile or dial-up Internet).","KPN.","Refers to completed local and domestic long distance fixed-telephone voice traffic"
56,"i131m","Domestic fixed-to-fixed telephone traffic",,"minutes",106,"NLD","Netherlands","3.23E10",2001,"Local and national long distance fixed telephone calls (n.i. Fixed-mobile or dial-up Internet).","KPN.","Refers to completed local and domestic long distance fixed-telephone voice traffic"
56,"i131m","Domestic fixed-to-fixed telephone traffic",,"minutes",106,"NLD","Netherlands","1.7898E10",2009,"","OPTA","Refers to completed local and domestic long distance fixed-telephone voice traffic"
56,"i131m","Domestic fixed-to-fixed telephone traffic",,"minutes",106,"NLD","Netherlands","1.7024E10",2010,"","Independent Post and Telecommunication Authority","Refers to completed local and domestic long distance fixed-telephone voice traffic"
56,"i131m","Domestic fixed-to-fixed telephone traffic",,"minutes",106,"NLD","Netherlands","1.6451325866E10",2011,"","Independent Post and Telecommunication Authority","Refers to completed local and domestic long distance fixed-telephone voice traffic"
56,"i131m","Domestic fixed-to-fixed telephone traffic",,"minutes",106,"NLD","Netherlands","1.6164792E10",2012,"","Authority for Consumers and Markets","Refers to completed local and domestic long distance fixed-telephone voice traffic"
56,"i131m","Domestic fixed-to-fixed telephone traffic",,"minutes",106,"NLD","Netherlands","1.2905219E10",2014,"Q4 2014.","Authority for Consumers and Markets","Refers to completed local and domestic long distance fixed-telephone voice traffic"
56,"i131m","Domestic fixed-to-fixed telephone traffic",,"minutes",106,"NLD","Netherlands","1.1089822E10",2015,"","Authority for Consumers and Markets","Refers to completed local and domestic long distance fixed-telephone voice traffic"
56,"i131m","Domestic fixed-to-fixed telephone traffic",,"minutes",106,"NLD","Netherlands","1.0083178E10",2016,"","Authority for Consumers and Markets","Refers to completed local and domestic long distance fixed-telephone voice traffic"
56,"i131m","Domestic fixed-to-fixed telephone traffic",,"minutes",106,"NLD","Netherlands","8.970926E9",2017,"","The ACM","Refers to completed local and domestic long distance fixed-telephone voice traffic"
56,"i131m","Domestic fixed-to-fixed telephone traffic",,"minutes",106,"NLD","Netherlands","7.007017E9",2018,"","The Netherlands Authority for Consumers and Markets","Refers to completed local and domestic long distance fixed-telephone voice traffic"
56,"i131m","Domestic fixed-to-fixed telephone traffic",,"minutes",106,"NLD","Netherlands","5.863269E9",2019,"","Authority for Consumers and Markets","Refers to completed local and domestic long distance fixed-telephone voice traffic"
56,"i131m","Domestic fixed-to-fixed telephone traffic",,"minutes",107,"HRV","Croatia","4.670199E9",2005,"","","Refers to completed local and domestic long distance fixed-telephone voice traffic"
56,"i131m","Domestic fixed-to-fixed telephone traffic",,"minutes",107,"HRV","Croatia","3.982033E9",2006,"","","Refers to completed local and domestic long distance fixed-telephone voice traffic"
56,"i131m","Domestic fixed-to-fixed telephone traffic",,"minutes",107,"HRV","Croatia","3.5136277E9",2007,"","Croatian Post and Electronic Communications Agency, HAKOM","Refers to completed local and domestic long distance fixed-telephone voice traffic"
56,"i131m","Domestic fixed-to-fixed telephone traffic",,"minutes",107,"HRV","Croatia","3.1889994E9",2008,"","Croatian Post and Electronic Communications Agency, HAKOM","Refers to completed local and domestic long distance fixed-telephone voice traffic"
56,"i131m","Domestic fixed-to-fixed telephone traffic",,"minutes",107,"HRV","Croatia","4.492450807E9",2009,"","Croatian Post and Electronic Communications Agency (HAKOM)","Refers to completed local and domestic long distance fixed-telephone voice traffic"
56,"i131m","Domestic fixed-to-fixed telephone traffic",,"minutes",107,"HRV","Croatia","4.407742757E9",2010,"","Croatian Post and Electronic Communications Agency (HAKOM)","Refers to completed local and domestic long distance fixed-telephone voice traffic"
56,"i131m","Domestic fixed-to-fixed telephone traffic",,"minutes",107,"HRV","Croatia","4.174106437E9",2011,"","Croatian Post and Electronic Communications Agency (HAKOM)","Refers to completed local and domestic long distance fixed-telephone voice traffic"
56,"i131m","Domestic fixed-to-fixed telephone traffic",,"minutes",107,"HRV","Croatia","3.745804812E9",2012,"","Croatian Post and Electronic Communications Agency (HAKOM)","Refers to completed local and domestic long distance fixed-telephone voice traffic"
56,"i131m","Domestic fixed-to-fixed telephone traffic",,"minutes",107,"HRV","Croatia","2.883501011E9",2013,"","Croatian Regulatory Authority for Network Industries","Refers to completed local and domestic long distance fixed-telephone voice traffic"
56,"i131m","Domestic fixed-to-fixed telephone traffic",,"minutes",107,"HRV","Croatia","2.293341254E9",2014,"","Croatian Regulatory Authority for Network Industries","Refers to completed local and domestic long distance fixed-telephone voice traffic"
56,"i131m","Domestic fixed-to-fixed telephone traffic",,"minutes",107,"HRV","Croatia","2.10980759E9",2015,"","Croatian Regulatory Authority for Network Industries","Refers to completed local and domestic long distance fixed-telephone voice traffic"
56,"i131m","Domestic fixed-to-fixed telephone traffic",,"minutes",107,"HRV","Croatia","1.883944721E9",2016,"","HAKOM","Refers to completed local and domestic long distance fixed-telephone voice traffic"
56,"i131m","Domestic fixed-to-fixed telephone traffic",,"minutes",107,"HRV","Croatia","1.676122925E9",2017,"It would be 1'699'085'918 if we add calls to VAS numbers.","HAKOM","Refers to completed local and domestic long distance fixed-telephone voice traffic"
56,"i131m","Domestic fixed-to-fixed telephone traffic",,"minutes",107,"HRV","Croatia","1.472983253E9",2018,"It would be 1486295236 if we add calls to VAS numbers.##","HAKOM","Refers to completed local and domestic long distance fixed-telephone voice traffic"
56,"i131m","Domestic fixed-to-fixed telephone traffic",,"minutes",107,"HRV","Croatia","1.265567735E9",2019,"It would be 1266117175 if we add calls to VAS numbers.##","Croatian Regulatory Authority for Network Industries","Refers to completed local and domestic long distance fixed-telephone voice traffic"
56,"i131m","Domestic fixed-to-fixed telephone traffic",,"minutes",107,"HRV","Croatia","1.317572221E9",2020,"","Croatian Regulatory Authority for Network Industries","Refers to completed local and domestic long distance fixed-telephone voice traffic"
56,"i131m","Domestic fixed-to-fixed telephone traffic",,"minutes",107,"HRV","Croatia","1.141317443E9",2021,"","Croatian Regulatory Authority for Network Industries","Refers to completed local and domestic long distance fixed-telephone voice traffic"
56,"i131m","Domestic fixed-to-fixed telephone traffic",,"minutes",108,"HTI","Haiti","509487.0",2015,"Natcom pour un mois","Conseil National des Télécommunications","Refers to completed local and domestic long distance fixed-telephone voice traffic"
56,"i131m","Domestic fixed-to-fixed telephone traffic",,"minutes",108,"HTI","Haiti","118117.0",2016,"","CONATEL (Conseil National des Télécommunications)","Refers to completed local and domestic long distance fixed-telephone voice traffic"
56,"i131m","Domestic fixed-to-fixed telephone traffic",,"minutes",108,"HTI","Haiti","155656.0",2017,"","CONATEL (Conseil National des Télécommunications)","Refers to completed local and domestic long distance fixed-telephone voice traffic"
56,"i131m","Domestic fixed-to-fixed telephone traffic",,"minutes",108,"HTI","Haiti","5953.0",2019,"","CONATEL (Conseil National des Télécommunications)","Refers to completed local and domestic long distance fixed-telephone voice traffic"
56,"i131m","Domestic fixed-to-fixed telephone traffic",,"minutes",111,"ITA","Italy","1.2551E11",2000,"","","Refers to completed local and domestic long distance fixed-telephone voice traffic"
56,"i131m","Domestic fixed-to-fixed telephone traffic",,"minutes",111,"ITA","Italy","1.26610867E11",2001,"","","Refers to completed local and domestic long distance fixed-telephone voice traffic"
56,"i131m","Domestic fixed-to-fixed telephone traffic",,"minutes",111,"ITA","Italy","9.6367E10",2005,"","","Refers to completed local and domestic long distance fixed-telephone voice traffic"
56,"i131m","Domestic fixed-to-fixed telephone traffic",,"minutes",111,"ITA","Italy","1.49134E11",2007,"","","Refers to completed local and domestic long distance fixed-telephone voice traffic"
56,"i131m","Domestic fixed-to-fixed telephone traffic",,"minutes",111,"ITA","Italy","9.25E10",2008,"","Ministry of ECONOMIC DEVELOPMENT - dep. of Communications","Refers to completed local and domestic long distance fixed-telephone voice traffic"
56,"i131m","Domestic fixed-to-fixed telephone traffic",,"minutes",111,"ITA","Italy","7.8718E10",2009,"Excl. VOIP traffic.","Ministry of ECONOMIC DEVELOPMENT - dep. of Communications","Refers to completed local and domestic long distance fixed-telephone voice traffic"
56,"i131m","Domestic fixed-to-fixed telephone traffic",,"minutes",111,"ITA","Italy","7.5445E10",2010,"Agcom Annual Reports 2010 and 2011. Incl. local, national and internet dial-up traffic.","Ministry of ECONOMIC DEVELOPMENT - dep. of Communications","Refers to completed local and domestic long distance fixed-telephone voice traffic"
56,"i131m","Domestic fixed-to-fixed telephone traffic",,"minutes",111,"ITA","Italy","7.058247489E10",2011,"Source: Agcom Annual Report 2012, raw data.","Ministry of ECONOMIC DEVELOPMENT - dep. of Communications","Refers to completed local and domestic long distance fixed-telephone voice traffic"
56,"i131m","Domestic fixed-to-fixed telephone traffic",,"minutes",111,"ITA","Italy","6.532250983E10",2012,"Source: Agcom Annual Report 2013, raw data - including fixed to local, national, internet dial up, public telephony.","Ministry of ECONOMIC DEVELOPMENT - dep. of Communications","Refers to completed local and domestic long distance fixed-telephone voice traffic"
56,"i131m","Domestic fixed-to-fixed telephone traffic",,"minutes",111,"ITA","Italy","5.5935171425E10",2013,"Source: Agcom Annual Report 2014, raw data","Ministry of ECONOMIC DEVELOPMENT - dep. of Communications","Refers to completed local and domestic long distance fixed-telephone voice traffic"
56,"i131m","Domestic fixed-to-fixed telephone traffic",,"minutes",111,"ITA","Italy","4.7238712483E10",2014,"","AGCOM","Refers to completed local and domestic long distance fixed-telephone voice traffic"
56,"i131m","Domestic fixed-to-fixed telephone traffic",,"minutes",111,"ITA","Italy","3.8033710862E10",2015,"Source: AGCOM","Ministry of Economic Development","Refers to completed local and domestic long distance fixed-telephone voice traffic"
56,"i131m","Domestic fixed-to-fixed telephone traffic",,"minutes",111,"ITA","Italy","3.3399E10",2016,"Source: AGCOM","AGCOM","Refers to completed local and domestic long distance fixed-telephone voice traffic"
56,"i131m","Domestic fixed-to-fixed telephone traffic",,"minutes",111,"ITA","Italy","2.8461507196E10",2017,"Source: AGCOM","AGCOM","Refers to completed local and domestic long distance fixed-telephone voice traffic"
56,"i131m","Domestic fixed-to-fixed telephone traffic",,"minutes",111,"ITA","Italy","2.4152611133E10",2018,"Source: AGCOM","AGCOM","Refers to completed local and domestic long distance fixed-telephone voice traffic"
56,"i131m","Domestic fixed-to-fixed telephone traffic",,"minutes",111,"ITA","Italy","1.9851065723E10",2019,"Source: AGCOM","AGCOM","Refers to completed local and domestic long distance fixed-telephone voice traffic"
56,"i131m","Domestic fixed-to-fixed telephone traffic",,"minutes",111,"ITA","Italy","2.0795866829E10",2020,"Source: AGCOM","AGCOM","Refers to completed local and domestic long distance fixed-telephone voice traffic"
56,"i131m","Domestic fixed-to-fixed telephone traffic",,"minutes",111,"ITA","Italy","1.591854801E10",2021,"Source: AGCOM","AGCOM","Refers to completed local and domestic long distance fixed-telephone voice traffic"
56,"i131m","Domestic fixed-to-fixed telephone traffic",,"minutes",113,"IND","India","2.5521E10",2014,"","Department of Telecommunications","Refers to completed local and domestic long distance fixed-telephone voice traffic"
56,"i131m","Domestic fixed-to-fixed telephone traffic",,"minutes",113,"IND","India","2.157573E10",2015,"","Department of Telecommunications","Refers to completed local and domestic long distance fixed-telephone voice traffic"
56,"i131m","Domestic fixed-to-fixed telephone traffic",,"minutes",113,"IND","India","4.157227701E9",2021,"","Department of Telecommunications","Refers to completed local and domestic long distance fixed-telephone voice traffic"
56,"i131m","Domestic fixed-to-fixed telephone traffic",,"minutes",114,"IDN","Indonesia","2.216018833E9",2017,"","Ministry of Communication and Informatics","Refers to completed local and domestic long distance fixed-telephone voice traffic"
56,"i131m","Domestic fixed-to-fixed telephone traffic",,"minutes",114,"IDN","Indonesia","2.084455383E9",2018,"Ministry of Communications and Informatics","Ministry of Communications and Informatics","Refers to completed local and domestic long distance fixed-telephone voice traffic"
56,"i131m","Domestic fixed-to-fixed telephone traffic",,"minutes",114,"IDN","Indonesia","1.642709828E9",2019,"Ministry of Communications and Informatics","Ministry of Communications and Informatics","Refers to completed local and domestic long distance fixed-telephone voice traffic"
56,"i131m","Domestic fixed-to-fixed telephone traffic",,"minutes",114,"IDN","Indonesia","8.93141102E8",2020,"","Ministry of Communications and Informatics","Refers to completed local and domestic long distance fixed-telephone voice traffic"
56,"i131m","Domestic fixed-to-fixed telephone traffic",,"minutes",114,"IDN","Indonesia","9.75527793E8",2021,"","Ministry of Communications and Informatics","Refers to completed local and domestic long distance fixed-telephone voice traffic"
56,"i131m","Domestic fixed-to-fixed telephone traffic",,"minutes",115,"IRL","Ireland","5.995257E9",2005,"","","Refers to completed local and domestic long distance fixed-telephone voice traffic"
56,"i131m","Domestic fixed-to-fixed telephone traffic",,"minutes",115,"IRL","Ireland","1.1555152476E10",2006,"","","Refers to completed local and domestic long distance fixed-telephone voice traffic"
56,"i131m","Domestic fixed-to-fixed telephone traffic",,"minutes",115,"IRL","Ireland","5.290618853E9",2007,"","ComReg","Refers to completed local and domestic long distance fixed-telephone voice traffic"
56,"i131m","Domestic fixed-to-fixed telephone traffic",,"minutes",115,"IRL","Ireland","5.064605674E9",2008,"","ComReg","Refers to completed local and domestic long distance fixed-telephone voice traffic"
56,"i131m","Domestic fixed-to-fixed telephone traffic",,"minutes",115,"IRL","Ireland","4.583364392E9",2009,"","ComReg","Refers to completed local and domestic long distance fixed-telephone voice traffic"
56,"i131m","Domestic fixed-to-fixed telephone traffic",,"minutes",115,"IRL","Ireland","4.273189342E9",2010,"","Commission for Communications Regulation (ComReg)","Refers to completed local and domestic long distance fixed-telephone voice traffic"
56,"i131m","Domestic fixed-to-fixed telephone traffic",,"minutes",115,"IRL","Ireland","3.65084583069E9",2011,"","Commission for Communications Regulation","Refers to completed local and domestic long distance fixed-telephone voice traffic"
56,"i131m","Domestic fixed-to-fixed telephone traffic",,"minutes",115,"IRL","Ireland","3.526961728E9",2012,"","Commission for Communications Regulation","Refers to completed local and domestic long distance fixed-telephone voice traffic"
56,"i131m","Domestic fixed-to-fixed telephone traffic",,"minutes",115,"IRL","Ireland","3.1051212689238E9",2013,"","Commission for Communications Regulation","Refers to completed local and domestic long distance fixed-telephone voice traffic"
56,"i131m","Domestic fixed-to-fixed telephone traffic",,"minutes",115,"IRL","Ireland","2.674460663E9",2014,"","Commission for Communications Regulation","Refers to completed local and domestic long distance fixed-telephone voice traffic"
56,"i131m","Domestic fixed-to-fixed telephone traffic",,"minutes",115,"IRL","Ireland","2.278901618E9",2015,"","Commission for Communications Regulation","Refers to completed local and domestic long distance fixed-telephone voice traffic"
56,"i131m","Domestic fixed-to-fixed telephone traffic",,"minutes",115,"IRL","Ireland","1.957868485E9",2016,"","ComReg","Refers to completed local and domestic long distance fixed-telephone voice traffic"
56,"i131m","Domestic fixed-to-fixed telephone traffic",,"minutes",115,"IRL","Ireland","1.678405865E9",2017,"","ComReg","Refers to completed local and domestic long distance fixed-telephone voice traffic"
56,"i131m","Domestic fixed-to-fixed telephone traffic",,"minutes",115,"IRL","Ireland","1.41769143E9",2018,"","ComReg","Refers to completed local and domestic long distance fixed-telephone voice traffic"
56,"i131m","Domestic fixed-to-fixed telephone traffic",,"minutes",115,"IRL","Ireland","1.147867558E9",2019,"","Commission for Communications Regulation","Refers to completed local and domestic long distance fixed-telephone voice traffic"
56,"i131m","Domestic fixed-to-fixed telephone traffic",,"minutes",115,"IRL","Ireland","1.190807061E9",2020,"","Commission for Communications Regulation","Refers to completed local and domestic long distance fixed-telephone voice traffic"
56,"i131m","Domestic fixed-to-fixed telephone traffic",,"minutes",115,"IRL","Ireland","1.004894789E9",2021,"","Commission for Communications Regulation","Refers to completed local and domestic long distance fixed-telephone voice traffic"
56,"i131m","Domestic fixed-to-fixed telephone traffic",,"minutes",116,"IRN","Iran (Islamic Republic of)","1.082E10",2010,"Just intercity telephony network traffic.","Iran Information Technology Organization","Refers to completed local and domestic long distance fixed-telephone voice traffic"
56,"i131m","Domestic fixed-to-fixed telephone traffic",,"minutes",116,"IRN","Iran (Islamic Republic of)","1.049E10",2011,"Just intercity telephony network traffic.","Iran Information Technology Organization","Refers to completed local and domestic long distance fixed-telephone voice traffic"
56,"i131m","Domestic fixed-to-fixed telephone traffic",,"minutes",116,"IRN","Iran (Islamic Republic of)","1.214E10",2012,"Just intercity telephony network traffic.","Iran Information Technology Organization","Refers to completed local and domestic long distance fixed-telephone voice traffic"
56,"i131m","Domestic fixed-to-fixed telephone traffic",,"minutes",116,"IRN","Iran (Islamic Republic of)","1.5845728173E10",2015,"","Information Technology Organization of Iran (ITO)","Refers to completed local and domestic long distance fixed-telephone voice traffic"
56,"i131m","Domestic fixed-to-fixed telephone traffic",,"minutes",116,"IRN","Iran (Islamic Republic of)","2.6221379673E10",2016,"","Information Technology Organization of Iran (ITO)","Refers to completed local and domestic long distance fixed-telephone voice traffic"
56,"i131m","Domestic fixed-to-fixed telephone traffic",,"minutes",116,"IRN","Iran (Islamic Republic of)","2.3916415797E10",2017,"","Information Technology Organization of Iran (ITO)","Refers to completed local and domestic long distance fixed-telephone voice traffic"
56,"i131m","Domestic fixed-to-fixed telephone traffic",,"minutes",116,"IRN","Iran (Islamic Republic of)","1.4879376434E10",2018,"","Information Technology Organization of Iran(ITO)","Refers to completed local and domestic long distance fixed-telephone voice traffic"
56,"i131m","Domestic fixed-to-fixed telephone traffic",,"minutes",116,"IRN","Iran (Islamic Republic of)","2.3255926105E10",2019,"","Information Technology Organization of Iran (ITO)","Refers to completed local and domestic long distance fixed-telephone voice traffic"
56,"i131m","Domestic fixed-to-fixed telephone traffic",,"minutes",116,"IRN","Iran (Islamic Republic of)","1.0279211612E10",2020,"","Information Technology Organization of Iran (ITO)","Refers to completed local and domestic long distance fixed-telephone voice traffic"
56,"i131m","Domestic fixed-to-fixed telephone traffic",,"minutes",116,"IRN","Iran (Islamic Republic of)","9.149033615E9",2021,"","Information Technology Organization of Iran (ITO)","Refers to completed local and domestic long distance fixed-telephone voice traffic"
56,"i131m","Domestic fixed-to-fixed telephone traffic",,"minutes",117,"IRQ","Iraq","765254.33",2017,"","Communications and Media Commission","Refers to completed local and domestic long distance fixed-telephone voice traffic"
56,"i131m","Domestic fixed-to-fixed telephone traffic",,"minutes",117,"IRQ","Iraq","833623.33",2018,"","Communications and Media Commission of Iraq","Refers to completed local and domestic long distance fixed-telephone voice traffic"
56,"i131m","Domestic fixed-to-fixed telephone traffic",,"minutes",118,"ISL","Iceland","1.914511E9",2000,"","","Refers to completed local and domestic long distance fixed-telephone voice traffic"
56,"i131m","Domestic fixed-to-fixed telephone traffic",,"minutes",118,"ISL","Iceland","1.696441E9",2001,"","","Refers to completed local and domestic long distance fixed-telephone voice traffic"
56,"i131m","Domestic fixed-to-fixed telephone traffic",,"minutes",118,"ISL","Iceland","5.19543E8",2007,"","PTA in Iceland","Refers to completed local and domestic long distance fixed-telephone voice traffic"
56,"i131m","Domestic fixed-to-fixed telephone traffic",,"minutes",118,"ISL","Iceland","5.31594E8",2008,"","PTA in Iceland","Refers to completed local and domestic long distance fixed-telephone voice traffic"
56,"i131m","Domestic fixed-to-fixed telephone traffic",,"minutes",118,"ISL","Iceland","5.09883E8",2009,"","PTA in Iceland","Refers to completed local and domestic long distance fixed-telephone voice traffic"
56,"i131m","Domestic fixed-to-fixed telephone traffic",,"minutes",118,"ISL","Iceland","4.62847E8",2010,"","Post and Telecom Administration","Refers to completed local and domestic long distance fixed-telephone voice traffic"
56,"i131m","Domestic fixed-to-fixed telephone traffic",,"minutes",118,"ISL","Iceland","4.39551E8",2011,"","Post and Telecom Administration","Refers to completed local and domestic long distance fixed-telephone voice traffic"
56,"i131m","Domestic fixed-to-fixed telephone traffic",,"minutes",118,"ISL","Iceland","4.15358E8",2012,"","Post and Telecom Administration","Refers to completed local and domestic long distance fixed-telephone voice traffic"
56,"i131m","Domestic fixed-to-fixed telephone traffic",,"minutes",118,"ISL","Iceland","3.75448E8",2013,"","Post and Telecom Administration","Refers to completed local and domestic long distance fixed-telephone voice traffic"
56,"i131m","Domestic fixed-to-fixed telephone traffic",,"minutes",118,"ISL","Iceland","3.21974E8",2014,"","Post and Telecom Administration","Refers to completed local and domestic long distance fixed-telephone voice traffic"
56,"i131m","Domestic fixed-to-fixed telephone traffic",,"minutes",118,"ISL","Iceland","2.96068294E8",2015,"","Post and Telecom Administration","Refers to completed local and domestic long distance fixed-telephone voice traffic"
56,"i131m","Domestic fixed-to-fixed telephone traffic",,"minutes",118,"ISL","Iceland","2.35883E8",2016,"","PTA in Iceland","Refers to completed local and domestic long distance fixed-telephone voice traffic"
56,"i131m","Domestic fixed-to-fixed telephone traffic",,"minutes",118,"ISL","Iceland","1.88443E8",2017,"","PTA in Iceland","Refers to completed local and domestic long distance fixed-telephone voice traffic"
56,"i131m","Domestic fixed-to-fixed telephone traffic",,"minutes",118,"ISL","Iceland","1.49247E8",2018,"","ECOI , Electronic Communications Office of Iceland","Refers to completed local and domestic long distance fixed-telephone voice traffic"
56,"i131m","Domestic fixed-to-fixed telephone traffic",,"minutes",118,"ISL","Iceland","1.2264E8",2019,"","Post and Telecom Administration","Refers to completed local and domestic long distance fixed-telephone voice traffic"
56,"i131m","Domestic fixed-to-fixed telephone traffic",,"minutes",118,"ISL","Iceland","1.09621E8",2020,"","Post and Telecom Administration","Refers to completed local and domestic long distance fixed-telephone voice traffic"
56,"i131m","Domestic fixed-to-fixed telephone traffic",,"minutes",118,"ISL","Iceland","8.711E7",2021,"","Post and Telecom Administration","Refers to completed local and domestic long distance fixed-telephone voice traffic"
56,"i131m","Domestic fixed-to-fixed telephone traffic",,"minutes",119,"ISR","Israel","2.9932E10",2000,"","","Refers to completed local and domestic long distance fixed-telephone voice traffic"
56,"i131m","Domestic fixed-to-fixed telephone traffic",,"minutes",119,"ISR","Israel","3.504E10",2001,"","","Refers to completed local and domestic long distance fixed-telephone voice traffic"
56,"i131m","Domestic fixed-to-fixed telephone traffic",,"minutes",119,"ISR","Israel","3.365E10",2002,"","","Refers to completed local and domestic long distance fixed-telephone voice traffic"
56,"i131m","Domestic fixed-to-fixed telephone traffic",,"minutes",119,"ISR","Israel","1.1261767392E10",2011,"","Ministry of Communications.","Refers to completed local and domestic long distance fixed-telephone voice traffic"
56,"i131m","Domestic fixed-to-fixed telephone traffic",,"minutes",119,"ISR","Israel","4.87581E9",2016,"Ministry of Communications","Ministry of Communications","Refers to completed local and domestic long distance fixed-telephone voice traffic"
56,"i131m","Domestic fixed-to-fixed telephone traffic",,"minutes",119,"ISR","Israel","4.289533958E9",2017,"","Ministry of Communications","Refers to completed local and domestic long distance fixed-telephone voice traffic"
56,"i131m","Domestic fixed-to-fixed telephone traffic",,"minutes",119,"ISR","Israel","3.920099111E9",2018,"","Ministry of Communications","Refers to completed local and domestic long distance fixed-telephone voice traffic"
56,"i131m","Domestic fixed-to-fixed telephone traffic",,"minutes",119,"ISR","Israel","3.859030289E9",2019,"","Ministry of Communications","Refers to completed local and domestic long distance fixed-telephone voice traffic"
56,"i131m","Domestic fixed-to-fixed telephone traffic",,"minutes",119,"ISR","Israel","4.49753278205E9",2020,"","Ministry of Communications","Refers to completed local and domestic long distance fixed-telephone voice traffic"
56,"i131m","Domestic fixed-to-fixed telephone traffic",,"minutes",119,"ISR","Israel","3.380163236E9",2021,"","Ministry of Communications","Refers to completed local and domestic long distance fixed-telephone voice traffic"
56,"i131m","Domestic fixed-to-fixed telephone traffic",,"minutes",120,"JPN","Japan","2.09016E11",2000,"","","Refers to completed local and domestic long distance fixed-telephone voice traffic"
56,"i131m","Domestic fixed-to-fixed telephone traffic",,"minutes",120,"JPN","Japan","2.739E11",2001,"","","Refers to completed local and domestic long distance fixed-telephone voice traffic"
56,"i131m","Domestic fixed-to-fixed telephone traffic",,"minutes",120,"JPN","Japan","2.19024E11",2002,"","","Refers to completed local and domestic long distance fixed-telephone voice traffic"
56,"i131m","Domestic fixed-to-fixed telephone traffic",,"minutes",120,"JPN","Japan","1.2438E11",2005,"","","Refers to completed local and domestic long distance fixed-telephone voice traffic"
56,"i131m","Domestic fixed-to-fixed telephone traffic",,"minutes",120,"JPN","Japan","1.0998E11",2006,"","","Refers to completed local and domestic long distance fixed-telephone voice traffic"
56,"i131m","Domestic fixed-to-fixed telephone traffic",,"minutes",120,"JPN","Japan","9.666E10",2007,"","Ministry of Internal Affairs and Communications(MIC)","Refers to completed local and domestic long distance fixed-telephone voice traffic"
56,"i131m","Domestic fixed-to-fixed telephone traffic",,"minutes",120,"JPN","Japan","8.34E10",2008,"","Ministry of Internal Affairs and Communications(MIC)","Refers to completed local and domestic long distance fixed-telephone voice traffic"
56,"i131m","Domestic fixed-to-fixed telephone traffic",,"minutes",120,"JPN","Japan","7.278E10",2009,"","Ministry of Internal Affairs and Communications","Refers to completed local and domestic long distance fixed-telephone voice traffic"
56,"i131m","Domestic fixed-to-fixed telephone traffic",,"minutes",120,"JPN","Japan","6.42E10",2010,"","Ministry of Internal Affairs and Communications","Refers to completed local and domestic long distance fixed-telephone voice traffic"
56,"i131m","Domestic fixed-to-fixed telephone traffic",,"minutes",120,"JPN","Japan","5.682E10",2011,"","Ministry of Internal Affairs and Communications","Refers to completed local and domestic long distance fixed-telephone voice traffic"
56,"i131m","Domestic fixed-to-fixed telephone traffic",,"minutes",120,"JPN","Japan","5.052E10",2012,"","Ministry of Internal Affairs and Communications","Refers to completed local and domestic long distance fixed-telephone voice traffic"
56,"i131m","Domestic fixed-to-fixed telephone traffic",,"minutes",120,"JPN","Japan","4.572E10",2013,"","Ministry of Internal Affairs and Communications","Refers to completed local and domestic long distance fixed-telephone voice traffic"
56,"i131m","Domestic fixed-to-fixed telephone traffic",,"minutes",120,"JPN","Japan","3.9864E10",2014,"","Ministry of Internal Affairs and Communications","Refers to completed local and domestic long distance fixed-telephone voice traffic"
56,"i131m","Domestic fixed-to-fixed telephone traffic",,"minutes",120,"JPN","Japan","3.3744E10",2015,"","Ministry of Internal Affairs and Communications","Refers to completed local and domestic long distance fixed-telephone voice traffic"
56,"i131m","Domestic fixed-to-fixed telephone traffic",,"minutes",120,"JPN","Japan","2.856E10",2016,"VoIP traffic is not included","Ministry of Internal Affairs and Communications","Refers to completed local and domestic long distance fixed-telephone voice traffic"
56,"i131m","Domestic fixed-to-fixed telephone traffic",,"minutes",120,"JPN","Japan","2.4324E10",2017,"VoIP traffic is not included","Ministry of Internal Affairs and Communications","Refers to completed local and domestic long distance fixed-telephone voice traffic"
56,"i131m","Domestic fixed-to-fixed telephone traffic",,"minutes",120,"JPN","Japan","2.0952E10",2018,"VoIP traffic is not included","Ministry of Internal Affairs and Communications","Refers to completed local and domestic long distance fixed-telephone voice traffic"
56,"i131m","Domestic fixed-to-fixed telephone traffic",,"minutes",120,"JPN","Japan","1.7628E10",2019,"VoIP traffic is not included","Ministry of Internal Affairs and Communications","Refers to completed local and domestic long distance fixed-telephone voice traffic"
56,"i131m","Domestic fixed-to-fixed telephone traffic",,"minutes",120,"JPN","Japan","1.4778E10",2020,"VoIP traffic is not included","Ministry of Internal Affairs and Communications","Refers to completed local and domestic long distance fixed-telephone voice traffic"
56,"i131m","Domestic fixed-to-fixed telephone traffic",,"minutes",122,"JAM","Jamaica","1.64679967E9",2007,"","Office of Utilities Regulation.","Refers to completed local and domestic long distance fixed-telephone voice traffic"
56,"i131m","Domestic fixed-to-fixed telephone traffic",,"minutes",122,"JAM","Jamaica","1.42327915E9",2008,"","Office of Utilities Regulation","Refers to completed local and domestic long distance fixed-telephone voice traffic"
56,"i131m","Domestic fixed-to-fixed telephone traffic",,"minutes",122,"JAM","Jamaica","1.17947896E9",2009,"","Office of Utilities Regulation","Refers to completed local and domestic long distance fixed-telephone voice traffic"
56,"i131m","Domestic fixed-to-fixed telephone traffic",,"minutes",122,"JAM","Jamaica","9.19519633E8",2010,"","Office of Utilities Regulation","Refers to completed local and domestic long distance fixed-telephone voice traffic"
56,"i131m","Domestic fixed-to-fixed telephone traffic",,"minutes",122,"JAM","Jamaica","8.40374035E8",2011,"","Office of Utilities Regulation","Refers to completed local and domestic long distance fixed-telephone voice traffic"
56,"i131m","Domestic fixed-to-fixed telephone traffic",,"minutes",122,"JAM","Jamaica","8.00023368E8",2012,"","Office of Utilities Regulation","Refers to completed local and domestic long distance fixed-telephone voice traffic"
56,"i131m","Domestic fixed-to-fixed telephone traffic",,"minutes",122,"JAM","Jamaica","7.55387655E8",2013,"","Office of Utilities Regulation","Refers to completed local and domestic long distance fixed-telephone voice traffic"
56,"i131m","Domestic fixed-to-fixed telephone traffic",,"minutes",122,"JAM","Jamaica","6.3072885E8",2014,"","Office of Utilities Regulation","Refers to completed local and domestic long distance fixed-telephone voice traffic"
56,"i131m","Domestic fixed-to-fixed telephone traffic",,"minutes",122,"JAM","Jamaica","4.58691942E8",2015,"","Office of Utilities Regulation","Refers to completed local and domestic long distance fixed-telephone voice traffic"
56,"i131m","Domestic fixed-to-fixed telephone traffic",,"minutes",122,"JAM","Jamaica","4.49838476E8",2016,"","Office of Utilities Regulation","Refers to completed local and domestic long distance fixed-telephone voice traffic"
56,"i131m","Domestic fixed-to-fixed telephone traffic",,"minutes",122,"JAM","Jamaica","3.92982028E8",2017,"","Office of Utilities Regulation","Refers to completed local and domestic long distance fixed-telephone voice traffic"
56,"i131m","Domestic fixed-to-fixed telephone traffic",,"minutes",122,"JAM","Jamaica","3.52581291E8",2018,"","Office of Utilities Regulation","Refers to completed local and domestic long distance fixed-telephone voice traffic"
56,"i131m","Domestic fixed-to-fixed telephone traffic",,"minutes",122,"JAM","Jamaica","2.61199436E8",2019,"","Office of Utilities Regulation","Refers to completed local and domestic long distance fixed-telephone voice traffic"
56,"i131m","Domestic fixed-to-fixed telephone traffic",,"minutes",122,"JAM","Jamaica","2.19204204E8",2020,"","Office of Utilities Regulation","Refers to completed local and domestic long distance fixed-telephone voice traffic"
56,"i131m","Domestic fixed-to-fixed telephone traffic",,"minutes",122,"JAM","Jamaica","1.80331713E8",2021,"","Office of Utilities Regulation","Refers to completed local and domestic long distance fixed-telephone voice traffic"
56,"i131m","Domestic fixed-to-fixed telephone traffic",,"minutes",124,"JOR","Jordan","5.723775632E9",2000,"","","Refers to completed local and domestic long distance fixed-telephone voice traffic"
56,"i131m","Domestic fixed-to-fixed telephone traffic",,"minutes",124,"JOR","Jordan","6.582E9",2001,"","","Refers to completed local and domestic long distance fixed-telephone voice traffic"
56,"i131m","Domestic fixed-to-fixed telephone traffic",,"minutes",124,"JOR","Jordan","2.794986341E9",2005,"","","Refers to completed local and domestic long distance fixed-telephone voice traffic"
56,"i131m","Domestic fixed-to-fixed telephone traffic",,"minutes",124,"JOR","Jordan","2.301871884E9",2006,"","","Refers to completed local and domestic long distance fixed-telephone voice traffic"
56,"i131m","Domestic fixed-to-fixed telephone traffic",,"minutes",124,"JOR","Jordan","1.714559662E9",2007,"","","Refers to completed local and domestic long distance fixed-telephone voice traffic"
56,"i131m","Domestic fixed-to-fixed telephone traffic",,"minutes",124,"JOR","Jordan","1.328E9",2008,"","Telecommunications Regulatory Commission","Refers to completed local and domestic long distance fixed-telephone voice traffic"
56,"i131m","Domestic fixed-to-fixed telephone traffic",,"minutes",124,"JOR","Jordan","1.11119156E9",2009,"","Telecommunications Regulatory commission","Refers to completed local and domestic long distance fixed-telephone voice traffic"
56,"i131m","Domestic fixed-to-fixed telephone traffic",,"minutes",124,"JOR","Jordan","6.89381147E8",2010,"","Telecommunications Regulatory Commission","Refers to completed local and domestic long distance fixed-telephone voice traffic"
56,"i131m","Domestic fixed-to-fixed telephone traffic",,"minutes",124,"JOR","Jordan","8.25224842E8",2011,"","Telecommunications Regulatory Commission","Refers to completed local and domestic long distance fixed-telephone voice traffic"
56,"i131m","Domestic fixed-to-fixed telephone traffic",,"minutes",124,"JOR","Jordan","5.12793165E8",2012,"","Telecommunications Regulatory Commission","Refers to completed local and domestic long distance fixed-telephone voice traffic"
56,"i131m","Domestic fixed-to-fixed telephone traffic",,"minutes",124,"JOR","Jordan","4.69213942E8",2013,"","Telecommunications Regulatory Commission","Refers to completed local and domestic long distance fixed-telephone voice traffic"
56,"i131m","Domestic fixed-to-fixed telephone traffic",,"minutes",124,"JOR","Jordan","3.76163416E8",2014,"","Telecommunications Regulatory Commission","Refers to completed local and domestic long distance fixed-telephone voice traffic"
56,"i131m","Domestic fixed-to-fixed telephone traffic",,"minutes",124,"JOR","Jordan","3.11368623E8",2015,"","Telecommunications Regulatory Commission","Refers to completed local and domestic long distance fixed-telephone voice traffic"
56,"i131m","Domestic fixed-to-fixed telephone traffic",,"minutes",124,"JOR","Jordan","3.2609815E7",2016,"","The Telecommunications Regulatory Commission of Jordan","Refers to completed local and domestic long distance fixed-telephone voice traffic"
56,"i131m","Domestic fixed-to-fixed telephone traffic",,"minutes",124,"JOR","Jordan","3.8546713E7",2017,"","The Telecommunications Regulatory Commission of Jordan","Refers to completed local and domestic long distance fixed-telephone voice traffic"
56,"i131m","Domestic fixed-to-fixed telephone traffic",,"minutes",124,"JOR","Jordan","9.714769E7",2018,"","The Telecommunications Regulatory Commission of Jordan","Refers to completed local and domestic long distance fixed-telephone voice traffic"
56,"i131m","Domestic fixed-to-fixed telephone traffic",,"minutes",124,"JOR","Jordan","1.11063295E8",2019,"","The Telecommunications Regulatory Commission of Jordan","Refers to completed local and domestic long distance fixed-telephone voice traffic"
56,"i131m","Domestic fixed-to-fixed telephone traffic",,"minutes",124,"JOR","Jordan","8.7168799E7",2020,"","The Telecommunications Regulatory Commission of Jordan","Refers to completed local and domestic long distance fixed-telephone voice traffic"
56,"i131m","Domestic fixed-to-fixed telephone traffic",,"minutes",125,"KEN","Kenya","7.7117536E7",2010,"","Communications Commission of Kenya","Refers to completed local and domestic long distance fixed-telephone voice traffic"
56,"i131m","Domestic fixed-to-fixed telephone traffic",,"minutes",125,"KEN","Kenya","9.75004E7",2011,"","Communications Commission of Kenya","Refers to completed local and domestic long distance fixed-telephone voice traffic"
56,"i131m","Domestic fixed-to-fixed telephone traffic",,"minutes",125,"KEN","Kenya","5790681.0",2012,"","Communications Authority  of Kenya","Refers to completed local and domestic long distance fixed-telephone voice traffic"
56,"i131m","Domestic fixed-to-fixed telephone traffic",,"minutes",125,"KEN","Kenya","8780558.0",2013,"","Communications Authority  of Kenya","Refers to completed local and domestic long distance fixed-telephone voice traffic"
56,"i131m","Domestic fixed-to-fixed telephone traffic",,"minutes",125,"KEN","Kenya","2.3297744E7",2014,"","Communications Authority  of Kenya","Refers to completed local and domestic long distance fixed-telephone voice traffic"
56,"i131m","Domestic fixed-to-fixed telephone traffic",,"minutes",125,"KEN","Kenya","5251990.0",2015,"Fixed-fixed network traffic declined significantly following the decommissioning of fixed wireless network by Telkom Kenya","Communications Authority  of Kenya","Refers to completed local and domestic long distance fixed-telephone voice traffic"
56,"i131m","Domestic fixed-to-fixed telephone traffic",,"minutes",125,"KEN","Kenya","2513381.0",2016,"","COMMUNICATIONS AUTHORITY OF KENYA","Refers to completed local and domestic long distance fixed-telephone voice traffic"
56,"i131m","Domestic fixed-to-fixed telephone traffic",,"minutes",125,"KEN","Kenya","2596309.0",2017,"Includes fixed-to-fixed line traffic and fixed wireless to fixed wireless traffic.","COMMUNICATIONS AUTHORITY OF KENYA","Refers to completed local and domestic long distance fixed-telephone voice traffic"
56,"i131m","Domestic fixed-to-fixed telephone traffic",,"minutes",125,"KEN","Kenya","2344665.0",2018,"Includes domestic fixed-to-fixed line traffic and fixed wireless to fixed wireless traffic.","Communications Authority  of Kenya","Refers to completed local and domestic long distance fixed-telephone voice traffic"
56,"i131m","Domestic fixed-to-fixed telephone traffic",,"minutes",125,"KEN","Kenya","2291888.0",2019,"Includes domestic fixed-to-fixed line traffic and fixed wireless to fixed wireless traffic.","Communications Authority  of Kenya","Refers to completed local and domestic long distance fixed-telephone voice traffic"
56,"i131m","Domestic fixed-to-fixed telephone traffic",,"minutes",125,"KEN","Kenya","1717014.0",2020,"Includes domestic fixed-to-fixed line traffic and fixed wireless to fixed wireless traffic.","Communications Authority  of Kenya","Refers to completed local and domestic long distance fixed-telephone voice traffic"
56,"i131m","Domestic fixed-to-fixed telephone traffic",,"minutes",125,"KEN","Kenya","1092461.0",2021,"","Communications Authority  of Kenya","Refers to completed local and domestic long distance fixed-telephone voice traffic"
56,"i131m","Domestic fixed-to-fixed telephone traffic",,"minutes",127,"KIR","Kiribati","350000.0",2016,"estimate around that figure","MICTTD","Refers to completed local and domestic long distance fixed-telephone voice traffic"
56,"i131m","Domestic fixed-to-fixed telephone traffic",,"minutes",127,"KIR","Kiribati","456100.0",2017,"","Ministry of ICTTD","Refers to completed local and domestic long distance fixed-telephone voice traffic"
56,"i131m","Domestic fixed-to-fixed telephone traffic",,"minutes",127,"KIR","Kiribati","0.0",2019,"","Ministry of Information, Communication, Transport & Tourism Development","Refers to completed local and domestic long distance fixed-telephone voice traffic"
56,"i131m","Domestic fixed-to-fixed telephone traffic",,"minutes",128,"KOR","Korea (Rep. of)","9.7262203797E10",2000,"","","Refers to completed local and domestic long distance fixed-telephone voice traffic"
56,"i131m","Domestic fixed-to-fixed telephone traffic",,"minutes",128,"KOR","Korea (Rep. of)","9.0518797811E10",2001,"","","Refers to completed local and domestic long distance fixed-telephone voice traffic"
56,"i131m","Domestic fixed-to-fixed telephone traffic",,"minutes",128,"KOR","Korea (Rep. of)","5.4415910769E10",2005,"","","Refers to completed local and domestic long distance fixed-telephone voice traffic"
56,"i131m","Domestic fixed-to-fixed telephone traffic",,"minutes",128,"KOR","Korea (Rep. of)","5.1224806647E10",2006,"","","Refers to completed local and domestic long distance fixed-telephone voice traffic"
56,"i131m","Domestic fixed-to-fixed telephone traffic",,"minutes",128,"KOR","Korea (Rep. of)","4.6434714004E10",2007,"","Korea Communications Commission, Rep of Korea","Refers to completed local and domestic long distance fixed-telephone voice traffic"
56,"i131m","Domestic fixed-to-fixed telephone traffic",,"minutes",128,"KOR","Korea (Rep. of)","4.0932570093E10",2008,"","Korea Communications Commission, Rep of Korea","Refers to completed local and domestic long distance fixed-telephone voice traffic"
56,"i131m","Domestic fixed-to-fixed telephone traffic",,"minutes",128,"KOR","Korea (Rep. of)","3.2773901338E10",2009,"","Korea Communications Commission","Refers to completed local and domestic long distance fixed-telephone voice traffic"
56,"i131m","Domestic fixed-to-fixed telephone traffic",,"minutes",128,"KOR","Korea (Rep. of)","2.8185873753E10",2010,"","Korea Communications Commission","Refers to completed local and domestic long distance fixed-telephone voice traffic"
56,"i131m","Domestic fixed-to-fixed telephone traffic",,"minutes",128,"KOR","Korea (Rep. of)","2.506141893E10",2011,"","Korea Communications Commission","Refers to completed local and domestic long distance fixed-telephone voice traffic"
56,"i131m","Domestic fixed-to-fixed telephone traffic",,"minutes",128,"KOR","Korea (Rep. of)","2.2244863951E10",2012,"","Ministry of Science, ICT and Future Planning","Refers to completed local and domestic long distance fixed-telephone voice traffic"
56,"i131m","Domestic fixed-to-fixed telephone traffic",,"minutes",128,"KOR","Korea (Rep. of)","1.7549981619E10",2013,"","Ministry of Science, ICT and Future Planning","Refers to completed local and domestic long distance fixed-telephone voice traffic"
56,"i131m","Domestic fixed-to-fixed telephone traffic",,"minutes",128,"KOR","Korea (Rep. of)","1.35011041E10",2014,"","Ministry of Science, ICT and Future Planning","Refers to completed local and domestic long distance fixed-telephone voice traffic"
56,"i131m","Domestic fixed-to-fixed telephone traffic",,"minutes",128,"KOR","Korea (Rep. of)","1.1980956589E10",2015,"","Ministry of Science, ICT and Future Planning","Refers to completed local and domestic long distance fixed-telephone voice traffic"
56,"i131m","Domestic fixed-to-fixed telephone traffic",,"minutes",128,"KOR","Korea (Rep. of)","8.414807998E9",2016,"","Ministry of Science and ICT","Refers to completed local and domestic long distance fixed-telephone voice traffic"
56,"i131m","Domestic fixed-to-fixed telephone traffic",,"minutes",128,"KOR","Korea (Rep. of)","6.544809243E9",2017,"","Ministry of Science and ICT","Refers to completed local and domestic long distance fixed-telephone voice traffic"
56,"i131m","Domestic fixed-to-fixed telephone traffic",,"minutes",128,"KOR","Korea (Rep. of)","5.594987968E9",2018,"","Ministry of Science and ICT","Refers to completed local and domestic long distance fixed-telephone voice traffic"
56,"i131m","Domestic fixed-to-fixed telephone traffic",,"minutes",128,"KOR","Korea (Rep. of)","4.648344916E9",2019,"","Ministry of Science and ICT","Refers to completed local and domestic long distance fixed-telephone voice traffic"
56,"i131m","Domestic fixed-to-fixed telephone traffic",,"minutes",128,"KOR","Korea (Rep. of)","4.09724139E9",2020,"","Ministry of Science and ICT","Refers to completed local and domestic long distance fixed-telephone voice traffic"
56,"i131m","Domestic fixed-to-fixed telephone traffic",,"minutes",128,"KOR","Korea (Rep. of)","3.589473351E9",2021,"","Ministry of Science and ICT","Refers to completed local and domestic long distance fixed-telephone voice traffic"
56,"i131m","Domestic fixed-to-fixed telephone traffic",,"minutes",131,"LAO","Lao P.D.R.","2.26608E8",2000,"","","Refers to completed local and domestic long distance fixed-telephone voice traffic"
56,"i131m","Domestic fixed-to-fixed telephone traffic",,"minutes",131,"LAO","Lao P.D.R.","2.57843409E11",2007,"","National Authority of Post and Telecommunication","Refers to completed local and domestic long distance fixed-telephone voice traffic"
56,"i131m","Domestic fixed-to-fixed telephone traffic",,"minutes",131,"LAO","Lao P.D.R.","2.4327217E10",2008,"","National Authority of Post and Telecommunication","Refers to completed local and domestic long distance fixed-telephone voice traffic"
56,"i131m","Domestic fixed-to-fixed telephone traffic",,"minutes",131,"LAO","Lao P.D.R.","2.46678569E11",2009,"","National Authority of Post and Telecommunication","Refers to completed local and domestic long distance fixed-telephone voice traffic"
56,"i131m","Domestic fixed-to-fixed telephone traffic",,"minutes",131,"LAO","Lao P.D.R.","1418762.0",2010,"Only ETL","Ministry of Posts and Telecommunications ","Refers to completed local and domestic long distance fixed-telephone voice traffic"
56,"i131m","Domestic fixed-to-fixed telephone traffic",,"minutes",131,"LAO","Lao P.D.R.","2311074.0",2011,"Only ETL","Ministry of Posts and Telecommunications ","Refers to completed local and domestic long distance fixed-telephone voice traffic"
56,"i131m","Domestic fixed-to-fixed telephone traffic",,"minutes",131,"LAO","Lao P.D.R.","2019735.0",2012,"Only ETL","Ministry of Posts and Telecommunications ","Refers to completed local and domestic long distance fixed-telephone voice traffic"
56,"i131m","Domestic fixed-to-fixed telephone traffic",,"minutes",131,"LAO","Lao P.D.R.","3.83111948E8",2013,"Beeline,LTC,UNITEL,ETL","Ministry of Posts and Telecommunications ","Refers to completed local and domestic long distance fixed-telephone voice traffic"
56,"i131m","Domestic fixed-to-fixed telephone traffic",,"minutes",131,"LAO","Lao P.D.R.","3.0563248E7",2014,"There are Ref.no from 4 main operators, LTC,BEELINE,UNITEL,ETL","Ministry of Post and Telecommunication","Refers to completed local and domestic long distance fixed-telephone voice traffic"
56,"i131m","Domestic fixed-to-fixed telephone traffic",,"minutes",131,"LAO","Lao P.D.R.","9.46662179E8",2015,"Ref.no from 4 main operators, LTC,BEELINE,UNITEL,ETL","Ministry of Post and Telecommunication","Refers to completed local and domestic long distance fixed-telephone voice traffic"
56,"i131m","Domestic fixed-to-fixed telephone traffic",,"minutes",131,"LAO","Lao P.D.R.","9.7826350834E8",2016,"Ref.no from 4 main operators, LTC,BEELINE,UNITEL,ETL","Ministry of Post and Telecommunication","Refers to completed local and domestic long distance fixed-telephone voice traffic"
56,"i131m","Domestic fixed-to-fixed telephone traffic",,"minutes",131,"LAO","Lao P.D.R.","7.82015008E8",2017,"Ref.no from 4 main operators, LTC,BEELINE,UNITEL,ETL","Ministry of Post and Telecommunication","Refers to completed local and domestic long distance fixed-telephone voice traffic"
56,"i131m","Domestic fixed-to-fixed telephone traffic",,"minutes",132,"LBN","Lebanon","1.1155195E10",2015,"","","Refers to completed local and domestic long distance fixed-telephone voice traffic"
56,"i131m","Domestic fixed-to-fixed telephone traffic",,"minutes",133,"LBR","Liberia","305169.0",2011,"Data obtained from one fixed wireless local loop operator","Liberia Telecommunications Authority ","Refers to completed local and domestic long distance fixed-telephone voice traffic"
56,"i131m","Domestic fixed-to-fixed telephone traffic",,"minutes",135,"LCA","Saint Lucia","1.66E8",2009,"","National Telecommunications Regulatory Commission","Refers to completed local and domestic long distance fixed-telephone voice traffic"
56,"i131m","Domestic fixed-to-fixed telephone traffic",,"minutes",135,"LCA","Saint Lucia","1.30966525E8",2013,"","National Telecommunications Regulatory Commission (NTRC)","Refers to completed local and domestic long distance fixed-telephone voice traffic"
56,"i131m","Domestic fixed-to-fixed telephone traffic",,"minutes",135,"LCA","Saint Lucia","1.25305345E8",2014,"","National Telecommunications Regulatory Commission (NTRC)","Refers to completed local and domestic long distance fixed-telephone voice traffic"
56,"i131m","Domestic fixed-to-fixed telephone traffic",,"minutes",135,"LCA","Saint Lucia","1.21560861E8",2016,"","National Telecommunications Regulatory Commission","Refers to completed local and domestic long distance fixed-telephone voice traffic"
56,"i131m","Domestic fixed-to-fixed telephone traffic",,"minutes",135,"LCA","Saint Lucia","1.21973027E8",2017,"","National Telecommunications Regulatory Commission","Refers to completed local and domestic long distance fixed-telephone voice traffic"
56,"i131m","Domestic fixed-to-fixed telephone traffic",,"minutes",135,"LCA","Saint Lucia","1.2288211E8",2018,"","National Telecommunications Regulatory Commission","Refers to completed local and domestic long distance fixed-telephone voice traffic"
56,"i131m","Domestic fixed-to-fixed telephone traffic",,"minutes",136,"LIE","Liechtenstein","7.7277408E7",2001,"","","Refers to completed local and domestic long distance fixed-telephone voice traffic"
56,"i131m","Domestic fixed-to-fixed telephone traffic",,"minutes",136,"LIE","Liechtenstein","5.5757E7",2005,"","","Refers to completed local and domestic long distance fixed-telephone voice traffic"
56,"i131m","Domestic fixed-to-fixed telephone traffic",,"minutes",136,"LIE","Liechtenstein","5.1226E7",2006,"","","Refers to completed local and domestic long distance fixed-telephone voice traffic"
56,"i131m","Domestic fixed-to-fixed telephone traffic",,"minutes",136,"LIE","Liechtenstein","2.6759494E7",2012,"","","Refers to completed local and domestic long distance fixed-telephone voice traffic"
56,"i131m","Domestic fixed-to-fixed telephone traffic",,"minutes",136,"LIE","Liechtenstein","2.5269812E7",2013,"","","Refers to completed local and domestic long distance fixed-telephone voice traffic"
56,"i131m","Domestic fixed-to-fixed telephone traffic",,"minutes",136,"LIE","Liechtenstein","2.3240439E7",2014,"","","Refers to completed local and domestic long distance fixed-telephone voice traffic"
56,"i131m","Domestic fixed-to-fixed telephone traffic",,"minutes",136,"LIE","Liechtenstein","2.1448483E7",2015,"","Office for Communications","Refers to completed local and domestic long distance fixed-telephone voice traffic"
56,"i131m","Domestic fixed-to-fixed telephone traffic",,"minutes",136,"LIE","Liechtenstein","1.8660158E7",2016,"","Office for Communications","Refers to completed local and domestic long distance fixed-telephone voice traffic"
56,"i131m","Domestic fixed-to-fixed telephone traffic",,"minutes",136,"LIE","Liechtenstein","1.6933159E7",2017,"","Office for Communications","Refers to completed local and domestic long distance fixed-telephone voice traffic"
56,"i131m","Domestic fixed-to-fixed telephone traffic",,"minutes",136,"LIE","Liechtenstein","1.5077198E7",2018,"","Office for Communications","Refers to completed local and domestic long distance fixed-telephone voice traffic"
56,"i131m","Domestic fixed-to-fixed telephone traffic",,"minutes",136,"LIE","Liechtenstein","1.367918921E7",2019,"","Office for Communications","Refers to completed local and domestic long distance fixed-telephone voice traffic"
56,"i131m","Domestic fixed-to-fixed telephone traffic",,"minutes",136,"LIE","Liechtenstein","1.4927923E7",2020,"","Office for Communications","Refers to completed local and domestic long distance fixed-telephone voice traffic"
56,"i131m","Domestic fixed-to-fixed telephone traffic",,"minutes",136,"LIE","Liechtenstein","1.3044591E7",2021,"","Office for Communications","Refers to completed local and domestic long distance fixed-telephone voice traffic"
56,"i131m","Domestic fixed-to-fixed telephone traffic",,"minutes",137,"LSO","Lesotho","5516957.0",2000,"","","Refers to completed local and domestic long distance fixed-telephone voice traffic"
56,"i131m","Domestic fixed-to-fixed telephone traffic",,"minutes",137,"LSO","Lesotho","6927558.0",2011,"","","Refers to completed local and domestic long distance fixed-telephone voice traffic"
56,"i131m","Domestic fixed-to-fixed telephone traffic",,"minutes",137,"LSO","Lesotho","1.4914814E7",2012,"","LCA.","Refers to completed local and domestic long distance fixed-telephone voice traffic"
56,"i131m","Domestic fixed-to-fixed telephone traffic",,"minutes",137,"LSO","Lesotho","2.0736901E7",2014,"","LCA","Refers to completed local and domestic long distance fixed-telephone voice traffic"
56,"i131m","Domestic fixed-to-fixed telephone traffic",,"minutes",137,"LSO","Lesotho","5116697.0",2017,"","Lesotho Communications Authority","Refers to completed local and domestic long distance fixed-telephone voice traffic"
56,"i131m","Domestic fixed-to-fixed telephone traffic",,"minutes",137,"LSO","Lesotho","1624134.0",2021,"","Lesotho Communications Authority","Refers to completed local and domestic long distance fixed-telephone voice traffic"
56,"i131m","Domestic fixed-to-fixed telephone traffic",,"minutes",138,"LTU","Lithuania","4.138313055E9",2000,"","","Refers to completed local and domestic long distance fixed-telephone voice traffic"
56,"i131m","Domestic fixed-to-fixed telephone traffic",,"minutes",138,"LTU","Lithuania","2.957921918E9",2001,"","","Refers to completed local and domestic long distance fixed-telephone voice traffic"
56,"i131m","Domestic fixed-to-fixed telephone traffic",,"minutes",138,"LTU","Lithuania","1.573547557E9",2005,"","","Refers to completed local and domestic long distance fixed-telephone voice traffic"
56,"i131m","Domestic fixed-to-fixed telephone traffic",,"minutes",138,"LTU","Lithuania","1.546928401E9",2006,"","","Refers to completed local and domestic long distance fixed-telephone voice traffic"
56,"i131m","Domestic fixed-to-fixed telephone traffic",,"minutes",138,"LTU","Lithuania","1.477532629E9",2007,"","Communications Regulatory Authority (RRT)","Refers to completed local and domestic long distance fixed-telephone voice traffic"
56,"i131m","Domestic fixed-to-fixed telephone traffic",,"minutes",138,"LTU","Lithuania","1.505854E9",2008,"","Communications Regulatory Authority of the Republic of Lithuania","Refers to completed local and domestic long distance fixed-telephone voice traffic"
56,"i131m","Domestic fixed-to-fixed telephone traffic",,"minutes",138,"LTU","Lithuania","1.456917E9",2009,"","Communications Regulatory Authority of the Republic of Lithuania","Refers to completed local and domestic long distance fixed-telephone voice traffic"
56,"i131m","Domestic fixed-to-fixed telephone traffic",,"minutes",138,"LTU","Lithuania","1.381434339E9",2010,"","Communications Regulatory Authority of the Republic of Lithuania","Refers to completed local and domestic long distance fixed-telephone voice traffic"
56,"i131m","Domestic fixed-to-fixed telephone traffic",,"minutes",138,"LTU","Lithuania","1.250454632E9",2011,"","Communications Regulatory Authority of the Republic of Lithuania","Refers to completed local and domestic long distance fixed-telephone voice traffic"
56,"i131m","Domestic fixed-to-fixed telephone traffic",,"minutes",138,"LTU","Lithuania","1.089218387E9",2012,"","Communications Regulatory Authority of the Republic of Lithuania","Refers to completed local and domestic long distance fixed-telephone voice traffic"
56,"i131m","Domestic fixed-to-fixed telephone traffic",,"minutes",138,"LTU","Lithuania","9.51639994E8",2013,"Includes on-net calls and off-net calls to other fixed network operators.","Communications Regulatory Authority of the Republic of Lithuania","Refers to completed local and domestic long distance fixed-telephone voice traffic"
56,"i131m","Domestic fixed-to-fixed telephone traffic",,"minutes",138,"LTU","Lithuania","7.64325911E8",2014,"Includes on-net calls and off-net calls to other fixed network operators.","Communications Regulatory Authority of the Republic of Lithuania","Refers to completed local and domestic long distance fixed-telephone voice traffic"
56,"i131m","Domestic fixed-to-fixed telephone traffic",,"minutes",138,"LTU","Lithuania","6.50505134E8",2015,"Includes on-net calls and off-net calls to other fixed network operators.","Communications Regulatory Authority of the Republic of Lithuania","Refers to completed local and domestic long distance fixed-telephone voice traffic"
56,"i131m","Domestic fixed-to-fixed telephone traffic",,"minutes",138,"LTU","Lithuania","5.61664197E8",2016,"Includes on-net calls and off-net calls to other fixed network operators.","Communications Regulatory Authority of the Republic of Lithuania","Refers to completed local and domestic long distance fixed-telephone voice traffic"
56,"i131m","Domestic fixed-to-fixed telephone traffic",,"minutes",138,"LTU","Lithuania","4.52342476E8",2017,"","The Communications Regulatory Authority of the Republic of Lithuania","Refers to completed local and domestic long distance fixed-telephone voice traffic"
56,"i131m","Domestic fixed-to-fixed telephone traffic",,"minutes",138,"LTU","Lithuania","3.58045804E8",2018,"","Communications Regulatory Authority of the Republic of Lithuania (RRT)","Refers to completed local and domestic long distance fixed-telephone voice traffic"
56,"i131m","Domestic fixed-to-fixed telephone traffic",,"minutes",138,"LTU","Lithuania","3.03484273E8",2019,"","Communications Regulatory Authority of the Republic of Lithuania","Refers to completed local and domestic long distance fixed-telephone voice traffic"
56,"i131m","Domestic fixed-to-fixed telephone traffic",,"minutes",138,"LTU","Lithuania","5.06005022E8",2020,"Includes fixed-to-fixed and fixed-to-mobile","Communications Regulatory Authority of the Republic of Lithuania","Refers to completed local and domestic long distance fixed-telephone voice traffic"
56,"i131m","Domestic fixed-to-fixed telephone traffic",,"minutes",138,"LTU","Lithuania","4.77020923E8",2021,"Includes fixed-to-fixed and fixed-to-mobile","Communications Regulatory Authority of the Republic of Lithuania","Refers to completed local and domestic long distance fixed-telephone voice traffic"
56,"i131m","Domestic fixed-to-fixed telephone traffic",,"minutes",139,"LUX","Luxembourg","2.162361662E9",2000,"","","Refers to completed local and domestic long distance fixed-telephone voice traffic"
56,"i131m","Domestic fixed-to-fixed telephone traffic",,"minutes",139,"LUX","Luxembourg","2.25E9",2001,"","","Refers to completed local and domestic long distance fixed-telephone voice traffic"
56,"i131m","Domestic fixed-to-fixed telephone traffic",,"minutes",139,"LUX","Luxembourg","2.2E9",2003,"","","Refers to completed local and domestic long distance fixed-telephone voice traffic"
56,"i131m","Domestic fixed-to-fixed telephone traffic",,"minutes",139,"LUX","Luxembourg","2.096E9",2004,"","","Refers to completed local and domestic long distance fixed-telephone voice traffic"
56,"i131m","Domestic fixed-to-fixed telephone traffic",,"minutes",139,"LUX","Luxembourg","1.752E9",2005,"","","Refers to completed local and domestic long distance fixed-telephone voice traffic"
56,"i131m","Domestic fixed-to-fixed telephone traffic",,"minutes",139,"LUX","Luxembourg","5.19E8",2010,"Total local calls.","Institut Luxembourgeois de Régulation","Refers to completed local and domestic long distance fixed-telephone voice traffic"
56,"i131m","Domestic fixed-to-fixed telephone traffic",,"minutes",139,"LUX","Luxembourg","4.6E8",2012,"","Institut Luxembourgeois de Régulation","Refers to completed local and domestic long distance fixed-telephone voice traffic"
56,"i131m","Domestic fixed-to-fixed telephone traffic",,"minutes",139,"LUX","Luxembourg","4.35E8",2013,"","Institut Luxembourgeois de Régulation","Refers to completed local and domestic long distance fixed-telephone voice traffic"
56,"i131m","Domestic fixed-to-fixed telephone traffic",,"minutes",139,"LUX","Luxembourg","4.03E8",2014,"","Institut Luxembourgeois de Régulation","Refers to completed local and domestic long distance fixed-telephone voice traffic"
56,"i131m","Domestic fixed-to-fixed telephone traffic",,"minutes",139,"LUX","Luxembourg","3.68E8",2015,"","Institut Luxembourgeois de Régulation","Refers to completed local and domestic long distance fixed-telephone voice traffic"
56,"i131m","Domestic fixed-to-fixed telephone traffic",,"minutes",139,"LUX","Luxembourg","3.35E8",2016,"","ILR","Refers to completed local and domestic long distance fixed-telephone voice traffic"
56,"i131m","Domestic fixed-to-fixed telephone traffic",,"minutes",139,"LUX","Luxembourg","2.99E8",2017,"","Institut Luxembourgeois de Régulation","Refers to completed local and domestic long distance fixed-telephone voice traffic"
56,"i131m","Domestic fixed-to-fixed telephone traffic",,"minutes",139,"LUX","Luxembourg","2.71E8",2018,"","Institut luxembourgeois de Régulation","Refers to completed local and domestic long distance fixed-telephone voice traffic"
56,"i131m","Domestic fixed-to-fixed telephone traffic",,"minutes",139,"LUX","Luxembourg","2.37E8",2019,"","Institut Luxembourgeois de Régulation","Refers to completed local and domestic long distance fixed-telephone voice traffic"
56,"i131m","Domestic fixed-to-fixed telephone traffic",,"minutes",139,"LUX","Luxembourg","2.4952E8",2020,"","Institut Luxembourgeois de Régulation","Refers to completed local and domestic long distance fixed-telephone voice traffic"
56,"i131m","Domestic fixed-to-fixed telephone traffic",,"minutes",139,"LUX","Luxembourg","2.16E8",2021,"","Institut Luxembourgeois de Régulation","Refers to completed local and domestic long distance fixed-telephone voice traffic"
56,"i131m","Domestic fixed-to-fixed telephone traffic",,"minutes",140,"LVA","Latvia","1.719188264E9",2000,"","","Refers to completed local and domestic long distance fixed-telephone voice traffic"
56,"i131m","Domestic fixed-to-fixed telephone traffic",,"minutes",140,"LVA","Latvia","1.655154013E9",2001,"","","Refers to completed local and domestic long distance fixed-telephone voice traffic"
56,"i131m","Domestic fixed-to-fixed telephone traffic",,"minutes",140,"LVA","Latvia","1.204819364E9",2005,"","","Refers to completed local and domestic long distance fixed-telephone voice traffic"
56,"i131m","Domestic fixed-to-fixed telephone traffic",,"minutes",141,"MAC","Macao, China","3.72694254E8",2008,"","Bureau of Telecommunications Regulation","Refers to completed local and domestic long distance fixed-telephone voice traffic"
56,"i131m","Domestic fixed-to-fixed telephone traffic",,"minutes",141,"MAC","Macao, China","3.79301561E8",2009,"","Bureau of Telecommunications Regulation","Refers to completed local and domestic long distance fixed-telephone voice traffic"
56,"i131m","Domestic fixed-to-fixed telephone traffic",,"minutes",141,"MAC","Macao, China","3.80479445E8",2010,"","Bureau of Telecommunications Regulation","Refers to completed local and domestic long distance fixed-telephone voice traffic"
56,"i131m","Domestic fixed-to-fixed telephone traffic",,"minutes",141,"MAC","Macao, China","3.93713742E8",2011,"","Bureau of Telecommunications Regulation","Refers to completed local and domestic long distance fixed-telephone voice traffic"
56,"i131m","Domestic fixed-to-fixed telephone traffic",,"minutes",141,"MAC","Macao, China","3.96336497E8",2012,"","Bureau of Telecommunications Regulation","Refers to completed local and domestic long distance fixed-telephone voice traffic"
56,"i131m","Domestic fixed-to-fixed telephone traffic",,"minutes",141,"MAC","Macao, China","3.93001492E8",2013,"","Bureau of Telecommunications Regulation","Refers to completed local and domestic long distance fixed-telephone voice traffic"
56,"i131m","Domestic fixed-to-fixed telephone traffic",,"minutes",141,"MAC","Macao, China","3.97456731E8",2014,"","Bureau of Telecommunications Regulation","Refers to completed local and domestic long distance fixed-telephone voice traffic"
56,"i131m","Domestic fixed-to-fixed telephone traffic",,"minutes",141,"MAC","Macao, China","4.10399052E8",2015,"","Bureau of Telecommunications Regulation","Refers to completed local and domestic long distance fixed-telephone voice traffic"
56,"i131m","Domestic fixed-to-fixed telephone traffic",,"minutes",142,"MUS","Mauritius","1.510159696E9",2001,"","","Refers to completed local and domestic long distance fixed-telephone voice traffic"
56,"i131m","Domestic fixed-to-fixed telephone traffic",,"minutes",142,"MUS","Mauritius","1.143501E9",2005,"","Information Communication Technologies Authority","Refers to completed local and domestic long distance fixed-telephone voice traffic"
56,"i131m","Domestic fixed-to-fixed telephone traffic",,"minutes",142,"MUS","Mauritius","1.055078E9",2006,"","Information Communication Technologies Authority","Refers to completed local and domestic long distance fixed-telephone voice traffic"
56,"i131m","Domestic fixed-to-fixed telephone traffic",,"minutes",142,"MUS","Mauritius","9.72346E8",2007,"On & Off Network Traffic","Information Communication Technologies Authority","Refers to completed local and domestic long distance fixed-telephone voice traffic"
56,"i131m","Domestic fixed-to-fixed telephone traffic",,"minutes",142,"MUS","Mauritius","8.74223E8",2008,"On & Off Network Traffic","Information Communication Technologies Authority","Refers to completed local and domestic long distance fixed-telephone voice traffic"
56,"i131m","Domestic fixed-to-fixed telephone traffic",,"minutes",142,"MUS","Mauritius","7.73802E8",2009,"","Information Communication Technologies Authority","Refers to completed local and domestic long distance fixed-telephone voice traffic"
56,"i131m","Domestic fixed-to-fixed telephone traffic",,"minutes",142,"MUS","Mauritius","7.13715E8",2010,"","Information and Communication Technologies Authority of Mauritius","Refers to completed local and domestic long distance fixed-telephone voice traffic"
56,"i131m","Domestic fixed-to-fixed telephone traffic",,"minutes",142,"MUS","Mauritius","6.4965645E8",2011,"","Information and Communication Technologies Authority of Mauritius","Refers to completed local and domestic long distance fixed-telephone voice traffic"
56,"i131m","Domestic fixed-to-fixed telephone traffic",,"minutes",142,"MUS","Mauritius","5.74199367E8",2012,"","Information and Communication Technologies Authority of Mauritius","Refers to completed local and domestic long distance fixed-telephone voice traffic"
56,"i131m","Domestic fixed-to-fixed telephone traffic",,"minutes",142,"MUS","Mauritius","5.67915766E8",2013,"Information and Communication Technologies Authority of Mauritius","Information and Communication Technologies Authority of Mauritius","Refers to completed local and domestic long distance fixed-telephone voice traffic"
56,"i131m","Domestic fixed-to-fixed telephone traffic",,"minutes",142,"MUS","Mauritius","5.53126466E8",2014,"Information and Communication Technologies","Information and Communication Technologies Authority of Mauritius","Refers to completed local and domestic long distance fixed-telephone voice traffic"
56,"i131m","Domestic fixed-to-fixed telephone traffic",,"minutes",142,"MUS","Mauritius","5.62275649E8",2015,"Information and Communication Technologies","Information and Communication Technologies Authority of Mauritius","Refers to completed local and domestic long distance fixed-telephone voice traffic"
56,"i131m","Domestic fixed-to-fixed telephone traffic",,"minutes",142,"MUS","Mauritius","5.36862492E8",2016,"Information and Communication Technologies Authority of Mauritius","Information and Communication Technologies Authority","Refers to completed local and domestic long distance fixed-telephone voice traffic"
56,"i131m","Domestic fixed-to-fixed telephone traffic",,"minutes",142,"MUS","Mauritius","5.0157257578E8",2017,"Information and Communication Technologies Authority of Mauritius","Information and Communication Technologies Authority","Refers to completed local and domestic long distance fixed-telephone voice traffic"
56,"i131m","Domestic fixed-to-fixed telephone traffic",,"minutes",142,"MUS","Mauritius","4.5947288192E8",2018,"Information and Communication Technologies Authority of Mauritius","ICTA","Refers to completed local and domestic long distance fixed-telephone voice traffic"
56,"i131m","Domestic fixed-to-fixed telephone traffic",,"minutes",142,"MUS","Mauritius","4.4277770954E8",2019,"Information and Communication Technologies Authority of Mauritius","Information and Communication Technologies Authority of Mauritius","Refers to completed local and domestic long distance fixed-telephone voice traffic"
56,"i131m","Domestic fixed-to-fixed telephone traffic",,"minutes",142,"MUS","Mauritius","4.42379957E8",2020,"Information and Communication Technologies Authority of Mauritius","Information and Communication Technologies Authority of Mauritius","Refers to completed local and domestic long distance fixed-telephone voice traffic"
56,"i131m","Domestic fixed-to-fixed telephone traffic",,"minutes",142,"MUS","Mauritius","4.41848521E8",2021,"Information and Communication Technologies Authority of Mauritius","Information and Communication Technologies Authority of Mauritius","Refers to completed local and domestic long distance fixed-telephone voice traffic"
56,"i131m","Domestic fixed-to-fixed telephone traffic",,"minutes",143,"MCO","Monaco","2.44E8",2000,"","","Refers to completed local and domestic long distance fixed-telephone voice traffic"
56,"i131m","Domestic fixed-to-fixed telephone traffic",,"minutes",143,"MCO","Monaco","2.62E8",2001,"","","Refers to completed local and domestic long distance fixed-telephone voice traffic"
56,"i131m","Domestic fixed-to-fixed telephone traffic",,"minutes",143,"MCO","Monaco","2.18E8",2002,"","","Refers to completed local and domestic long distance fixed-telephone voice traffic"
56,"i131m","Domestic fixed-to-fixed telephone traffic",,"minutes",143,"MCO","Monaco","1.9E8",2003,"","","Refers to completed local and domestic long distance fixed-telephone voice traffic"
56,"i131m","Domestic fixed-to-fixed telephone traffic",,"minutes",143,"MCO","Monaco","1.67E8",2004,"","","Refers to completed local and domestic long distance fixed-telephone voice traffic"
56,"i131m","Domestic fixed-to-fixed telephone traffic",,"minutes",143,"MCO","Monaco","4.2740996E7",2011,"","Direction des Communications Electroniques","Refers to completed local and domestic long distance fixed-telephone voice traffic"
56,"i131m","Domestic fixed-to-fixed telephone traffic",,"minutes",143,"MCO","Monaco","3.6267794E7",2012,"","Direction des Communications Electroniques","Refers to completed local and domestic long distance fixed-telephone voice traffic"
56,"i131m","Domestic fixed-to-fixed telephone traffic",,"minutes",143,"MCO","Monaco","3.3047717E7",2013,"Monaco and France.","Direction des Communications Electroniques","Refers to completed local and domestic long distance fixed-telephone voice traffic"
56,"i131m","Domestic fixed-to-fixed telephone traffic",,"minutes",143,"MCO","Monaco","3.2239161E7",2014,"Monaco and France.","Direction des Communications Electroniques","Refers to completed local and domestic long distance fixed-telephone voice traffic"
56,"i131m","Domestic fixed-to-fixed telephone traffic",,"minutes",143,"MCO","Monaco","2.7035247E7",2015,"","Direction des Communications Electroniques","Refers to completed local and domestic long distance fixed-telephone voice traffic"
56,"i131m","Domestic fixed-to-fixed telephone traffic",,"minutes",143,"MCO","Monaco","2.2192285E7",2016,"","Direction du Développement des Usages Numériques","Refers to completed local and domestic long distance fixed-telephone voice traffic"
56,"i131m","Domestic fixed-to-fixed telephone traffic",,"minutes",143,"MCO","Monaco","2.0597931E7",2017,"","Direction des Plateformes et des Ressources Numériques","Refers to completed local and domestic long distance fixed-telephone voice traffic"
56,"i131m","Domestic fixed-to-fixed telephone traffic",,"minutes",143,"MCO","Monaco","2.2801687E7",2018,"","Gouvernement de Monaco","Refers to completed local and domestic long distance fixed-telephone voice traffic"
56,"i131m","Domestic fixed-to-fixed telephone traffic",,"minutes",143,"MCO","Monaco","2.1439144E7",2019,"","Direction du Développement des Usages Numériques","Refers to completed local and domestic long distance fixed-telephone voice traffic"
56,"i131m","Domestic fixed-to-fixed telephone traffic",,"minutes",143,"MCO","Monaco","1.6946308E7",2021,"","Direction du Développement des Usages Numériques","Refers to completed local and domestic long distance fixed-telephone voice traffic"
56,"i131m","Domestic fixed-to-fixed telephone traffic",,"minutes",144,"MDG","Madagascar","1.70085577E8",2000,"","","Refers to completed local and domestic long distance fixed-telephone voice traffic"
56,"i131m","Domestic fixed-to-fixed telephone traffic",,"minutes",144,"MDG","Madagascar","1.56005509E8",2001,"","","Refers to completed local and domestic long distance fixed-telephone voice traffic"
56,"i131m","Domestic fixed-to-fixed telephone traffic",,"minutes",144,"MDG","Madagascar","9.7863E7",2005,"","Office Malagasy d'Etudes et de Regulation des Télécommunications. Office Malagasy d'Etudes et de Regulation des Télécommunications. Office Malagasy d'Etudes et de Regulation des Télécommunications.","Refers to completed local and domestic long distance fixed-telephone voice traffic"
56,"i131m","Domestic fixed-to-fixed telephone traffic",,"minutes",144,"MDG","Madagascar","9.6635E7",2006,"","Office Malagasy d'Etudes et de Regulation des Télécommunications.","Refers to completed local and domestic long distance fixed-telephone voice traffic"
56,"i131m","Domestic fixed-to-fixed telephone traffic",,"minutes",144,"MDG","Madagascar","9.4404E7",2007,"","Office Malagasy d'Etudes et de Regulation des Télécommunications.","Refers to completed local and domestic long distance fixed-telephone voice traffic"
56,"i131m","Domestic fixed-to-fixed telephone traffic",,"minutes",144,"MDG","Madagascar","8.0397E7",2008,"","Office Malagasy d'Etudes et de Regulation des Télécommunications.","Refers to completed local and domestic long distance fixed-telephone voice traffic"
56,"i131m","Domestic fixed-to-fixed telephone traffic",,"minutes",144,"MDG","Madagascar","5.3824E7",2009,"","Office Malagasy d'Etudes et Régulations des télécommunications (OMERT)","Refers to completed local and domestic long distance fixed-telephone voice traffic"
56,"i131m","Domestic fixed-to-fixed telephone traffic",,"minutes",144,"MDG","Madagascar","4.2692E7",2010,"","Office Malagasy d'Etudes et de Regulation des Télécommunications","Refers to completed local and domestic long distance fixed-telephone voice traffic"
56,"i131m","Domestic fixed-to-fixed telephone traffic",,"minutes",144,"MDG","Madagascar","5.7289658E7",2011,"","Office Malagasy d'Etudes et de Regulation des Télécommunications","Refers to completed local and domestic long distance fixed-telephone voice traffic"
56,"i131m","Domestic fixed-to-fixed telephone traffic",,"minutes",144,"MDG","Madagascar","2.8116E7",2012,"","Office Malagasy d'Etudes et de Regulation des Télécommunications","Refers to completed local and domestic long distance fixed-telephone voice traffic"
56,"i131m","Domestic fixed-to-fixed telephone traffic",,"minutes",144,"MDG","Madagascar","2.4051E7",2013,"","Office Malagasy d'Etudes et de Regulation des Télécommunications","Refers to completed local and domestic long distance fixed-telephone voice traffic"
56,"i131m","Domestic fixed-to-fixed telephone traffic",,"minutes",144,"MDG","Madagascar","2.076319E7",2014,"","Autorité de Régulation des Technologies de Communication","Refers to completed local and domestic long distance fixed-telephone voice traffic"
56,"i131m","Domestic fixed-to-fixed telephone traffic",,"minutes",144,"MDG","Madagascar","1.777559402E7",2015,"","Autorité de Régulation des Technologies de Communication","Refers to completed local and domestic long distance fixed-telephone voice traffic"
56,"i131m","Domestic fixed-to-fixed telephone traffic",,"minutes",144,"MDG","Madagascar","1.4705115E7",2016,"","Autorité de Régulation des Technologies de Communication","Refers to completed local and domestic long distance fixed-telephone voice traffic"
56,"i131m","Domestic fixed-to-fixed telephone traffic",,"minutes",144,"MDG","Madagascar","1.2773193E7",2017,"","Autorité de Régulation des Technologies de Communication","Refers to completed local and domestic long distance fixed-telephone voice traffic"
56,"i131m","Domestic fixed-to-fixed telephone traffic",,"minutes",144,"MDG","Madagascar","4459060.0",2021,"","Autorité de Régulation des Technologies de Communication","Refers to completed local and domestic long distance fixed-telephone voice traffic"
56,"i131m","Domestic fixed-to-fixed telephone traffic",,"minutes",147,"MEX","Mexico","1.96243E11",2005,"","","Refers to completed local and domestic long distance fixed-telephone voice traffic"
56,"i131m","Domestic fixed-to-fixed telephone traffic",,"minutes",147,"MEX","Mexico","1.96243E11",2006,"","","Refers to completed local and domestic long distance fixed-telephone voice traffic"
56,"i131m","Domestic fixed-to-fixed telephone traffic",,"minutes",147,"MEX","Mexico","1.70207390894E11",2007,"","Comisión Federal de Telecomunicaciones","Refers to completed local and domestic long distance fixed-telephone voice traffic"
56,"i131m","Domestic fixed-to-fixed telephone traffic",,"minutes",147,"MEX","Mexico","1.8569318714E11",2008,"Revised figure.","Comisión Federal de Telecomunicaciones de México","Refers to completed local and domestic long distance fixed-telephone voice traffic"
56,"i131m","Domestic fixed-to-fixed telephone traffic",,"minutes",147,"MEX","Mexico","1.16547299119E11",2009,"Revised figure.","Comisión Federal de Telecomunicaciones de México","Refers to completed local and domestic long distance fixed-telephone voice traffic"
56,"i131m","Domestic fixed-to-fixed telephone traffic",,"minutes",147,"MEX","Mexico","1.05359369353E11",2010,"","Comisión Federal de Telecomunicaciones de México","Refers to completed local and domestic long distance fixed-telephone voice traffic"
56,"i131m","Domestic fixed-to-fixed telephone traffic",,"minutes",147,"MEX","Mexico","9.8518929797E10",2011,"","Instituto Federal de Telecomunicaciones de México","Refers to completed local and domestic long distance fixed-telephone voice traffic"
56,"i131m","Domestic fixed-to-fixed telephone traffic",,"minutes",147,"MEX","Mexico","9.3128949583E10",2012,"","Instituto Federal de Telecomunicaciones de México","Refers to completed local and domestic long distance fixed-telephone voice traffic"
56,"i131m","Domestic fixed-to-fixed telephone traffic",,"minutes",147,"MEX","Mexico","9.8379534312E10",2013,"","Instituto Federal de Telecomunicaciones de México","Refers to completed local and domestic long distance fixed-telephone voice traffic"
56,"i131m","Domestic fixed-to-fixed telephone traffic",,"minutes",147,"MEX","Mexico","9.9190360897E10",2014,"","Instituto Federal de Telecomunicaciones de México","Refers to completed local and domestic long distance fixed-telephone voice traffic"
56,"i131m","Domestic fixed-to-fixed telephone traffic",,"minutes",147,"MEX","Mexico","1.584577511833E10",2015,"Preliminary","Instituto Federal de Telecomunicaciones de México","Refers to completed local and domestic long distance fixed-telephone voice traffic"
56,"i131m","Domestic fixed-to-fixed telephone traffic",,"minutes",147,"MEX","Mexico","7.830778085E9",2016,"Information as of December 2016.","Instituto Federal de Telecomunicaciones","Refers to completed local and domestic long distance fixed-telephone voice traffic"
56,"i131m","Domestic fixed-to-fixed telephone traffic",,"minutes",147,"MEX","Mexico","1.9099648223E10",2017,"Information as of December 2017.","Instituto Federal de Telecomunicaciones","Refers to completed local and domestic long distance fixed-telephone voice traffic"
56,"i131m","Domestic fixed-to-fixed telephone traffic",,"minutes",147,"MEX","Mexico","1.9756363493E10",2018,"Information as of December 2018. Adjustments were made to previous report due to an Operator changed its historic report.","Instituto Federal de Telecomunicaciones","Refers to completed local and domestic long distance fixed-telephone voice traffic"
56,"i131m","Domestic fixed-to-fixed telephone traffic",,"minutes",147,"MEX","Mexico","1.4308344638E10",2019,"Information as of December 2019.","Instituto Federal de Telecomunicaciones de México","Refers to completed local and domestic long distance fixed-telephone voice traffic"
56,"i131m","Domestic fixed-to-fixed telephone traffic",,"minutes",147,"MEX","Mexico","1.4683494678E10",2020,"Information as of December 2020.","Instituto Federal de Telecomunicaciones de México","Refers to completed local and domestic long distance fixed-telephone voice traffic"
56,"i131m","Domestic fixed-to-fixed telephone traffic",,"minutes",147,"MEX","Mexico","1.0917096765E10",2021,"Information as of December 2021.","Instituto Federal de Telecomunicaciones de México","Refers to completed local and domestic long distance fixed-telephone voice traffic"
56,"i131m","Domestic fixed-to-fixed telephone traffic",,"minutes",148,"MYS","Malaysia","1.493E9",2010,"","Malaysian Communications and Multimedia Commission","Refers to completed local and domestic long distance fixed-telephone voice traffic"
56,"i131m","Domestic fixed-to-fixed telephone traffic",,"minutes",148,"MYS","Malaysia","1.4969E9",2011,"","Malaysian Communications and Multimedia Commission","Refers to completed local and domestic long distance fixed-telephone voice traffic"
56,"i131m","Domestic fixed-to-fixed telephone traffic",,"minutes",148,"MYS","Malaysia","1.3998E9",2012,"","Malaysian Communications and Multimedia Commission","Refers to completed local and domestic long distance fixed-telephone voice traffic"
56,"i131m","Domestic fixed-to-fixed telephone traffic",,"minutes",148,"MYS","Malaysia","1.3938E9",2013,"","Malaysian Communications and Multimedia Commission","Refers to completed local and domestic long distance fixed-telephone voice traffic"
56,"i131m","Domestic fixed-to-fixed telephone traffic",,"minutes",148,"MYS","Malaysia","1.2359E9",2014,"","Malaysian Communications and Multimedia Commission","Refers to completed local and domestic long distance fixed-telephone voice traffic"
56,"i131m","Domestic fixed-to-fixed telephone traffic",,"minutes",148,"MYS","Malaysia","1.1243333E9",2015,"","Malaysian Communications and Multimedia Commission","Refers to completed local and domestic long distance fixed-telephone voice traffic"
56,"i131m","Domestic fixed-to-fixed telephone traffic",,"minutes",148,"MYS","Malaysia","9.931684E8",2016,"","Malaysian Communications and Multimedia Malaysia","Refers to completed local and domestic long distance fixed-telephone voice traffic"
56,"i131m","Domestic fixed-to-fixed telephone traffic",,"minutes",148,"MYS","Malaysia","8.15154E8",2017,"Revised figure from 796'713'000 as reported in 2018 ITU Long Questionnaire","Malaysian Communications and Multimedia Commission","Refers to completed local and domestic long distance fixed-telephone voice traffic"
56,"i131m","Domestic fixed-to-fixed telephone traffic",,"minutes",148,"MYS","Malaysia","7.290834E8",2018,"","Malaysian Communications and Multimedia Commission","Refers to completed local and domestic long distance fixed-telephone voice traffic"
56,"i131m","Domestic fixed-to-fixed telephone traffic",,"minutes",148,"MYS","Malaysia","5.309819E8",2019,"","Malaysian Communications and Multimedia Commission","Refers to completed local and domestic long distance fixed-telephone voice traffic"
56,"i131m","Domestic fixed-to-fixed telephone traffic",,"minutes",148,"MYS","Malaysia","3.140267E8",2020,"","Malaysian Communications and Multimedia Commission","Refers to completed local and domestic long distance fixed-telephone voice traffic"
56,"i131m","Domestic fixed-to-fixed telephone traffic",,"minutes",148,"MYS","Malaysia","2.313557E8",2021,"","Malaysian Communications and Multimedia Commission","Refers to completed local and domestic long distance fixed-telephone voice traffic"
56,"i131m","Domestic fixed-to-fixed telephone traffic",,"minutes",149,"MDV","Maldives","2.25755E8",2000,"","","Refers to completed local and domestic long distance fixed-telephone voice traffic"
56,"i131m","Domestic fixed-to-fixed telephone traffic",,"minutes",149,"MDV","Maldives","2.22339E8",2001,"","","Refers to completed local and domestic long distance fixed-telephone voice traffic"
56,"i131m","Domestic fixed-to-fixed telephone traffic",,"minutes",149,"MDV","Maldives","1.77478E8",2002,"","","Refers to completed local and domestic long distance fixed-telephone voice traffic"
56,"i131m","Domestic fixed-to-fixed telephone traffic",,"minutes",149,"MDV","Maldives","6.4774E7",2005,"","","Refers to completed local and domestic long distance fixed-telephone voice traffic"
56,"i131m","Domestic fixed-to-fixed telephone traffic",,"minutes",149,"MDV","Maldives","4.4085E7",2006,"","","Refers to completed local and domestic long distance fixed-telephone voice traffic"
56,"i131m","Domestic fixed-to-fixed telephone traffic",,"minutes",149,"MDV","Maldives","3.7458E7",2007,"","Communications Authority of Maldives","Refers to completed local and domestic long distance fixed-telephone voice traffic"
56,"i131m","Domestic fixed-to-fixed telephone traffic",,"minutes",149,"MDV","Maldives","2.9951E7",2008,"","Communications Authority of Maldives","Refers to completed local and domestic long distance fixed-telephone voice traffic"
56,"i131m","Domestic fixed-to-fixed telephone traffic",,"minutes",149,"MDV","Maldives","2.7028E7",2009,"","Communications Authority of Maldives","Refers to completed local and domestic long distance fixed-telephone voice traffic"
56,"i131m","Domestic fixed-to-fixed telephone traffic",,"minutes",149,"MDV","Maldives","2.5005E7",2010,"","Communications Authority of Maldives","Refers to completed local and domestic long distance fixed-telephone voice traffic"
56,"i131m","Domestic fixed-to-fixed telephone traffic",,"minutes",149,"MDV","Maldives","2.4928E7",2011,"","Communications Authority of Maldives","Refers to completed local and domestic long distance fixed-telephone voice traffic"
56,"i131m","Domestic fixed-to-fixed telephone traffic",,"minutes",149,"MDV","Maldives","2.0287E7",2012,"","Communications Authority of Maldives","Refers to completed local and domestic long distance fixed-telephone voice traffic"
56,"i131m","Domestic fixed-to-fixed telephone traffic",,"minutes",149,"MDV","Maldives","1.8916E7",2013,"","Communications Authority of Maldives","Refers to completed local and domestic long distance fixed-telephone voice traffic"
56,"i131m","Domestic fixed-to-fixed telephone traffic",,"minutes",149,"MDV","Maldives","1.3434815E7",2016,"","Communications Authority of Maldives","Refers to completed local and domestic long distance fixed-telephone voice traffic"
56,"i131m","Domestic fixed-to-fixed telephone traffic",,"minutes",149,"MDV","Maldives","1.2346366E7",2017,"","Communications Authority of Maldives","Refers to completed local and domestic long distance fixed-telephone voice traffic"
56,"i131m","Domestic fixed-to-fixed telephone traffic",,"minutes",149,"MDV","Maldives","1.0287716E7",2018,"","Communications Authority of Maldives","Refers to completed local and domestic long distance fixed-telephone voice traffic"
56,"i131m","Domestic fixed-to-fixed telephone traffic",,"minutes",149,"MDV","Maldives","9391081.0",2019,"","Communications Authority of Maldives","Refers to completed local and domestic long distance fixed-telephone voice traffic"
56,"i131m","Domestic fixed-to-fixed telephone traffic",,"minutes",149,"MDV","Maldives","6821864.0",2020,"","Communications Authority of Maldives","Refers to completed local and domestic long distance fixed-telephone voice traffic"
56,"i131m","Domestic fixed-to-fixed telephone traffic",,"minutes",149,"MDV","Maldives","8199155.0",2021,"","Communications Authority of Maldives","Refers to completed local and domestic long distance fixed-telephone voice traffic"
56,"i131m","Domestic fixed-to-fixed telephone traffic",,"minutes",150,"MLI","Mali","2.6E7",2005,"","","Refers to completed local and domestic long distance fixed-telephone voice traffic"
56,"i131m","Domestic fixed-to-fixed telephone traffic",,"minutes",150,"MLI","Mali","306132.0",2011,"","Comité de Régulation des Télécommunications","Refers to completed local and domestic long distance fixed-telephone voice traffic"
56,"i131m","Domestic fixed-to-fixed telephone traffic",,"minutes",150,"MLI","Mali","559198.0",2012,"","Autorité Malienne de Régulation des Télécommunications/TIC et Postes (AMRTP)","Refers to completed local and domestic long distance fixed-telephone voice traffic"
56,"i131m","Domestic fixed-to-fixed telephone traffic",,"minutes",150,"MLI","Mali","901906.0",2013,"","Autorité Malienne de Régulation des Télécommunications/TIC et Postes (AMRTP)","Refers to completed local and domestic long distance fixed-telephone voice traffic"
56,"i131m","Domestic fixed-to-fixed telephone traffic",,"minutes",150,"MLI","Mali","885932.0",2014,"","Autorité Malienne de Régulation des Télécommunications/TIC et Postes (AMRTP)","Refers to completed local and domestic long distance fixed-telephone voice traffic"
56,"i131m","Domestic fixed-to-fixed telephone traffic",,"minutes",150,"MLI","Mali","5793337.0",2015,"","Autorité Malienne de Régulation des Télécommunications/TIC et Postes (AMRTP)","Refers to completed local and domestic long distance fixed-telephone voice traffic"
56,"i131m","Domestic fixed-to-fixed telephone traffic",,"minutes",150,"MLI","Mali","5699171.0",2016,"","Autorité malienne de régulation des télécommunications/TIC et Postes","Refers to completed local and domestic long distance fixed-telephone voice traffic"
56,"i131m","Domestic fixed-to-fixed telephone traffic",,"minutes",150,"MLI","Mali","4048813.0",2017,"","Autorité Malienne de Régulation des Télécommunication/TIC et Postes (AMRTP)","Refers to completed local and domestic long distance fixed-telephone voice traffic"
56,"i131m","Domestic fixed-to-fixed telephone traffic",,"minutes",150,"MLI","Mali","2729649.0",2018,"","Autorité Malienne de Régulation des Télécommunications/TIC et des Postes (AMRTP)","Refers to completed local and domestic long distance fixed-telephone voice traffic"
56,"i131m","Domestic fixed-to-fixed telephone traffic",,"minutes",150,"MLI","Mali","1919277.0",2019,"","Autorité Malienne de Régulation des Télécommunications/TIC et Postes (AMRTP)","Refers to completed local and domestic long distance fixed-telephone voice traffic"
56,"i131m","Domestic fixed-to-fixed telephone traffic",,"minutes",150,"MLI","Mali","1295018.0",2020,"","Autorité Malienne de Régulation des Télécommunications/TIC et Postes (AMRTP)","Refers to completed local and domestic long distance fixed-telephone voice traffic"
56,"i131m","Domestic fixed-to-fixed telephone traffic",,"minutes",150,"MLI","Mali","1126924.0",2021,"","Autorité Malienne de Régulation des Télécommunications/TIC et Postes (AMRTP)","Refers to completed local and domestic long distance fixed-telephone voice traffic"
56,"i131m","Domestic fixed-to-fixed telephone traffic",,"minutes",151,"MLT","Malta","5.0430247E8",2007,"","Malta Communications Authority","Refers to completed local and domestic long distance fixed-telephone voice traffic"
56,"i131m","Domestic fixed-to-fixed telephone traffic",,"minutes",151,"MLT","Malta","5.41842519E8",2008,"","Malta Communications Authority","Refers to completed local and domestic long distance fixed-telephone voice traffic"
56,"i131m","Domestic fixed-to-fixed telephone traffic",,"minutes",151,"MLT","Malta","6.11954302E8",2009,"","Malta Communications Authority","Refers to completed local and domestic long distance fixed-telephone voice traffic"
56,"i131m","Domestic fixed-to-fixed telephone traffic",,"minutes",151,"MLT","Malta","6.05030435E8",2010,"","Malta Communications Authority","Refers to completed local and domestic long distance fixed-telephone voice traffic"
56,"i131m","Domestic fixed-to-fixed telephone traffic",,"minutes",151,"MLT","Malta","5.59006449E8",2011,"","Malta Communications Authority","Refers to completed local and domestic long distance fixed-telephone voice traffic"
56,"i131m","Domestic fixed-to-fixed telephone traffic",,"minutes",151,"MLT","Malta","5.44082824E8",2012,"","Malta Communications Authority","Refers to completed local and domestic long distance fixed-telephone voice traffic"
56,"i131m","Domestic fixed-to-fixed telephone traffic",,"minutes",151,"MLT","Malta","5.13753579E8",2013,"","Malta Communications Authority","Refers to completed local and domestic long distance fixed-telephone voice traffic"
56,"i131m","Domestic fixed-to-fixed telephone traffic",,"minutes",151,"MLT","Malta","4.81658946E8",2014,"","Malta Communications Authority","Refers to completed local and domestic long distance fixed-telephone voice traffic"
56,"i131m","Domestic fixed-to-fixed telephone traffic",,"minutes",151,"MLT","Malta","4.4505154E8",2015,"","Malta Communications Authority","Refers to completed local and domestic long distance fixed-telephone voice traffic"
56,"i131m","Domestic fixed-to-fixed telephone traffic",,"minutes",151,"MLT","Malta","4.08522633E8",2016,"","Malta Communications Authority","Refers to completed local and domestic long distance fixed-telephone voice traffic"
56,"i131m","Domestic fixed-to-fixed telephone traffic",,"minutes",151,"MLT","Malta","3.74580898E8",2017,"","Malta Communications Authority","Refers to completed local and domestic long distance fixed-telephone voice traffic"
56,"i131m","Domestic fixed-to-fixed telephone traffic",,"minutes",151,"MLT","Malta","3.48119902E8",2018,"","Malta Communications Authority","Refers to completed local and domestic long distance fixed-telephone voice traffic"
56,"i131m","Domestic fixed-to-fixed telephone traffic",,"minutes",151,"MLT","Malta","2.96432739E8",2019,"","Malta Communications Authority","Refers to completed local and domestic long distance fixed-telephone voice traffic"
56,"i131m","Domestic fixed-to-fixed telephone traffic",,"minutes",151,"MLT","Malta","2.61723599E8",2020,"","Malta Communications Authority","Refers to completed local and domestic long distance fixed-telephone voice traffic"
56,"i131m","Domestic fixed-to-fixed telephone traffic",,"minutes",151,"MLT","Malta","1.88886542E8",2021,"","Malta Communications Authority","Refers to completed local and domestic long distance fixed-telephone voice traffic"
56,"i131m","Domestic fixed-to-fixed telephone traffic",,"minutes",152,"MNG","Mongolia","9.0149816E7",2010,"","Communications Regulatory Commission of Mongolia","Refers to completed local and domestic long distance fixed-telephone voice traffic"
56,"i131m","Domestic fixed-to-fixed telephone traffic",,"minutes",152,"MNG","Mongolia","6.4656314E7",2011,"","Communications Regulatory Commission of Mongolia","Refers to completed local and domestic long distance fixed-telephone voice traffic"
56,"i131m","Domestic fixed-to-fixed telephone traffic",,"minutes",152,"MNG","Mongolia","4.8566259E7",2012,"","Communications Regulatory Commission of Mongolia","Refers to completed local and domestic long distance fixed-telephone voice traffic"
56,"i131m","Domestic fixed-to-fixed telephone traffic",,"minutes",152,"MNG","Mongolia","5.9019713E7",2015,"","Communications Regulatory Commission of Mongolia ","Refers to completed local and domestic long distance fixed-telephone voice traffic"
56,"i131m","Domestic fixed-to-fixed telephone traffic",,"minutes",152,"MNG","Mongolia","5.8741789E7",2016,"","Communications Regulatory Commission of Mongolia","Refers to completed local and domestic long distance fixed-telephone voice traffic"
56,"i131m","Domestic fixed-to-fixed telephone traffic",,"minutes",152,"MNG","Mongolia","5.9871218E7",2017,"","Communications Regulatory Commission of Mongolia","Refers to completed local and domestic long distance fixed-telephone voice traffic"
56,"i131m","Domestic fixed-to-fixed telephone traffic",,"minutes",152,"MNG","Mongolia","5.9748321E7",2018,"","Communications Regulatory Commision of Mongolia","Refers to completed local and domestic long distance fixed-telephone voice traffic"
56,"i131m","Domestic fixed-to-fixed telephone traffic",,"minutes",152,"MNG","Mongolia","4.7845656E7",2019,"","Communications Regulatory Commission of Mongolia ","Refers to completed local and domestic long distance fixed-telephone voice traffic"
56,"i131m","Domestic fixed-to-fixed telephone traffic",,"minutes",152,"MNG","Mongolia","4.1083514E7",2020,"","Communications Regulatory Commission of Mongolia ","Refers to completed local and domestic long distance fixed-telephone voice traffic"
56,"i131m","Domestic fixed-to-fixed telephone traffic",,"minutes",152,"MNG","Mongolia","5.1817346E7",2021,"","Communications Regulatory Commission of Mongolia ","Refers to completed local and domestic long distance fixed-telephone voice traffic"
56,"i131m","Domestic fixed-to-fixed telephone traffic",,"minutes",153,"MOZ","Mozambique","1.04475391E8",2009,"","","Refers to completed local and domestic long distance fixed-telephone voice traffic"
56,"i131m","Domestic fixed-to-fixed telephone traffic",,"minutes",153,"MOZ","Mozambique","8.8839E7",2010,"","","Refers to completed local and domestic long distance fixed-telephone voice traffic"
56,"i131m","Domestic fixed-to-fixed telephone traffic",,"minutes",153,"MOZ","Mozambique","8.3493E7",2011,"","","Refers to completed local and domestic long distance fixed-telephone voice traffic"
56,"i131m","Domestic fixed-to-fixed telephone traffic",,"minutes",153,"MOZ","Mozambique","6.0484E7",2015,"This information includes the traffic terminated in mobile network","Instituto Nacional das Comunicaçőes de Moçambique","Refers to completed local and domestic long distance fixed-telephone voice traffic"
56,"i131m","Domestic fixed-to-fixed telephone traffic",,"minutes",153,"MOZ","Mozambique","1.6286155E7",2016,"Domestic traffic fixed-to-fixed only","ARECOM","Refers to completed local and domestic long distance fixed-telephone voice traffic"
56,"i131m","Domestic fixed-to-fixed telephone traffic",,"minutes",153,"MOZ","Mozambique","1.4214979E7",2017,"Domestic traffic fixed-to-fixed only","INCM","Refers to completed local and domestic long distance fixed-telephone voice traffic"
56,"i131m","Domestic fixed-to-fixed telephone traffic",,"minutes",153,"MOZ","Mozambique","9683880.0",2018,"","INCM - Communication Regulator Authority","Refers to completed local and domestic long distance fixed-telephone voice traffic"
56,"i131m","Domestic fixed-to-fixed telephone traffic",,"minutes",153,"MOZ","Mozambique","7.1978E7",2019,"","INCM - Communication Regulator Authority","Refers to completed local and domestic long distance fixed-telephone voice traffic"
56,"i131m","Domestic fixed-to-fixed telephone traffic",,"minutes",153,"MOZ","Mozambique","4681000.0",2020,"","INCM - Communication Regulator Authority","Refers to completed local and domestic long distance fixed-telephone voice traffic"
56,"i131m","Domestic fixed-to-fixed telephone traffic",,"minutes",155,"MAR","Morocco","1.456458319E9",2005,"","","Refers to completed local and domestic long distance fixed-telephone voice traffic"
56,"i131m","Domestic fixed-to-fixed telephone traffic",,"minutes",155,"MAR","Morocco","1.433542346E9",2006,"","","Refers to completed local and domestic long distance fixed-telephone voice traffic"
56,"i131m","Domestic fixed-to-fixed telephone traffic",,"minutes",155,"MAR","Morocco","3.877915024E9",2007,"","","Refers to completed local and domestic long distance fixed-telephone voice traffic"
56,"i131m","Domestic fixed-to-fixed telephone traffic",,"minutes",155,"MAR","Morocco","3.698758798E9",2008,"","Agence Nationale de Réglementation des Télécommunications","Refers to completed local and domestic long distance fixed-telephone voice traffic"
56,"i131m","Domestic fixed-to-fixed telephone traffic",,"minutes",155,"MAR","Morocco","3.809697719E9",2009,"","Agence Nationale de Réglementation des Télécommunications","Refers to completed local and domestic long distance fixed-telephone voice traffic"
56,"i131m","Domestic fixed-to-fixed telephone traffic",,"minutes",155,"MAR","Morocco","2.793150972E9",2010,"","Agence Nationale de Réglementation des Télécommunications","Refers to completed local and domestic long distance fixed-telephone voice traffic"
56,"i131m","Domestic fixed-to-fixed telephone traffic",,"minutes",155,"MAR","Morocco","2.565623596E9",2011,"","Agence Nationale de Réglementation des Télécommunications","Refers to completed local and domestic long distance fixed-telephone voice traffic"
56,"i131m","Domestic fixed-to-fixed telephone traffic",,"minutes",155,"MAR","Morocco","2.561771155E9",2012,"","Agence Nationale de Réglementation des Télécommunications","Refers to completed local and domestic long distance fixed-telephone voice traffic"
56,"i131m","Domestic fixed-to-fixed telephone traffic",,"minutes",155,"MAR","Morocco","2.551058308E9",2013,"","Agence Nationale de Réglementation des Télécommunications","Refers to completed local and domestic long distance fixed-telephone voice traffic"
56,"i131m","Domestic fixed-to-fixed telephone traffic",,"minutes",155,"MAR","Morocco","2.201812987E9",2014,"","Agence Nationale de Réglementation des Télécommunications","Refers to completed local and domestic long distance fixed-telephone voice traffic"
56,"i131m","Domestic fixed-to-fixed telephone traffic",,"minutes",155,"MAR","Morocco","1.825610961E9",2015,"","Agence Nationale de Réglementation des Télécommunications","Refers to completed local and domestic long distance fixed-telephone voice traffic"
56,"i131m","Domestic fixed-to-fixed telephone traffic",,"minutes",155,"MAR","Morocco","1.555E9",2016,"","ANRT","Refers to completed local and domestic long distance fixed-telephone voice traffic"
56,"i131m","Domestic fixed-to-fixed telephone traffic",,"minutes",155,"MAR","Morocco","1.36E9",2017,"Valeur arrondie","ANRT","Refers to completed local and domestic long distance fixed-telephone voice traffic"
56,"i131m","Domestic fixed-to-fixed telephone traffic",,"minutes",155,"MAR","Morocco","1.029E9",2018,"Valeur arrondie","ANRT","Refers to completed local and domestic long distance fixed-telephone voice traffic"
56,"i131m","Domestic fixed-to-fixed telephone traffic",,"minutes",155,"MAR","Morocco","8.09E8",2019,"Valeur arrondie","Agence Nationale de Réglementation des Télécommunications","Refers to completed local and domestic long distance fixed-telephone voice traffic"
56,"i131m","Domestic fixed-to-fixed telephone traffic",,"minutes",155,"MAR","Morocco","7.12E8",2020,"Valeur arrondie","Agence Nationale de Réglementation des Télécommunications","Refers to completed local and domestic long distance fixed-telephone voice traffic"
56,"i131m","Domestic fixed-to-fixed telephone traffic",,"minutes",155,"MAR","Morocco","4.85E8",2021,"Rounded value","ANRT","Refers to completed local and domestic long distance fixed-telephone voice traffic"
56,"i131m","Domestic fixed-to-fixed telephone traffic",,"minutes",160,"MRT","Mauritania","1.754223E7",2006,"","","Refers to completed local and domestic long distance fixed-telephone voice traffic"
56,"i131m","Domestic fixed-to-fixed telephone traffic",,"minutes",160,"MRT","Mauritania","1.3382371E7",2007,"","","Refers to completed local and domestic long distance fixed-telephone voice traffic"
56,"i131m","Domestic fixed-to-fixed telephone traffic",,"minutes",160,"MRT","Mauritania","8669475.0",2008,"","","Refers to completed local and domestic long distance fixed-telephone voice traffic"
56,"i131m","Domestic fixed-to-fixed telephone traffic",,"minutes",160,"MRT","Mauritania","7182209.0",2009,"","Autorité de Régulation","Refers to completed local and domestic long distance fixed-telephone voice traffic"
56,"i131m","Domestic fixed-to-fixed telephone traffic",,"minutes",160,"MRT","Mauritania","1.605858E7",2011,"","Autorité de Régulation","Refers to completed local and domestic long distance fixed-telephone voice traffic"
56,"i131m","Domestic fixed-to-fixed telephone traffic",,"minutes",160,"MRT","Mauritania","1.5613903E7",2012,"","Autorité de Régulation","Refers to completed local and domestic long distance fixed-telephone voice traffic"
56,"i131m","Domestic fixed-to-fixed telephone traffic",,"minutes",160,"MRT","Mauritania","420525.0",2016,"","Autorité de Régulation","Refers to completed local and domestic long distance fixed-telephone voice traffic"
56,"i131m","Domestic fixed-to-fixed telephone traffic",,"minutes",160,"MRT","Mauritania","326938.0",2017,"","Autorité de Régulation","Refers to completed local and domestic long distance fixed-telephone voice traffic"
56,"i131m","Domestic fixed-to-fixed telephone traffic",,"minutes",160,"MRT","Mauritania","1440950.0",2018,"","Autorité de Régulation (ARE)","Refers to completed local and domestic long distance fixed-telephone voice traffic"
56,"i131m","Domestic fixed-to-fixed telephone traffic",,"minutes",160,"MRT","Mauritania","1456972.0",2019,"","Autorité de Régulation","Refers to completed local and domestic long distance fixed-telephone voice traffic"
56,"i131m","Domestic fixed-to-fixed telephone traffic",,"minutes",160,"MRT","Mauritania","1275776.0",2020,"","Autorité de Régulation","Refers to completed local and domestic long distance fixed-telephone voice traffic"
56,"i131m","Domestic fixed-to-fixed telephone traffic",,"minutes",160,"MRT","Mauritania","815485.0",2021,"","Autorité de Régulation","Refers to completed local and domestic long distance fixed-telephone voice traffic"
56,"i131m","Domestic fixed-to-fixed telephone traffic",,"minutes",161,"MWI","Malawi","1.7401324E7",2008,"","Malawi Communications Regulatory Authority","Refers to completed local and domestic long distance fixed-telephone voice traffic"
56,"i131m","Domestic fixed-to-fixed telephone traffic",,"minutes",161,"MWI","Malawi","1.7758986E7",2009,"","Malawi Communications Regulatory Authority","Refers to completed local and domestic long distance fixed-telephone voice traffic"
56,"i131m","Domestic fixed-to-fixed telephone traffic",,"minutes",161,"MWI","Malawi","2.4002155E7",2014,"","Malawi Communications Regulatory Authority","Refers to completed local and domestic long distance fixed-telephone voice traffic"
56,"i131m","Domestic fixed-to-fixed telephone traffic",,"minutes",161,"MWI","Malawi","1.798321E7",2016,"","Malawi communications regulatory authority","Refers to completed local and domestic long distance fixed-telephone voice traffic"
56,"i131m","Domestic fixed-to-fixed telephone traffic",,"minutes",161,"MWI","Malawi","3.3700451E7",2017,"","Malawi communications regulatory authority","Refers to completed local and domestic long distance fixed-telephone voice traffic"
56,"i131m","Domestic fixed-to-fixed telephone traffic",,"minutes",161,"MWI","Malawi","1066899.0",2018,"","Malawi Communication regulatory authority","Refers to completed local and domestic long distance fixed-telephone voice traffic"
56,"i131m","Domestic fixed-to-fixed telephone traffic",,"minutes",161,"MWI","Malawi","829408.0",2019,"","Malawi Communications Regulatory Authority","Refers to completed local and domestic long distance fixed-telephone voice traffic"
56,"i131m","Domestic fixed-to-fixed telephone traffic",,"minutes",161,"MWI","Malawi","513548.0",2020,"","Malawi Communications Regulatory Authority","Refers to completed local and domestic long distance fixed-telephone voice traffic"
56,"i131m","Domestic fixed-to-fixed telephone traffic",,"minutes",161,"MWI","Malawi","466861.0",2021,"","Malawi Communications Regulatory Authority","Refers to completed local and domestic long distance fixed-telephone voice traffic"
56,"i131m","Domestic fixed-to-fixed telephone traffic",,"minutes",163,"NIC","Nicaragua","8.8574516E7",2021,"","Instituto Nicaraguense de Telecomunicaciones y Correos","Refers to completed local and domestic long distance fixed-telephone voice traffic"
56,"i131m","Domestic fixed-to-fixed telephone traffic",,"minutes",164,"NCL","New Caledonia","5.786785E7",2015,"","Office des Postes et Télécommunications","Refers to completed local and domestic long distance fixed-telephone voice traffic"
56,"i131m","Domestic fixed-to-fixed telephone traffic",,"minutes",166,"NER","Niger","1.0255564E7",2000,"","","Refers to completed local and domestic long distance fixed-telephone voice traffic"
56,"i131m","Domestic fixed-to-fixed telephone traffic",,"minutes",166,"NER","Niger","5779618.0",2016,"","MPT-EN","Refers to completed local and domestic long distance fixed-telephone voice traffic"
56,"i131m","Domestic fixed-to-fixed telephone traffic",,"minutes",166,"NER","Niger","1718245.0",2017,"","MPT-EN","Refers to completed local and domestic long distance fixed-telephone voice traffic"
56,"i131m","Domestic fixed-to-fixed telephone traffic",,"minutes",167,"NGA","Nigeria","3.0697027298E9",2009,"","Nigerian Communications Commission","Refers to completed local and domestic long distance fixed-telephone voice traffic"
56,"i131m","Domestic fixed-to-fixed telephone traffic",,"minutes",167,"NGA","Nigeria","3.5014003601E9",2010,"","Nigerian Communications Commission","Refers to completed local and domestic long distance fixed-telephone voice traffic"
56,"i131m","Domestic fixed-to-fixed telephone traffic",,"minutes",167,"NGA","Nigeria","2.24394282543E9",2011,"","Nigerian Communications Commission","Refers to completed local and domestic long distance fixed-telephone voice traffic"
56,"i131m","Domestic fixed-to-fixed telephone traffic",,"minutes",167,"NGA","Nigeria","2.278835477E9",2012,"","Nigerian Communications Commission","Refers to completed local and domestic long distance fixed-telephone voice traffic"
56,"i131m","Domestic fixed-to-fixed telephone traffic",,"minutes",167,"NGA","Nigeria","1.35344587501E9",2013,"","Nigerian Communications Commission","Refers to completed local and domestic long distance fixed-telephone voice traffic"
56,"i131m","Domestic fixed-to-fixed telephone traffic",,"minutes",167,"NGA","Nigeria","4.01410337132E9",2014,"","Nigerian Communications Commission","Refers to completed local and domestic long distance fixed-telephone voice traffic"
56,"i131m","Domestic fixed-to-fixed telephone traffic",,"minutes",167,"NGA","Nigeria","1.06106269E8",2016,"","NIGERIAN COMMUNICATIONS COMMISSION","Refers to completed local and domestic long distance fixed-telephone voice traffic"
56,"i131m","Domestic fixed-to-fixed telephone traffic",,"minutes",167,"NGA","Nigeria","5.6029815E7",2017,"","NIGERIAN COMMUNICATIONS COMMISSION","Refers to completed local and domestic long distance fixed-telephone voice traffic"
56,"i131m","Domestic fixed-to-fixed telephone traffic",,"minutes",167,"NGA","Nigeria","5.6688186E7",2018,"","Nigerian Communications Commission","Refers to completed local and domestic long distance fixed-telephone voice traffic"
56,"i131m","Domestic fixed-to-fixed telephone traffic",,"minutes",167,"NGA","Nigeria","6.8649041E7",2019,"","Nigerian Communications Commission","Refers to completed local and domestic long distance fixed-telephone voice traffic"
56,"i131m","Domestic fixed-to-fixed telephone traffic",,"minutes",167,"NGA","Nigeria","7.4371513E7",2020,"","Nigerian Communications Commission","Refers to completed local and domestic long distance fixed-telephone voice traffic"
56,"i131m","Domestic fixed-to-fixed telephone traffic",,"minutes",167,"NGA","Nigeria","1.10865282E8",2021,"","Nigerian Communications Commission","Refers to completed local and domestic long distance fixed-telephone voice traffic"
56,"i131m","Domestic fixed-to-fixed telephone traffic",,"minutes",169,"NAM","Namibia","7.57257293E8",2000,"","","Refers to completed local and domestic long distance fixed-telephone voice traffic"
56,"i131m","Domestic fixed-to-fixed telephone traffic",,"minutes",169,"NAM","Namibia","2.17073933E8",2009,"","Communications Regulatory Authority of Namibia ","Refers to completed local and domestic long distance fixed-telephone voice traffic"
56,"i131m","Domestic fixed-to-fixed telephone traffic",,"minutes",169,"NAM","Namibia","2.01269418E8",2010,"","Communications Regulatory Authority of Namibia ","Refers to completed local and domestic long distance fixed-telephone voice traffic"
56,"i131m","Domestic fixed-to-fixed telephone traffic",,"minutes",169,"NAM","Namibia","1.82567822E8",2011,"","Communications Regulatory Authority of Namibia ","Refers to completed local and domestic long distance fixed-telephone voice traffic"
56,"i131m","Domestic fixed-to-fixed telephone traffic",,"minutes",169,"NAM","Namibia","2.07384878E8",2012,"","Communications Regulatory Authority of Namibia ","Refers to completed local and domestic long distance fixed-telephone voice traffic"
56,"i131m","Domestic fixed-to-fixed telephone traffic",,"minutes",169,"NAM","Namibia","1.10082525E8",2013,"","Communications Regulatory Authority of Namibia ","Refers to completed local and domestic long distance fixed-telephone voice traffic"
56,"i131m","Domestic fixed-to-fixed telephone traffic",,"minutes",169,"NAM","Namibia","1.26853581E8",2014,"","Communications Regulatory Authority of Namibia ","Refers to completed local and domestic long distance fixed-telephone voice traffic"
56,"i131m","Domestic fixed-to-fixed telephone traffic",,"minutes",169,"NAM","Namibia","1.03326618E8",2015,"","Communications Regulatory Authority of Namibia ","Refers to completed local and domestic long distance fixed-telephone voice traffic"
56,"i131m","Domestic fixed-to-fixed telephone traffic",,"minutes",169,"NAM","Namibia","9.3699001E7",2016,"","CRAN","Refers to completed local and domestic long distance fixed-telephone voice traffic"
56,"i131m","Domestic fixed-to-fixed telephone traffic",,"minutes",169,"NAM","Namibia","8.0731944E7",2017,"","CRAN","Refers to completed local and domestic long distance fixed-telephone voice traffic"
56,"i131m","Domestic fixed-to-fixed telephone traffic",,"minutes",169,"NAM","Namibia","6.7842617E7",2018,"","CRAN","Refers to completed local and domestic long distance fixed-telephone voice traffic"
56,"i131m","Domestic fixed-to-fixed telephone traffic",,"minutes",169,"NAM","Namibia","5.8704618E7",2019,"","Communications Regulatory Authority of Namibia ","Refers to completed local and domestic long distance fixed-telephone voice traffic"
56,"i131m","Domestic fixed-to-fixed telephone traffic",,"minutes",169,"NAM","Namibia","4.4951555E7",2020,"","Communications Regulatory Authority of Namibia ","Refers to completed local and domestic long distance fixed-telephone voice traffic"
56,"i131m","Domestic fixed-to-fixed telephone traffic",,"minutes",169,"NAM","Namibia","3.4744695E7",2021,"","Communications Regulatory Authority of Namibia ","Refers to completed local and domestic long distance fixed-telephone voice traffic"
56,"i131m","Domestic fixed-to-fixed telephone traffic",,"minutes",170,"NOR","Norway","2.4757673E10",2000,"","","Refers to completed local and domestic long distance fixed-telephone voice traffic"
56,"i131m","Domestic fixed-to-fixed telephone traffic",,"minutes",170,"NOR","Norway","2.3642124E10",2001,"","","Refers to completed local and domestic long distance fixed-telephone voice traffic"
56,"i131m","Domestic fixed-to-fixed telephone traffic",,"minutes",170,"NOR","Norway","7.751425E9",2007,"","Norwegian Post- and telecommunications Authority","Refers to completed local and domestic long distance fixed-telephone voice traffic"
56,"i131m","Domestic fixed-to-fixed telephone traffic",,"minutes",170,"NOR","Norway","6.112709E9",2008,"","Norwegian Post and Telecommunications Authority (NPT)","Refers to completed local and domestic long distance fixed-telephone voice traffic"
56,"i131m","Domestic fixed-to-fixed telephone traffic",,"minutes",170,"NOR","Norway","4.955822E9",2009,"Incl VoIP","Norwegian Post and Telecommunications Authority (NPT)","Refers to completed local and domestic long distance fixed-telephone voice traffic"
56,"i131m","Domestic fixed-to-fixed telephone traffic",,"minutes",170,"NOR","Norway","4.3217096E9",2010,"Incl VoIP","Norwegian Post and Telecommunications Authority (NPT)","Refers to completed local and domestic long distance fixed-telephone voice traffic"
56,"i131m","Domestic fixed-to-fixed telephone traffic",,"minutes",170,"NOR","Norway","3.59849152E9",2011,"Incl VoIP","Norwegian Post and Telecommunications Authority (NPT)","Refers to completed local and domestic long distance fixed-telephone voice traffic"
56,"i131m","Domestic fixed-to-fixed telephone traffic",,"minutes",170,"NOR","Norway","3.05416546E9",2012,"Incl VoIP","Norwegian Post and Telecommunications Authority (NPT)","Refers to completed local and domestic long distance fixed-telephone voice traffic"
56,"i131m","Domestic fixed-to-fixed telephone traffic",,"minutes",170,"NOR","Norway","2.496622818E9",2013,"","Norwegian Post and Telecommunications Authority (NPT)","Refers to completed local and domestic long distance fixed-telephone voice traffic"
56,"i131m","Domestic fixed-to-fixed telephone traffic",,"minutes",170,"NOR","Norway","1.951009194E9",2014,"","Norwegian Communications Authority","Refers to completed local and domestic long distance fixed-telephone voice traffic"
56,"i131m","Domestic fixed-to-fixed telephone traffic",,"minutes",170,"NOR","Norway","1.500024E9",2015,"","Norwegian Communications Authority","Refers to completed local and domestic long distance fixed-telephone voice traffic"
56,"i131m","Domestic fixed-to-fixed telephone traffic",,"minutes",170,"NOR","Norway","1.248667E9",2016,"","Norwegian Communication Authority","Refers to completed local and domestic long distance fixed-telephone voice traffic"
56,"i131m","Domestic fixed-to-fixed telephone traffic",,"minutes",170,"NOR","Norway","9.35655E8",2017,"","Norwegian Communication Authority","Refers to completed local and domestic long distance fixed-telephone voice traffic"
56,"i131m","Domestic fixed-to-fixed telephone traffic",,"minutes",170,"NOR","Norway","7.50935E8",2018,"","Norwegian Communication Authority","Refers to completed local and domestic long distance fixed-telephone voice traffic"
56,"i131m","Domestic fixed-to-fixed telephone traffic",,"minutes",170,"NOR","Norway","5.70972E8",2019,"","Norwegian Communication Authority","Refers to completed local and domestic long distance fixed-telephone voice traffic"
56,"i131m","Domestic fixed-to-fixed telephone traffic",,"minutes",171,"NPL","Nepal (Republic of)","1.65661E11",2006,"","","Refers to completed local and domestic long distance fixed-telephone voice traffic"
56,"i131m","Domestic fixed-to-fixed telephone traffic",,"minutes",173,"NZL","New Zealand","1.0182528504E10",2008,"","Ministry of Economic Development","Refers to completed local and domestic long distance fixed-telephone voice traffic"
56,"i131m","Domestic fixed-to-fixed telephone traffic",,"minutes",173,"NZL","New Zealand","1.005E10",2009,"","Ministry of Business, Innovation and Employment","Refers to completed local and domestic long distance fixed-telephone voice traffic"
56,"i131m","Domestic fixed-to-fixed telephone traffic",,"minutes",173,"NZL","New Zealand","9.369E9",2010,"","Ministry of Business, Innovation and Employment","Refers to completed local and domestic long distance fixed-telephone voice traffic"
56,"i131m","Domestic fixed-to-fixed telephone traffic",,"minutes",173,"NZL","New Zealand","8.974E9",2011,"","Ministry of Business, Innovation and Employment","Refers to completed local and domestic long distance fixed-telephone voice traffic"
56,"i131m","Domestic fixed-to-fixed telephone traffic",,"minutes",173,"NZL","New Zealand","8.481E9",2012,"","Ministry of Business, Innovation and Employment","Refers to completed local and domestic long distance fixed-telephone voice traffic"
56,"i131m","Domestic fixed-to-fixed telephone traffic",,"minutes",173,"NZL","New Zealand","7.021E9",2014,"","Ministry of Business, Innovation and Employment","Refers to completed local and domestic long distance fixed-telephone voice traffic"
56,"i131m","Domestic fixed-to-fixed telephone traffic",,"minutes",173,"NZL","New Zealand","6.35E9",2015,"","Ministry of Business, Innovation and Employment","Refers to completed local and domestic long distance fixed-telephone voice traffic"
56,"i131m","Domestic fixed-to-fixed telephone traffic",,"minutes",173,"NZL","New Zealand","5.8E9",2016,"","Ministry of Business, Innovation and Employment","Refers to completed local and domestic long distance fixed-telephone voice traffic"
56,"i131m","Domestic fixed-to-fixed telephone traffic",,"minutes",173,"NZL","New Zealand","4.05E9",2017,"","Ministry of Business, Innovation and Employment","Refers to completed local and domestic long distance fixed-telephone voice traffic"
56,"i131m","Domestic fixed-to-fixed telephone traffic",,"minutes",173,"NZL","New Zealand","2.038315E9",2019,"","Commerce Commission ","Refers to completed local and domestic long distance fixed-telephone voice traffic"
56,"i131m","Domestic fixed-to-fixed telephone traffic",,"minutes",173,"NZL","New Zealand","1.78829E9",2020,"","Commerce Commission ","Refers to completed local and domestic long distance fixed-telephone voice traffic"
56,"i131m","Domestic fixed-to-fixed telephone traffic",,"minutes",173,"NZL","New Zealand","1.482391E9",2021,"Only chargeable minutes are captured (ie, free local calling minutes are excluded).","Commerce Commission ","Refers to completed local and domestic long distance fixed-telephone voice traffic"
56,"i131m","Domestic fixed-to-fixed telephone traffic",,"minutes",175,"PYF","French Polynesia","1.42670649E8",2006,"","","Refers to completed local and domestic long distance fixed-telephone voice traffic"
56,"i131m","Domestic fixed-to-fixed telephone traffic",,"minutes",175,"PYF","French Polynesia","1.46232918E8",2007,"","Service des postes et télécommunications","Refers to completed local and domestic long distance fixed-telephone voice traffic"
56,"i131m","Domestic fixed-to-fixed telephone traffic",,"minutes",175,"PYF","French Polynesia","1.31391925E8",2008,"","Service des postes et télécommunications","Refers to completed local and domestic long distance fixed-telephone voice traffic"
56,"i131m","Domestic fixed-to-fixed telephone traffic",,"minutes",175,"PYF","French Polynesia","4.915262E7",2012,"","Service des Postes et Télécommunications","Refers to completed local and domestic long distance fixed-telephone voice traffic"
56,"i131m","Domestic fixed-to-fixed telephone traffic",,"minutes",175,"PYF","French Polynesia","4.1651951E7",2013,"","Service des Postes et Télécommunications","Refers to completed local and domestic long distance fixed-telephone voice traffic"
56,"i131m","Domestic fixed-to-fixed telephone traffic",,"minutes",175,"PYF","French Polynesia","3.6324146E7",2014,"","Service des Postes et Télécommunications","Refers to completed local and domestic long distance fixed-telephone voice traffic"
56,"i131m","Domestic fixed-to-fixed telephone traffic",,"minutes",175,"PYF","French Polynesia","3.2282654E7",2015,"","Direction générale de l'économie numérique (DGEN)","Refers to completed local and domestic long distance fixed-telephone voice traffic"
56,"i131m","Domestic fixed-to-fixed telephone traffic",,"minutes",175,"PYF","French Polynesia","2.9558183E7",2016,"","Direction Générale de l'Economie Numérique","Refers to completed local and domestic long distance fixed-telephone voice traffic"
56,"i131m","Domestic fixed-to-fixed telephone traffic",,"minutes",175,"PYF","French Polynesia","2.6290074E7",2017,"","Direction Générale de l'Economie Numérique","Refers to completed local and domestic long distance fixed-telephone voice traffic"
56,"i131m","Domestic fixed-to-fixed telephone traffic",,"minutes",175,"PYF","French Polynesia","2.3596273E7",2018,"","Direction Générale de l'Economie Numérique","Refers to completed local and domestic long distance fixed-telephone voice traffic"
56,"i131m","Domestic fixed-to-fixed telephone traffic",,"minutes",176,"OMN","Oman","3.73911451E8",2007,"","","Refers to completed local and domestic long distance fixed-telephone voice traffic"
56,"i131m","Domestic fixed-to-fixed telephone traffic",,"minutes",176,"OMN","Oman","3.63830352E8",2008,"","Telecommunications Regulatory Authority","Refers to completed local and domestic long distance fixed-telephone voice traffic"
56,"i131m","Domestic fixed-to-fixed telephone traffic",,"minutes",176,"OMN","Oman","3.25135997E8",2009,"","Telecommunication Regulatory Authority","Refers to completed local and domestic long distance fixed-telephone voice traffic"
56,"i131m","Domestic fixed-to-fixed telephone traffic",,"minutes",176,"OMN","Oman","3.02904961E8",2010,"","Telecommunication Regulatory Authority","Refers to completed local and domestic long distance fixed-telephone voice traffic"
56,"i131m","Domestic fixed-to-fixed telephone traffic",,"minutes",176,"OMN","Oman","2.5131756E8",2011,"","Telecommunication Regulatory Authority","Refers to completed local and domestic long distance fixed-telephone voice traffic"
56,"i131m","Domestic fixed-to-fixed telephone traffic",,"minutes",176,"OMN","Oman","2.03262856E8",2012,"","Telecommunication Regulatory Authority","Refers to completed local and domestic long distance fixed-telephone voice traffic"
56,"i131m","Domestic fixed-to-fixed telephone traffic",,"minutes",176,"OMN","Oman","1.68648835E8",2013,"","Telecommunication Regulatory Authority","Refers to completed local and domestic long distance fixed-telephone voice traffic"
56,"i131m","Domestic fixed-to-fixed telephone traffic",,"minutes",176,"OMN","Oman","1.53391621E8",2014,"","Telecommunication Regulatory Authority","Refers to completed local and domestic long distance fixed-telephone voice traffic"
56,"i131m","Domestic fixed-to-fixed telephone traffic",,"minutes",176,"OMN","Oman","1.4588632367E8",2015,"","Telecommunication Regulatory Authority","Refers to completed local and domestic long distance fixed-telephone voice traffic"
56,"i131m","Domestic fixed-to-fixed telephone traffic",,"minutes",176,"OMN","Oman","1.25686196E8",2016,"","Telecommunication Regulatory Authority","Refers to completed local and domestic long distance fixed-telephone voice traffic"
56,"i131m","Domestic fixed-to-fixed telephone traffic",,"minutes",176,"OMN","Oman","1.22033027E8",2017,"","Telecommunication Regulatory Authority","Refers to completed local and domestic long distance fixed-telephone voice traffic"
56,"i131m","Domestic fixed-to-fixed telephone traffic",,"minutes",176,"OMN","Oman","9.82406329E7",2018,"","Telecommunication Regulatory Authority","Refers to completed local and domestic long distance fixed-telephone voice traffic"
56,"i131m","Domestic fixed-to-fixed telephone traffic",,"minutes",176,"OMN","Oman","8.724971433E7",2019,"","Telecommunication Regulatory Authority","Refers to completed local and domestic long distance fixed-telephone voice traffic"
56,"i131m","Domestic fixed-to-fixed telephone traffic",,"minutes",176,"OMN","Oman","1.4789521E7",2020,"","Telecommunication Regulatory Authority","Refers to completed local and domestic long distance fixed-telephone voice traffic"
56,"i131m","Domestic fixed-to-fixed telephone traffic",,"minutes",176,"OMN","Oman","4.8510426E7",2021,"","Telecommunication Regulatory Authority","Refers to completed local and domestic long distance fixed-telephone voice traffic"
56,"i131m","Domestic fixed-to-fixed telephone traffic",,"minutes",182,"PAK","Pakistan","8.098750584E9",2007,"","Pakistan Telecommunication Authority (PTA).","Refers to completed local and domestic long distance fixed-telephone voice traffic"
56,"i131m","Domestic fixed-to-fixed telephone traffic",,"minutes",182,"PAK","Pakistan","8.839219775E9",2008,"","Pakistan Telecommunication Authority (PTA).","Refers to completed local and domestic long distance fixed-telephone voice traffic"
56,"i131m","Domestic fixed-to-fixed telephone traffic",,"minutes",182,"PAK","Pakistan","8.344407273E9",2009,"","Pakistan Telecommunication Authority (PTA).","Refers to completed local and domestic long distance fixed-telephone voice traffic"
56,"i131m","Domestic fixed-to-fixed telephone traffic",,"minutes",182,"PAK","Pakistan","7.423472525E9",2010,"","Pakistan Telecommunication Authority","Refers to completed local and domestic long distance fixed-telephone voice traffic"
56,"i131m","Domestic fixed-to-fixed telephone traffic",,"minutes",182,"PAK","Pakistan","6.466857809E9",2011,"As per data estimated from Fixed line operators","Pakistan Telecommunication Authority","Refers to completed local and domestic long distance fixed-telephone voice traffic"
56,"i131m","Domestic fixed-to-fixed telephone traffic",,"minutes",182,"PAK","Pakistan","7.319863796E9",2012,"As per data estimated from Fixed line operators","","Refers to completed local and domestic long distance fixed-telephone voice traffic"
56,"i131m","Domestic fixed-to-fixed telephone traffic",,"minutes",182,"PAK","Pakistan","7.165591908E9",2013,"As per data estimated from Fixed line operators","","Refers to completed local and domestic long distance fixed-telephone voice traffic"
56,"i131m","Domestic fixed-to-fixed telephone traffic",,"minutes",182,"PAK","Pakistan","6.693231001E9",2014,"Figures are for the period from 1st January, 2014 to 31st December, 2014 based on data received from Fixed line operators","","Refers to completed local and domestic long distance fixed-telephone voice traffic"
56,"i131m","Domestic fixed-to-fixed telephone traffic",,"minutes",182,"PAK","Pakistan","5.135581623E9",2015,"Figures are for the period from 1st January, 2015 to 31st December, 2015 based on data received from Fixed line operators","Pakistan Telecommunication Authority","Refers to completed local and domestic long distance fixed-telephone voice traffic"
56,"i131m","Domestic fixed-to-fixed telephone traffic",,"minutes",182,"PAK","Pakistan","3.673619564E9",2016,"Figures are for the period from 1st January, 2016 to 31st December, 2016 based on data received from Fixed line operators","Pakistan Telecommunication Authority","Refers to completed local and domestic long distance fixed-telephone voice traffic"
56,"i131m","Domestic fixed-to-fixed telephone traffic",,"minutes",182,"PAK","Pakistan","2.927336E9",2017,"Figures are for the period from 1st January, 2017 to 31st December, 2017 based on data received from Fixed line operators","Pakistan Telecommunication Authority","Refers to completed local and domestic long distance fixed-telephone voice traffic"
56,"i131m","Domestic fixed-to-fixed telephone traffic",,"minutes",182,"PAK","Pakistan","1.844343089E9",2018,"Figures are for the period from 1st January, 2018 to 31st December, 2018 based on data received from Fixed line operators","Pakistan Telecommunication Authoriity","Refers to completed local and domestic long distance fixed-telephone voice traffic"
56,"i131m","Domestic fixed-to-fixed telephone traffic",,"minutes",182,"PAK","Pakistan","9.3626751E8",2019,"Figures are for the period from 1st January, 2019 to 31st December, 2019 based on data received from Fixed line operators- FLL & WLL","Pakistan Telecommunication Authority","Refers to completed local and domestic long distance fixed-telephone voice traffic"
56,"i131m","Domestic fixed-to-fixed telephone traffic",,"minutes",182,"PAK","Pakistan","3.57765606E8",2020,"Figures are for the period from 1st January, 2020 to 31st December, 2020 based on data received from Fixed line operators- FLL & WLL","Pakistan Telecommunication Authority","Refers to completed local and domestic long distance fixed-telephone voice traffic"
56,"i131m","Domestic fixed-to-fixed telephone traffic",,"minutes",182,"PAK","Pakistan","4.20862433E8",2021,"Figures are for the period from 1st January, 2021 to 31st December, 2021 based on data received from Fixed line operators- FLL & WLL","Pakistan Telecommunication Authority","Refers to completed local and domestic long distance fixed-telephone voice traffic"
56,"i131m","Domestic fixed-to-fixed telephone traffic",,"minutes",184,"PHL","Philippines","3.872373255E9",2008,"","NATIONAL TELECOMMUNICATIONS COMMISSION","Refers to completed local and domestic long distance fixed-telephone voice traffic"
56,"i131m","Domestic fixed-to-fixed telephone traffic",,"minutes",184,"PHL","Philippines","3.914321748E9",2009,"","NATIONAL TELECOMMUNICATIONS COMMISSION","Refers to completed local and domestic long distance fixed-telephone voice traffic"
56,"i131m","Domestic fixed-to-fixed telephone traffic",,"minutes",188,"PNG","Papua New Guinea","3.77E7",2000,"","","Refers to completed local and domestic long distance fixed-telephone voice traffic"
56,"i131m","Domestic fixed-to-fixed telephone traffic",,"minutes",189,"PAN","Panama","2.512479972E9",2006,"","","Refers to completed local and domestic long distance fixed-telephone voice traffic"
56,"i131m","Domestic fixed-to-fixed telephone traffic",,"minutes",189,"PAN","Panama","2.213119643E9",2007,"","Autoridad Nacional de los Servicios Públicos","Refers to completed local and domestic long distance fixed-telephone voice traffic"
56,"i131m","Domestic fixed-to-fixed telephone traffic",,"minutes",189,"PAN","Panama","2.423910516E9",2008,"","Autoridad Nacional de los Servicios Públicos (ASEP)","Refers to completed local and domestic long distance fixed-telephone voice traffic"
56,"i131m","Domestic fixed-to-fixed telephone traffic",,"minutes",189,"PAN","Panama","1.913129089E9",2009,"","Autoridad Nacional de los Servicios Públicos (ASEP)","Refers to completed local and domestic long distance fixed-telephone voice traffic"
56,"i131m","Domestic fixed-to-fixed telephone traffic",,"minutes",189,"PAN","Panama","1.914382248E9",2010,"","Autoridad Nacional de los Servicios Públicos (ASEP)","Refers to completed local and domestic long distance fixed-telephone voice traffic"
56,"i131m","Domestic fixed-to-fixed telephone traffic",,"minutes",189,"PAN","Panama","2.988290844E9",2011,"","Autoridad Nacional de los Servicios Públicos (ASEP)","Refers to completed local and domestic long distance fixed-telephone voice traffic"
56,"i131m","Domestic fixed-to-fixed telephone traffic",,"minutes",189,"PAN","Panama","1.43678959E9",2012,"","Autoridad Nacional de los Servicios Públicos (ASEP)","Refers to completed local and domestic long distance fixed-telephone voice traffic"
56,"i131m","Domestic fixed-to-fixed telephone traffic",,"minutes",189,"PAN","Panama","1.312327025E9",2013,"","Autoridad Nacional de los Servicios Públicos (ASEP)","Refers to completed local and domestic long distance fixed-telephone voice traffic"
56,"i131m","Domestic fixed-to-fixed telephone traffic",,"minutes",189,"PAN","Panama","1.294378537E9",2014,"","Autoridad Nacional de los Servicios Públicos (ASEP)","Refers to completed local and domestic long distance fixed-telephone voice traffic"
56,"i131m","Domestic fixed-to-fixed telephone traffic",,"minutes",189,"PAN","Panama","1.184818033E9",2015,"","Autoridad Nacional de los Servicios Públicos (ASEP)","Refers to completed local and domestic long distance fixed-telephone voice traffic"
56,"i131m","Domestic fixed-to-fixed telephone traffic",,"minutes",189,"PAN","Panama","1.084077399E9",2016,"","Autoridad Nacional de los Servicios Públicos","Refers to completed local and domestic long distance fixed-telephone voice traffic"
56,"i131m","Domestic fixed-to-fixed telephone traffic",,"minutes",189,"PAN","Panama","8.57772488E8",2017,"","Autoridad Nacional de los Servicios Públicos","Refers to completed local and domestic long distance fixed-telephone voice traffic"
56,"i131m","Domestic fixed-to-fixed telephone traffic",,"minutes",189,"PAN","Panama","7.70956018E8",2018,"","Autoridad Nacional de los Servicios Publicos","Refers to completed local and domestic long distance fixed-telephone voice traffic"
56,"i131m","Domestic fixed-to-fixed telephone traffic",,"minutes",189,"PAN","Panama","6.796527E8",2019,"","Autoridad Nacional de los Servicios Públicos (ASEP)","Refers to completed local and domestic long distance fixed-telephone voice traffic"
56,"i131m","Domestic fixed-to-fixed telephone traffic",,"minutes",189,"PAN","Panama","6.86785793E8",2020,"cifras reales","Autoridad Nacional de los Servicios Públicos (ASEP)","Refers to completed local and domestic long distance fixed-telephone voice traffic"
56,"i131m","Domestic fixed-to-fixed telephone traffic",,"minutes",189,"PAN","Panama","7.26714134E8",2021,"cifras estimadas","Autoridad Nacional de los Servicios Públicos (ASEP)","Refers to completed local and domestic long distance fixed-telephone voice traffic"
56,"i131m","Domestic fixed-to-fixed telephone traffic",,"minutes",190,"POL","Poland","3.635158077E10",2001,"","","Refers to completed local and domestic long distance fixed-telephone voice traffic"
56,"i131m","Domestic fixed-to-fixed telephone traffic",,"minutes",190,"POL","Poland","2.6162439519E10",2005,"","","Refers to completed local and domestic long distance fixed-telephone voice traffic"
56,"i131m","Domestic fixed-to-fixed telephone traffic",,"minutes",190,"POL","Poland","2.2273017937E10",2006,"","","Refers to completed local and domestic long distance fixed-telephone voice traffic"
56,"i131m","Domestic fixed-to-fixed telephone traffic",,"minutes",190,"POL","Poland","1.9141312471E10",2007,"","Office of Electronic Communications","Refers to completed local and domestic long distance fixed-telephone voice traffic"
56,"i131m","Domestic fixed-to-fixed telephone traffic",,"minutes",190,"POL","Poland","1.6961175599E10",2008,"","Office of Electronic Communications","Refers to completed local and domestic long distance fixed-telephone voice traffic"
56,"i131m","Domestic fixed-to-fixed telephone traffic",,"minutes",190,"POL","Poland","1.4849346123E10",2009,"","Office of Electronic Communications","Refers to completed local and domestic long distance fixed-telephone voice traffic"
56,"i131m","Domestic fixed-to-fixed telephone traffic",,"minutes",190,"POL","Poland","1.3272512338E10",2010,"","Office of Electronic Communications","Refers to completed local and domestic long distance fixed-telephone voice traffic"
56,"i131m","Domestic fixed-to-fixed telephone traffic",,"minutes",190,"POL","Poland","1.1746411045E10",2011,"","Office of Electronic Communications","Refers to completed local and domestic long distance fixed-telephone voice traffic"
56,"i131m","Domestic fixed-to-fixed telephone traffic",,"minutes",190,"POL","Poland","1.0389323537E10",2012,"","Office of Electronic Communications","Refers to completed local and domestic long distance fixed-telephone voice traffic"
56,"i131m","Domestic fixed-to-fixed telephone traffic",,"minutes",190,"POL","Poland","9.014743508E9",2013,"","Office of Electronic Communications","Refers to completed local and domestic long distance fixed-telephone voice traffic"
56,"i131m","Domestic fixed-to-fixed telephone traffic",,"minutes",190,"POL","Poland","7.769861688E9",2014,"","Office of Electronic Communications","Refers to completed local and domestic long distance fixed-telephone voice traffic"
56,"i131m","Domestic fixed-to-fixed telephone traffic",,"minutes",190,"POL","Poland","6.510058572E9",2015,"","Office of Electronic Communications","Refers to completed local and domestic long distance fixed-telephone voice traffic"
56,"i131m","Domestic fixed-to-fixed telephone traffic",,"minutes",190,"POL","Poland","5.46212116E9",2016,"","Office of Electronic Communications","Refers to completed local and domestic long distance fixed-telephone voice traffic"
56,"i131m","Domestic fixed-to-fixed telephone traffic",,"minutes",190,"POL","Poland","4.47136819E9",2017,"","Office of Electronic Communications","Refers to completed local and domestic long distance fixed-telephone voice traffic"
56,"i131m","Domestic fixed-to-fixed telephone traffic",,"minutes",190,"POL","Poland","3.149583622E9",2018,"","Office of Electronic Communications","Refers to completed local and domestic long distance fixed-telephone voice traffic"
56,"i131m","Domestic fixed-to-fixed telephone traffic",,"minutes",190,"POL","Poland","4.152381074E9",2019,"Data corrected - September 2022##Domestic fixed telephone traffic excluding VoIP","Office of Electronic Communications","Refers to completed local and domestic long distance fixed-telephone voice traffic"
56,"i131m","Domestic fixed-to-fixed telephone traffic",,"minutes",190,"POL","Poland","4.181876606E9",2020,"Data corrected - September 2022##Domestic fixed telephone traffic excluding VoIP","Office of Electronic Communications","Refers to completed local and domestic long distance fixed-telephone voice traffic"
56,"i131m","Domestic fixed-to-fixed telephone traffic",,"minutes",190,"POL","Poland","3.717306E9",2021,"Domestic fixed telephone traffic excluding VoIP","Office of Electronic Communications","Refers to completed local and domestic long distance fixed-telephone voice traffic"
56,"i131m","Domestic fixed-to-fixed telephone traffic",,"minutes",191,"PRT","Portugal","1.4605915E10",2000,"","","Refers to completed local and domestic long distance fixed-telephone voice traffic"
56,"i131m","Domestic fixed-to-fixed telephone traffic",,"minutes",191,"PRT","Portugal","1.5255152732E10",2001,"","","Refers to completed local and domestic long distance fixed-telephone voice traffic"
56,"i131m","Domestic fixed-to-fixed telephone traffic",,"minutes",191,"PRT","Portugal","6.217014878E9",2007,"","ANACOM","Refers to completed local and domestic long distance fixed-telephone voice traffic"
56,"i131m","Domestic fixed-to-fixed telephone traffic",,"minutes",191,"PRT","Portugal","6.101064449E9",2008,"","ANACOM","Refers to completed local and domestic long distance fixed-telephone voice traffic"
56,"i131m","Domestic fixed-to-fixed telephone traffic",,"minutes",191,"PRT","Portugal","6.222485079E9",2009,"","Autoridade Nacional de Comunicaçőes","Refers to completed local and domestic long distance fixed-telephone voice traffic"
56,"i131m","Domestic fixed-to-fixed telephone traffic",,"minutes",191,"PRT","Portugal","6.4114408E9",2010,"","Autoridade Nacional de Comunicaçőes","Refers to completed local and domestic long distance fixed-telephone voice traffic"
56,"i131m","Domestic fixed-to-fixed telephone traffic",,"minutes",191,"PRT","Portugal","6.515572752E9",2011,"Calls to short and non-geographic numbers are excluded. Calls from calling cards are also excluded.","Autoridade Nacional de Comunicaçőes","Refers to completed local and domestic long distance fixed-telephone voice traffic"
56,"i131m","Domestic fixed-to-fixed telephone traffic",,"minutes",191,"PRT","Portugal","6.674869788E9",2012,"Calls to short and non-geographic numbers are excluded. Calls from calling cards are also excluded.","Autoridade Nacional de Comunicaçőes","Refers to completed local and domestic long distance fixed-telephone voice traffic"
56,"i131m","Domestic fixed-to-fixed telephone traffic",,"minutes",191,"PRT","Portugal","6.622490304E9",2013,"Calls to short and non-geographic numbers are excluded. Calls from calling cards are also excluded.","Autoridade Nacional de Comunicaçőes","Refers to completed local and domestic long distance fixed-telephone voice traffic"
56,"i131m","Domestic fixed-to-fixed telephone traffic",,"minutes",191,"PRT","Portugal","5.995652185E9",2014,"Calls to short and non-geographic numbers are excluded. Calls from calling cards are also excluded.","Autoridade Nacional de Comunicaçőes","Refers to completed local and domestic long distance fixed-telephone voice traffic"
56,"i131m","Domestic fixed-to-fixed telephone traffic",,"minutes",191,"PRT","Portugal","4.92916397E9",2015,"Calls to short and non-geographic numbers are excluded. Calls from calling cards are also excluded.","Autoridade Nacional de Comunicaçőes","Refers to completed local and domestic long distance fixed-telephone voice traffic"
56,"i131m","Domestic fixed-to-fixed telephone traffic",,"minutes",191,"PRT","Portugal","4.540024886E9",2016,"Calls to short and non-geographic numbers are excluded. Calls from calling cards are also excluded.","ANACOM","Refers to completed local and domestic long distance fixed-telephone voice traffic"
56,"i131m","Domestic fixed-to-fixed telephone traffic",,"minutes",191,"PRT","Portugal","3.899717209E9",2017,"Calls to short and non-geographic numbers are excluded. Calls from calling cards are also excluded.","ANACOM","Refers to completed local and domestic long distance fixed-telephone voice traffic"
56,"i131m","Domestic fixed-to-fixed telephone traffic",,"minutes",191,"PRT","Portugal","3.429945946E9",2018,"Calls to short and non-geographic numbers are excluded. Calls from calling cards are also excluded.","ANACOM","Refers to completed local and domestic long distance fixed-telephone voice traffic"
56,"i131m","Domestic fixed-to-fixed telephone traffic",,"minutes",191,"PRT","Portugal","2.930625622E9",2019,"Calls to short and non-geographic numbers are excluded. Calls from calling cards are also excluded.","Autoridade Nacional de Comunicaçőes","Refers to completed local and domestic long distance fixed-telephone voice traffic"
56,"i131m","Domestic fixed-to-fixed telephone traffic",,"minutes",191,"PRT","Portugal","3.146439713E9",2020,"Calls to short and non-geographic numbers are excluded. Calls from calling cards are also excluded.##Revised.","Autoridade Nacional de Comunicaçőes","Refers to completed local and domestic long distance fixed-telephone voice traffic"
56,"i131m","Domestic fixed-to-fixed telephone traffic",,"minutes",191,"PRT","Portugal","2.723694716E9",2021,"Calls to short and non-geographic numbers are excluded. Calls from calling cards are also excluded.","Autoridade Nacional de Comunicaçőes","Refers to completed local and domestic long distance fixed-telephone voice traffic"
56,"i131m","Domestic fixed-to-fixed telephone traffic",,"minutes",192,"PRY","Paraguay","1.1459779457E10",2001,"","","Refers to completed local and domestic long distance fixed-telephone voice traffic"
56,"i131m","Domestic fixed-to-fixed telephone traffic",,"minutes",192,"PRY","Paraguay","1.063607957E9",2010,"Data expressed in impulsos. In peak hours, 1 impulso = 1 minute, off-peak, 1 impulso = 1.75 minutes.","Comisión Nacional de Telecomunicaciones","Refers to completed local and domestic long distance fixed-telephone voice traffic"
56,"i131m","Domestic fixed-to-fixed telephone traffic",,"minutes",192,"PRY","Paraguay","1.24677862E9",2011,"","Comisión Nacional de Telecomunicaciones","Refers to completed local and domestic long distance fixed-telephone voice traffic"
56,"i131m","Domestic fixed-to-fixed telephone traffic",,"minutes",192,"PRY","Paraguay","9.14383905E8",2013,"","Comisión Nacional de Telecomunicaciones - CONATEL","Refers to completed local and domestic long distance fixed-telephone voice traffic"
56,"i131m","Domestic fixed-to-fixed telephone traffic",,"minutes",192,"PRY","Paraguay","7.48373944E8",2014,"","Comisión Nacional de Telecomunicaciones - CONATEL","Refers to completed local and domestic long distance fixed-telephone voice traffic"
56,"i131m","Domestic fixed-to-fixed telephone traffic",,"minutes",192,"PRY","Paraguay","6.27639725E8",2015,"","Comisión Nacional de Telecomunicaciones - CONATEL","Refers to completed local and domestic long distance fixed-telephone voice traffic"
56,"i131m","Domestic fixed-to-fixed telephone traffic",,"minutes",192,"PRY","Paraguay","4.88162605E8",2017,"","Comisión Nacional de Telecomunicaciones - CONATEL","Refers to completed local and domestic long distance fixed-telephone voice traffic"
56,"i131m","Domestic fixed-to-fixed telephone traffic",,"minutes",192,"PRY","Paraguay","2.21984038E8",2019,"","Comisión Nacional de Telecomunicaciones - CONATEL","Refers to completed local and domestic long distance fixed-telephone voice traffic"
56,"i131m","Domestic fixed-to-fixed telephone traffic",,"minutes",192,"PRY","Paraguay","1.41311336E8",2020,"","Comisión Nacional de Telecomunicaciones - CONATEL","Refers to completed local and domestic long distance fixed-telephone voice traffic"
56,"i131m","Domestic fixed-to-fixed telephone traffic",,"minutes",192,"PRY","Paraguay","1.12569497E8",2021,"","Comisión Nacional de Telecomunicaciones - CONATEL","Refers to completed local and domestic long distance fixed-telephone voice traffic"
56,"i131m","Domestic fixed-to-fixed telephone traffic",,"minutes",193,"PER","Peru","7.568101E9",2000,"","","Refers to completed local and domestic long distance fixed-telephone voice traffic"
56,"i131m","Domestic fixed-to-fixed telephone traffic",,"minutes",193,"PER","Peru","3.188045963E9",2015,"","OSIPTEL","Refers to completed local and domestic long distance fixed-telephone voice traffic"
56,"i131m","Domestic fixed-to-fixed telephone traffic",,"minutes",193,"PER","Peru","1.108944293E9",2019,"Tráfico facturado de fijo a fijo, corresponde al tiempo de comunicación de voz facturado expresado en minutos reales de comunicación, sin incluir cargo por establecimiento de llamada. Corresponde al número de minutos acumulados de la duración real de las llamadas, que fueron facturados y originados en la red fija de abonados de las empresas operadoras. Fuente - Osiptel.","Ministerio de Transportes y Comunicaciones","Refers to completed local and domestic long distance fixed-telephone voice traffic"
56,"i131m","Domestic fixed-to-fixed telephone traffic",,"minutes",193,"PER","Peru","7.23453847E8",2020,"Tráfico facturado de fijo a fijo, corresponde al tiempo de comunicación de voz facturado expresado en minutos reales de comunicación, sin incluir cargo por establecimiento de llamada. Corresponde al número de minutos acumulados de la duración real de las llamadas, que fueron facturados y originados en la red fija de abonados de las empresas operadoras. Fuente - Osiptel.","Ministerio de Transportes y Comunicaciones","Refers to completed local and domestic long distance fixed-telephone voice traffic"
56,"i131m","Domestic fixed-to-fixed telephone traffic",,"minutes",193,"PER","Peru","5.77001052E8",2021,"Tráfico facturado de fijo a fijo, corresponde al tiempo de comunicación de voz facturado expresado en minutos reales de comunicación, sin incluir cargo por establecimiento de llamada. Corresponde al número de minutos acumulados de la duración real de las llamadas, que fueron facturados y originados en la red fija de abonados de las empresas operadoras. Fuente - Osiptel.","OSIPTEL
","Refers to completed local and domestic long distance fixed-telephone voice traffic"
56,"i131m","Domestic fixed-to-fixed telephone traffic",,"minutes",196,"QAT","Qatar","2.323700867E9",2000,"","","Refers to completed local and domestic long distance fixed-telephone voice traffic"
56,"i131m","Domestic fixed-to-fixed telephone traffic",,"minutes",196,"QAT","Qatar","2.458950381E9",2001,"","","Refers to completed local and domestic long distance fixed-telephone voice traffic"
56,"i131m","Domestic fixed-to-fixed telephone traffic",,"minutes",200,"ROU","Romania","7.161945767E9",2005,"","","Refers to completed local and domestic long distance fixed-telephone voice traffic"
56,"i131m","Domestic fixed-to-fixed telephone traffic",,"minutes",200,"ROU","Romania","7.06904018E9",2006,"","","Refers to completed local and domestic long distance fixed-telephone voice traffic"
56,"i131m","Domestic fixed-to-fixed telephone traffic",,"minutes",200,"ROU","Romania","6.626E9",2007,"","ANCOM","Refers to completed local and domestic long distance fixed-telephone voice traffic"
56,"i131m","Domestic fixed-to-fixed telephone traffic",,"minutes",200,"ROU","Romania","7.052E9",2008,"","ANCOM","Refers to completed local and domestic long distance fixed-telephone voice traffic"
56,"i131m","Domestic fixed-to-fixed telephone traffic",,"minutes",200,"ROU","Romania","6.094E9",2009,"","National Authority for Management and Regulation in Communications of Romania","Refers to completed local and domestic long distance fixed-telephone voice traffic"
56,"i131m","Domestic fixed-to-fixed telephone traffic",,"minutes",200,"ROU","Romania","5.517E9",2010,"","National Authority for Management and Regulation in Communications of Romania","Refers to completed local and domestic long distance fixed-telephone voice traffic"
56,"i131m","Domestic fixed-to-fixed telephone traffic",,"minutes",200,"ROU","Romania","4.539E9",2011,"","National Authority for Management and Regulation in Communications of Romania","Refers to completed local and domestic long distance fixed-telephone voice traffic"
56,"i131m","Domestic fixed-to-fixed telephone traffic",,"minutes",200,"ROU","Romania","3.97E9",2012,"","National Authority for Management and Regulation in Communications of Romania","Refers to completed local and domestic long distance fixed-telephone voice traffic"
56,"i131m","Domestic fixed-to-fixed telephone traffic",,"minutes",200,"ROU","Romania","3.505E9",2013,"","National Authority for Management and Regulation in Communications of Romania","Refers to completed local and domestic long distance fixed-telephone voice traffic"
56,"i131m","Domestic fixed-to-fixed telephone traffic",,"minutes",200,"ROU","Romania","3.032E9",2014,"","National Authority for Management and Regulation in Communications of Romania","Refers to completed local and domestic long distance fixed-telephone voice traffic"
56,"i131m","Domestic fixed-to-fixed telephone traffic",,"minutes",200,"ROU","Romania","2.51E9",2015,"","National Authority for Management and Regulation in Communications","Refers to completed local and domestic long distance fixed-telephone voice traffic"
56,"i131m","Domestic fixed-to-fixed telephone traffic",,"minutes",200,"ROU","Romania","2.091E9",2016,"","National Authority for Management and Regulation in Communications","Refers to completed local and domestic long distance fixed-telephone voice traffic"
56,"i131m","Domestic fixed-to-fixed telephone traffic",,"minutes",200,"ROU","Romania","1.712E9",2017,"","ANCOM","Refers to completed local and domestic long distance fixed-telephone voice traffic"
56,"i131m","Domestic fixed-to-fixed telephone traffic",,"minutes",200,"ROU","Romania","1.36E9",2018,"","ANCOM","Refers to completed local and domestic long distance fixed-telephone voice traffic"
56,"i131m","Domestic fixed-to-fixed telephone traffic",,"minutes",200,"ROU","Romania","1.052E9",2019,"","National Authority for Management and Regulation in Communications","Refers to completed local and domestic long distance fixed-telephone voice traffic"
56,"i131m","Domestic fixed-to-fixed telephone traffic",,"minutes",200,"ROU","Romania","1.007E9",2020,"","National Authority for Management and Regulation in Communications","Refers to completed local and domestic long distance fixed-telephone voice traffic"
56,"i131m","Domestic fixed-to-fixed telephone traffic",,"minutes",200,"ROU","Romania","7.77E8",2021,"","National Authority for Management and Regulation in Communications","Refers to completed local and domestic long distance fixed-telephone voice traffic"
56,"i131m","Domestic fixed-to-fixed telephone traffic",,"minutes",201,"RWA","Rwanda","2.2898063E7",2005,"Jan to Sept.","Rwanda Information Technology Authority. Rwanda Information Technology Authority. Rwanda Information Technology Authority.","Refers to completed local and domestic long distance fixed-telephone voice traffic"
56,"i131m","Domestic fixed-to-fixed telephone traffic",,"minutes",201,"RWA","Rwanda","6995653.0",2009,"Rwandatel onnet fixed calls","Agence Rwandaise de Régulation des Services d'Utilité Publique (RURA)","Refers to completed local and domestic long distance fixed-telephone voice traffic"
56,"i131m","Domestic fixed-to-fixed telephone traffic",,"minutes",201,"RWA","Rwanda","6696895.0",2010,"Rwandatel onnet fixed calls","Agence Rwandaise de Régulation des Services d'Utilité Publique (RURA)","Refers to completed local and domestic long distance fixed-telephone voice traffic"
56,"i131m","Domestic fixed-to-fixed telephone traffic",,"minutes",201,"RWA","Rwanda","1.299633E7",2011,"","Rwanda Utilities Regulatory Agency (RURA)","Refers to completed local and domestic long distance fixed-telephone voice traffic"
56,"i131m","Domestic fixed-to-fixed telephone traffic",,"minutes",201,"RWA","Rwanda","551600.0",2013,"","Rwanda Utilities Regulatory Authority (RURA)","Refers to completed local and domestic long distance fixed-telephone voice traffic"
56,"i131m","Domestic fixed-to-fixed telephone traffic",,"minutes",201,"RWA","Rwanda","459835.0",2014,"","RURA.","Refers to completed local and domestic long distance fixed-telephone voice traffic"
56,"i131m","Domestic fixed-to-fixed telephone traffic",,"minutes",201,"RWA","Rwanda","273635.0",2015,"","Rwanda Utilities Regulatory Authority (RURA)","Refers to completed local and domestic long distance fixed-telephone voice traffic"
56,"i131m","Domestic fixed-to-fixed telephone traffic",,"minutes",201,"RWA","Rwanda","143847.0",2016,"As the number of Fixed Telephones decreases traffic also follows.","Rwanda Utilities Regulatory Authority","Refers to completed local and domestic long distance fixed-telephone voice traffic"
56,"i131m","Domestic fixed-to-fixed telephone traffic",,"minutes",201,"RWA","Rwanda","662886.0",2017,"","Rwanda Utilities Regulatory Authority (RURA)","Refers to completed local and domestic long distance fixed-telephone voice traffic"
56,"i131m","Domestic fixed-to-fixed telephone traffic",,"minutes",201,"RWA","Rwanda","903958.0",2018,"","Rwanda Utilities Regulatory Authority (RURA)","Refers to completed local and domestic long distance fixed-telephone voice traffic"
56,"i131m","Domestic fixed-to-fixed telephone traffic",,"minutes",201,"RWA","Rwanda","1318584.0",2019,"","Rwanda Utilities Regulatory Authority (RURA)","Refers to completed local and domestic long distance fixed-telephone voice traffic"
56,"i131m","Domestic fixed-to-fixed telephone traffic",,"minutes",201,"RWA","Rwanda","2941869.0",2020,"","Rwanda Utilities Regulatory Authority (RURA)","Refers to completed local and domestic long distance fixed-telephone voice traffic"
56,"i131m","Domestic fixed-to-fixed telephone traffic",,"minutes",201,"RWA","Rwanda","24567.0",2021,"There was a decrease compared to the minutes reported in the previous years.","Rwanda Utilities Regulatory Authority (RURA)","Refers to completed local and domestic long distance fixed-telephone voice traffic"
56,"i131m","Domestic fixed-to-fixed telephone traffic",,"minutes",202,"RUS","Russian Federation","1.33599083E11",2009,"","Ministry of Telecom and Mass Communications of the Russian Federation","Refers to completed local and domestic long distance fixed-telephone voice traffic"
56,"i131m","Domestic fixed-to-fixed telephone traffic",,"minutes",202,"RUS","Russian Federation","1.3041644E11",2010,"","Ministry of Telecom and Mass Communications of the Russian Federation","Refers to completed local and domestic long distance fixed-telephone voice traffic"
56,"i131m","Domestic fixed-to-fixed telephone traffic",,"minutes",202,"RUS","Russian Federation","1.2341554E11",2011,"","Ministry of Telecom and Mass Communications of the Russian Federation","Refers to completed local and domestic long distance fixed-telephone voice traffic"
56,"i131m","Domestic fixed-to-fixed telephone traffic",,"minutes",202,"RUS","Russian Federation","1.10741069E11",2012,"","Ministry of Telecom and Mass Communications of the Russian Federation","Refers to completed local and domestic long distance fixed-telephone voice traffic"
56,"i131m","Domestic fixed-to-fixed telephone traffic",,"minutes",202,"RUS","Russian Federation","9.6785089E10",2013,"","Ministry of Telecom and Mass Communications of the Russian Federation","Refers to completed local and domestic long distance fixed-telephone voice traffic"
56,"i131m","Domestic fixed-to-fixed telephone traffic",,"minutes",202,"RUS","Russian Federation","8.2140324E10",2014,"","Ministry of Telecom and Mass Communications of the Russian Federation","Refers to completed local and domestic long distance fixed-telephone voice traffic"
56,"i131m","Domestic fixed-to-fixed telephone traffic",,"minutes",202,"RUS","Russian Federation","6.8063748E10",2015,"","Ministry of Telecom and Mass Communications of the Russian Federation","Refers to completed local and domestic long distance fixed-telephone voice traffic"
56,"i131m","Domestic fixed-to-fixed telephone traffic",,"minutes",202,"RUS","Russian Federation","5.7441716E10",2016,"","Ministry of Digital Development, Communications and Mass Media of the Russian Federation","Refers to completed local and domestic long distance fixed-telephone voice traffic"
56,"i131m","Domestic fixed-to-fixed telephone traffic",,"minutes",202,"RUS","Russian Federation","4.857837E10",2017,"","Ministry of Digital Development, Communictions and Mass Media of the Russian Federation","Refers to completed local and domestic long distance fixed-telephone voice traffic"
56,"i131m","Domestic fixed-to-fixed telephone traffic",,"minutes",202,"RUS","Russian Federation","4.1468754E10",2018,"","Ministry of Digital Development, Communictions and Mass Media of the Russian Federation Russian Federation","Refers to completed local and domestic long distance fixed-telephone voice traffic"
56,"i131m","Domestic fixed-to-fixed telephone traffic",,"minutes",202,"RUS","Russian Federation","3.4369261E10",2019,"","Ministry of Digital Development, Communictions and Mass Media of the Russian Federation","Refers to completed local and domestic long distance fixed-telephone voice traffic"
56,"i131m","Domestic fixed-to-fixed telephone traffic",,"minutes",202,"RUS","Russian Federation","3.1347602E10",2020,"","Ministry of Digital Development, Communictions and Mass Media of the Russian Federation","Refers to completed local and domestic long distance fixed-telephone voice traffic"
56,"i131m","Domestic fixed-to-fixed telephone traffic",,"minutes",202,"RUS","Russian Federation","2.6358311E10",2021,"","Ministry of Digital Development, Communictions and Mass Media of the Russian Federation","Refers to completed local and domestic long distance fixed-telephone voice traffic"
56,"i131m","Domestic fixed-to-fixed telephone traffic",,"minutes",203,"SWE","Sweden","5.0117E10",2000,"","ITU estimate.","Refers to completed local and domestic long distance fixed-telephone voice traffic"
56,"i131m","Domestic fixed-to-fixed telephone traffic",,"minutes",203,"SWE","Sweden","5.0642E10",2001,"","PTS.","Refers to completed local and domestic long distance fixed-telephone voice traffic"
56,"i131m","Domestic fixed-to-fixed telephone traffic",,"minutes",203,"SWE","Sweden","4.4958E10",2002,"","PTS.","Refers to completed local and domestic long distance fixed-telephone voice traffic"
56,"i131m","Domestic fixed-to-fixed telephone traffic",,"minutes",203,"SWE","Sweden","4.2161E10",2003,"","PTS.","Refers to completed local and domestic long distance fixed-telephone voice traffic"
56,"i131m","Domestic fixed-to-fixed telephone traffic",,"minutes",203,"SWE","Sweden","3.9449E10",2004,"","PTS.","Refers to completed local and domestic long distance fixed-telephone voice traffic"
56,"i131m","Domestic fixed-to-fixed telephone traffic",,"minutes",203,"SWE","Sweden","3.4843E10",2005,"","PTS.","Refers to completed local and domestic long distance fixed-telephone voice traffic"
56,"i131m","Domestic fixed-to-fixed telephone traffic",,"minutes",203,"SWE","Sweden","2.8483E10",2006,"","PTS.","Refers to completed local and domestic long distance fixed-telephone voice traffic"
56,"i131m","Domestic fixed-to-fixed telephone traffic",,"minutes",203,"SWE","Sweden","2.4039E10",2007,"","PTS.","Refers to completed local and domestic long distance fixed-telephone voice traffic"
56,"i131m","Domestic fixed-to-fixed telephone traffic",,"minutes",203,"SWE","Sweden","2.0404E10",2008,"","PTS.","Refers to completed local and domestic long distance fixed-telephone voice traffic"
56,"i131m","Domestic fixed-to-fixed telephone traffic",,"minutes",203,"SWE","Sweden","1.7127E10",2009,"","PTS.","Refers to completed local and domestic long distance fixed-telephone voice traffic"
56,"i131m","Domestic fixed-to-fixed telephone traffic",,"minutes",203,"SWE","Sweden","1.46415998E10",2010,"","Swedish Post and Telecom Authority","Refers to completed local and domestic long distance fixed-telephone voice traffic"
56,"i131m","Domestic fixed-to-fixed telephone traffic",,"minutes",203,"SWE","Sweden","1.26598839E10",2011,"","Swedish Post and Telecom Authority","Refers to completed local and domestic long distance fixed-telephone voice traffic"
56,"i131m","Domestic fixed-to-fixed telephone traffic",,"minutes",203,"SWE","Sweden","1.06618564E10",2012,"","Swedish Post and Telecom Authority","Refers to completed local and domestic long distance fixed-telephone voice traffic"
56,"i131m","Domestic fixed-to-fixed telephone traffic",,"minutes",203,"SWE","Sweden","7.3222767E9",2014,"","Swedish Post and Telecom Authority","Refers to completed local and domestic long distance fixed-telephone voice traffic"
56,"i131m","Domestic fixed-to-fixed telephone traffic",,"minutes",203,"SWE","Sweden","6.0298426E9",2015,"","Swedish Post and Telecom Authority","Refers to completed local and domestic long distance fixed-telephone voice traffic"
56,"i131m","Domestic fixed-to-fixed telephone traffic",,"minutes",203,"SWE","Sweden","4.768246E9",2016,"","Swedish Post and Telecom Authority","Refers to completed local and domestic long distance fixed-telephone voice traffic"
56,"i131m","Domestic fixed-to-fixed telephone traffic",,"minutes",203,"SWE","Sweden","3.559425E9",2017,"","Swedish Post and Telecom Authority (PTS)","Refers to completed local and domestic long distance fixed-telephone voice traffic"
56,"i131m","Domestic fixed-to-fixed telephone traffic",,"minutes",203,"SWE","Sweden","2.7998319E9",2018,"","Swedish Post and Telecom Authority (PTS)","Refers to completed local and domestic long distance fixed-telephone voice traffic"
56,"i131m","Domestic fixed-to-fixed telephone traffic",,"minutes",203,"SWE","Sweden","2.0522716E9",2019,"","Swedish Post and Telecom Authority","Refers to completed local and domestic long distance fixed-telephone voice traffic"
56,"i131m","Domestic fixed-to-fixed telephone traffic",,"minutes",203,"SWE","Sweden","1.6117406E9",2020,"","Swedish Post and Telecom Authority","Refers to completed local and domestic long distance fixed-telephone voice traffic"
56,"i131m","Domestic fixed-to-fixed telephone traffic",,"minutes",203,"SWE","Sweden","1.0749132E9",2021,"","Swedish Post and Telecom Authority","Refers to completed local and domestic long distance fixed-telephone voice traffic"
56,"i131m","Domestic fixed-to-fixed telephone traffic",,"minutes",204,"KNA","Saint Kitts and Nevis","1.36E8",2014,"","National Telecommunications Regulatory Commission","Refers to completed local and domestic long distance fixed-telephone voice traffic"
56,"i131m","Domestic fixed-to-fixed telephone traffic",,"minutes",204,"KNA","Saint Kitts and Nevis","4.1411365E7",2015,"","ECTEL.","Refers to completed local and domestic long distance fixed-telephone voice traffic"
56,"i131m","Domestic fixed-to-fixed telephone traffic",,"minutes",204,"KNA","Saint Kitts and Nevis","3.8912014E7",2016,"","ECTEL.","Refers to completed local and domestic long distance fixed-telephone voice traffic"
56,"i131m","Domestic fixed-to-fixed telephone traffic",,"minutes",204,"KNA","Saint Kitts and Nevis","1.731E7",2017,"","ECTEL.","Refers to completed local and domestic long distance fixed-telephone voice traffic"
56,"i131m","Domestic fixed-to-fixed telephone traffic",,"minutes",205,"SDN","Sudan","2.07E8",2000,"","","Refers to completed local and domestic long distance fixed-telephone voice traffic"
56,"i131m","Domestic fixed-to-fixed telephone traffic",,"minutes",205,"SDN","Sudan","3.88E8",2001,"","","Refers to completed local and domestic long distance fixed-telephone voice traffic"
56,"i131m","Domestic fixed-to-fixed telephone traffic",,"minutes",205,"SDN","Sudan","5.31E8",2002,"","","Refers to completed local and domestic long distance fixed-telephone voice traffic"
56,"i131m","Domestic fixed-to-fixed telephone traffic",,"minutes",205,"SDN","Sudan","1.66727175E8",2010,"","National Telecommunication Corporation (NTC)","Refers to completed local and domestic long distance fixed-telephone voice traffic"
56,"i131m","Domestic fixed-to-fixed telephone traffic",,"minutes",205,"SDN","Sudan","1.63009027E8",2011,"","National Telecommunication Corporation (NTC)","Refers to completed local and domestic long distance fixed-telephone voice traffic"
56,"i131m","Domestic fixed-to-fixed telephone traffic",,"minutes",205,"SDN","Sudan","2862737.0",2016,"","Telecommunication and Post Regulatory Authority","Refers to completed local and domestic long distance fixed-telephone voice traffic"
56,"i131m","Domestic fixed-to-fixed telephone traffic",,"minutes",205,"SDN","Sudan","3242140.0",2017,"","Telecommunication and Post Regulatory Authority","Refers to completed local and domestic long distance fixed-telephone voice traffic"
56,"i131m","Domestic fixed-to-fixed telephone traffic",,"minutes",206,"SEN","Senegal","7.57602947E8",2000,"","","Refers to completed local and domestic long distance fixed-telephone voice traffic"
56,"i131m","Domestic fixed-to-fixed telephone traffic",,"minutes",206,"SEN","Senegal","9.09299551E8",2001,"","","Refers to completed local and domestic long distance fixed-telephone voice traffic"
56,"i131m","Domestic fixed-to-fixed telephone traffic",,"minutes",206,"SEN","Senegal","6.1E8",2005,"","","Refers to completed local and domestic long distance fixed-telephone voice traffic"
56,"i131m","Domestic fixed-to-fixed telephone traffic",,"minutes",206,"SEN","Senegal","5.87E8",2006,"","","Refers to completed local and domestic long distance fixed-telephone voice traffic"
56,"i131m","Domestic fixed-to-fixed telephone traffic",,"minutes",206,"SEN","Senegal","3.43E8",2007,"","ARTP Sénégal","Refers to completed local and domestic long distance fixed-telephone voice traffic"
56,"i131m","Domestic fixed-to-fixed telephone traffic",,"minutes",206,"SEN","Senegal","2.35E8",2008,"","ARTP Sénégal","Refers to completed local and domestic long distance fixed-telephone voice traffic"
56,"i131m","Domestic fixed-to-fixed telephone traffic",,"minutes",206,"SEN","Senegal","1.91E8",2009,"","ARTP Sénégal","Refers to completed local and domestic long distance fixed-telephone voice traffic"
56,"i131m","Domestic fixed-to-fixed telephone traffic",,"minutes",206,"SEN","Senegal","1.8E8",2010,"","Agence de Régulation des Télécommunications et des Postes (ARTP)","Refers to completed local and domestic long distance fixed-telephone voice traffic"
56,"i131m","Domestic fixed-to-fixed telephone traffic",,"minutes",206,"SEN","Senegal","1.49E8",2011,"","","Refers to completed local and domestic long distance fixed-telephone voice traffic"
56,"i131m","Domestic fixed-to-fixed telephone traffic",,"minutes",206,"SEN","Senegal","1.40420237E8",2012,"","Autorité de Régulation des Télécommunications et des Postes (ARTP)","Refers to completed local and domestic long distance fixed-telephone voice traffic"
56,"i131m","Domestic fixed-to-fixed telephone traffic",,"minutes",206,"SEN","Senegal","1.05875964E8",2013,"","Autorité de Régulation des Télécommunications et des Postes (ARTP)","Refers to completed local and domestic long distance fixed-telephone voice traffic"
56,"i131m","Domestic fixed-to-fixed telephone traffic",,"minutes",206,"SEN","Senegal","7.6339438E7",2014,"","Autorité de Régulation des Télécommunications et des Postes (ARTP)","Refers to completed local and domestic long distance fixed-telephone voice traffic"
56,"i131m","Domestic fixed-to-fixed telephone traffic",,"minutes",206,"SEN","Senegal","6.7429328E7",2015,"","Autorité de Régulation des Télécommunications et des Postes (ARTP)","Refers to completed local and domestic long distance fixed-telephone voice traffic"
56,"i131m","Domestic fixed-to-fixed telephone traffic",,"minutes",206,"SEN","Senegal","5.7541352E7",2016,"","ARTP","Refers to completed local and domestic long distance fixed-telephone voice traffic"
56,"i131m","Domestic fixed-to-fixed telephone traffic",,"minutes",206,"SEN","Senegal","4.9280027E7",2017,"","ARTP","Refers to completed local and domestic long distance fixed-telephone voice traffic"
56,"i131m","Domestic fixed-to-fixed telephone traffic",,"minutes",206,"SEN","Senegal","3.389621E7",2018,"","ARTP","Refers to completed local and domestic long distance fixed-telephone voice traffic"
56,"i131m","Domestic fixed-to-fixed telephone traffic",,"minutes",206,"SEN","Senegal","3.5576128E7",2019,"","Autorité de Régulation des Télécommunications et des Postes (ARTP)","Refers to completed local and domestic long distance fixed-telephone voice traffic"
56,"i131m","Domestic fixed-to-fixed telephone traffic",,"minutes",206,"SEN","Senegal","8.1020686E7",2020,"","Autorité de Régulation des Télécommunications et des Postes (ARTP)","Refers to completed local and domestic long distance fixed-telephone voice traffic"
56,"i131m","Domestic fixed-to-fixed telephone traffic",,"minutes",206,"SEN","Senegal","6.2854332E7",2021,"","Autorité de Régulation des Télécommunications et des Postes (ARTP)","Refers to completed local and domestic long distance fixed-telephone voice traffic"
56,"i131m","Domestic fixed-to-fixed telephone traffic",,"minutes",208,"SHN","St. Helena","6277823.0",2000,"","","Refers to completed local and domestic long distance fixed-telephone voice traffic"
56,"i131m","Domestic fixed-to-fixed telephone traffic",,"minutes",208,"SHN","St. Helena","6435000.0",2001,"","","Refers to completed local and domestic long distance fixed-telephone voice traffic"
56,"i131m","Domestic fixed-to-fixed telephone traffic",,"minutes",208,"SHN","St. Helena","8312459.0",2012,"","Sure South Atlantic Ltd.","Refers to completed local and domestic long distance fixed-telephone voice traffic"
56,"i131m","Domestic fixed-to-fixed telephone traffic",,"minutes",208,"SHN","St. Helena","6371744.0",2013,"","Sure South Atlantic Ltd.","Refers to completed local and domestic long distance fixed-telephone voice traffic"
56,"i131m","Domestic fixed-to-fixed telephone traffic",,"minutes",208,"SHN","St. Helena","8559022.0",2014,"","Sure South Atlantic Ltd.","Refers to completed local and domestic long distance fixed-telephone voice traffic"
56,"i131m","Domestic fixed-to-fixed telephone traffic",,"minutes",208,"SHN","St. Helena","7996164.0",2016,"","Sure South Atlantic Ltd.","Refers to completed local and domestic long distance fixed-telephone voice traffic"
56,"i131m","Domestic fixed-to-fixed telephone traffic",,"minutes",210,"SLV","El Salvador","3.375740268E9",2000,"National semi-automatic traffic.","Superintendencia General de Electricidad y Telecomunicaciones.","Refers to completed local and domestic long distance fixed-telephone voice traffic"
56,"i131m","Domestic fixed-to-fixed telephone traffic",,"minutes",210,"SLV","El Salvador","5.517635739E9",2005,"","Superintendencia General de Electricidad y Telecomunicaciones.","Refers to completed local and domestic long distance fixed-telephone voice traffic"
56,"i131m","Domestic fixed-to-fixed telephone traffic",,"minutes",210,"SLV","El Salvador","5.590921446E9",2006,"","Superintendencia General de Electricidad y Telecomunicaciones.","Refers to completed local and domestic long distance fixed-telephone voice traffic"
56,"i131m","Domestic fixed-to-fixed telephone traffic",,"minutes",210,"SLV","El Salvador","6.919594027E9",2007,"Incl. also mobile.","Superintendencia General de Electricidad y Telecomunicaciones.","Refers to completed local and domestic long distance fixed-telephone voice traffic"
56,"i131m","Domestic fixed-to-fixed telephone traffic",,"minutes",210,"SLV","El Salvador","6.994203977E9",2008,"Incl. also mobile.","Superintendencia General de Electricidad y Telecomunicaciones.","Refers to completed local and domestic long distance fixed-telephone voice traffic"
56,"i131m","Domestic fixed-to-fixed telephone traffic",,"minutes",210,"SLV","El Salvador","6.994203977E9",2009,"Incl. also mobile.","Superintendencia General de Electricidad y Telecomunicaciones","Refers to completed local and domestic long distance fixed-telephone voice traffic"
56,"i131m","Domestic fixed-to-fixed telephone traffic",,"minutes",210,"SLV","El Salvador","1.9226675E9",2011,"","Superintendencia General de Electricidad y Telecomunicaciones","Refers to completed local and domestic long distance fixed-telephone voice traffic"
56,"i131m","Domestic fixed-to-fixed telephone traffic",,"minutes",210,"SLV","El Salvador","1.1106658015E9",2014,"","Superintendencia General de Electricidad y Telecomunicaciones","Refers to completed local and domestic long distance fixed-telephone voice traffic"
56,"i131m","Domestic fixed-to-fixed telephone traffic",,"minutes",210,"SLV","El Salvador","9.847623956E8",2015,"","Superintendencia General de Electricidad y Telecomunicaciones","Refers to completed local and domestic long distance fixed-telephone voice traffic"
56,"i131m","Domestic fixed-to-fixed telephone traffic",,"minutes",210,"SLV","El Salvador","8.7163782604E8",2016,"","Superintendencia General de Electricidad y Telecomunicaciones","Refers to completed local and domestic long distance fixed-telephone voice traffic"
56,"i131m","Domestic fixed-to-fixed telephone traffic",,"minutes",212,"WSM","Samoa","1.1891229E7",2015,"","Office of the Regulator","Refers to completed local and domestic long distance fixed-telephone voice traffic"
56,"i131m","Domestic fixed-to-fixed telephone traffic",,"minutes",212,"WSM","Samoa","1.0536856E7",2016,"Digicel and Bluesky figures","Office of the Regulator","Refers to completed local and domestic long distance fixed-telephone voice traffic"
56,"i131m","Domestic fixed-to-fixed telephone traffic",,"minutes",212,"WSM","Samoa","185364.33",2017,"Digicel only","Office of the Regulator","Refers to completed local and domestic long distance fixed-telephone voice traffic"
56,"i131m","Domestic fixed-to-fixed telephone traffic",,"minutes",215,"SOM","Somalia","2.76E8",2003,"","","Refers to completed local and domestic long distance fixed-telephone voice traffic"
56,"i131m","Domestic fixed-to-fixed telephone traffic",,"minutes",217,"SLE","Sierra Leone","2671.0",2016,"","National Telecommunications Commission ","Refers to completed local and domestic long distance fixed-telephone voice traffic"
56,"i131m","Domestic fixed-to-fixed telephone traffic",,"minutes",217,"SLE","Sierra Leone","91374.0",2017,"","National Telecommunications Commission ","Refers to completed local and domestic long distance fixed-telephone voice traffic"
56,"i131m","Domestic fixed-to-fixed telephone traffic",,"minutes",217,"SLE","Sierra Leone","60174.0",2018,"","National Telecommunications Commission ","Refers to completed local and domestic long distance fixed-telephone voice traffic"
56,"i131m","Domestic fixed-to-fixed telephone traffic",,"minutes",217,"SLE","Sierra Leone","4206.0",2019,"","National Telecommunications Commission ","Refers to completed local and domestic long distance fixed-telephone voice traffic"
56,"i131m","Domestic fixed-to-fixed telephone traffic",,"minutes",217,"SLE","Sierra Leone","4404.0",2020,"","National Telecommunications Commission ","Refers to completed local and domestic long distance fixed-telephone voice traffic"
56,"i131m","Domestic fixed-to-fixed telephone traffic",,"minutes",217,"SLE","Sierra Leone","5110.0",2021,"","National Telecommunications Commission ","Refers to completed local and domestic long distance fixed-telephone voice traffic"
56,"i131m","Domestic fixed-to-fixed telephone traffic",,"minutes",218,"STP","Sao Tome and Principe","4.5903768E7",2000,"","","Refers to completed local and domestic long distance fixed-telephone voice traffic"
56,"i131m","Domestic fixed-to-fixed telephone traffic",,"minutes",218,"STP","Sao Tome and Principe","1.4384845E7",2008,"","Autoridade Geral de Regulação","Refers to completed local and domestic long distance fixed-telephone voice traffic"
56,"i131m","Domestic fixed-to-fixed telephone traffic",,"minutes",218,"STP","Sao Tome and Principe","1.2461863E7",2009,"","Autoridade Geral de Regulação","Refers to completed local and domestic long distance fixed-telephone voice traffic"
56,"i131m","Domestic fixed-to-fixed telephone traffic",,"minutes",218,"STP","Sao Tome and Principe","1.0853767E7",2010,"","Autoridade Geral de Regulação","Refers to completed local and domestic long distance fixed-telephone voice traffic"
56,"i131m","Domestic fixed-to-fixed telephone traffic",,"minutes",218,"STP","Sao Tome and Principe","9663000.0",2011,"","Autoridade Geral de Regulação","Refers to completed local and domestic long distance fixed-telephone voice traffic"
56,"i131m","Domestic fixed-to-fixed telephone traffic",,"minutes",218,"STP","Sao Tome and Principe","9489525.0",2012,"","Autoridade Geral de Regulação","Refers to completed local and domestic long distance fixed-telephone voice traffic"
56,"i131m","Domestic fixed-to-fixed telephone traffic",,"minutes",218,"STP","Sao Tome and Principe","1693843.0",2016,"","AGER - Autoridade Geral de Regulação","Refers to completed local and domestic long distance fixed-telephone voice traffic"
56,"i131m","Domestic fixed-to-fixed telephone traffic",,"minutes",218,"STP","Sao Tome and Principe","1585401.0",2017,"","AGER - Autoridade Geral de Regulação","Refers to completed local and domestic long distance fixed-telephone voice traffic"
56,"i131m","Domestic fixed-to-fixed telephone traffic",,"minutes",218,"STP","Sao Tome and Principe","1261232.0",2018,"","Autoridade Geral de Regulação - AGER","Refers to completed local and domestic long distance fixed-telephone voice traffic"
56,"i131m","Domestic fixed-to-fixed telephone traffic",,"minutes",218,"STP","Sao Tome and Principe","953869.0",2019,"","Autoridade Geral de Regulação","Refers to completed local and domestic long distance fixed-telephone voice traffic"
56,"i131m","Domestic fixed-to-fixed telephone traffic",,"minutes",218,"STP","Sao Tome and Principe","569612.0",2020,"","Autoridade Geral de Regulação","Refers to completed local and domestic long distance fixed-telephone voice traffic"
56,"i131m","Domestic fixed-to-fixed telephone traffic",,"minutes",218,"STP","Sao Tome and Principe","510100.0",2021,"","Autoridade Geral de Regulação","Refers to completed local and domestic long distance fixed-telephone voice traffic"
56,"i131m","Domestic fixed-to-fixed telephone traffic",,"minutes",219,"CHE","Switzerland","1.7213E10",2000,"","","Refers to completed local and domestic long distance fixed-telephone voice traffic"
56,"i131m","Domestic fixed-to-fixed telephone traffic",,"minutes",219,"CHE","Switzerland","1.691E10",2001,"","","Refers to completed local and domestic long distance fixed-telephone voice traffic"
56,"i131m","Domestic fixed-to-fixed telephone traffic",,"minutes",219,"CHE","Switzerland","1.3266E10",2005,"","","Refers to completed local and domestic long distance fixed-telephone voice traffic"
56,"i131m","Domestic fixed-to-fixed telephone traffic",,"minutes",219,"CHE","Switzerland","1.2059E10",2006,"","","Refers to completed local and domestic long distance fixed-telephone voice traffic"
56,"i131m","Domestic fixed-to-fixed telephone traffic",,"minutes",219,"CHE","Switzerland","1.2232E10",2007,"","OFCOM","Refers to completed local and domestic long distance fixed-telephone voice traffic"
56,"i131m","Domestic fixed-to-fixed telephone traffic",,"minutes",219,"CHE","Switzerland","1.1061E10",2008,"","OFCOM","Refers to completed local and domestic long distance fixed-telephone voice traffic"
56,"i131m","Domestic fixed-to-fixed telephone traffic",,"minutes",219,"CHE","Switzerland","1.0776E10",2009,"","Office Fédéral de la Communication","Refers to completed local and domestic long distance fixed-telephone voice traffic"
56,"i131m","Domestic fixed-to-fixed telephone traffic",,"minutes",219,"CHE","Switzerland","1.0629E10",2010,"","Office Fédéral de la Communication","Refers to completed local and domestic long distance fixed-telephone voice traffic"
56,"i131m","Domestic fixed-to-fixed telephone traffic",,"minutes",219,"CHE","Switzerland","9.748E9",2011,"","Office Fédéral de la Communication","Refers to completed local and domestic long distance fixed-telephone voice traffic"
56,"i131m","Domestic fixed-to-fixed telephone traffic",,"minutes",219,"CHE","Switzerland","9.728E9",2012,"","Office Fédéral de la Communication","Refers to completed local and domestic long distance fixed-telephone voice traffic"
56,"i131m","Domestic fixed-to-fixed telephone traffic",,"minutes",219,"CHE","Switzerland","9.852E9",2013,"Provisional data.","Office Fédéral de la Communication","Refers to completed local and domestic long distance fixed-telephone voice traffic"
56,"i131m","Domestic fixed-to-fixed telephone traffic",,"minutes",219,"CHE","Switzerland","6.946E9",2014,"Estimates.","Office Fédéral de la Communication","Refers to completed local and domestic long distance fixed-telephone voice traffic"
56,"i131m","Domestic fixed-to-fixed telephone traffic",,"minutes",219,"CHE","Switzerland","6.191E9",2015,"Estimates.","Office Fédéral de la Communication","Refers to completed local and domestic long distance fixed-telephone voice traffic"
56,"i131m","Domestic fixed-to-fixed telephone traffic",,"minutes",219,"CHE","Switzerland","5.961E9",2016,"Telecommunications statistics 2016","OFCOM","Refers to completed local and domestic long distance fixed-telephone voice traffic"
56,"i131m","Domestic fixed-to-fixed telephone traffic",,"minutes",219,"CHE","Switzerland","5.77E9",2017,"Telecommunications statistics 2017","Office Fédéral de la Communication","Refers to completed local and domestic long distance fixed-telephone voice traffic"
56,"i131m","Domestic fixed-to-fixed telephone traffic",,"minutes",219,"CHE","Switzerland","4.775E9",2018,"Telecommunications statistics 2018","OFCOM","Refers to completed local and domestic long distance fixed-telephone voice traffic"
56,"i131m","Domestic fixed-to-fixed telephone traffic",,"minutes",219,"CHE","Switzerland","4.231E9",2019,"Telecommunications statistics 2019","Office Fédéral de la Communication","Refers to completed local and domestic long distance fixed-telephone voice traffic"
56,"i131m","Domestic fixed-to-fixed telephone traffic",,"minutes",219,"CHE","Switzerland","4.645E9",2020,"Telecommunications statistics 2020","Office Fédéral de la Communication","Refers to completed local and domestic long distance fixed-telephone voice traffic"
56,"i131m","Domestic fixed-to-fixed telephone traffic",,"minutes",219,"CHE","Switzerland","3.788E9",2021,"Telecommunications statistics 2021 / provisory results","Office Fédéral de la Communication","Refers to completed local and domestic long distance fixed-telephone voice traffic"
56,"i131m","Domestic fixed-to-fixed telephone traffic",,"minutes",220,"SUR","Suriname","2.4050307E8",2008,"","Telecommunications Authority Suriname (TAS)","Refers to completed local and domestic long distance fixed-telephone voice traffic"
56,"i131m","Domestic fixed-to-fixed telephone traffic",,"minutes",220,"SUR","Suriname","1.630335E8",2009,"","Telecommunications Authority Suriname (TAS)","Refers to completed local and domestic long distance fixed-telephone voice traffic"
56,"i131m","Domestic fixed-to-fixed telephone traffic",,"minutes",220,"SUR","Suriname","1.52861296E8",2010,"","Telecommunications Authority Suriname (TAS)","Refers to completed local and domestic long distance fixed-telephone voice traffic"
56,"i131m","Domestic fixed-to-fixed telephone traffic",,"minutes",220,"SUR","Suriname","1.63059073E8",2011,"","Telecommunications Authority Suriname (TAS)","Refers to completed local and domestic long distance fixed-telephone voice traffic"
56,"i131m","Domestic fixed-to-fixed telephone traffic",,"minutes",220,"SUR","Suriname","1.29933421E8",2012,"","Telecommunications Authority Suriname (TAS)","Refers to completed local and domestic long distance fixed-telephone voice traffic"
56,"i131m","Domestic fixed-to-fixed telephone traffic",,"minutes",220,"SUR","Suriname","1.18138365E8",2013,"","Telecommunications Authority Suriname (TAS)","Refers to completed local and domestic long distance fixed-telephone voice traffic"
56,"i131m","Domestic fixed-to-fixed telephone traffic",,"minutes",220,"SUR","Suriname","1.47937687E8",2016,"","Telecommunication Authority Suriname","Refers to completed local and domestic long distance fixed-telephone voice traffic"
56,"i131m","Domestic fixed-to-fixed telephone traffic",,"minutes",220,"SUR","Suriname","7.212354E7",2018,"","Telecommunication Authority Suriname","Refers to completed local and domestic long distance fixed-telephone voice traffic"
56,"i131m","Domestic fixed-to-fixed telephone traffic",,"minutes",220,"SUR","Suriname","5.803782E7",2019,"","Telecommunications Authority Suriname (TAS)","Refers to completed local and domestic long distance fixed-telephone voice traffic"
56,"i131m","Domestic fixed-to-fixed telephone traffic",,"minutes",220,"SUR","Suriname","5.028947E7",2020,"","Telecommunications Authority Suriname (TAS)","Refers to completed local and domestic long distance fixed-telephone voice traffic"
56,"i131m","Domestic fixed-to-fixed telephone traffic",,"minutes",220,"SUR","Suriname","3.5130585E7",2021,"","Telecommunications Authority Suriname (TAS)","Refers to completed local and domestic long distance fixed-telephone voice traffic"
56,"i131m","Domestic fixed-to-fixed telephone traffic",,"minutes",221,"SVN","Slovenia","1.350669217E9",2008,"","Post and Electronic Communications Agency of the Republic of Slovenia","Refers to completed local and domestic long distance fixed-telephone voice traffic"
56,"i131m","Domestic fixed-to-fixed telephone traffic",,"minutes",221,"SVN","Slovenia","1.187566162E9",2009,"","APEK","Refers to completed local and domestic long distance fixed-telephone voice traffic"
56,"i131m","Domestic fixed-to-fixed telephone traffic",,"minutes",221,"SVN","Slovenia","1.077710648E9",2010,"","Post and Electronic Communications Agency of the Republic of Slovenia","Refers to completed local and domestic long distance fixed-telephone voice traffic"
56,"i131m","Domestic fixed-to-fixed telephone traffic",,"minutes",221,"SVN","Slovenia","9.82464066E8",2011,"","Agency for Communication Networks and Services of the Republic of Slovenia","Refers to completed local and domestic long distance fixed-telephone voice traffic"
56,"i131m","Domestic fixed-to-fixed telephone traffic",,"minutes",221,"SVN","Slovenia","9.0577922E8",2012,"","Agency for Communication Networks and Services of the Republic of Slovenia","Refers to completed local and domestic long distance fixed-telephone voice traffic"
56,"i131m","Domestic fixed-to-fixed telephone traffic",,"minutes",221,"SVN","Slovenia","8.94353393E8",2013,"","Agency for Communication Networks and Services of the Republic of Slovenia","Refers to completed local and domestic long distance fixed-telephone voice traffic"
56,"i131m","Domestic fixed-to-fixed telephone traffic",,"minutes",221,"SVN","Slovenia","7.84903009E8",2014,"","Agency for Communication Networks and Services of the Republic of Slovenia","Refers to completed local and domestic long distance fixed-telephone voice traffic"
56,"i131m","Domestic fixed-to-fixed telephone traffic",,"minutes",221,"SVN","Slovenia","5.9415808E8",2015,"","Agency for Communication Networks and Services of the Republic of Slovenia","Refers to completed local and domestic long distance fixed-telephone voice traffic"
56,"i131m","Domestic fixed-to-fixed telephone traffic",,"minutes",221,"SVN","Slovenia","5.13221014E8",2016,"","AKOS","Refers to completed local and domestic long distance fixed-telephone voice traffic"
56,"i131m","Domestic fixed-to-fixed telephone traffic",,"minutes",221,"SVN","Slovenia","4.3786444E8",2017,"","AKOS","Refers to completed local and domestic long distance fixed-telephone voice traffic"
56,"i131m","Domestic fixed-to-fixed telephone traffic",,"minutes",221,"SVN","Slovenia","3.55536077E8",2018,"","AKOS","Refers to completed local and domestic long distance fixed-telephone voice traffic"
56,"i131m","Domestic fixed-to-fixed telephone traffic",,"minutes",221,"SVN","Slovenia","2.92323492E8",2019,"","Agency for Communication Networks and Services of the Republic of Slovenia","Refers to completed local and domestic long distance fixed-telephone voice traffic"
56,"i131m","Domestic fixed-to-fixed telephone traffic",,"minutes",221,"SVN","Slovenia","2.84604256E8",2020,"","Agency for Communication Networks and Services of the Republic of Slovenia","Refers to completed local and domestic long distance fixed-telephone voice traffic"
56,"i131m","Domestic fixed-to-fixed telephone traffic",,"minutes",221,"SVN","Slovenia","2.48751277E8",2021,"","Agency for Communication Networks and Services of the Republic of Slovenia","Refers to completed local and domestic long distance fixed-telephone voice traffic"
56,"i131m","Domestic fixed-to-fixed telephone traffic",,"minutes",223,"SWZ","Eswatini","7.6008E7",2009,"Billing system","Swaziland Posts and Telecommunications Corporation","Refers to completed local and domestic long distance fixed-telephone voice traffic"
56,"i131m","Domestic fixed-to-fixed telephone traffic",,"minutes",223,"SWZ","Eswatini","7.4213E7",2010,"Billing system","Swaziland Posts and Telecommunications Corporation","Refers to completed local and domestic long distance fixed-telephone voice traffic"
56,"i131m","Domestic fixed-to-fixed telephone traffic",,"minutes",223,"SWZ","Eswatini","6.8017E7",2011,"Billing system","Swaziland Posts and Telecommunications Corporation","Refers to completed local and domestic long distance fixed-telephone voice traffic"
56,"i131m","Domestic fixed-to-fixed telephone traffic",,"minutes",223,"SWZ","Eswatini","7.1370664E7",2012,"Billing system","Swaziland Posts and Telecommunications Corporation","Refers to completed local and domestic long distance fixed-telephone voice traffic"
56,"i131m","Domestic fixed-to-fixed telephone traffic",,"minutes",224,"SYR","Syrian Arab Republic","3.299787E10",2000,"","","Refers to completed local and domestic long distance fixed-telephone voice traffic"
56,"i131m","Domestic fixed-to-fixed telephone traffic",,"minutes",224,"SYR","Syrian Arab Republic","3.4437264E10",2001,"","","Refers to completed local and domestic long distance fixed-telephone voice traffic"
56,"i131m","Domestic fixed-to-fixed telephone traffic",,"minutes",224,"SYR","Syrian Arab Republic","3.176E10",2005,"","","Refers to completed local and domestic long distance fixed-telephone voice traffic"
56,"i131m","Domestic fixed-to-fixed telephone traffic",,"minutes",224,"SYR","Syrian Arab Republic","3.3776E10",2006,"","","Refers to completed local and domestic long distance fixed-telephone voice traffic"
56,"i131m","Domestic fixed-to-fixed telephone traffic",,"minutes",224,"SYR","Syrian Arab Republic","3.5299E10",2007,"","","Refers to completed local and domestic long distance fixed-telephone voice traffic"
56,"i131m","Domestic fixed-to-fixed telephone traffic",,"minutes",224,"SYR","Syrian Arab Republic","2.3784E10",2008,"Refers to local prepaid minutes. Not comparable with previous year data.","Syrian telecom","Refers to completed local and domestic long distance fixed-telephone voice traffic"
56,"i131m","Domestic fixed-to-fixed telephone traffic",,"minutes",224,"SYR","Syrian Arab Republic","2.565E10",2009,"Refers to local prepaid minutes.","Syrian telecom","Refers to completed local and domestic long distance fixed-telephone voice traffic"
56,"i131m","Domestic fixed-to-fixed telephone traffic",,"minutes",224,"SYR","Syrian Arab Republic","2.2851E10",2010,"Source: Syrian Telecommunication Establishment.","Syrian Telecommunication Regulatory Authority","Refers to completed local and domestic long distance fixed-telephone voice traffic"
56,"i131m","Domestic fixed-to-fixed telephone traffic",,"minutes",224,"SYR","Syrian Arab Republic","2.3454E10",2011,"Source: Syrian Telecommunication Establishment.","Syrian Telecommunication Regulatory Authority","Refers to completed local and domestic long distance fixed-telephone voice traffic"
56,"i131m","Domestic fixed-to-fixed telephone traffic",,"minutes",224,"SYR","Syrian Arab Republic","2.1849E10",2012,"Source: Syrian Telecommunication Establishment.","Syrian Telecommunication Regulatory Authority","Refers to completed local and domestic long distance fixed-telephone voice traffic"
56,"i131m","Domestic fixed-to-fixed telephone traffic",,"minutes",224,"SYR","Syrian Arab Republic","1.8105E10",2013,"","Syrian Telecommunication Regulatory Authority","Refers to completed local and domestic long distance fixed-telephone voice traffic"
56,"i131m","Domestic fixed-to-fixed telephone traffic",,"minutes",224,"SYR","Syrian Arab Republic","1.9571197362E10",2014,"","Syrian Telecommunication Regulatory Authority","Refers to completed local and domestic long distance fixed-telephone voice traffic"
56,"i131m","Domestic fixed-to-fixed telephone traffic",,"minutes",224,"SYR","Syrian Arab Republic","2.5929173182E10",2015,"","Syrian Telecommunication Regulatory Authority","Refers to completed local and domestic long distance fixed-telephone voice traffic"
56,"i131m","Domestic fixed-to-fixed telephone traffic",,"minutes",224,"SYR","Syrian Arab Republic","1.3475357601E10",2016,"","SyTRA","Refers to completed local and domestic long distance fixed-telephone voice traffic"
56,"i131m","Domestic fixed-to-fixed telephone traffic",,"minutes",224,"SYR","Syrian Arab Republic","8.288930583E9",2018,"","SY-TPRA","Refers to completed local and domestic long distance fixed-telephone voice traffic"
56,"i131m","Domestic fixed-to-fixed telephone traffic",,"minutes",224,"SYR","Syrian Arab Republic","8.536483749E9",2019,"","Syrian Telecommunication Regulatory Authority","Refers to completed local and domestic long distance fixed-telephone voice traffic"
56,"i131m","Domestic fixed-to-fixed telephone traffic",,"minutes",224,"SYR","Syrian Arab Republic","7.936483987E9",2020,"","Syrian Telecommunication Regulatory Authority","Refers to completed local and domestic long distance fixed-telephone voice traffic"
56,"i131m","Domestic fixed-to-fixed telephone traffic",,"minutes",226,"TCD","Chad","710653.0",2012,"","Office Tchadien de Régulation des Télécommunications","Refers to completed local and domestic long distance fixed-telephone voice traffic"
56,"i131m","Domestic fixed-to-fixed telephone traffic",,"minutes",226,"TCD","Chad","857379.0",2013,"","Office Tchadien de Régulation des Télécommunications","Refers to completed local and domestic long distance fixed-telephone voice traffic"
56,"i131m","Domestic fixed-to-fixed telephone traffic",,"minutes",226,"TCD","Chad","590684.0",2014,"","Autorité de Régulation des Communications Électroniques et des Postes","Refers to completed local and domestic long distance fixed-telephone voice traffic"
56,"i131m","Domestic fixed-to-fixed telephone traffic",,"minutes",226,"TCD","Chad","550802.0",2015,"","Autorité de Régulation des Communications Électroniques et des Postes","Refers to completed local and domestic long distance fixed-telephone voice traffic"
56,"i131m","Domestic fixed-to-fixed telephone traffic",,"minutes",226,"TCD","Chad","431918.0",2016,"","ARCEP Tchad","Refers to completed local and domestic long distance fixed-telephone voice traffic"
56,"i131m","Domestic fixed-to-fixed telephone traffic",,"minutes",226,"TCD","Chad","375581.0",2017,"","Autorité de Régulation des Communications Électroniques et des Postes","Refers to completed local and domestic long distance fixed-telephone voice traffic"
56,"i131m","Domestic fixed-to-fixed telephone traffic",,"minutes",226,"TCD","Chad","354322.0",2018,"","Autorité de Régulation des Communications Électroniques et des Postes","Refers to completed local and domestic long distance fixed-telephone voice traffic"
56,"i131m","Domestic fixed-to-fixed telephone traffic",,"minutes",226,"TCD","Chad","368815.0",2019,"","Autorité de Régulation des Communications Électroniques et des Postes","Refers to completed local and domestic long distance fixed-telephone voice traffic"
56,"i131m","Domestic fixed-to-fixed telephone traffic",,"minutes",226,"TCD","Chad","427704.0",2020,"","Autorité de Régulation des Communications Électroniques et des Postes","Refers to completed local and domestic long distance fixed-telephone voice traffic"
56,"i131m","Domestic fixed-to-fixed telephone traffic",,"minutes",226,"TCD","Chad","470237.0",2021,"","Autorité de Régulation des Communications Électroniques et des Postes","Refers to completed local and domestic long distance fixed-telephone voice traffic"
56,"i131m","Domestic fixed-to-fixed telephone traffic",,"minutes",227,"CZE","Czech Republic","1.0628636E10",2000,"","","Refers to completed local and domestic long distance fixed-telephone voice traffic"
56,"i131m","Domestic fixed-to-fixed telephone traffic",,"minutes",227,"CZE","Czech Republic","1.1979383E10",2001,"","","Refers to completed local and domestic long distance fixed-telephone voice traffic"
56,"i131m","Domestic fixed-to-fixed telephone traffic",,"minutes",227,"CZE","Czech Republic","3.762125063E9",2005,"","","Refers to completed local and domestic long distance fixed-telephone voice traffic"
56,"i131m","Domestic fixed-to-fixed telephone traffic",,"minutes",227,"CZE","Czech Republic","3.15584323E9",2006,"","","Refers to completed local and domestic long distance fixed-telephone voice traffic"
56,"i131m","Domestic fixed-to-fixed telephone traffic",,"minutes",227,"CZE","Czech Republic","1.854847E9",2007,"","","Refers to completed local and domestic long distance fixed-telephone voice traffic"
56,"i131m","Domestic fixed-to-fixed telephone traffic",,"minutes",227,"CZE","Czech Republic","4.28482E9",2008,"","Czech Telecommunication Office","Refers to completed local and domestic long distance fixed-telephone voice traffic"
56,"i131m","Domestic fixed-to-fixed telephone traffic",,"minutes",227,"CZE","Czech Republic","2.986E9",2009,"","Czech Telecommunication Office","Refers to completed local and domestic long distance fixed-telephone voice traffic"
56,"i131m","Domestic fixed-to-fixed telephone traffic",,"minutes",227,"CZE","Czech Republic","2.99E9",2010,"","Czech Telecommunication Office","Refers to completed local and domestic long distance fixed-telephone voice traffic"
56,"i131m","Domestic fixed-to-fixed telephone traffic",,"minutes",227,"CZE","Czech Republic","2.5E9",2011,"","Czech Telecommunication Office","Refers to completed local and domestic long distance fixed-telephone voice traffic"
56,"i131m","Domestic fixed-to-fixed telephone traffic",,"minutes",227,"CZE","Czech Republic","2.278E9",2012,"","Czech Telecommunication Office","Refers to completed local and domestic long distance fixed-telephone voice traffic"
56,"i131m","Domestic fixed-to-fixed telephone traffic",,"minutes",227,"CZE","Czech Republic","2.099E9",2013,"","Czech Telecommunication Office","Refers to completed local and domestic long distance fixed-telephone voice traffic"
56,"i131m","Domestic fixed-to-fixed telephone traffic",,"minutes",227,"CZE","Czech Republic","1.414E9",2014,"Changes in methodology involving Fixed-Mobile Convergence.","Czech Telecommunication Office","Refers to completed local and domestic long distance fixed-telephone voice traffic"
56,"i131m","Domestic fixed-to-fixed telephone traffic",,"minutes",227,"CZE","Czech Republic","1.005726911E9",2015,"","Czech Telecommunication Office","Refers to completed local and domestic long distance fixed-telephone voice traffic"
56,"i131m","Domestic fixed-to-fixed telephone traffic",,"minutes",227,"CZE","Czech Republic","8.57932598E8",2016,"","Czech Telecommunication Office","Refers to completed local and domestic long distance fixed-telephone voice traffic"
56,"i131m","Domestic fixed-to-fixed telephone traffic",,"minutes",227,"CZE","Czech Republic","7.0935849356E8",2017,"","Czech Telecommunication Office","Refers to completed local and domestic long distance fixed-telephone voice traffic"
56,"i131m","Domestic fixed-to-fixed telephone traffic",,"minutes",227,"CZE","Czech Republic","6.281701262E8",2018,"","Czech Telecommunication Office","Refers to completed local and domestic long distance fixed-telephone voice traffic"
56,"i131m","Domestic fixed-to-fixed telephone traffic",,"minutes",227,"CZE","Czech Republic","5.954345445E8",2019,"","Czech Telecommunication Office","Refers to completed local and domestic long distance fixed-telephone voice traffic"
56,"i131m","Domestic fixed-to-fixed telephone traffic",,"minutes",227,"CZE","Czech Republic","5.033509529E8",2020,"","Czech Telecommunication Office","Refers to completed local and domestic long distance fixed-telephone voice traffic"
56,"i131m","Domestic fixed-to-fixed telephone traffic",,"minutes",227,"CZE","Czech Republic","4.7164328117E8",2021,"","Czech Telecommunication Office","Refers to completed local and domestic long distance fixed-telephone voice traffic"
56,"i131m","Domestic fixed-to-fixed telephone traffic",,"minutes",228,"TGO","Togo","2.74491281E8",2001,"","","Refers to completed local and domestic long distance fixed-telephone voice traffic"
56,"i131m","Domestic fixed-to-fixed telephone traffic",,"minutes",228,"TGO","Togo","2.62314834E8",2002,"","","Refers to completed local and domestic long distance fixed-telephone voice traffic"
56,"i131m","Domestic fixed-to-fixed telephone traffic",,"minutes",228,"TGO","Togo","3.2716986E8",2003,"","","Refers to completed local and domestic long distance fixed-telephone voice traffic"
56,"i131m","Domestic fixed-to-fixed telephone traffic",,"minutes",228,"TGO","Togo","3.61841128E8",2004,"","","Refers to completed local and domestic long distance fixed-telephone voice traffic"
56,"i131m","Domestic fixed-to-fixed telephone traffic",,"minutes",228,"TGO","Togo","1.94425187E8",2005,"","","Refers to completed local and domestic long distance fixed-telephone voice traffic"
56,"i131m","Domestic fixed-to-fixed telephone traffic",,"minutes",228,"TGO","Togo","1.61984426E8",2006,"","","Refers to completed local and domestic long distance fixed-telephone voice traffic"
56,"i131m","Domestic fixed-to-fixed telephone traffic",,"minutes",228,"TGO","Togo","1.18605343E8",2007,"","","Refers to completed local and domestic long distance fixed-telephone voice traffic"
56,"i131m","Domestic fixed-to-fixed telephone traffic",,"minutes",228,"TGO","Togo","8.7023127E7",2010,"","Autorité de Règlementation des secteurs de postes et télécommunications","Refers to completed local and domestic long distance fixed-telephone voice traffic"
56,"i131m","Domestic fixed-to-fixed telephone traffic",,"minutes",228,"TGO","Togo","6.7402059E7",2011,"","Autorité de Règlementation des secteurs de Postes et Télécommunications","Refers to completed local and domestic long distance fixed-telephone voice traffic"
56,"i131m","Domestic fixed-to-fixed telephone traffic",,"minutes",228,"TGO","Togo","3.7417881E7",2012,"","Autorité de Règlementation des secteurs de Postes et Télécommunications","Refers to completed local and domestic long distance fixed-telephone voice traffic"
56,"i131m","Domestic fixed-to-fixed telephone traffic",,"minutes",228,"TGO","Togo","6.3646843E7",2014,"","Autorité de Règlementation des secteurs de Postes et de Télécommunications","Refers to completed local and domestic long distance fixed-telephone voice traffic"
56,"i131m","Domestic fixed-to-fixed telephone traffic",,"minutes",228,"TGO","Togo","8.3699375E7",2015,"","Autorité de Règlementation des secteurs de Postes et de Télécommunications","Refers to completed local and domestic long distance fixed-telephone voice traffic"
56,"i131m","Domestic fixed-to-fixed telephone traffic",,"minutes",228,"TGO","Togo","5.9508864E7",2016,"","Autorité de Règlementation des secteurs de Postes et de Télécommunications","Refers to completed local and domestic long distance fixed-telephone voice traffic"
56,"i131m","Domestic fixed-to-fixed telephone traffic",,"minutes",228,"TGO","Togo","2.1809571E7",2017,"","Autorité de Règlementation des secteurs de Postes et de Télécommunications","Refers to completed local and domestic long distance fixed-telephone voice traffic"
56,"i131m","Domestic fixed-to-fixed telephone traffic",,"minutes",228,"TGO","Togo","8882390.0",2018,"Trafic en minutes de Togo Telecom vers Togo Telecom","Autorité de Règlementation des secteurs de Postes et de Télécommunications","Refers to completed local and domestic long distance fixed-telephone voice traffic"
56,"i131m","Domestic fixed-to-fixed telephone traffic",,"minutes",228,"TGO","Togo","4019685.0",2019,"Trafic en minutes de Togo Telecom","Autorité de Régulation des Communications Electroniques et des Postes (ARCEP)","Refers to completed local and domestic long distance fixed-telephone voice traffic"
56,"i131m","Domestic fixed-to-fixed telephone traffic",,"minutes",228,"TGO","Togo","2428951.0",2020,"","Autorité de Régulation des Communications Electroniques et des Postes (ARCEP)","Refers to completed local and domestic long distance fixed-telephone voice traffic"
56,"i131m","Domestic fixed-to-fixed telephone traffic",,"minutes",228,"TGO","Togo","1692812.0",2021,"Trafic en minutes de Togo Telecom","Autorité de Régulation des Communications Electroniques et des Postes (ARCEP)","Refers to completed local and domestic long distance fixed-telephone voice traffic"
56,"i131m","Domestic fixed-to-fixed telephone traffic",,"minutes",229,"THA","Thailand","1.47E9",2010,"From Interconnection Charge Report","Ministry of Information and Communication Technology","Refers to completed local and domestic long distance fixed-telephone voice traffic"
56,"i131m","Domestic fixed-to-fixed telephone traffic",,"minutes",229,"THA","Thailand","1.175E9",2011,"From Interconnection Charge Report","Ministry of Information and Communication Technology","Refers to completed local and domestic long distance fixed-telephone voice traffic"
56,"i131m","Domestic fixed-to-fixed telephone traffic",,"minutes",229,"THA","Thailand","1.129E9",2012,"From Interconnection Charge Report","Ministry of Information and Communication Technology","Refers to completed local and domestic long distance fixed-telephone voice traffic"
56,"i131m","Domestic fixed-to-fixed telephone traffic",,"minutes",229,"THA","Thailand","9.8E8",2013,"From Interconnection Charge Report","Ministry of Information and Communication Technology","Refers to completed local and domestic long distance fixed-telephone voice traffic"
56,"i131m","Domestic fixed-to-fixed telephone traffic",,"minutes",229,"THA","Thailand","3.56E8",2014,"From Interconnection Charge Report","Ministry of Information and Communication Technology","Refers to completed local and domestic long distance fixed-telephone voice traffic"
56,"i131m","Domestic fixed-to-fixed telephone traffic",,"minutes",229,"THA","Thailand","5.87E8",2015,"NBTC (From Interconnection Charge Report)","Ministry of Information and Communication Technology","Refers to completed local and domestic long distance fixed-telephone voice traffic"
56,"i131m","Domestic fixed-to-fixed telephone traffic",,"minutes",229,"THA","Thailand","5.08112E8",2016,"1.From Interconnection Charge Report)##2. NBTC updated 2014 = 735'000'000","The National Broadcasting and Telecommunications Commission","Refers to completed local and domestic long distance fixed-telephone voice traffic"
56,"i131m","Domestic fixed-to-fixed telephone traffic",,"minutes",229,"THA","Thailand","2.4814E8",2017,"From Interconnection Charge Report","Office of the National Broadcasting and Telecommunications Commission","Refers to completed local and domestic long distance fixed-telephone voice traffic"
56,"i131m","Domestic fixed-to-fixed telephone traffic",,"minutes",229,"THA","Thailand","1.8884E7",2018,"From Interconnection Charge Report","Office of The National Broadcasting and Telecommunications Commission (NBTC)","Refers to completed local and domestic long distance fixed-telephone voice traffic"
56,"i131m","Domestic fixed-to-fixed telephone traffic",,"minutes",229,"THA","Thailand","1.5634E7",2019,"","The National Broadcasting and Telecommunications Commission","Refers to completed local and domestic long distance fixed-telephone voice traffic"
56,"i131m","Domestic fixed-to-fixed telephone traffic",,"minutes",229,"THA","Thailand","1.2456E7",2020,"","The National Broadcasting and Telecommunications Commission","Refers to completed local and domestic long distance fixed-telephone voice traffic"
56,"i131m","Domestic fixed-to-fixed telephone traffic",,"minutes",229,"THA","Thailand","2.5589E7",2021,"1) From Interconnection Charge Report Only.","The National Broadcasting and Telecommunications Commission","Refers to completed local and domestic long distance fixed-telephone voice traffic"
56,"i131m","Domestic fixed-to-fixed telephone traffic",,"minutes",232,"TON","Tonga","5284068.0",2018,"","MEIDECC","Refers to completed local and domestic long distance fixed-telephone voice traffic"
56,"i131m","Domestic fixed-to-fixed telephone traffic",,"minutes",234,"TTO","Trinidad and Tobago","3.26389492E9",2000,"","","Refers to completed local and domestic long distance fixed-telephone voice traffic"
56,"i131m","Domestic fixed-to-fixed telephone traffic",,"minutes",234,"TTO","Trinidad and Tobago","3.471136312E9",2001,"","","Refers to completed local and domestic long distance fixed-telephone voice traffic"
56,"i131m","Domestic fixed-to-fixed telephone traffic",,"minutes",234,"TTO","Trinidad and Tobago","1.051267468E9",2008,"","Telecommunications Authority of Trinidad and Tobago","Refers to completed local and domestic long distance fixed-telephone voice traffic"
56,"i131m","Domestic fixed-to-fixed telephone traffic",,"minutes",234,"TTO","Trinidad and Tobago","8.79668896E8",2009,"","Telecommunications Authority of Trinidad and Tobago","Refers to completed local and domestic long distance fixed-telephone voice traffic"
56,"i131m","Domestic fixed-to-fixed telephone traffic",,"minutes",234,"TTO","Trinidad and Tobago","8.26642739E8",2010,"Excludes directory enquiry or emergency calls.","Telecommunications Authority of Trinidad and Tobago (TATT)","Refers to completed local and domestic long distance fixed-telephone voice traffic"
56,"i131m","Domestic fixed-to-fixed telephone traffic",,"minutes",234,"TTO","Trinidad and Tobago","7.95256695E8",2011,"Excludes directory enquiry or emergency calls.","Telecommunications Authority of Trinidad and Tobago (TATT)","Refers to completed local and domestic long distance fixed-telephone voice traffic"
56,"i131m","Domestic fixed-to-fixed telephone traffic",,"minutes",234,"TTO","Trinidad and Tobago","8.18798995E8",2012,"","Telecommunications Authority of Trinidad and Tobago (TATT)","Refers to completed local and domestic long distance fixed-telephone voice traffic"
56,"i131m","Domestic fixed-to-fixed telephone traffic",,"minutes",234,"TTO","Trinidad and Tobago","8.01442335E8",2013,"","Telecommunications Authority of Trinidad and Tobago (TATT)","Refers to completed local and domestic long distance fixed-telephone voice traffic"
56,"i131m","Domestic fixed-to-fixed telephone traffic",,"minutes",234,"TTO","Trinidad and Tobago","7.78362087E8",2014,"","Telecommunications Authority of Trinidad and Tobago (TATT)","Refers to completed local and domestic long distance fixed-telephone voice traffic"
56,"i131m","Domestic fixed-to-fixed telephone traffic",,"minutes",234,"TTO","Trinidad and Tobago","7.52620414E8",2015,"","Telecommunications Authority of Trinidad and Tobago (TATT)","Refers to completed local and domestic long distance fixed-telephone voice traffic"
56,"i131m","Domestic fixed-to-fixed telephone traffic",,"minutes",234,"TTO","Trinidad and Tobago","7.27240649E8",2016,"","Telecommunications Authority of Trinidad and Tobago","Refers to completed local and domestic long distance fixed-telephone voice traffic"
56,"i131m","Domestic fixed-to-fixed telephone traffic",,"minutes",234,"TTO","Trinidad and Tobago","6.28486269E8",2017,"","Telecommunications Authority of Trinidad and Tobago","Refers to completed local and domestic long distance fixed-telephone voice traffic"
56,"i131m","Domestic fixed-to-fixed telephone traffic",,"minutes",234,"TTO","Trinidad and Tobago","5.48136127E8",2018,"","Telecommunications Authority of Trinidad and Tobago","Refers to completed local and domestic long distance fixed-telephone voice traffic"
56,"i131m","Domestic fixed-to-fixed telephone traffic",,"minutes",234,"TTO","Trinidad and Tobago","3.95136652E8",2019,"","Telecommunications Authority of Trinidad and Tobago","Refers to completed local and domestic long distance fixed-telephone voice traffic"
56,"i131m","Domestic fixed-to-fixed telephone traffic",,"minutes",234,"TTO","Trinidad and Tobago","2.85052702E8",2020,"","Telecommunications Authority of Trinidad and Tobago","Refers to completed local and domestic long distance fixed-telephone voice traffic"
56,"i131m","Domestic fixed-to-fixed telephone traffic",,"minutes",234,"TTO","Trinidad and Tobago","2.14359841E8",2021,"","","Refers to completed local and domestic long distance fixed-telephone voice traffic"
56,"i131m","Domestic fixed-to-fixed telephone traffic",,"minutes",235,"TUN","Tunisia","8.55053881E8",2012,"","Ministère des Technologies de l'Information et de la Communication","Refers to completed local and domestic long distance fixed-telephone voice traffic"
56,"i131m","Domestic fixed-to-fixed telephone traffic",,"minutes",235,"TUN","Tunisia","7.84973627E8",2013,"","Ministère des Technologies de l'Information et de la Communication","Refers to completed local and domestic long distance fixed-telephone voice traffic"
56,"i131m","Domestic fixed-to-fixed telephone traffic",,"minutes",235,"TUN","Tunisia","5.63301339E8",2014,"","Ministère des Technologies de la Communication et de l'Economie Numérique","Refers to completed local and domestic long distance fixed-telephone voice traffic"
56,"i131m","Domestic fixed-to-fixed telephone traffic",,"minutes",235,"TUN","Tunisia","4.25247563E8",2015,"","Instance Nationale des Télécommunications","Refers to completed local and domestic long distance fixed-telephone voice traffic"
56,"i131m","Domestic fixed-to-fixed telephone traffic",,"minutes",235,"TUN","Tunisia","3.21487318E8",2016,"","Instance Nationale des Télécommunications","Refers to completed local and domestic long distance fixed-telephone voice traffic"
56,"i131m","Domestic fixed-to-fixed telephone traffic",,"minutes",235,"TUN","Tunisia","2.52556321E8",2017,"","Instance Nationale des Télécommunications de Tunisie","Refers to completed local and domestic long distance fixed-telephone voice traffic"
56,"i131m","Domestic fixed-to-fixed telephone traffic",,"minutes",235,"TUN","Tunisia","2.09455027E8",2018,"","Instance Nationale des Télécommunications de Tunisie","Refers to completed local and domestic long distance fixed-telephone voice traffic"
56,"i131m","Domestic fixed-to-fixed telephone traffic",,"minutes",235,"TUN","Tunisia","1.5972565E8",2019,"","Instance Nationale des Télécommunications","Refers to completed local and domestic long distance fixed-telephone voice traffic"
56,"i131m","Domestic fixed-to-fixed telephone traffic",,"minutes",235,"TUN","Tunisia","1.36270672E8",2020,"","Instance Nationale des Télécommunications","Refers to completed local and domestic long distance fixed-telephone voice traffic"
56,"i131m","Domestic fixed-to-fixed telephone traffic",,"minutes",235,"TUN","Tunisia","1.12693115E8",2021,"","Instance Nationale des Télécommunications","Refers to completed local and domestic long distance fixed-telephone voice traffic"
56,"i131m","Domestic fixed-to-fixed telephone traffic",,"minutes",236,"TUR","Türkiye","5.2896623111E10",2005,"","","Refers to completed local and domestic long distance fixed-telephone voice traffic"
56,"i131m","Domestic fixed-to-fixed telephone traffic",,"minutes",236,"TUR","Türkiye","3.9879702663E10",2006,"","","Refers to completed local and domestic long distance fixed-telephone voice traffic"
56,"i131m","Domestic fixed-to-fixed telephone traffic",,"minutes",236,"TUR","Türkiye","2.7859821698E10",2007,"","Information and Communication Technologies Authority","Refers to completed local and domestic long distance fixed-telephone voice traffic"
56,"i131m","Domestic fixed-to-fixed telephone traffic",,"minutes",236,"TUR","Türkiye","2.4681830852E10",2008,"","Information and Communication Technologies Authority","Refers to completed local and domestic long distance fixed-telephone voice traffic"
56,"i131m","Domestic fixed-to-fixed telephone traffic",,"minutes",236,"TUR","Türkiye","2.0168007968E10",2009,"","Information and Communication Technologies Authority","Refers to completed local and domestic long distance fixed-telephone voice traffic"
56,"i131m","Domestic fixed-to-fixed telephone traffic",,"minutes",236,"TUR","Türkiye","2.0138E10",2010,"","Information and Communication Technologies Authority (ICTA)","Refers to completed local and domestic long distance fixed-telephone voice traffic"
56,"i131m","Domestic fixed-to-fixed telephone traffic",,"minutes",236,"TUR","Türkiye","1.7969E10",2011,"","Information and Communication Technologies Authority (ICTA)","Refers to completed local and domestic long distance fixed-telephone voice traffic"
56,"i131m","Domestic fixed-to-fixed telephone traffic",,"minutes",236,"TUR","Türkiye","1.5375E10",2012,"","Information and Communication Technologies Authority (ICTA)","Refers to completed local and domestic long distance fixed-telephone voice traffic"
56,"i131m","Domestic fixed-to-fixed telephone traffic",,"minutes",236,"TUR","Türkiye","1.2829299292E10",2013,"","Information and Communication Technologies Authority (ICTA)","Refers to completed local and domestic long distance fixed-telephone voice traffic"
56,"i131m","Domestic fixed-to-fixed telephone traffic",,"minutes",236,"TUR","Türkiye","1.0291427308E10",2014,"","Information and Communication Technologies Authority (ICTA)","Refers to completed local and domestic long distance fixed-telephone voice traffic"
56,"i131m","Domestic fixed-to-fixed telephone traffic",,"minutes",236,"TUR","Türkiye","5.486151232E9",2016,"","Information and Communication Technologies Authority (ICTA) of Turkey","Refers to completed local and domestic long distance fixed-telephone voice traffic"
56,"i131m","Domestic fixed-to-fixed telephone traffic",,"minutes",236,"TUR","Türkiye","3.987014953E9",2017,"","Information and Communication Technologies Authority (ICTA) of Turkey","Refers to completed local and domestic long distance fixed-telephone voice traffic"
56,"i131m","Domestic fixed-to-fixed telephone traffic",,"minutes",236,"TUR","Türkiye","3.199396139E9",2018,"","Information and Communication Technologies Authority of Turkey","Refers to completed local and domestic long distance fixed-telephone voice traffic"
56,"i131m","Domestic fixed-to-fixed telephone traffic",,"minutes",236,"TUR","Türkiye","2.69806914E9",2019,"","Information and Communication Technologies Authority (ICTA)","Refers to completed local and domestic long distance fixed-telephone voice traffic"
56,"i131m","Domestic fixed-to-fixed telephone traffic",,"minutes",236,"TUR","Türkiye","2.293470213E9",2020,"","Information and Communication Technologies Authority (ICTA)","Refers to completed local and domestic long distance fixed-telephone voice traffic"
56,"i131m","Domestic fixed-to-fixed telephone traffic",,"minutes",236,"TUR","Türkiye","1.743955021E9",2021,"","Information and Communication Technologies Authority (ICTA)","Refers to completed local and domestic long distance fixed-telephone voice traffic"
56,"i131m","Domestic fixed-to-fixed telephone traffic",,"minutes",238,"TZA","Tanzania","9604000.0",2000,"","","Refers to completed local and domestic long distance fixed-telephone voice traffic"
56,"i131m","Domestic fixed-to-fixed telephone traffic",,"minutes",238,"TZA","Tanzania","1.838927655E9",2001,"","","Refers to completed local and domestic long distance fixed-telephone voice traffic"
56,"i131m","Domestic fixed-to-fixed telephone traffic",,"minutes",238,"TZA","Tanzania","3.4046479E7",2009,"","Tanzania Communications Regulatory Authority (TCRA)","Refers to completed local and domestic long distance fixed-telephone voice traffic"
56,"i131m","Domestic fixed-to-fixed telephone traffic",,"minutes",238,"TZA","Tanzania","3.7693216E7",2010,"","Tanzania Communications Regulatory Authority (TCRA)","Refers to completed local and domestic long distance fixed-telephone voice traffic"
56,"i131m","Domestic fixed-to-fixed telephone traffic",,"minutes",238,"TZA","Tanzania","4.021123E7",2011,"","Tanzania Communications Regulatory Authority (TCRA)","Refers to completed local and domestic long distance fixed-telephone voice traffic"
56,"i131m","Domestic fixed-to-fixed telephone traffic",,"minutes",238,"TZA","Tanzania","3.1221851E7",2012,"","Tanzania Communications Regulatory Authority (TCRA)","Refers to completed local and domestic long distance fixed-telephone voice traffic"
56,"i131m","Domestic fixed-to-fixed telephone traffic",,"minutes",238,"TZA","Tanzania","2.5490403E7",2013,"","Tanzania Communications Regulatory Authority (TCRA)","Refers to completed local and domestic long distance fixed-telephone voice traffic"
56,"i131m","Domestic fixed-to-fixed telephone traffic",,"minutes",238,"TZA","Tanzania","1.8690009E7",2014,"","Tanzania Communications Regulatory Authority (TCRA)","Refers to completed local and domestic long distance fixed-telephone voice traffic"
56,"i131m","Domestic fixed-to-fixed telephone traffic",,"minutes",238,"TZA","Tanzania","4.8726559E7",2015,"","Tanzania Communications Regulatory Authority (TCRA)","Refers to completed local and domestic long distance fixed-telephone voice traffic"
56,"i131m","Domestic fixed-to-fixed telephone traffic",,"minutes",238,"TZA","Tanzania","1.3634596E7",2016,"","Tanzania Communications Regulatory Authority (TCRA)","Refers to completed local and domestic long distance fixed-telephone voice traffic"
56,"i131m","Domestic fixed-to-fixed telephone traffic",,"minutes",238,"TZA","Tanzania","4.5480774E7",2017,"","Tanzania Communications Regulatory Authority (TCRA)","Refers to completed local and domestic long distance fixed-telephone voice traffic"
56,"i131m","Domestic fixed-to-fixed telephone traffic",,"minutes",238,"TZA","Tanzania","5.0534747E7",2018,"","Tanzania Communications Regulatory Authority","Refers to completed local and domestic long distance fixed-telephone voice traffic"
56,"i131m","Domestic fixed-to-fixed telephone traffic",,"minutes",238,"TZA","Tanzania","5170869.0",2019,"","Tanzania Communications Regulatory Authority (TCRA)","Refers to completed local and domestic long distance fixed-telephone voice traffic"
56,"i131m","Domestic fixed-to-fixed telephone traffic",,"minutes",238,"TZA","Tanzania","4427136.0",2020,"","Tanzania Communications Regulatory Authority (TCRA)","Refers to completed local and domestic long distance fixed-telephone voice traffic"
56,"i131m","Domestic fixed-to-fixed telephone traffic",,"minutes",238,"TZA","Tanzania","3.018779E7",2021,"","Tanzania Communications Regulatory Authority (TCRA)","Refers to completed local and domestic long distance fixed-telephone voice traffic"
56,"i131m","Domestic fixed-to-fixed telephone traffic",,"minutes",239,"ARE","United Arab Emirates","5.915607E9",2000,"","","Refers to completed local and domestic long distance fixed-telephone voice traffic"
56,"i131m","Domestic fixed-to-fixed telephone traffic",,"minutes",239,"ARE","United Arab Emirates","7.364141E9",2001,"","","Refers to completed local and domestic long distance fixed-telephone voice traffic"
56,"i131m","Domestic fixed-to-fixed telephone traffic",,"minutes",239,"ARE","United Arab Emirates","9.07711367E8",2008,"","Telecommunications Regulatory Authority (TRA)","Refers to completed local and domestic long distance fixed-telephone voice traffic"
56,"i131m","Domestic fixed-to-fixed telephone traffic",,"minutes",239,"ARE","United Arab Emirates","1.113658554E9",2009,"","Telecommunications Regulatory Authority (TRA)","Refers to completed local and domestic long distance fixed-telephone voice traffic"
56,"i131m","Domestic fixed-to-fixed telephone traffic",,"minutes",239,"ARE","United Arab Emirates","9.61358638E8",2010,"","Telecommunications Regulatory Authority (TRA)","Refers to completed local and domestic long distance fixed-telephone voice traffic"
56,"i131m","Domestic fixed-to-fixed telephone traffic",,"minutes",239,"ARE","United Arab Emirates","9.65584259E8",2011,"","Telecommunications Regulatory Authority (TRA)","Refers to completed local and domestic long distance fixed-telephone voice traffic"
56,"i131m","Domestic fixed-to-fixed telephone traffic",,"minutes",239,"ARE","United Arab Emirates","9.21000505E8",2012,"","Telecommunications Regulatory Authority (TRA)","Refers to completed local and domestic long distance fixed-telephone voice traffic"
56,"i131m","Domestic fixed-to-fixed telephone traffic",,"minutes",239,"ARE","United Arab Emirates","7.60022274E8",2013,"","Telecommunications Regulatory Authority (TRA)","Refers to completed local and domestic long distance fixed-telephone voice traffic"
56,"i131m","Domestic fixed-to-fixed telephone traffic",,"minutes",239,"ARE","United Arab Emirates","2.379558521E9",2014,"","Telecommunications Regulatory Authority (TRA)","Refers to completed local and domestic long distance fixed-telephone voice traffic"
56,"i131m","Domestic fixed-to-fixed telephone traffic",,"minutes",239,"ARE","United Arab Emirates","1.585952358E9",2015,"","Telecommunications Regulatory Authority (TRA)","Refers to completed local and domestic long distance fixed-telephone voice traffic"
56,"i131m","Domestic fixed-to-fixed telephone traffic",,"minutes",239,"ARE","United Arab Emirates","1.567198524E9",2016,"","Telecommunications  Regulatory Authority","Refers to completed local and domestic long distance fixed-telephone voice traffic"
56,"i131m","Domestic fixed-to-fixed telephone traffic",,"minutes",239,"ARE","United Arab Emirates","1.584289413E9",2017,"","Telecommunications  Regulatory Authority","Refers to completed local and domestic long distance fixed-telephone voice traffic"
56,"i131m","Domestic fixed-to-fixed telephone traffic",,"minutes",239,"ARE","United Arab Emirates","1.7768788964E9",2018,"","Telecommunications and Digital Government Regulatory Authority","Refers to completed local and domestic long distance fixed-telephone voice traffic"
56,"i131m","Domestic fixed-to-fixed telephone traffic",,"minutes",239,"ARE","United Arab Emirates","3.5020370679E9",2019,"","Telecommunications Regulatory Authority ","Refers to completed local and domestic long distance fixed-telephone voice traffic"
56,"i131m","Domestic fixed-to-fixed telephone traffic",,"minutes",239,"ARE","United Arab Emirates","1.365399626E9",2020,"","Telecommunications Regulatory Authority ","Refers to completed local and domestic long distance fixed-telephone voice traffic"
56,"i131m","Domestic fixed-to-fixed telephone traffic",,"minutes",239,"ARE","United Arab Emirates","1.093939638E9",2021,"","Telecommunications Regulatory Authority ","Refers to completed local and domestic long distance fixed-telephone voice traffic"
56,"i131m","Domestic fixed-to-fixed telephone traffic",,"minutes",240,"UGA","Uganda","1.6319663E7",2008,"","UCC.","Refers to completed local and domestic long distance fixed-telephone voice traffic"
56,"i131m","Domestic fixed-to-fixed telephone traffic",,"minutes",240,"UGA","Uganda","2.3313804E7",2009,"","UCC.","Refers to completed local and domestic long distance fixed-telephone voice traffic"
56,"i131m","Domestic fixed-to-fixed telephone traffic",,"minutes",240,"UGA","Uganda","2.6118518E7",2010,"","Uganda Communications Commission","Refers to completed local and domestic long distance fixed-telephone voice traffic"
56,"i131m","Domestic fixed-to-fixed telephone traffic",,"minutes",240,"UGA","Uganda","2.790406E7",2011,"","Uganda Communications Commission","Refers to completed local and domestic long distance fixed-telephone voice traffic"
56,"i131m","Domestic fixed-to-fixed telephone traffic",,"minutes",240,"UGA","Uganda","1.9532842E7",2012,"","Uganda Communications Commission","Refers to completed local and domestic long distance fixed-telephone voice traffic"
56,"i131m","Domestic fixed-to-fixed telephone traffic",,"minutes",240,"UGA","Uganda","1.1319758E7",2014,"Dec","Uganda Communications Commission","Refers to completed local and domestic long distance fixed-telephone voice traffic"
56,"i131m","Domestic fixed-to-fixed telephone traffic",,"minutes",240,"UGA","Uganda","7035296.0",2015,"December","Uganda Communications Commission","Refers to completed local and domestic long distance fixed-telephone voice traffic"
56,"i131m","Domestic fixed-to-fixed telephone traffic",,"minutes",240,"UGA","Uganda","5.60686628E8",2020,"","Uganda Communications Commission","Refers to completed local and domestic long distance fixed-telephone voice traffic"
56,"i131m","Domestic fixed-to-fixed telephone traffic",,"minutes",240,"UGA","Uganda","6.50607612E8",2021,"","Uganda Communications Commission","Refers to completed local and domestic long distance fixed-telephone voice traffic"
56,"i131m","Domestic fixed-to-fixed telephone traffic",,"minutes",241,"UKR","Ukraine","6.395298E8",2019,"","State Service of Special Communications and Information Protection of Ukraine","Refers to completed local and domestic long distance fixed-telephone voice traffic"
56,"i131m","Domestic fixed-to-fixed telephone traffic",,"minutes",241,"UKR","Ukraine","4.8311586E8",2020,"","State Service of Special Communications and Information Protection of Ukraine","Refers to completed local and domestic long distance fixed-telephone voice traffic"
56,"i131m","Domestic fixed-to-fixed telephone traffic",,"minutes",241,"UKR","Ukraine","2.9556953E8",2021,"","State Service of Special Communications and Information Protection of Ukraine","Refers to completed local and domestic long distance fixed-telephone voice traffic"
56,"i131m","Domestic fixed-to-fixed telephone traffic",,"minutes",242,"URY","Uruguay","4.202075943E9",2005,"Measurement unit: cómputo telefónico. A cómputo is equivalent to one minute in peak hours and to 5 minutes off-peak. Refers to local and national calls.","Unidad Reguladora de Servicios de Comunicaciones.","Refers to completed local and domestic long distance fixed-telephone voice traffic"
56,"i131m","Domestic fixed-to-fixed telephone traffic",,"minutes",242,"URY","Uruguay","4.068658254E9",2006,"Measurement unit: cómputo telefónico. A cómputo is equivalent to one minute in peak hours and to 5 minutes off-peak. Refers to local and national calls.","Unidad Reguladora de Servicios de Comunicaciones.","Refers to completed local and domestic long distance fixed-telephone voice traffic"
56,"i131m","Domestic fixed-to-fixed telephone traffic",,"minutes",242,"URY","Uruguay","3.554316233E9",2007,"Measurement unit: cómputo telefónico. A cómputo is equivalent to one minute in peak hours and to 5 minutes off-peak. Refers to local and national calls.","URSEC","Refers to completed local and domestic long distance fixed-telephone voice traffic"
56,"i131m","Domestic fixed-to-fixed telephone traffic",,"minutes",242,"URY","Uruguay","3.401417509E9",2008,"Measurement unit: cómputo telefónico. A cómputo is equivalent to one minute in peak hours and to 5 minutes off-peak. Refers to local and national calls.","URSEC","Refers to completed local and domestic long distance fixed-telephone voice traffic"
56,"i131m","Domestic fixed-to-fixed telephone traffic",,"minutes",242,"URY","Uruguay","3.106551629E9",2009,"Measurement unit: cómputo telefónico. A cómputo is equivalent to one minute in peak hours and to 5 minutes off-peak. Refers to local and national calls.","URSEC","Refers to completed local and domestic long distance fixed-telephone voice traffic"
56,"i131m","Domestic fixed-to-fixed telephone traffic",,"minutes",242,"URY","Uruguay","2.804245143E9",2010,"Measurement unit: cómputo telefónico. A cómputo is equivalent to one minute in peak hours and to 5 minutes off-peak. Refers to local and national calls.","Unidad Reguladora de Servicios de Comunicaciones","Refers to completed local and domestic long distance fixed-telephone voice traffic"
56,"i131m","Domestic fixed-to-fixed telephone traffic",,"minutes",242,"URY","Uruguay","2.518759586E9",2011,"Measurement unit: cómputo telefónico. A cómputo is equivalent to one minute in peak hours and to 5 minutes off-peak. Refers to local and national calls.","Unidad Reguladora de Servicios de Comunicaciones","Refers to completed local and domestic long distance fixed-telephone voice traffic"
56,"i131m","Domestic fixed-to-fixed telephone traffic",,"minutes",242,"URY","Uruguay","2.354569187E9",2012,"Measurement unit: cómputo telefónico. A cómputo is equivalent to one minute in peak hours and to 5 minutes off-peak. Refers to local and national calls.","Unidad Reguladora de Servicios de Comunicaciones","Refers to completed local and domestic long distance fixed-telephone voice traffic"
56,"i131m","Domestic fixed-to-fixed telephone traffic",,"minutes",242,"URY","Uruguay","2.157321461E9",2013,"Measurement unit: cómputo telefónico. A cómputo is equivalent to one minute in peak hours and to 5 minutes off-peak. Refers to local and national calls.","Unidad Reguladora de Servicios de Comunicaciones","Refers to completed local and domestic long distance fixed-telephone voice traffic"
56,"i131m","Domestic fixed-to-fixed telephone traffic",,"minutes",242,"URY","Uruguay","1.97908096E9",2014,"Measurement unit: cómputo telefónico. A cómputo is equivalent to one minute in peak hours and to 5 minutes off-peak. Refers to local and national calls.","Unidad Reguladora de Servicios de Comunicaciones","Refers to completed local and domestic long distance fixed-telephone voice traffic"
56,"i131m","Domestic fixed-to-fixed telephone traffic",,"minutes",242,"URY","Uruguay","1.75659749E9",2015,"Measurement unit: cómputo telefónico. A cómputo is equivalent to one minute in peak hours and to 5 minutes off-peak. Refers to local and national calls.","Unidad Reguladora de Servicios de Comunicaciones","Refers to completed local and domestic long distance fixed-telephone voice traffic"
56,"i131m","Domestic fixed-to-fixed telephone traffic",,"minutes",242,"URY","Uruguay","1.559498412E9",2016,"Measurement unit: cómputo telefónico. A cómputo is equivalent to one minute in peak hours and to 5 minutes off-peak. Refers to local and national calls.","Unidad Reguladora de Servicios de Comunicaciones","Refers to completed local and domestic long distance fixed-telephone voice traffic"
56,"i131m","Domestic fixed-to-fixed telephone traffic",,"minutes",242,"URY","Uruguay","1.304316949E9",2017,"cómputo telefónico","Unidad Reguladora de Servicios de Comunicaciones","Refers to completed local and domestic long distance fixed-telephone voice traffic"
56,"i131m","Domestic fixed-to-fixed telephone traffic",,"minutes",242,"URY","Uruguay","1.094610882E9",2018,"Son cómputos telefónicos. Un computo equivale a: ##Lun. a Vie. de 0:00 a 9:00 y de 21:00 a 24:00	           5 minutos##Lun. a Vie. de 9:00 a 10:00 y de 18:00 a 21:00	           3 minutos##Lun. a Vie. de 10:00 a 18:00	                                   1 minuto##Sab. Dom. y Feriados (1/1, 1/5, 18/7, 25/8 y 25/12)     5 minutos","URSEC","Refers to completed local and domestic long distance fixed-telephone voice traffic"
56,"i131m","Domestic fixed-to-fixed telephone traffic",,"minutes",242,"URY","Uruguay","8.81806572E8",2019,"cómputos telefónicos. ##","Unidad Reguladora de Servicios de Comunicaciones","Refers to completed local and domestic long distance fixed-telephone voice traffic"
56,"i131m","Domestic fixed-to-fixed telephone traffic",,"minutes",242,"URY","Uruguay","8.06472838E8",2020,"cómputos telefónicos.","Unidad Reguladora de Servicios de Comunicaciones","Refers to completed local and domestic long distance fixed-telephone voice traffic"
56,"i131m","Domestic fixed-to-fixed telephone traffic",,"minutes",242,"URY","Uruguay","7.0653268E8",2021,"cómputos telefónicos.","Unidad Reguladora de Servicios de Comunicaciones","Refers to completed local and domestic long distance fixed-telephone voice traffic"
56,"i131m","Domestic fixed-to-fixed telephone traffic",,"minutes",244,"USA","United States","2.4985E12",2000,"","","Refers to completed local and domestic long distance fixed-telephone voice traffic"
56,"i131m","Domestic fixed-to-fixed telephone traffic",,"minutes",244,"USA","United States","2.4095E12",2001,"","","Refers to completed local and domestic long distance fixed-telephone voice traffic"
56,"i131m","Domestic fixed-to-fixed telephone traffic",,"minutes",244,"USA","United States","1.14309E12",2005,"","","Refers to completed local and domestic long distance fixed-telephone voice traffic"
56,"i131m","Domestic fixed-to-fixed telephone traffic",,"minutes",244,"USA","United States","1.0865E12",2006,"","","Refers to completed local and domestic long distance fixed-telephone voice traffic"
56,"i131m","Domestic fixed-to-fixed telephone traffic",,"minutes",245,"UZB","Uzbekistan","6.26860869E8",2005,"","","Refers to completed local and domestic long distance fixed-telephone voice traffic"
56,"i131m","Domestic fixed-to-fixed telephone traffic",,"minutes",245,"UZB","Uzbekistan","6.96421575E8",2006,"","","Refers to completed local and domestic long distance fixed-telephone voice traffic"
56,"i131m","Domestic fixed-to-fixed telephone traffic",,"minutes",245,"UZB","Uzbekistan","7.7569534E9",2012,"","State Committee for Communications, Informatization and Telecommunication Technologies","Refers to completed local and domestic long distance fixed-telephone voice traffic"
56,"i131m","Domestic fixed-to-fixed telephone traffic",,"minutes",245,"UZB","Uzbekistan","2.898217091E9",2014,"","State Committee for Communications, Informatization and Telecommunication Technologies ","Refers to completed local and domestic long distance fixed-telephone voice traffic"
56,"i131m","Domestic fixed-to-fixed telephone traffic",,"minutes",245,"UZB","Uzbekistan","2.144659892E9",2017,"","Ministry for Development of Information Technologies and Communications of the Republic of Uzbekistan","Refers to completed local and domestic long distance fixed-telephone voice traffic"
56,"i131m","Domestic fixed-to-fixed telephone traffic",,"minutes",245,"UZB","Uzbekistan","2.013292569E9",2018,"","Ministry of Development of the Information Technologies and Communications of the Republic of Uzbekistan","Refers to completed local and domestic long distance fixed-telephone voice traffic"
56,"i131m","Domestic fixed-to-fixed telephone traffic",,"minutes",245,"UZB","Uzbekistan","1.81619212565E9",2019,"","Ministry for Development of Information Technologies and Communications of the Republic of Uzbekistan","Refers to completed local and domestic long distance fixed-telephone voice traffic"
56,"i131m","Domestic fixed-to-fixed telephone traffic",,"minutes",245,"UZB","Uzbekistan","1.71573606984E9",2020,"","Ministry for Development of Information Technologies and Communications of the Republic of Uzbekistan","Refers to completed local and domestic long distance fixed-telephone voice traffic"
56,"i131m","Domestic fixed-to-fixed telephone traffic",,"minutes",245,"UZB","Uzbekistan","1.496775946E9",2021,"","Ministry for Development of Information Technologies and Communications of the Republic of Uzbekistan","Refers to completed local and domestic long distance fixed-telephone voice traffic"
56,"i131m","Domestic fixed-to-fixed telephone traffic",,"minutes",246,"VCT","Saint Vincent and the Grenadines","3780651.0",2000,"","","Refers to completed local and domestic long distance fixed-telephone voice traffic"
56,"i131m","Domestic fixed-to-fixed telephone traffic",,"minutes",246,"VCT","Saint Vincent and the Grenadines","6.2E7",2013,"","National Telecommunications Regulatory Commission","Refers to completed local and domestic long distance fixed-telephone voice traffic"
56,"i131m","Domestic fixed-to-fixed telephone traffic",,"minutes",246,"VCT","Saint Vincent and the Grenadines","2.475466565E7",2014,"","National Telecommunications Regulatory Commission","Refers to completed local and domestic long distance fixed-telephone voice traffic"
56,"i131m","Domestic fixed-to-fixed telephone traffic",,"minutes",246,"VCT","Saint Vincent and the Grenadines","1.3540241E7",2017,"","National Telecommunications Regulatory Commission","Refers to completed local and domestic long distance fixed-telephone voice traffic"
56,"i131m","Domestic fixed-to-fixed telephone traffic",,"minutes",246,"VCT","Saint Vincent and the Grenadines","3130283.0",2018,"Data is at March 2019","National Telecommunications Regulatory Commission","Refers to completed local and domestic long distance fixed-telephone voice traffic"
56,"i131m","Domestic fixed-to-fixed telephone traffic",,"minutes",246,"VCT","Saint Vincent and the Grenadines","1.5127472E7",2019,"","National Telecommunications Regulatory Commission","Refers to completed local and domestic long distance fixed-telephone voice traffic"
56,"i131m","Domestic fixed-to-fixed telephone traffic",,"minutes",246,"VCT","Saint Vincent and the Grenadines","6418033.0",2020,"Data from April to June 2020","National Telecommunications Regulatory Commission","Refers to completed local and domestic long distance fixed-telephone voice traffic"
56,"i131m","Domestic fixed-to-fixed telephone traffic",,"minutes",247,"VEN","Venezuela","2.617E9",2000,"","","Refers to completed local and domestic long distance fixed-telephone voice traffic"
56,"i131m","Domestic fixed-to-fixed telephone traffic",,"minutes",247,"VEN","Venezuela","3.426E9",2001,"","","Refers to completed local and domestic long distance fixed-telephone voice traffic"
56,"i131m","Domestic fixed-to-fixed telephone traffic",,"minutes",247,"VEN","Venezuela","3.534267E9",2002,"","","Refers to completed local and domestic long distance fixed-telephone voice traffic"
56,"i131m","Domestic fixed-to-fixed telephone traffic",,"minutes",247,"VEN","Venezuela","3.494588E9",2003,"","","Refers to completed local and domestic long distance fixed-telephone voice traffic"
56,"i131m","Domestic fixed-to-fixed telephone traffic",,"minutes",247,"VEN","Venezuela","3.921211E9",2004,"","","Refers to completed local and domestic long distance fixed-telephone voice traffic"
56,"i131m","Domestic fixed-to-fixed telephone traffic",,"minutes",247,"VEN","Venezuela","3.999865E9",2005,"","","Refers to completed local and domestic long distance fixed-telephone voice traffic"
56,"i131m","Domestic fixed-to-fixed telephone traffic",,"minutes",247,"VEN","Venezuela","6.72294E9",2006,"","","Refers to completed local and domestic long distance fixed-telephone voice traffic"
56,"i131m","Domestic fixed-to-fixed telephone traffic",,"minutes",247,"VEN","Venezuela","1.6605810646E10",2007,"","Comisión Nacional de Telecomunicaciones CONATEL","Refers to completed local and domestic long distance fixed-telephone voice traffic"
56,"i131m","Domestic fixed-to-fixed telephone traffic",,"minutes",247,"VEN","Venezuela","2.0804985958E10",2008,"","Comisión Nacional de Telecomunicaciones","Refers to completed local and domestic long distance fixed-telephone voice traffic"
56,"i131m","Domestic fixed-to-fixed telephone traffic",,"minutes",247,"VEN","Venezuela","2.1245147791E10",2009,"","Comisión Nacional de Telecomunicaciones","Refers to completed local and domestic long distance fixed-telephone voice traffic"
56,"i131m","Domestic fixed-to-fixed telephone traffic",,"minutes",247,"VEN","Venezuela","2.1362764482E10",2010,"","Comisión Nacional de Telecomunicaciones","Refers to completed local and domestic long distance fixed-telephone voice traffic"
56,"i131m","Domestic fixed-to-fixed telephone traffic",,"minutes",247,"VEN","Venezuela","2.0711166307E10",2011,"","Comisión Nacional de Telecomunicaciones","Refers to completed local and domestic long distance fixed-telephone voice traffic"
56,"i131m","Domestic fixed-to-fixed telephone traffic",,"minutes",247,"VEN","Venezuela","2.0320061376E10",2012,"","Comisión Nacional de Telecomunicaciones","Refers to completed local and domestic long distance fixed-telephone voice traffic"
56,"i131m","Domestic fixed-to-fixed telephone traffic",,"minutes",247,"VEN","Venezuela","1.8959597352E10",2013,"","Comisión Nacional de Telecomunicaciones","Refers to completed local and domestic long distance fixed-telephone voice traffic"
56,"i131m","Domestic fixed-to-fixed telephone traffic",,"minutes",247,"VEN","Venezuela","1.9268567431E10",2014,"","Comisión Nacional de Telecomunicaciones","Refers to completed local and domestic long distance fixed-telephone voice traffic"
56,"i131m","Domestic fixed-to-fixed telephone traffic",,"minutes",247,"VEN","Venezuela","2.1189001252E10",2015,"Preliminary","Comisión Nacional de Telecomunicaciones","Refers to completed local and domestic long distance fixed-telephone voice traffic"
56,"i131m","Domestic fixed-to-fixed telephone traffic",,"minutes",247,"VEN","Venezuela","2.2486195712E10",2016,"Preliminary","Comisión Nacional de Telecomunicaciones","Refers to completed local and domestic long distance fixed-telephone voice traffic"
56,"i131m","Domestic fixed-to-fixed telephone traffic",,"minutes",247,"VEN","Venezuela","1.6669838698E10",2017,"Preliminary","Comisión Nacional de Telecomunicaciones (CONATEL)","Refers to completed local and domestic long distance fixed-telephone voice traffic"
56,"i131m","Domestic fixed-to-fixed telephone traffic",,"minutes",247,"VEN","Venezuela","1.7667322023E10",2018,"Preliminary","CONATEL","Refers to completed local and domestic long distance fixed-telephone voice traffic"
56,"i131m","Domestic fixed-to-fixed telephone traffic",,"minutes",247,"VEN","Venezuela","7.434070983E9",2019,"Preliminary","Comisión Nacional de Telecomunicaciones","Refers to completed local and domestic long distance fixed-telephone voice traffic"
56,"i131m","Domestic fixed-to-fixed telephone traffic",,"minutes",247,"VEN","Venezuela","3.508259612E9",2020,"Preliminary","Comisión Nacional de Telecomunicaciones","Refers to completed local and domestic long distance fixed-telephone voice traffic"
56,"i131m","Domestic fixed-to-fixed telephone traffic",,"minutes",247,"VEN","Venezuela","3.395591785E9",2021,"Preliminary","Comisión Nacional de Telecomunicaciones","Refers to completed local and domestic long distance fixed-telephone voice traffic"
56,"i131m","Domestic fixed-to-fixed telephone traffic",,"minutes",249,"VGB","British Virgin Islands","2.896E7",2009,"","Telecommunications Regulatory Commission","Refers to completed local and domestic long distance fixed-telephone voice traffic"
56,"i131m","Domestic fixed-to-fixed telephone traffic",,"minutes",249,"VGB","British Virgin Islands","1.4735E7",2010,"","Telecommunications Regulatory Commission","Refers to completed local and domestic long distance fixed-telephone voice traffic"
56,"i131m","Domestic fixed-to-fixed telephone traffic",,"minutes",249,"VGB","British Virgin Islands","5136000.0",2013,"","Telecommunications Regulatory Commission","Refers to completed local and domestic long distance fixed-telephone voice traffic"
56,"i131m","Domestic fixed-to-fixed telephone traffic",,"minutes",249,"VGB","British Virgin Islands","7734000.0",2014,"","Telecommunications Regulatory Commission","Refers to completed local and domestic long distance fixed-telephone voice traffic"
56,"i131m","Domestic fixed-to-fixed telephone traffic",,"minutes",249,"VGB","British Virgin Islands","5614000.0",2016,"","Telecommunications Regulatory Commission","Refers to completed local and domestic long distance fixed-telephone voice traffic"
56,"i131m","Domestic fixed-to-fixed telephone traffic",,"minutes",249,"VGB","British Virgin Islands","3870000.0",2017,"","TRC","Refers to completed local and domestic long distance fixed-telephone voice traffic"
56,"i131m","Domestic fixed-to-fixed telephone traffic",,"minutes",249,"VGB","British Virgin Islands","2126000.0",2018,"Based on forecast","TRC","Refers to completed local and domestic long distance fixed-telephone voice traffic"
56,"i131m","Domestic fixed-to-fixed telephone traffic",,"minutes",250,"VNM","Viet Nam","7.60223448E8",2019,"","Ministry of Information and Communications","Refers to completed local and domestic long distance fixed-telephone voice traffic"
56,"i131m","Domestic fixed-to-fixed telephone traffic",,"minutes",250,"VNM","Viet Nam","1.325246301E9",2020,"","Ministry of Information and Communications","Refers to completed local and domestic long distance fixed-telephone voice traffic"
56,"i131m","Domestic fixed-to-fixed telephone traffic",,"minutes",250,"VNM","Viet Nam","1.099704956E9",2021,"","Ministry of Information and Communications","Refers to completed local and domestic long distance fixed-telephone voice traffic"
56,"i131m","Domestic fixed-to-fixed telephone traffic",,"minutes",251,"VUT","Vanuatu","5736594.0",2010,"","Office of the Vanuatu Telecom Regulator","Refers to completed local and domestic long distance fixed-telephone voice traffic"
56,"i131m","Domestic fixed-to-fixed telephone traffic",,"minutes",251,"VUT","Vanuatu","4647273.0",2011,"","Office of the Vanuatu Telecom Regulator","Refers to completed local and domestic long distance fixed-telephone voice traffic"
56,"i131m","Domestic fixed-to-fixed telephone traffic",,"minutes",251,"VUT","Vanuatu","4278036.0",2012,"","Telecommunications & Radiocommunications Regulator","Refers to completed local and domestic long distance fixed-telephone voice traffic"
56,"i131m","Domestic fixed-to-fixed telephone traffic",,"minutes",251,"VUT","Vanuatu","4500000.0",2013,"Estimated","Office of theTelecommunications & Radiocommunications Regulator","Refers to completed local and domestic long distance fixed-telephone voice traffic"
56,"i131m","Domestic fixed-to-fixed telephone traffic",,"minutes",251,"VUT","Vanuatu","2998471.0",2015,"","Office of the Telecommunications & Radiocommunications Regulator","Refers to completed local and domestic long distance fixed-telephone voice traffic"
56,"i131m","Domestic fixed-to-fixed telephone traffic",,"minutes",251,"VUT","Vanuatu","2987254.0",2016,"","TRBR","Refers to completed local and domestic long distance fixed-telephone voice traffic"
56,"i131m","Domestic fixed-to-fixed telephone traffic",,"minutes",251,"VUT","Vanuatu","2863443.0",2017,"","Telecommunications, Radiocommunications and Broadcasting Regulator","Refers to completed local and domestic long distance fixed-telephone voice traffic"
56,"i131m","Domestic fixed-to-fixed telephone traffic",,"minutes",251,"VUT","Vanuatu","2540657.0",2018,"","Telecommunications, Radiocommunications and Broadcasting Regulator","Refers to completed local and domestic long distance fixed-telephone voice traffic"
56,"i131m","Domestic fixed-to-fixed telephone traffic",,"minutes",251,"VUT","Vanuatu","2776647.0",2019,"","Office of the Telecommunications, Radiocommunications & Broadcasting Regulator","Refers to completed local and domestic long distance fixed-telephone voice traffic"
56,"i131m","Domestic fixed-to-fixed telephone traffic",,"minutes",251,"VUT","Vanuatu","2242129.0",2021,"","Office of the Telecommunications, Radiocommunications & Broadcasting Regulator","Refers to completed local and domestic long distance fixed-telephone voice traffic"
56,"i131m","Domestic fixed-to-fixed telephone traffic",,"minutes",253,"WLF","Wallis and Futuna","1.7270898E7",2007,"","Service des Postes et Télécommunications","Refers to completed local and domestic long distance fixed-telephone voice traffic"
56,"i131m","Domestic fixed-to-fixed telephone traffic",,"minutes",253,"WLF","Wallis and Futuna","5804033.0",2008,"","Service des Postes et Télécommunications","Refers to completed local and domestic long distance fixed-telephone voice traffic"
56,"i131m","Domestic fixed-to-fixed telephone traffic",,"minutes",253,"WLF","Wallis and Futuna","4078473.0",2009,"","Service des Postes et Télécommunications","Refers to completed local and domestic long distance fixed-telephone voice traffic"
56,"i131m","Domestic fixed-to-fixed telephone traffic",,"minutes",256,"SRB","Serbia","1.067330694E10",2007,"","","Refers to completed local and domestic long distance fixed-telephone voice traffic"
56,"i131m","Domestic fixed-to-fixed telephone traffic",,"minutes",256,"SRB","Serbia","1.3463867349E10",2008,"","Republic Agency for Electronic Communications (RATEL)","Refers to completed local and domestic long distance fixed-telephone voice traffic"
56,"i131m","Domestic fixed-to-fixed telephone traffic",,"minutes",256,"SRB","Serbia","1.0323273054E10",2009,"","Republic Telecommunication Agency RATEL","Refers to completed local and domestic long distance fixed-telephone voice traffic"
56,"i131m","Domestic fixed-to-fixed telephone traffic",,"minutes",256,"SRB","Serbia","7.37987726E9",2010,"","Republic Agency for Electronic Communications (RATEL)","Refers to completed local and domestic long distance fixed-telephone voice traffic"
56,"i131m","Domestic fixed-to-fixed telephone traffic",,"minutes",256,"SRB","Serbia","7.062118412E9",2011,"","Republic Agency for Electronic Communications (RATEL)","Refers to completed local and domestic long distance fixed-telephone voice traffic"
56,"i131m","Domestic fixed-to-fixed telephone traffic",,"minutes",256,"SRB","Serbia","6.353322129E9",2012,"","Republic Agency for Electronic Communications (RATEL)","Refers to completed local and domestic long distance fixed-telephone voice traffic"
56,"i131m","Domestic fixed-to-fixed telephone traffic",,"minutes",256,"SRB","Serbia","5.99902345E9",2013,"","Regulatory  Agency for Electronic Communications and Postal Services (RATEL)","Refers to completed local and domestic long distance fixed-telephone voice traffic"
56,"i131m","Domestic fixed-to-fixed telephone traffic",,"minutes",256,"SRB","Serbia","5.440813064E9",2014,"","Regulatory  Agency for Electronic Communications and Postal Services (RATEL)","Refers to completed local and domestic long distance fixed-telephone voice traffic"
56,"i131m","Domestic fixed-to-fixed telephone traffic",,"minutes",256,"SRB","Serbia","5.140671896E9",2015,"","Regulatory  Agency for Electronic Communications and Postal Services (RATEL)","Refers to completed local and domestic long distance fixed-telephone voice traffic"
56,"i131m","Domestic fixed-to-fixed telephone traffic",,"minutes",256,"SRB","Serbia","4.742890799E9",2016,"","Regulatory Agency for Electronic Communications and Postal Services","Refers to completed local and domestic long distance fixed-telephone voice traffic"
56,"i131m","Domestic fixed-to-fixed telephone traffic",,"minutes",256,"SRB","Serbia","3.989815407E9",2017,"","Regulatory Agency for Electronic Communications and Postal Services","Refers to completed local and domestic long distance fixed-telephone voice traffic"
56,"i131m","Domestic fixed-to-fixed telephone traffic",,"minutes",256,"SRB","Serbia","3.493195755E9",2018,"","Regulatory Agency for Electronic Communications and Postal Services","Refers to completed local and domestic long distance fixed-telephone voice traffic"
56,"i131m","Domestic fixed-to-fixed telephone traffic",,"minutes",256,"SRB","Serbia","2.639592208E9",2019,"","Regulatory  Agency for Electronic Communications and Postal Services (RATEL)","Refers to completed local and domestic long distance fixed-telephone voice traffic"
56,"i131m","Domestic fixed-to-fixed telephone traffic",,"minutes",256,"SRB","Serbia","2.721902239E9",2020,"","Regulatory  Agency for Electronic Communications and Postal Services (RATEL)","Refers to completed local and domestic long distance fixed-telephone voice traffic"
56,"i131m","Domestic fixed-to-fixed telephone traffic",,"minutes",256,"SRB","Serbia","2.207873595E9",2021,"","Regulatory  Agency for Electronic Communications and Postal Services (RATEL)","Refers to completed local and domestic long distance fixed-telephone voice traffic"
56,"i131m","Domestic fixed-to-fixed telephone traffic",,"minutes",257,"COD","Dem. Rep. of the Congo","5444189.34",2005,"","","Refers to completed local and domestic long distance fixed-telephone voice traffic"
56,"i131m","Domestic fixed-to-fixed telephone traffic",,"minutes",257,"COD","Dem. Rep. of the Congo","3186538.0",2010,"","Autorité de Régulation de la Poste et des Télécommunications","Refers to completed local and domestic long distance fixed-telephone voice traffic"
56,"i131m","Domestic fixed-to-fixed telephone traffic",,"minutes",257,"COD","Dem. Rep. of the Congo","4710293.0",2011,"","Autorité de Régulation de la Poste et des Télécommunications","Refers to completed local and domestic long distance fixed-telephone voice traffic"
56,"i131m","Domestic fixed-to-fixed telephone traffic",,"minutes",257,"COD","Dem. Rep. of the Congo","6.23785E7",2012,"","","Refers to completed local and domestic long distance fixed-telephone voice traffic"
56,"i131m","Domestic fixed-to-fixed telephone traffic",,"minutes",259,"ZMB","Zambia","1279380.0",2011,"Source: ZICTA","Zambia Information & Communications Technology Authority (ZICTA)","Refers to completed local and domestic long distance fixed-telephone voice traffic"
56,"i131m","Domestic fixed-to-fixed telephone traffic",,"minutes",259,"ZMB","Zambia","6121795.0",2012,"Source: ZICTA","Zambia Information & Communications Technology Authority (ZICTA)","Refers to completed local and domestic long distance fixed-telephone voice traffic"
56,"i131m","Domestic fixed-to-fixed telephone traffic",,"minutes",259,"ZMB","Zambia","2.836203E7",2013,"","Zambia Information & Communications Technology Authority (ZICTA)","Refers to completed local and domestic long distance fixed-telephone voice traffic"
56,"i131m","Domestic fixed-to-fixed telephone traffic",,"minutes",259,"ZMB","Zambia","2.4460063E7",2014,"","Zambia Information & Communications Technology Authority (ZICTA)","Refers to completed local and domestic long distance fixed-telephone voice traffic"
56,"i131m","Domestic fixed-to-fixed telephone traffic",,"minutes",259,"ZMB","Zambia","3.9510476E7",2015,"","Zambia Information & Communications Technology Authority (ZICTA)","Refers to completed local and domestic long distance fixed-telephone voice traffic"
56,"i131m","Domestic fixed-to-fixed telephone traffic",,"minutes",259,"ZMB","Zambia","2.2578998E7",2016,"","Zambia Information & Communications Technology Authority","Refers to completed local and domestic long distance fixed-telephone voice traffic"
56,"i131m","Domestic fixed-to-fixed telephone traffic",,"minutes",259,"ZMB","Zambia","1.8746843E7",2017,"","Zambia Information & Communications Technology Authority (ZICTA)","Refers to completed local and domestic long distance fixed-telephone voice traffic"
56,"i131m","Domestic fixed-to-fixed telephone traffic",,"minutes",259,"ZMB","Zambia","6778078.0",2018,"","Zambia Information & Communications Technology Authority (ZICTA)","Refers to completed local and domestic long distance fixed-telephone voice traffic"
56,"i131m","Domestic fixed-to-fixed telephone traffic",,"minutes",259,"ZMB","Zambia","6611758.0",2019,"","Zambia Information & Communications Technology Authority (ZICTA)","Refers to completed local and domestic long distance fixed-telephone voice traffic"
56,"i131m","Domestic fixed-to-fixed telephone traffic",,"minutes",260,"ZWE","Zimbabwe","3.161332043E9",2005,"","","Refers to completed local and domestic long distance fixed-telephone voice traffic"
56,"i131m","Domestic fixed-to-fixed telephone traffic",,"minutes",260,"ZWE","Zimbabwe","4.582265052E9",2006,"","","Refers to completed local and domestic long distance fixed-telephone voice traffic"
56,"i131m","Domestic fixed-to-fixed telephone traffic",,"minutes",260,"ZWE","Zimbabwe","7.0E8",2009,"","Postal and Telecommunications Regulatory Authority","Refers to completed local and domestic long distance fixed-telephone voice traffic"
56,"i131m","Domestic fixed-to-fixed telephone traffic",,"minutes",260,"ZWE","Zimbabwe","3.95604404E8",2013,"","Postal and Telecommunications Regulatory Authority","Refers to completed local and domestic long distance fixed-telephone voice traffic"
56,"i131m","Domestic fixed-to-fixed telephone traffic",,"minutes",260,"ZWE","Zimbabwe","3.00949291E8",2014,"","Postal and Telecommunications Regulatory Authority","Refers to completed local and domestic long distance fixed-telephone voice traffic"
56,"i131m","Domestic fixed-to-fixed telephone traffic",,"minutes",260,"ZWE","Zimbabwe","3.0684887E8",2015,"","Postal and Telecommunications Regulatory Authority","Refers to completed local and domestic long distance fixed-telephone voice traffic"
56,"i131m","Domestic fixed-to-fixed telephone traffic",,"minutes",260,"ZWE","Zimbabwe","2.65739827E8",2016,"","POTRAZ","Refers to completed local and domestic long distance fixed-telephone voice traffic"
56,"i131m","Domestic fixed-to-fixed telephone traffic",,"minutes",260,"ZWE","Zimbabwe","2.16775544E8",2017,"","POTRAZ","Refers to completed local and domestic long distance fixed-telephone voice traffic"
56,"i131m","Domestic fixed-to-fixed telephone traffic",,"minutes",260,"ZWE","Zimbabwe","1.17161402E8",2018,"","POTRAZ","Refers to completed local and domestic long distance fixed-telephone voice traffic"
56,"i131m","Domestic fixed-to-fixed telephone traffic",,"minutes",260,"ZWE","Zimbabwe","9.8845121E7",2019,"","Postal and Telecommunications Regulatory Authority","Refers to completed local and domestic long distance fixed-telephone voice traffic"
56,"i131m","Domestic fixed-to-fixed telephone traffic",,"minutes",260,"ZWE","Zimbabwe","3.7443561E7",2021,"","Postal and Telecommunications Regulatory Authority","Refers to completed local and domestic long distance fixed-telephone voice traffic"
56,"i131m","Domestic fixed-to-fixed telephone traffic",,"minutes",274,"MDA","Moldova","2.04945925E9",2000,"","Ministry of Transport and Communications.","Refers to completed local and domestic long distance fixed-telephone voice traffic"
56,"i131m","Domestic fixed-to-fixed telephone traffic",,"minutes",274,"MDA","Moldova","2.3093115E9",2001,"","Ministry of Transport and Communications.","Refers to completed local and domestic long distance fixed-telephone voice traffic"
56,"i131m","Domestic fixed-to-fixed telephone traffic",,"minutes",274,"MDA","Moldova","2.286969E9",2002,"","Ministry of Transport and Communications.","Refers to completed local and domestic long distance fixed-telephone voice traffic"
56,"i131m","Domestic fixed-to-fixed telephone traffic",,"minutes",274,"MDA","Moldova","3.26148289E9",2005,"","National Regulatory Agency for Telecommunications and Informatics.","Refers to completed local and domestic long distance fixed-telephone voice traffic"
56,"i131m","Domestic fixed-to-fixed telephone traffic",,"minutes",274,"MDA","Moldova","3.533565E9",2006,"","National Regulatory Agency for Telecommunications and Informatics.","Refers to completed local and domestic long distance fixed-telephone voice traffic"
56,"i131m","Domestic fixed-to-fixed telephone traffic",,"minutes",274,"MDA","Moldova","3.6169947E9",2007,"","National Regulatory Agency for Telecommunications and Informatics.","Refers to completed local and domestic long distance fixed-telephone voice traffic"
56,"i131m","Domestic fixed-to-fixed telephone traffic",,"minutes",274,"MDA","Moldova","3.35910288E9",2008,"","National Regulatory Agency for Telecommunications and Informatics.","Refers to completed local and domestic long distance fixed-telephone voice traffic"
56,"i131m","Domestic fixed-to-fixed telephone traffic",,"minutes",274,"MDA","Moldova","3.18116695E9",2009,"","National Regulatory Agency for Electronic Communications and Information Technology","Refers to completed local and domestic long distance fixed-telephone voice traffic"
56,"i131m","Domestic fixed-to-fixed telephone traffic",,"minutes",274,"MDA","Moldova","2.89064195E9",2010,"","National Regulatory Agency for Electronic Communications and Information Technology","Refers to completed local and domestic long distance fixed-telephone voice traffic"
56,"i131m","Domestic fixed-to-fixed telephone traffic",,"minutes",274,"MDA","Moldova","2.612652E9",2011,"","National Regulatory Agency for Electronic Communications and Information Technology","Refers to completed local and domestic long distance fixed-telephone voice traffic"
56,"i131m","Domestic fixed-to-fixed telephone traffic",,"minutes",274,"MDA","Moldova","2.332892E9",2012,"","National Regulatory Agency for Electronic Communications and Information Technology","Refers to completed local and domestic long distance fixed-telephone voice traffic"
56,"i131m","Domestic fixed-to-fixed telephone traffic",,"minutes",274,"MDA","Moldova","1.9878E9",2013,"","National Regulatory Agency for Electronic Communications and Information Technology","Refers to completed local and domestic long distance fixed-telephone voice traffic"
56,"i131m","Domestic fixed-to-fixed telephone traffic",,"minutes",274,"MDA","Moldova","1.661525E9",2014,"","National Regulatory Agency for Electronic Communications and Information Technology","Refers to completed local and domestic long distance fixed-telephone voice traffic"
56,"i131m","Domestic fixed-to-fixed telephone traffic",,"minutes",274,"MDA","Moldova","1.459003E9",2015,"","National Regulatory Agency for Electronic Communications and Information Technology","Refers to completed local and domestic long distance fixed-telephone voice traffic"
56,"i131m","Domestic fixed-to-fixed telephone traffic",,"minutes",274,"MDA","Moldova","1.249267E9",2016,"","National Regulatory Agency for Electronic Communications and Information Technology (ANRCETI)","Refers to completed local and domestic long distance fixed-telephone voice traffic"
56,"i131m","Domestic fixed-to-fixed telephone traffic",,"minutes",274,"MDA","Moldova","1.079729E9",2017,"","National Regulatory Agency for Electronic Communications and Information Technology (ANRCETI)","Refers to completed local and domestic long distance fixed-telephone voice traffic"
56,"i131m","Domestic fixed-to-fixed telephone traffic",,"minutes",274,"MDA","Moldova","9.10467E8",2018,"","National Regulatory Agency for Electronic Communications and Information Technology","Refers to completed local and domestic long distance fixed-telephone voice traffic"
56,"i131m","Domestic fixed-to-fixed telephone traffic",,"minutes",274,"MDA","Moldova","7.56428E8",2019,"","National Regulatory Agency for Electronic Communications and Information Technology","Refers to completed local and domestic long distance fixed-telephone voice traffic"
56,"i131m","Domestic fixed-to-fixed telephone traffic",,"minutes",274,"MDA","Moldova","7.4664E8",2020,"","National Regulatory Agency for Electronic Communications and Information Technology","Refers to completed local and domestic long distance fixed-telephone voice traffic"
56,"i131m","Domestic fixed-to-fixed telephone traffic",,"minutes",274,"MDA","Moldova","5.8463E8",2021,"","National Regulatory Agency for Electronic Communications and Information Technology","Refers to completed local and domestic long distance fixed-telephone voice traffic"
56,"i131m","Domestic fixed-to-fixed telephone traffic",,"minutes",275,"BIH","Bosnia and Herzegovina","2.058314225E9",2007,"","","Refers to completed local and domestic long distance fixed-telephone voice traffic"
56,"i131m","Domestic fixed-to-fixed telephone traffic",,"minutes",275,"BIH","Bosnia and Herzegovina","1.959992286E9",2008,"","Communications Regulatory Agency B & H","Refers to completed local and domestic long distance fixed-telephone voice traffic"
56,"i131m","Domestic fixed-to-fixed telephone traffic",,"minutes",275,"BIH","Bosnia and Herzegovina","2.053852443E9",2009,"","Communication Regulatory Agency","Refers to completed local and domestic long distance fixed-telephone voice traffic"
56,"i131m","Domestic fixed-to-fixed telephone traffic",,"minutes",275,"BIH","Bosnia and Herzegovina","1.982935553E9",2010,"","Communications Regulatory Agency B & H","Refers to completed local and domestic long distance fixed-telephone voice traffic"
56,"i131m","Domestic fixed-to-fixed telephone traffic",,"minutes",275,"BIH","Bosnia and Herzegovina","2.496851972E9",2011,"","Communications Regulatory Agency B & H","Refers to completed local and domestic long distance fixed-telephone voice traffic"
56,"i131m","Domestic fixed-to-fixed telephone traffic",,"minutes",275,"BIH","Bosnia and Herzegovina","2.376838267E9",2012,"","Communications Regulatory Agency B & H","Refers to completed local and domestic long distance fixed-telephone voice traffic"
56,"i131m","Domestic fixed-to-fixed telephone traffic",,"minutes",275,"BIH","Bosnia and Herzegovina","1.620147855E9",2013,"","Communications Regulatory Agency B & H","Refers to completed local and domestic long distance fixed-telephone voice traffic"
56,"i131m","Domestic fixed-to-fixed telephone traffic",,"minutes",275,"BIH","Bosnia and Herzegovina","2.02826508E9",2014,"","Communications Regulatory Agency B & H","Refers to completed local and domestic long distance fixed-telephone voice traffic"
56,"i131m","Domestic fixed-to-fixed telephone traffic",,"minutes",275,"BIH","Bosnia and Herzegovina","1.503957307E9",2015,"","Communications Regulatory Agency B & H","Refers to completed local and domestic long distance fixed-telephone voice traffic"
56,"i131m","Domestic fixed-to-fixed telephone traffic",,"minutes",275,"BIH","Bosnia and Herzegovina","1.8985154E9",2016,"","Communications Regulatory Agency","Refers to completed local and domestic long distance fixed-telephone voice traffic"
56,"i131m","Domestic fixed-to-fixed telephone traffic",,"minutes",275,"BIH","Bosnia and Herzegovina","1.758154453E9",2017,"","Communications Regulatory Agency","Refers to completed local and domestic long distance fixed-telephone voice traffic"
56,"i131m","Domestic fixed-to-fixed telephone traffic",,"minutes",275,"BIH","Bosnia and Herzegovina","1.560580719E9",2018,"","Communications Regulatory Agency","Refers to completed local and domestic long distance fixed-telephone voice traffic"
56,"i131m","Domestic fixed-to-fixed telephone traffic",,"minutes",275,"BIH","Bosnia and Herzegovina","1.309330293E9",2019,"","Communications Regulatory Agency B & H","Refers to completed local and domestic long distance fixed-telephone voice traffic"
56,"i131m","Domestic fixed-to-fixed telephone traffic",,"minutes",275,"BIH","Bosnia and Herzegovina","1.387989749E9",2020,"","Communications Regulatory Agency B & H","Refers to completed local and domestic long distance fixed-telephone voice traffic"
56,"i131m","Domestic fixed-to-fixed telephone traffic",,"minutes",275,"BIH","Bosnia and Herzegovina","1.013332531E9",2021,"","Communications Regulatory Agency B & H","Refers to completed local and domestic long distance fixed-telephone voice traffic"
56,"i131m","Domestic fixed-to-fixed telephone traffic",,"minutes",276,"GEO","Georgia","2.440155E9",2000,"","","Refers to completed local and domestic long distance fixed-telephone voice traffic"
56,"i131m","Domestic fixed-to-fixed telephone traffic",,"minutes",276,"GEO","Georgia","2.232445E9",2001,"","","Refers to completed local and domestic long distance fixed-telephone voice traffic"
56,"i131m","Domestic fixed-to-fixed telephone traffic",,"minutes",276,"GEO","Georgia","2616602.0",2002,"","","Refers to completed local and domestic long distance fixed-telephone voice traffic"
56,"i131m","Domestic fixed-to-fixed telephone traffic",,"minutes",276,"GEO","Georgia","2767896.0",2003,"","","Refers to completed local and domestic long distance fixed-telephone voice traffic"
56,"i131m","Domestic fixed-to-fixed telephone traffic",,"minutes",276,"GEO","Georgia","3.523146E9",2007,"","Georgian National Communications Commission","Refers to completed local and domestic long distance fixed-telephone voice traffic"
56,"i131m","Domestic fixed-to-fixed telephone traffic",,"minutes",276,"GEO","Georgia","4.638308E9",2008,"","Georgian National Communications Commission","Refers to completed local and domestic long distance fixed-telephone voice traffic"
56,"i131m","Domestic fixed-to-fixed telephone traffic",,"minutes",276,"GEO","Georgia","2.284389906E9",2009,"","Georgian National Communications Commission","Refers to completed local and domestic long distance fixed-telephone voice traffic"
56,"i131m","Domestic fixed-to-fixed telephone traffic",,"minutes",276,"GEO","Georgia","2.308296839E9",2010,"","Ministry of Economy and Sustainable Development of Georgia","Refers to completed local and domestic long distance fixed-telephone voice traffic"
56,"i131m","Domestic fixed-to-fixed telephone traffic",,"minutes",276,"GEO","Georgia","2.785506929E9",2011,"","Georgian National Communications Commission","Refers to completed local and domestic long distance fixed-telephone voice traffic"
56,"i131m","Domestic fixed-to-fixed telephone traffic",,"minutes",276,"GEO","Georgia","2.324614312E9",2012,"","Georgian National Communications Commission","Refers to completed local and domestic long distance fixed-telephone voice traffic"
56,"i131m","Domestic fixed-to-fixed telephone traffic",,"minutes",276,"GEO","Georgia","1.799762404E9",2013,"","Georgian National Communications Commission","Refers to completed local and domestic long distance fixed-telephone voice traffic"
56,"i131m","Domestic fixed-to-fixed telephone traffic",,"minutes",276,"GEO","Georgia","1.519332927E9",2014,"","Georgian National Communications Commission","Refers to completed local and domestic long distance fixed-telephone voice traffic"
56,"i131m","Domestic fixed-to-fixed telephone traffic",,"minutes",276,"GEO","Georgia","1.176508191E9",2015,"","Georgian National Communications Commission","Refers to completed local and domestic long distance fixed-telephone voice traffic"
56,"i131m","Domestic fixed-to-fixed telephone traffic",,"minutes",276,"GEO","Georgia","9.36636041E8",2016,"","GNCC","Refers to completed local and domestic long distance fixed-telephone voice traffic"
56,"i131m","Domestic fixed-to-fixed telephone traffic",,"minutes",276,"GEO","Georgia","6.67443512E8",2017,"","Georgian National Communications Commission","Refers to completed local and domestic long distance fixed-telephone voice traffic"
56,"i131m","Domestic fixed-to-fixed telephone traffic",,"minutes",276,"GEO","Georgia","4.8527800018E8",2018,"","Georgian National Communications Commission","Refers to completed local and domestic long distance fixed-telephone voice traffic"
56,"i131m","Domestic fixed-to-fixed telephone traffic",,"minutes",276,"GEO","Georgia","3.5617815852E8",2019,"","Communications Comission","Refers to completed local and domestic long distance fixed-telephone voice traffic"
56,"i131m","Domestic fixed-to-fixed telephone traffic",,"minutes",276,"GEO","Georgia","3.0038226377E8",2020,"","Communications Comission","Refers to completed local and domestic long distance fixed-telephone voice traffic"
56,"i131m","Domestic fixed-to-fixed telephone traffic",,"minutes",276,"GEO","Georgia","2.178375E8",2021,"","Communications Comission","Refers to completed local and domestic long distance fixed-telephone voice traffic"
56,"i131m","Domestic fixed-to-fixed telephone traffic",,"minutes",277,"KAZ","Kazakhstan","2.380869417E9",2006,"","","Refers to completed local and domestic long distance fixed-telephone voice traffic"
56,"i131m","Domestic fixed-to-fixed telephone traffic",,"minutes",277,"KAZ","Kazakhstan","2.952742563E9",2007,"","","Refers to completed local and domestic long distance fixed-telephone voice traffic"
56,"i131m","Domestic fixed-to-fixed telephone traffic",,"minutes",277,"KAZ","Kazakhstan","3.079E9",2011,"","The Committee for Communication, informatization and information of the Ministry for Investment and Development of the Republic of Kazakhstan","Refers to completed local and domestic long distance fixed-telephone voice traffic"
56,"i131m","Domestic fixed-to-fixed telephone traffic",,"minutes",277,"KAZ","Kazakhstan","2.8006E9",2012,"","The Committee for Communication, informatization and information of the Ministry for Investment and Development of the Republic of Kazakhstan","Refers to completed local and domestic long distance fixed-telephone voice traffic"
56,"i131m","Domestic fixed-to-fixed telephone traffic",,"minutes",277,"KAZ","Kazakhstan","2.6222E9",2013,"","The Committee for Communication, informatization and information of the Ministry for Investment and Development of the Republic of Kazakhstan","Refers to completed local and domestic long distance fixed-telephone voice traffic"
56,"i131m","Domestic fixed-to-fixed telephone traffic",,"minutes",277,"KAZ","Kazakhstan","2.7147E9",2014,"","The Committee for Communication, informatization and information of the Ministry for Investment and Development of the Republic of Kazakhstan","Refers to completed local and domestic long distance fixed-telephone voice traffic"
56,"i131m","Domestic fixed-to-fixed telephone traffic",,"minutes",277,"KAZ","Kazakhstan","2.4056E9",2015,"","Ministry of Information and Communication of the Republic of Kazakhstan","Refers to completed local and domestic long distance fixed-telephone voice traffic"
56,"i131m","Domestic fixed-to-fixed telephone traffic",,"minutes",277,"KAZ","Kazakhstan","2.7023E9",2016,"","Ministry of Digital Development Innovation and Aerospace","Refers to completed local and domestic long distance fixed-telephone voice traffic"
56,"i131m","Domestic fixed-to-fixed telephone traffic",,"minutes",277,"KAZ","Kazakhstan","1.8411E9",2017,"","Ministry of digital development, innovation and aerospace industry of the Republic of Kazakhstan","Refers to completed local and domestic long distance fixed-telephone voice traffic"
56,"i131m","Domestic fixed-to-fixed telephone traffic",,"minutes",277,"KAZ","Kazakhstan","1.8753E9",2018,"","Ministry of Digital Development Innovation and Aerospace Industry of the Republic of Kazakhstan","Refers to completed local and domestic long distance fixed-telephone voice traffic"
56,"i131m","Domestic fixed-to-fixed telephone traffic",,"minutes",277,"KAZ","Kazakhstan","1.8034E9",2019,"","Ministry of digital development, defense and aerospace industry of the Republic of Kazakhstan","Refers to completed local and domestic long distance fixed-telephone voice traffic"
56,"i131m","Domestic fixed-to-fixed telephone traffic",,"minutes",277,"KAZ","Kazakhstan","1.4865E9",2020,"","Ministry of digital development, defense and aerospace industry of the Republic of Kazakhstan","Refers to completed local and domestic long distance fixed-telephone voice traffic"
56,"i131m","Domestic fixed-to-fixed telephone traffic",,"minutes",277,"KAZ","Kazakhstan","1.3307E9",2021,"","Ministry of digital development, defense and aerospace industry of the Republic of Kazakhstan","Refers to completed local and domestic long distance fixed-telephone voice traffic"
56,"i131m","Domestic fixed-to-fixed telephone traffic",,"minutes",278,"TJK","Tajikistan","4.8863905E7",2000,"","","Refers to completed local and domestic long distance fixed-telephone voice traffic"
56,"i131m","Domestic fixed-to-fixed telephone traffic",,"minutes",278,"TJK","Tajikistan","6.5175775E7",2001,"","","Refers to completed local and domestic long distance fixed-telephone voice traffic"
56,"i131m","Domestic fixed-to-fixed telephone traffic",,"minutes",280,"KGZ","Kyrgyzstan","1.099818164E9",2009,"","State Communications Agency under the Governmet of the Kyrgyz Republic","Refers to completed local and domestic long distance fixed-telephone voice traffic"
56,"i131m","Domestic fixed-to-fixed telephone traffic",,"minutes",280,"KGZ","Kyrgyzstan","9.98761661E8",2010,"","State Communications Agency under the Governmet of the Kyrgyz Republic","Refers to completed local and domestic long distance fixed-telephone voice traffic"
56,"i131m","Domestic fixed-to-fixed telephone traffic",,"minutes",280,"KGZ","Kyrgyzstan","8.16888382E8",2011,"","State Communications Agency under the Governmet of the Kyrgyz Republic","Refers to completed local and domestic long distance fixed-telephone voice traffic"
56,"i131m","Domestic fixed-to-fixed telephone traffic",,"minutes",280,"KGZ","Kyrgyzstan","6.92161297E8",2012,"","State Communications Agency under the Governmet of the Kyrgyz Republic","Refers to completed local and domestic long distance fixed-telephone voice traffic"
56,"i131m","Domestic fixed-to-fixed telephone traffic",,"minutes",280,"KGZ","Kyrgyzstan","6.92692555E8",2013,"","State Communications Agency under the Governmet of the Kyrgyz Republic","Refers to completed local and domestic long distance fixed-telephone voice traffic"
56,"i131m","Domestic fixed-to-fixed telephone traffic",,"minutes",280,"KGZ","Kyrgyzstan","1.18447793E8",2015,"","State Communications Agency under the Governmet of the Kyrgyz Republic","Refers to completed local and domestic long distance fixed-telephone voice traffic"
56,"i131m","Domestic fixed-to-fixed telephone traffic",,"minutes",280,"KGZ","Kyrgyzstan","1.07075003E8",2016,"","State Communications Agency under the State Committee for IT and Communications of the Kyrgyz Republic","Refers to completed local and domestic long distance fixed-telephone voice traffic"
56,"i131m","Domestic fixed-to-fixed telephone traffic",,"minutes",280,"KGZ","Kyrgyzstan","7.387498E7",2017,"","State Communications Agency under the State Committee for IT and Communications of the Kyrgyz Republic","Refers to completed local and domestic long distance fixed-telephone voice traffic"
56,"i131m","Domestic fixed-to-fixed telephone traffic",,"minutes",280,"KGZ","Kyrgyzstan","3.9021329E7",2018,"","State Communications Agency under the State Committee for IT and Communications of the Kyrgyz Republic","Refers to completed local and domestic long distance fixed-telephone voice traffic"
56,"i131m","Domestic fixed-to-fixed telephone traffic",,"minutes",280,"KGZ","Kyrgyzstan","3.1818029E7",2019,"","State Communications Agency under the State Committee for IT and Communications of the Kyrgyz Republic","Refers to completed local and domestic long distance fixed-telephone voice traffic"
56,"i131m","Domestic fixed-to-fixed telephone traffic",,"minutes",281,"SVK","Slovakia","3.19273651E9",2000,"","","Refers to completed local and domestic long distance fixed-telephone voice traffic"
56,"i131m","Domestic fixed-to-fixed telephone traffic",,"minutes",281,"SVK","Slovakia","1.542575105E9",2005,"","","Refers to completed local and domestic long distance fixed-telephone voice traffic"
56,"i131m","Domestic fixed-to-fixed telephone traffic",,"minutes",281,"SVK","Slovakia","1.463546665E9",2006,"","","Refers to completed local and domestic long distance fixed-telephone voice traffic"
56,"i131m","Domestic fixed-to-fixed telephone traffic",,"minutes",281,"SVK","Slovakia","1.468554426E9",2007,"","Ministry of Transport, Posts and Telecommunications SR","Refers to completed local and domestic long distance fixed-telephone voice traffic"
56,"i131m","Domestic fixed-to-fixed telephone traffic",,"minutes",281,"SVK","Slovakia","1.437540139E9",2008,"","Ministry of Transport, Posts and Telecommunications SR","Refers to completed local and domestic long distance fixed-telephone voice traffic"
56,"i131m","Domestic fixed-to-fixed telephone traffic",,"minutes",281,"SVK","Slovakia","1.269864342E9",2009,"","Ministry of Transport, Posts and Telecommunications SR","Refers to completed local and domestic long distance fixed-telephone voice traffic"
56,"i131m","Domestic fixed-to-fixed telephone traffic",,"minutes",281,"SVK","Slovakia","1.197638735E9",2010,"","Ministry of Transport, Construction and Regional Development of the Slovak Republic  ","Refers to completed local and domestic long distance fixed-telephone voice traffic"
56,"i131m","Domestic fixed-to-fixed telephone traffic",,"minutes",281,"SVK","Slovakia","1.068766782E9",2011,"","Ministry of Transport, Construction and Regional Development of the Slovak Republic  ","Refers to completed local and domestic long distance fixed-telephone voice traffic"
56,"i131m","Domestic fixed-to-fixed telephone traffic",,"minutes",281,"SVK","Slovakia","9.70038755E8",2012,"","Ministry of Transport, Construction and Regional Development of the Slovak Republic  ","Refers to completed local and domestic long distance fixed-telephone voice traffic"
56,"i131m","Domestic fixed-to-fixed telephone traffic",,"minutes",281,"SVK","Slovakia","8.44616573E8",2013,"","Ministry of Transport, Construction and Regional Development of the Slovak Republic  ","Refers to completed local and domestic long distance fixed-telephone voice traffic"
56,"i131m","Domestic fixed-to-fixed telephone traffic",,"minutes",281,"SVK","Slovakia","7.14266598E8",2014,"","Ministry of Transport, Construction and Regional Development of the Slovak Republic  ","Refers to completed local and domestic long distance fixed-telephone voice traffic"
56,"i131m","Domestic fixed-to-fixed telephone traffic",,"minutes",281,"SVK","Slovakia","6.2367397E8",2015,"","Ministry of Transport, Construction and Regional Development of the Slovak Republic  ","Refers to completed local and domestic long distance fixed-telephone voice traffic"
56,"i131m","Domestic fixed-to-fixed telephone traffic",,"minutes",281,"SVK","Slovakia","5.54538888E8",2016,"","Ministry of Transport and Construction of the Slovak Republic","Refers to completed local and domestic long distance fixed-telephone voice traffic"
56,"i131m","Domestic fixed-to-fixed telephone traffic",,"minutes",281,"SVK","Slovakia","4.5535708E8",2017,"","Ministry of Transport and Construction of the Slovak Republic","Refers to completed local and domestic long distance fixed-telephone voice traffic"
56,"i131m","Domestic fixed-to-fixed telephone traffic",,"minutes",281,"SVK","Slovakia","3.91351498E8",2018,"","Ministry of Transport and Construction of the Slovak Republic","Refers to completed local and domestic long distance fixed-telephone voice traffic"
56,"i131m","Domestic fixed-to-fixed telephone traffic",,"minutes",281,"SVK","Slovakia","3.35125273E8",2019,"","Ministry of Transport and Construction of the Slovak Republic  ","Refers to completed local and domestic long distance fixed-telephone voice traffic"
56,"i131m","Domestic fixed-to-fixed telephone traffic",,"minutes",281,"SVK","Slovakia","3.90538674E8",2020,"","Ministry of Transport and Construction of the Slovak Republic  ","Refers to completed local and domestic long distance fixed-telephone voice traffic"
56,"i131m","Domestic fixed-to-fixed telephone traffic",,"minutes",281,"SVK","Slovakia","3.54746388E8",2021,"","Ministry of Transport and Construction of the Slovak Republic  ","Refers to completed local and domestic long distance fixed-telephone voice traffic"
56,"i131m","Domestic fixed-to-fixed telephone traffic",,"minutes",283,"MKD","North Macedonia","7.443E8",2005,"","","Refers to completed local and domestic long distance fixed-telephone voice traffic"
56,"i131m","Domestic fixed-to-fixed telephone traffic",,"minutes",283,"MKD","North Macedonia","1.3904E9",2006,"","","Refers to completed local and domestic long distance fixed-telephone voice traffic"
56,"i131m","Domestic fixed-to-fixed telephone traffic",,"minutes",283,"MKD","North Macedonia","1.286777627E9",2007,"","","Refers to completed local and domestic long distance fixed-telephone voice traffic"
56,"i131m","Domestic fixed-to-fixed telephone traffic",,"minutes",283,"MKD","North Macedonia","1.12572696E9",2008,"","Agency for Electronic Communications","Refers to completed local and domestic long distance fixed-telephone voice traffic"
56,"i131m","Domestic fixed-to-fixed telephone traffic",,"minutes",283,"MKD","North Macedonia","8.96180227E8",2009,"","Agency for Electronic Communications","Refers to completed local and domestic long distance fixed-telephone voice traffic"
56,"i131m","Domestic fixed-to-fixed telephone traffic",,"minutes",283,"MKD","North Macedonia","8.30720018E8",2010,"","Agency for Electronic Communications","Refers to completed local and domestic long distance fixed-telephone voice traffic"
56,"i131m","Domestic fixed-to-fixed telephone traffic",,"minutes",283,"MKD","North Macedonia","7.28208051E8",2011,"Corrected number","Agency for Electronic Communications","Refers to completed local and domestic long distance fixed-telephone voice traffic"
56,"i131m","Domestic fixed-to-fixed telephone traffic",,"minutes",283,"MKD","North Macedonia","6.10961595E8",2012,"Corrected number","Agency for Electronic Communications","Refers to completed local and domestic long distance fixed-telephone voice traffic"
56,"i131m","Domestic fixed-to-fixed telephone traffic",,"minutes",283,"MKD","North Macedonia","4.98788182E8",2013,"","Agency for Electronic Communications","Refers to completed local and domestic long distance fixed-telephone voice traffic"
56,"i131m","Domestic fixed-to-fixed telephone traffic",,"minutes",283,"MKD","North Macedonia","4.34436864E8",2014,"","Agency for Electronic Communications","Refers to completed local and domestic long distance fixed-telephone voice traffic"
56,"i131m","Domestic fixed-to-fixed telephone traffic",,"minutes",283,"MKD","North Macedonia","2.91140597E8",2015,"","","Refers to completed local and domestic long distance fixed-telephone voice traffic"
56,"i131m","Domestic fixed-to-fixed telephone traffic",,"minutes",283,"MKD","North Macedonia","2.19519666E8",2016,"","AEK","Refers to completed local and domestic long distance fixed-telephone voice traffic"
56,"i131m","Domestic fixed-to-fixed telephone traffic",,"minutes",283,"MKD","North Macedonia","1.6323108E8",2017,"","AEK","Refers to completed local and domestic long distance fixed-telephone voice traffic"
56,"i131m","Domestic fixed-to-fixed telephone traffic",,"minutes",283,"MKD","North Macedonia","1.5051843E8",2018,"","Agency for Electronic Communication","Refers to completed local and domestic long distance fixed-telephone voice traffic"
56,"i131m","Domestic fixed-to-fixed telephone traffic",,"minutes",283,"MKD","North Macedonia","1.20342227E8",2019,"","Agency for Electronic Communications","Refers to completed local and domestic long distance fixed-telephone voice traffic"
56,"i131m","Domestic fixed-to-fixed telephone traffic",,"minutes",283,"MKD","North Macedonia","1.04209697E8",2020,"","Agency for Electronic Communications","Refers to completed local and domestic long distance fixed-telephone voice traffic"
56,"i131m","Domestic fixed-to-fixed telephone traffic",,"minutes",283,"MKD","North Macedonia","8.270492E7",2021,"","Agency for Electronic Communications","Refers to completed local and domestic long distance fixed-telephone voice traffic"
56,"i131m","Domestic fixed-to-fixed telephone traffic",,"minutes",285,"ERI","Eritrea","2.311E8",2000,"","","Refers to completed local and domestic long distance fixed-telephone voice traffic"
56,"i131m","Domestic fixed-to-fixed telephone traffic",,"minutes",285,"ERI","Eritrea","2.48227E8",2001,"","","Refers to completed local and domestic long distance fixed-telephone voice traffic"
56,"i131m","Domestic fixed-to-fixed telephone traffic",,"minutes",285,"ERI","Eritrea","3.53802E8",2005,"","","Refers to completed local and domestic long distance fixed-telephone voice traffic"
56,"i131m","Domestic fixed-to-fixed telephone traffic",,"minutes",285,"ERI","Eritrea","3.38E8",2006,"","","Refers to completed local and domestic long distance fixed-telephone voice traffic"
56,"i131m","Domestic fixed-to-fixed telephone traffic",,"minutes",285,"ERI","Eritrea","1.2717567E8",2011,"","EriTel","Refers to completed local and domestic long distance fixed-telephone voice traffic"
56,"i131m","Domestic fixed-to-fixed telephone traffic",,"minutes",285,"ERI","Eritrea","1.50088616E8",2012,"","EriTel","Refers to completed local and domestic long distance fixed-telephone voice traffic"
56,"i131m","Domestic fixed-to-fixed telephone traffic",,"minutes",285,"ERI","Eritrea","1.41591523E8",2013,"","EriTel","Refers to completed local and domestic long distance fixed-telephone voice traffic"
56,"i131m","Domestic fixed-to-fixed telephone traffic",,"minutes",288,"ASC","Ascension","1264000.0",2007,"","Cable & Wireless","Refers to completed local and domestic long distance fixed-telephone voice traffic"
56,"i131m","Domestic fixed-to-fixed telephone traffic",,"minutes",288,"ASC","Ascension","991151.0",2008,"","Cable & Wireless","Refers to completed local and domestic long distance fixed-telephone voice traffic"
56,"i131m","Domestic fixed-to-fixed telephone traffic",,"minutes",288,"ASC","Ascension","921402.0",2009,"","Cable & Wireless","Refers to completed local and domestic long distance fixed-telephone voice traffic"
56,"i131m","Domestic fixed-to-fixed telephone traffic",,"minutes",288,"ASC","Ascension","912000.0",2010,"","Cable & Wireless South Atlantic Ltd","Refers to completed local and domestic long distance fixed-telephone voice traffic"
56,"i131m","Domestic fixed-to-fixed telephone traffic",,"minutes",288,"ASC","Ascension","910000.0",2011,"C&W SA Ltd","Cable & Wireless South Atlantic Ltd","Refers to completed local and domestic long distance fixed-telephone voice traffic"
56,"i131m","Domestic fixed-to-fixed telephone traffic",,"minutes",288,"ASC","Ascension","900000.0",2012,"","Sure South Atlantic Ltd","Refers to completed local and domestic long distance fixed-telephone voice traffic"
56,"i131m","Domestic fixed-to-fixed telephone traffic",,"minutes",288,"ASC","Ascension","744000.0",2016,"","Sure South Atlantic Ltd","Refers to completed local and domestic long distance fixed-telephone voice traffic"
56,"i131m","Domestic fixed-to-fixed telephone traffic",,"minutes",291,"FRO","Faroe Islands","3.6288111E7",2015,"","Post and Telecom Authority","Refers to completed local and domestic long distance fixed-telephone voice traffic"
56,"i131m","Domestic fixed-to-fixed telephone traffic",,"minutes",291,"FRO","Faroe Islands","1.8164503E7",2016,"","Fjarskiftiseftirlitið (NRA)","Refers to completed local and domestic long distance fixed-telephone voice traffic"
56,"i131m","Domestic fixed-to-fixed telephone traffic",,"minutes",291,"FRO","Faroe Islands","1.497284E7",2017,"","Fjarskiftiseftirlitið (NRA)","Refers to completed local and domestic long distance fixed-telephone voice traffic"
56,"i131m","Domestic fixed-to-fixed telephone traffic",,"minutes",291,"FRO","Faroe Islands","1.3353E7",2018,"","Fjarskiftiseftirlitið - National Regulator Authority - Telecoms","Refers to completed local and domestic long distance fixed-telephone voice traffic"
56,"i131m","Domestic fixed-to-fixed telephone traffic",,"minutes",291,"FRO","Faroe Islands","1.222E7",2019,"","Fjarskiftiseftirlitið - National Regulator Authority - Telecoms","Refers to completed local and domestic long distance fixed-telephone voice traffic"
56,"i131m","Domestic fixed-to-fixed telephone traffic",,"minutes",291,"FRO","Faroe Islands","1.2527E7",2020,"","Fjarskiftiseftirlitið - National Regulator Authority - Telecoms","Refers to completed local and domestic long distance fixed-telephone voice traffic"
56,"i131m","Domestic fixed-to-fixed telephone traffic",,"minutes",298,"TWN","Taiwan, Province of China","7.531513215E10",2000,"","","Refers to completed local and domestic long distance fixed-telephone voice traffic"
56,"i131m","Domestic fixed-to-fixed telephone traffic",,"minutes",298,"TWN","Taiwan, Province of China","6.9642365423E10",2001,"","","Refers to completed local and domestic long distance fixed-telephone voice traffic"
56,"i131m","Domestic fixed-to-fixed telephone traffic",,"minutes",298,"TWN","Taiwan, Province of China","3.0895540554E10",2005,"","","Refers to completed local and domestic long distance fixed-telephone voice traffic"
56,"i131m","Domestic fixed-to-fixed telephone traffic",,"minutes",298,"TWN","Taiwan, Province of China","2.6863460033E10",2006,"","","Refers to completed local and domestic long distance fixed-telephone voice traffic"
56,"i131m","Domestic fixed-to-fixed telephone traffic",,"minutes",298,"TWN","Taiwan, Province of China","2.4511029466E10",2007,"","","Refers to completed local and domestic long distance fixed-telephone voice traffic"
56,"i131m","Domestic fixed-to-fixed telephone traffic",,"minutes",298,"TWN","Taiwan, Province of China","2.2607896988E10",2008,"","National Communications Commission","Refers to completed local and domestic long distance fixed-telephone voice traffic"
56,"i131m","Domestic fixed-to-fixed telephone traffic",,"minutes",298,"TWN","Taiwan, Province of China","2.1194733981E10",2009,"","National Communications Commission","Refers to completed local and domestic long distance fixed-telephone voice traffic"
56,"i131m","Domestic fixed-to-fixed telephone traffic",,"minutes",298,"TWN","Taiwan, Province of China","2.0116201973E10",2010,"","National Communications Commission","Refers to completed local and domestic long distance fixed-telephone voice traffic"
56,"i131m","Domestic fixed-to-fixed telephone traffic",,"minutes",298,"TWN","Taiwan, Province of China","1.879665851E10",2011,"","National Communications Commission","Refers to completed local and domestic long distance fixed-telephone voice traffic"
56,"i131m","Domestic fixed-to-fixed telephone traffic",,"minutes",298,"TWN","Taiwan, Province of China","1.7712397312E10",2012,"","National Communications Commission","Refers to completed local and domestic long distance fixed-telephone voice traffic"
56,"i131m","Domestic fixed-to-fixed telephone traffic",,"minutes",298,"TWN","Taiwan, Province of China","1.6506523248E10",2013,"","National Communications Commission","Refers to completed local and domestic long distance fixed-telephone voice traffic"
56,"i131m","Domestic fixed-to-fixed telephone traffic",,"minutes",298,"TWN","Taiwan, Province of China","1.4918583296E10",2014,"","National Communications Commission","Refers to completed local and domestic long distance fixed-telephone voice traffic"
56,"i131m","Domestic fixed-to-fixed telephone traffic",,"minutes",298,"TWN","Taiwan, Province of China","1.3503390503E10",2015,"","National Communications Commission","Refers to completed local and domestic long distance fixed-telephone voice traffic"
56,"i131m","Domestic fixed-to-fixed telephone traffic",,"minutes",298,"TWN","Taiwan, Province of China","1.2237156365E10",2016,"","National Communications Commission","Refers to completed local and domestic long distance fixed-telephone voice traffic"
56,"i131m","Domestic fixed-to-fixed telephone traffic",,"minutes",298,"TWN","Taiwan, Province of China","1.0885656347E10",2017,"","National Communications Commission","Refers to completed local and domestic long distance fixed-telephone voice traffic"
56,"i131m","Domestic fixed-to-fixed telephone traffic",,"minutes",298,"TWN","Taiwan, Province of China","9.41730815E9",2018,"","National Communications Commission","Refers to completed local and domestic long distance fixed-telephone voice traffic"
56,"i131m","Domestic fixed-to-fixed telephone traffic",,"minutes",298,"TWN","Taiwan, Province of China","8.087897603E9",2019,"","National Communications Commission","Refers to completed local and domestic long distance fixed-telephone voice traffic"
56,"i131m","Domestic fixed-to-fixed telephone traffic",,"minutes",298,"TWN","Taiwan, Province of China","7.325973551E9",2020,"","National Communications Commission","Refers to completed local and domestic long distance fixed-telephone voice traffic"
56,"i131m","Domestic fixed-to-fixed telephone traffic",,"minutes",298,"TWN","Taiwan, Province of China","6.90094446E9",2021,"","National Communications Commission","Refers to completed local and domestic long distance fixed-telephone voice traffic"
56,"i131m","Domestic fixed-to-fixed telephone traffic",,"minutes",302,"TLS","Timor-Leste","2048000.0",2014,"","National Communications Authority ","Refers to completed local and domestic long distance fixed-telephone voice traffic"
56,"i131m","Domestic fixed-to-fixed telephone traffic",,"minutes",308,"PSE","State of Palestine","1.210895396E9",2010,"","Palestinian Central Bureau of Statistics","Refers to completed local and domestic long distance fixed-telephone voice traffic"
56,"i131m","Domestic fixed-to-fixed telephone traffic",,"minutes",308,"PSE","State of Palestine","1.202588022E9",2011,"","Palestinian Central Bureau of Statistics","Refers to completed local and domestic long distance fixed-telephone voice traffic"
56,"i131m","Domestic fixed-to-fixed telephone traffic",,"minutes",308,"PSE","State of Palestine","1.216073589E9",2012,"","Palestinian Central Bureau of Statistics","Refers to completed local and domestic long distance fixed-telephone voice traffic"
56,"i131m","Domestic fixed-to-fixed telephone traffic",,"minutes",308,"PSE","State of Palestine","1.004256851E9",2016,"","Ministry of Telecom and IT","Refers to completed local and domestic long distance fixed-telephone voice traffic"
56,"i131m","Domestic fixed-to-fixed telephone traffic",,"minutes",308,"PSE","State of Palestine","7.54122596E8",2017,"","Ministry of Telecom and IT","Refers to completed local and domestic long distance fixed-telephone voice traffic"
56,"i131m","Domestic fixed-to-fixed telephone traffic",,"minutes",308,"PSE","State of Palestine","6.08775117E8",2018,"","Ministry of Telecom and IT","Refers to completed local and domestic long distance fixed-telephone voice traffic"
56,"i131m","Domestic fixed-to-fixed telephone traffic",,"minutes",308,"PSE","State of Palestine","4.04185885E8",2019,"","Ministry of Telecommunication and IT","Refers to completed local and domestic long distance fixed-telephone voice traffic"
56,"i131m","Domestic fixed-to-fixed telephone traffic",,"minutes",308,"PSE","State of Palestine","3.32235346E8",2020,"","Ministry of Telecommunication and IT","Refers to completed local and domestic long distance fixed-telephone voice traffic"
56,"i131m","Domestic fixed-to-fixed telephone traffic",,"minutes",308,"PSE","State of Palestine","2.63127715E8",2021,"","Ministry of Telecommunication and IT","Refers to completed local and domestic long distance fixed-telephone voice traffic"
56,"i131m","Domestic fixed-to-fixed telephone traffic",,"minutes",308,"PSE","State of Palestine","1.19712618843E8",2023,"","Ministry of Telecommunications and Digital Economy","Refers to completed local and domestic long distance fixed-telephone voice traffic"
56,"i131m","Domestic fixed-to-fixed telephone traffic",,"minutes",316,"MNE","Montenegro","4.33435639E8",2005,"","","Refers to completed local and domestic long distance fixed-telephone voice traffic"
56,"i131m","Domestic fixed-to-fixed telephone traffic",,"minutes",316,"MNE","Montenegro","1.94213214E8",2014,"","Agency for Electronic Communications and Postal Services","Refers to completed local and domestic long distance fixed-telephone voice traffic"
56,"i131m","Domestic fixed-to-fixed telephone traffic",,"minutes",316,"MNE","Montenegro","1.88175565E8",2015,"","Agency for Electronic Communications and Postal Services","Refers to completed local and domestic long distance fixed-telephone voice traffic"
56,"i131m","Domestic fixed-to-fixed telephone traffic",,"minutes",316,"MNE","Montenegro","1.32120944E8",2016,"","Agency for electronic communications and postal sevices Montenegro","Refers to completed local and domestic long distance fixed-telephone voice traffic"
56,"i131m","Domestic fixed-to-fixed telephone traffic",,"minutes",316,"MNE","Montenegro","1.0513653E8",2017,"","Agency for electronic communications and postal sevices Montenegro","Refers to completed local and domestic long distance fixed-telephone voice traffic"
56,"i131m","Domestic fixed-to-fixed telephone traffic",,"minutes",316,"MNE","Montenegro","8.6119555E7",2018,"","Agency for Electronic Communications and Postal Services","Refers to completed local and domestic long distance fixed-telephone voice traffic"
56,"i131m","Domestic fixed-to-fixed telephone traffic",,"minutes",316,"MNE","Montenegro","6.9600483E7",2019,"","Agency for Electronic Communications and Postal Services","Refers to completed local and domestic long distance fixed-telephone voice traffic"
56,"i131m","Domestic fixed-to-fixed telephone traffic",,"minutes",316,"MNE","Montenegro","6.9616294E7",2020,"","Agency for Electronic Communications and Postal Services","Refers to completed local and domestic long distance fixed-telephone voice traffic"
56,"i131m","Domestic fixed-to-fixed telephone traffic",,"minutes",316,"MNE","Montenegro","6.0135749E7",2021,"","Agency for Electronic Communications and Postal Services","Refers to completed local and domestic long distance fixed-telephone voice traffic"
56,"i131m","Domestic fixed-to-fixed telephone traffic",,"minutes",321,"SSD","South Sudan","0.0",2015,"No fixed telephone services","Ministry of Telecommunications & Postal Services","Refers to completed local and domestic long distance fixed-telephone voice traffic"
56,"i131m","Domestic fixed-to-fixed telephone traffic",,"minutes",321,"SSD","South Sudan","0.0",2016,"No fixed telephone services","National Communication Authority, NCA","Refers to completed local and domestic long distance fixed-telephone voice traffic"
56,"i131m","Domestic fixed-to-fixed telephone traffic",,"minutes",321,"SSD","South Sudan","0.0",2017,"No fixed telephone services","National Communication Authority, NCA","Refers to completed local and domestic long distance fixed-telephone voice traffic"
56,"i131m","Domestic fixed-to-fixed telephone traffic",,"minutes",321,"SSD","South Sudan","0.0",2018,"No fixed telephone services","National Communication Authority, NCA","Refers to completed local and domestic long distance fixed-telephone voice traffic"
56,"i131m","Domestic fixed-to-fixed telephone traffic",,"minutes",321,"SSD","South Sudan","0.0",2019,"No fixed telephone services","National Communication Authority, NCA.","Refers to completed local and domestic long distance fixed-telephone voice traffic"