"seriesID","seriesCode","seriesName","seriesParent","seriesUnits","entityID","entityIso","entityName","dataValue","dataYear","dataNote","dataSource","seriesDescription"
54,"i1313wm","Fixed-to-mobile telephone traffic",,"minutes",4,"ABW","Aruba","4.1550346E7",2005,"","","Refers to total traffic from all fixed-telephone networks to all mobile-cellular networks within the country"
54,"i1313wm","Fixed-to-mobile telephone traffic",,"minutes",4,"ABW","Aruba","4.0828602E7",2006,"","","Refers to total traffic from all fixed-telephone networks to all mobile-cellular networks within the country"
54,"i1313wm","Fixed-to-mobile telephone traffic",,"minutes",6,"AFG","Afghanistan","4048687.0",2005,"","","Refers to total traffic from all fixed-telephone networks to all mobile-cellular networks within the country"
54,"i1313wm","Fixed-to-mobile telephone traffic",,"minutes",6,"AFG","Afghanistan","7.9838E7",2006,"","","Refers to total traffic from all fixed-telephone networks to all mobile-cellular networks within the country"
54,"i1313wm","Fixed-to-mobile telephone traffic",,"minutes",6,"AFG","Afghanistan","2810534.0",2015,"","Afghanistan Telecommunication Regulatory Authority Ministry of Communications & Information Technology (MCIT)","Refers to total traffic from all fixed-telephone networks to all mobile-cellular networks within the country"
54,"i1313wm","Fixed-to-mobile telephone traffic",,"minutes",6,"AFG","Afghanistan","5.2777231E7",2016,"","Afghanistan Telecom Regulatory Authority","Refers to total traffic from all fixed-telephone networks to all mobile-cellular networks within the country"
54,"i1313wm","Fixed-to-mobile telephone traffic",,"minutes",6,"AFG","Afghanistan","6.4745888E7",2017,"","Afghanistan Telecom Regulatory Authority","Refers to total traffic from all fixed-telephone networks to all mobile-cellular networks within the country"
54,"i1313wm","Fixed-to-mobile telephone traffic",,"minutes",6,"AFG","Afghanistan","6.9528588E7",2018,"","Afghanistan Telecom Regulatory Authority","Refers to total traffic from all fixed-telephone networks to all mobile-cellular networks within the country"
54,"i1313wm","Fixed-to-mobile telephone traffic",,"minutes",6,"AFG","Afghanistan","6.7019675E7",2019,"","Afghanistan Telecom Regulatory Authority","Refers to total traffic from all fixed-telephone networks to all mobile-cellular networks within the country"
54,"i1313wm","Fixed-to-mobile telephone traffic",,"minutes",7,"ZAF","South Africa","4.319E9",2000,"","","Refers to total traffic from all fixed-telephone networks to all mobile-cellular networks within the country"
54,"i1313wm","Fixed-to-mobile telephone traffic",,"minutes",7,"ZAF","South Africa","4.39E9",2001,"","","Refers to total traffic from all fixed-telephone networks to all mobile-cellular networks within the country"
54,"i1313wm","Fixed-to-mobile telephone traffic",,"minutes",7,"ZAF","South Africa","4.135E9",2002,"","","Refers to total traffic from all fixed-telephone networks to all mobile-cellular networks within the country"
54,"i1313wm","Fixed-to-mobile telephone traffic",,"minutes",7,"ZAF","South Africa","3.98E9",2003,"","","Refers to total traffic from all fixed-telephone networks to all mobile-cellular networks within the country"
54,"i1313wm","Fixed-to-mobile telephone traffic",,"minutes",7,"ZAF","South Africa","3.911E9",2004,"","","Refers to total traffic from all fixed-telephone networks to all mobile-cellular networks within the country"
54,"i1313wm","Fixed-to-mobile telephone traffic",,"minutes",7,"ZAF","South Africa","4.064E9",2005,"","","Refers to total traffic from all fixed-telephone networks to all mobile-cellular networks within the country"
54,"i1313wm","Fixed-to-mobile telephone traffic",,"minutes",7,"ZAF","South Africa","3.77183511E8",2013,"","Independent Communications Authority of South Africa","Refers to total traffic from all fixed-telephone networks to all mobile-cellular networks within the country"
54,"i1313wm","Fixed-to-mobile telephone traffic",,"minutes",7,"ZAF","South Africa","7.852699067E9",2014,"","Independent Communications Authority of South Africa","Refers to total traffic from all fixed-telephone networks to all mobile-cellular networks within the country"
54,"i1313wm","Fixed-to-mobile telephone traffic",,"minutes",7,"ZAF","South Africa","7.744726213E9",2015,"","Independent Communications Authority of South Africa","Refers to total traffic from all fixed-telephone networks to all mobile-cellular networks within the country"
54,"i1313wm","Fixed-to-mobile telephone traffic",,"minutes",7,"ZAF","South Africa","9.10397148941E9",2016,"","Independent Communication Authority of South Africa","Refers to total traffic from all fixed-telephone networks to all mobile-cellular networks within the country"
54,"i1313wm","Fixed-to-mobile telephone traffic",,"minutes",7,"ZAF","South Africa","8.391226744E9",2017,"","Independent Communication Authority of South Africa","Refers to total traffic from all fixed-telephone networks to all mobile-cellular networks within the country"
54,"i1313wm","Fixed-to-mobile telephone traffic",,"minutes",7,"ZAF","South Africa","8.144266661E9",2018,"","Independent Communications Authority of South Africa","Refers to total traffic from all fixed-telephone networks to all mobile-cellular networks within the country"
54,"i1313wm","Fixed-to-mobile telephone traffic",,"minutes",7,"ZAF","South Africa","5.948320158E9",2019,"","Independent Communications Authority of South Africa","Refers to total traffic from all fixed-telephone networks to all mobile-cellular networks within the country"
54,"i1313wm","Fixed-to-mobile telephone traffic",,"minutes",7,"ZAF","South Africa","6.424541468E9",2020,"","Independent Communications Authority of South Africa","Refers to total traffic from all fixed-telephone networks to all mobile-cellular networks within the country"
54,"i1313wm","Fixed-to-mobile telephone traffic",,"minutes",7,"ZAF","South Africa","6.026102178E9",2021,"","Independent Communications Authority of South Africa","Refers to total traffic from all fixed-telephone networks to all mobile-cellular networks within the country"
54,"i1313wm","Fixed-to-mobile telephone traffic",,"minutes",8,"AGO","Angola","1.64081409E8",2011,"","ANGOLAN COMMUNICATIONS REGULATORY AUTHORITY","Refers to total traffic from all fixed-telephone networks to all mobile-cellular networks within the country"
54,"i1313wm","Fixed-to-mobile telephone traffic",,"minutes",8,"AGO","Angola","1.56751818E8",2012,"","ANGOLAN COMMUNICATIONS REGULATORY AUTHORITY","Refers to total traffic from all fixed-telephone networks to all mobile-cellular networks within the country"
54,"i1313wm","Fixed-to-mobile telephone traffic",,"minutes",8,"AGO","Angola","1.52718541E8",2013,"","ANGOLAN COMMUNICATIONS REGULATORY AUTHORITY","Refers to total traffic from all fixed-telephone networks to all mobile-cellular networks within the country"
54,"i1313wm","Fixed-to-mobile telephone traffic",,"minutes",8,"AGO","Angola","1.79608369E8",2015,"","Angolan Institute of Communications","Refers to total traffic from all fixed-telephone networks to all mobile-cellular networks within the country"
54,"i1313wm","Fixed-to-mobile telephone traffic",,"minutes",8,"AGO","Angola","2.23421583E8",2016,"","Angolan Institute of Communications","Refers to total traffic from all fixed-telephone networks to all mobile-cellular networks within the country"
54,"i1313wm","Fixed-to-mobile telephone traffic",,"minutes",8,"AGO","Angola","1.08372131E8",2017,"","INACOM","Refers to total traffic from all fixed-telephone networks to all mobile-cellular networks within the country"
54,"i1313wm","Fixed-to-mobile telephone traffic",,"minutes",8,"AGO","Angola","7.5428101E7",2018,"","INACOM","Refers to total traffic from all fixed-telephone networks to all mobile-cellular networks within the country"
54,"i1313wm","Fixed-to-mobile telephone traffic",,"minutes",8,"AGO","Angola","6.4100913E7",2019,"","Angolan Institute of Communications","Refers to total traffic from all fixed-telephone networks to all mobile-cellular networks within the country"
54,"i1313wm","Fixed-to-mobile telephone traffic",,"minutes",8,"AGO","Angola","7.0093966E7",2020,"","Angolan Institute of Communications","Refers to total traffic from all fixed-telephone networks to all mobile-cellular networks within the country"
54,"i1313wm","Fixed-to-mobile telephone traffic",,"minutes",8,"AGO","Angola","5.689276744E7",2021,"","Angolan Institute of Communications","Refers to total traffic from all fixed-telephone networks to all mobile-cellular networks within the country"
54,"i1313wm","Fixed-to-mobile telephone traffic",,"minutes",10,"ALB","Albania","4.1988E7",2003,"","","Refers to total traffic from all fixed-telephone networks to all mobile-cellular networks within the country"
54,"i1313wm","Fixed-to-mobile telephone traffic",,"minutes",10,"ALB","Albania","3.5608E7",2004,"","","Refers to total traffic from all fixed-telephone networks to all mobile-cellular networks within the country"
54,"i1313wm","Fixed-to-mobile telephone traffic",,"minutes",10,"ALB","Albania","3.963E7",2005,"","","Refers to total traffic from all fixed-telephone networks to all mobile-cellular networks within the country"
54,"i1313wm","Fixed-to-mobile telephone traffic",,"minutes",10,"ALB","Albania","3.925E7",2006,"","","Refers to total traffic from all fixed-telephone networks to all mobile-cellular networks within the country"
54,"i1313wm","Fixed-to-mobile telephone traffic",,"minutes",10,"ALB","Albania","3.9E7",2007,"","Ministry for Innovation and ICT","Refers to total traffic from all fixed-telephone networks to all mobile-cellular networks within the country"
54,"i1313wm","Fixed-to-mobile telephone traffic",,"minutes",10,"ALB","Albania","2.493783E7",2010,"","Minister for Innovation and ICT","Refers to total traffic from all fixed-telephone networks to all mobile-cellular networks within the country"
54,"i1313wm","Fixed-to-mobile telephone traffic",,"minutes",10,"ALB","Albania","2.8695834E7",2011,"","Minister for Innovation and ICT","Refers to total traffic from all fixed-telephone networks to all mobile-cellular networks within the country"
54,"i1313wm","Fixed-to-mobile telephone traffic",,"minutes",10,"ALB","Albania","1.4903943E7",2012,"","National Agency on Information Society","Refers to total traffic from all fixed-telephone networks to all mobile-cellular networks within the country"
54,"i1313wm","Fixed-to-mobile telephone traffic",,"minutes",10,"ALB","Albania","1.195728E7",2013,"","National Agency on Information Society","Refers to total traffic from all fixed-telephone networks to all mobile-cellular networks within the country"
54,"i1313wm","Fixed-to-mobile telephone traffic",,"minutes",10,"ALB","Albania","1.3595109E7",2014,"","Minister of State for the Innovation and Public Administration","Refers to total traffic from all fixed-telephone networks to all mobile-cellular networks within the country"
54,"i1313wm","Fixed-to-mobile telephone traffic",,"minutes",10,"ALB","Albania","1.7213666E7",2015,"","Minister of State for the Innovation and Public Administration","Refers to total traffic from all fixed-telephone networks to all mobile-cellular networks within the country"
54,"i1313wm","Fixed-to-mobile telephone traffic",,"minutes",10,"ALB","Albania","2.1897267E7",2016,"","AKEP","Refers to total traffic from all fixed-telephone networks to all mobile-cellular networks within the country"
54,"i1313wm","Fixed-to-mobile telephone traffic",,"minutes",10,"ALB","Albania","2.3291081E7",2017,"","Ministry of Infrastructure and Energy","Refers to total traffic from all fixed-telephone networks to all mobile-cellular networks within the country"
54,"i1313wm","Fixed-to-mobile telephone traffic",,"minutes",10,"ALB","Albania","2.3447596E7",2018,"","Ministry of Infrastructure and Energy","Refers to total traffic from all fixed-telephone networks to all mobile-cellular networks within the country"
54,"i1313wm","Fixed-to-mobile telephone traffic",,"minutes",10,"ALB","Albania","2.3481339E7",2019,"","Ministry of Infrastructure and Energy","Refers to total traffic from all fixed-telephone networks to all mobile-cellular networks within the country"
54,"i1313wm","Fixed-to-mobile telephone traffic",,"minutes",10,"ALB","Albania","2.3750382E7",2020,"","Ministry of Infrastructure and Energy","Refers to total traffic from all fixed-telephone networks to all mobile-cellular networks within the country"
54,"i1313wm","Fixed-to-mobile telephone traffic",,"minutes",10,"ALB","Albania","3.9075551E7",2021,"","Ministry of Infrastructure and Energy","Refers to total traffic from all fixed-telephone networks to all mobile-cellular networks within the country"
54,"i1313wm","Fixed-to-mobile telephone traffic",,"minutes",11,"DZA","Algeria","3.57E8",2002,"","","Refers to total traffic from all fixed-telephone networks to all mobile-cellular networks within the country"
54,"i1313wm","Fixed-to-mobile telephone traffic",,"minutes",11,"DZA","Algeria","1.398E9",2003,"","","Refers to total traffic from all fixed-telephone networks to all mobile-cellular networks within the country"
54,"i1313wm","Fixed-to-mobile telephone traffic",,"minutes",11,"DZA","Algeria","2.422E9",2004,"","","Refers to total traffic from all fixed-telephone networks to all mobile-cellular networks within the country"
54,"i1313wm","Fixed-to-mobile telephone traffic",,"minutes",11,"DZA","Algeria","3.895887471E9",2005,"","","Refers to total traffic from all fixed-telephone networks to all mobile-cellular networks within the country"
54,"i1313wm","Fixed-to-mobile telephone traffic",,"minutes",11,"DZA","Algeria","3.948726457E9",2006,"","","Refers to total traffic from all fixed-telephone networks to all mobile-cellular networks within the country"
54,"i1313wm","Fixed-to-mobile telephone traffic",,"minutes",11,"DZA","Algeria","2.166911E9",2007,"","","Refers to total traffic from all fixed-telephone networks to all mobile-cellular networks within the country"
54,"i1313wm","Fixed-to-mobile telephone traffic",,"minutes",11,"DZA","Algeria","1.547E9",2008,"","","Refers to total traffic from all fixed-telephone networks to all mobile-cellular networks within the country"
54,"i1313wm","Fixed-to-mobile telephone traffic",,"minutes",11,"DZA","Algeria","1.21E9",2009,"","","Refers to total traffic from all fixed-telephone networks to all mobile-cellular networks within the country"
54,"i1313wm","Fixed-to-mobile telephone traffic",,"minutes",11,"DZA","Algeria","9.29345948E8",2011,"","ARTP.","Refers to total traffic from all fixed-telephone networks to all mobile-cellular networks within the country"
54,"i1313wm","Fixed-to-mobile telephone traffic",,"minutes",11,"DZA","Algeria","8.28354074E8",2012,"","Ministère de la Poste et des Technologies de l'Information et de la Communication","Refers to total traffic from all fixed-telephone networks to all mobile-cellular networks within the country"
54,"i1313wm","Fixed-to-mobile telephone traffic",,"minutes",11,"DZA","Algeria","7.23285656E8",2013,"","Ministère de la Poste et des Technologies de l'Information et de la Communication","Refers to total traffic from all fixed-telephone networks to all mobile-cellular networks within the country"
54,"i1313wm","Fixed-to-mobile telephone traffic",,"minutes",11,"DZA","Algeria","6.50009506E8",2014,"","Ministère de la Poste et des Technologies de l'Information et de la Communication","Refers to total traffic from all fixed-telephone networks to all mobile-cellular networks within the country"
54,"i1313wm","Fixed-to-mobile telephone traffic",,"minutes",11,"DZA","Algeria","5.78258258E8",2015,"","Ministère de la  Poste et des Technologies de l'Information et de la Communication","Refers to total traffic from all fixed-telephone networks to all mobile-cellular networks within the country"
54,"i1313wm","Fixed-to-mobile telephone traffic",,"minutes",11,"DZA","Algeria","4.9606E8",2016,"Source: ARPT.","Ministère de la Poste, des Télécommunications, des Technologies et du Numérique","Refers to total traffic from all fixed-telephone networks to all mobile-cellular networks within the country"
54,"i1313wm","Fixed-to-mobile telephone traffic",,"minutes",11,"DZA","Algeria","1.100650345E9",2017,"","Ministère de la Poste et des Télécommunications","Refers to total traffic from all fixed-telephone networks to all mobile-cellular networks within the country"
54,"i1313wm","Fixed-to-mobile telephone traffic",,"minutes",11,"DZA","Algeria","9.18752717E8",2018,"","Ministère de la Poste et des Télécommunications","Refers to total traffic from all fixed-telephone networks to all mobile-cellular networks within the country"
54,"i1313wm","Fixed-to-mobile telephone traffic",,"minutes",11,"DZA","Algeria","8.72987549E8",2019,"","Ministère de la Poste et des Télécommunications","Refers to total traffic from all fixed-telephone networks to all mobile-cellular networks within the country"
54,"i1313wm","Fixed-to-mobile telephone traffic",,"minutes",11,"DZA","Algeria","9.66502147E8",2020,"","Ministère de la Poste et des Télécommunications","Refers to total traffic from all fixed-telephone networks to all mobile-cellular networks within the country"
54,"i1313wm","Fixed-to-mobile telephone traffic",,"minutes",11,"DZA","Algeria","5.62037518E8",2021,"","Ministère de la Poste et des Télécommunications","Refers to total traffic from all fixed-telephone networks to all mobile-cellular networks within the country"
54,"i1313wm","Fixed-to-mobile telephone traffic",,"minutes",16,"ARG","Argentina","6.166793089E9",2010,"","Comisión Nacional de Comunicaciones","Refers to total traffic from all fixed-telephone networks to all mobile-cellular networks within the country"
54,"i1313wm","Fixed-to-mobile telephone traffic",,"minutes",16,"ARG","Argentina","5.984947736E9",2011,"","Comisión Nacional de Comunicaciones","Refers to total traffic from all fixed-telephone networks to all mobile-cellular networks within the country"
54,"i1313wm","Fixed-to-mobile telephone traffic",,"minutes",16,"ARG","Argentina","5.356205353E9",2012,"","Comisión Nacional de Comunicaciones","Refers to total traffic from all fixed-telephone networks to all mobile-cellular networks within the country"
54,"i1313wm","Fixed-to-mobile telephone traffic",,"minutes",16,"ARG","Argentina","3.70512646E9",2014,"Preliminary.","Comisión Nacional de Comunicaciones","Refers to total traffic from all fixed-telephone networks to all mobile-cellular networks within the country"
54,"i1313wm","Fixed-to-mobile telephone traffic",,"minutes",16,"ARG","Argentina","4.675171E9",2015,"preliminary","Ente Nacional de Comunicaciones","Refers to total traffic from all fixed-telephone networks to all mobile-cellular networks within the country"
54,"i1313wm","Fixed-to-mobile telephone traffic",,"minutes",16,"ARG","Argentina","1.07374637E9",2018,"","Ente Nacional de Comunicaciones","Refers to total traffic from all fixed-telephone networks to all mobile-cellular networks within the country"
54,"i1313wm","Fixed-to-mobile telephone traffic",,"minutes",16,"ARG","Argentina","9.0073834642E8",2019,"","Ente Nacional de Comunicaciones","Refers to total traffic from all fixed-telephone networks to all mobile-cellular networks within the country"
54,"i1313wm","Fixed-to-mobile telephone traffic",,"minutes",16,"ARG","Argentina","8.034880707E8",2020,"","Ente Nacional de Comunicaciones","Refers to total traffic from all fixed-telephone networks to all mobile-cellular networks within the country"
54,"i1313wm","Fixed-to-mobile telephone traffic",,"minutes",16,"ARG","Argentina","7.07154511E8",2021,"","Ente Nacional de Comunicaciones","Refers to total traffic from all fixed-telephone networks to all mobile-cellular networks within the country"
54,"i1313wm","Fixed-to-mobile telephone traffic",,"minutes",17,"ARM","Armenia","6.25974E7",2003,"","","Refers to total traffic from all fixed-telephone networks to all mobile-cellular networks within the country"
54,"i1313wm","Fixed-to-mobile telephone traffic",,"minutes",17,"ARM","Armenia","1.095487E8",2004,"","","Refers to total traffic from all fixed-telephone networks to all mobile-cellular networks within the country"
54,"i1313wm","Fixed-to-mobile telephone traffic",,"minutes",17,"ARM","Armenia","1.78088727E8",2005,"","","Refers to total traffic from all fixed-telephone networks to all mobile-cellular networks within the country"
54,"i1313wm","Fixed-to-mobile telephone traffic",,"minutes",17,"ARM","Armenia","1.9155361341E8",2010,"","Ministry of Transport and Communications","Refers to total traffic from all fixed-telephone networks to all mobile-cellular networks within the country"
54,"i1313wm","Fixed-to-mobile telephone traffic",,"minutes",17,"ARM","Armenia","9.4989822E7",2011,"","Ministry of Transport and Communication of Armenia","Refers to total traffic from all fixed-telephone networks to all mobile-cellular networks within the country"
54,"i1313wm","Fixed-to-mobile telephone traffic",,"minutes",17,"ARM","Armenia","7.9401228E7",2012,"","Ministry of Transport and Communication of Armenia","Refers to total traffic from all fixed-telephone networks to all mobile-cellular networks within the country"
54,"i1313wm","Fixed-to-mobile telephone traffic",,"minutes",17,"ARM","Armenia","6.9870127E7",2013,"","Ministry of Transport and Communication of Armenia","Refers to total traffic from all fixed-telephone networks to all mobile-cellular networks within the country"
54,"i1313wm","Fixed-to-mobile telephone traffic",,"minutes",17,"ARM","Armenia","6.0214659E7",2014,"","Ministry of Transport and Communication of Armenia","Refers to total traffic from all fixed-telephone networks to all mobile-cellular networks within the country"
54,"i1313wm","Fixed-to-mobile telephone traffic",,"minutes",17,"ARM","Armenia","5.764952262E7",2015,"","Ministry of Transport and Communication of Armenia","Refers to total traffic from all fixed-telephone networks to all mobile-cellular networks within the country"
54,"i1313wm","Fixed-to-mobile telephone traffic",,"minutes",17,"ARM","Armenia","7.45161045E7",2016,"","Ministry of Transport, Communication and Information Technologies of Armenia","Refers to total traffic from all fixed-telephone networks to all mobile-cellular networks within the country"
54,"i1313wm","Fixed-to-mobile telephone traffic",,"minutes",17,"ARM","Armenia","6.47876628E7",2017,"","Ministry of Transport, Communication and Information Technologies of Armenia","Refers to total traffic from all fixed-telephone networks to all mobile-cellular networks within the country"
54,"i1313wm","Fixed-to-mobile telephone traffic",,"minutes",17,"ARM","Armenia","5.817515486E7",2018,"","Ministry of High-Tech Industry of Armenia","Refers to total traffic from all fixed-telephone networks to all mobile-cellular networks within the country"
54,"i1313wm","Fixed-to-mobile telephone traffic",,"minutes",17,"ARM","Armenia","6.161123926E7",2019,"","Ministry of High-Tech Industry of Armenia","Refers to total traffic from all fixed-telephone networks to all mobile-cellular networks within the country"
54,"i1313wm","Fixed-to-mobile telephone traffic",,"minutes",17,"ARM","Armenia","3.747185343E7",2020,"","Ministry of High-Tech Industry of Armenia","Refers to total traffic from all fixed-telephone networks to all mobile-cellular networks within the country"
54,"i1313wm","Fixed-to-mobile telephone traffic",,"minutes",17,"ARM","Armenia","5.401127798E7",2021,"","Ministry of High-Tech Industry of Armenia","Refers to total traffic from all fixed-telephone networks to all mobile-cellular networks within the country"
54,"i1313wm","Fixed-to-mobile telephone traffic",,"minutes",18,"SAU","Saudi Arabia","6.220458E9",2011,"","Communication and Information Technology Commission","Refers to total traffic from all fixed-telephone networks to all mobile-cellular networks within the country"
54,"i1313wm","Fixed-to-mobile telephone traffic",,"minutes",18,"SAU","Saudi Arabia","5.920458E9",2012,"","","Refers to total traffic from all fixed-telephone networks to all mobile-cellular networks within the country"
54,"i1313wm","Fixed-to-mobile telephone traffic",,"minutes",18,"SAU","Saudi Arabia","5.92E9",2013,"","Communication and Information Technology Commission","Refers to total traffic from all fixed-telephone networks to all mobile-cellular networks within the country"
54,"i1313wm","Fixed-to-mobile telephone traffic",,"minutes",18,"SAU","Saudi Arabia","4.14575951E9",2015,"","Communication and Information Technology Commission","Refers to total traffic from all fixed-telephone networks to all mobile-cellular networks within the country"
54,"i1313wm","Fixed-to-mobile telephone traffic",,"minutes",18,"SAU","Saudi Arabia","3.910857746E9",2016,"","Communications and Information Technology Commission (CITC)","Refers to total traffic from all fixed-telephone networks to all mobile-cellular networks within the country"
54,"i1313wm","Fixed-to-mobile telephone traffic",,"minutes",18,"SAU","Saudi Arabia","3.594516167E9",2017,"","Communications and Information Technology Commission (CITC)","Refers to total traffic from all fixed-telephone networks to all mobile-cellular networks within the country"
54,"i1313wm","Fixed-to-mobile telephone traffic",,"minutes",18,"SAU","Saudi Arabia","1.637760811E9",2018,"","CITC","Refers to total traffic from all fixed-telephone networks to all mobile-cellular networks within the country"
54,"i1313wm","Fixed-to-mobile telephone traffic",,"minutes",20,"ATG","Antigua and Barbuda","7.3541348E7",2014,"","Ministry of Information, Broadcasting, Telecommunications, and Information Technology","Refers to total traffic from all fixed-telephone networks to all mobile-cellular networks within the country"
54,"i1313wm","Fixed-to-mobile telephone traffic",,"minutes",24,"AUT","Austria","1.731E9",2000,"","Federal Ministry for Science and Transport.","Refers to total traffic from all fixed-telephone networks to all mobile-cellular networks within the country"
54,"i1313wm","Fixed-to-mobile telephone traffic",,"minutes",24,"AUT","Austria","1.585E9",2001,"","Federal Ministry for Science and Transport.","Refers to total traffic from all fixed-telephone networks to all mobile-cellular networks within the country"
54,"i1313wm","Fixed-to-mobile telephone traffic",,"minutes",24,"AUT","Austria","1.628E9",2002,"","Austrian Regulatory Authority for Broadcasting and Telecommunications (RTR-GmbH).","Refers to total traffic from all fixed-telephone networks to all mobile-cellular networks within the country"
54,"i1313wm","Fixed-to-mobile telephone traffic",,"minutes",24,"AUT","Austria","1.761E9",2003,"Estimate. Incl. calls from public payphones.","Austrian Regulatory Authority for Broadcasting and Telecommunications (RTR-GmbH).","Refers to total traffic from all fixed-telephone networks to all mobile-cellular networks within the country"
54,"i1313wm","Fixed-to-mobile telephone traffic",,"minutes",24,"AUT","Austria","1.726E9",2004,"","Austrian Regulatory Authority for Broadcasting and Telecommunications (RTR-GmbH).","Refers to total traffic from all fixed-telephone networks to all mobile-cellular networks within the country"
54,"i1313wm","Fixed-to-mobile telephone traffic",,"minutes",24,"AUT","Austria","1.651E9",2005,"","Austrian Regulatory Authority for Broadcasting and Telecommunications (RTR-GmbH).","Refers to total traffic from all fixed-telephone networks to all mobile-cellular networks within the country"
54,"i1313wm","Fixed-to-mobile telephone traffic",,"minutes",24,"AUT","Austria","1.523E9",2006,"","Austrian Regulatory Authority for Broadcasting and Telecommunications (RTR-GmbH).","Refers to total traffic from all fixed-telephone networks to all mobile-cellular networks within the country"
54,"i1313wm","Fixed-to-mobile telephone traffic",,"minutes",24,"AUT","Austria","1.4E9",2007,"","Regulatory Authority for Broadcasting and Telecommunications (Rundfunk und Telekom Regulierungs-GmbH; RTR-GmbH)","Refers to total traffic from all fixed-telephone networks to all mobile-cellular networks within the country"
54,"i1313wm","Fixed-to-mobile telephone traffic",,"minutes",24,"AUT","Austria","1.283E9",2008,"","Regulatory Authority for Broadcasting and Telecommunications (Rundfunk und Telekom Regulierungs-GmbH; RTR-GmbH)","Refers to total traffic from all fixed-telephone networks to all mobile-cellular networks within the country"
54,"i1313wm","Fixed-to-mobile telephone traffic",,"minutes",24,"AUT","Austria","1.138E9",2009,"","Regulatory Authority for Broadcasting and Telecommunications (Rundfunk und Telekom Regulierungs-GmbH; RTR-GmbH)","Refers to total traffic from all fixed-telephone networks to all mobile-cellular networks within the country"
54,"i1313wm","Fixed-to-mobile telephone traffic",,"minutes",24,"AUT","Austria","1.044637E9",2010,"","Rundfunk und Telekom Regulierungs-GmbH","Refers to total traffic from all fixed-telephone networks to all mobile-cellular networks within the country"
54,"i1313wm","Fixed-to-mobile telephone traffic",,"minutes",24,"AUT","Austria","9.45022E8",2011,"","Rundfunk und Telekom Regulierungs-GmbH","Refers to total traffic from all fixed-telephone networks to all mobile-cellular networks within the country"
54,"i1313wm","Fixed-to-mobile telephone traffic",,"minutes",24,"AUT","Austria","8.49791E8",2012,"","Rundfunk und Telekom Regulierungs-GmbH","Refers to total traffic from all fixed-telephone networks to all mobile-cellular networks within the country"
54,"i1313wm","Fixed-to-mobile telephone traffic",,"minutes",24,"AUT","Austria","7.93381E8",2013,"","Austrian Regulatory Authority for Broadcasting and Telecommunications","Refers to total traffic from all fixed-telephone networks to all mobile-cellular networks within the country"
54,"i1313wm","Fixed-to-mobile telephone traffic",,"minutes",24,"AUT","Austria","8.23739E8",2014,"","Austrian Regulatory Authority for Broadcasting and Telecommunications","Refers to total traffic from all fixed-telephone networks to all mobile-cellular networks within the country"
54,"i1313wm","Fixed-to-mobile telephone traffic",,"minutes",24,"AUT","Austria","7.96425E8",2015,"","Austrian Regulatory Authority for Broadcasting and Telecommunications","Refers to total traffic from all fixed-telephone networks to all mobile-cellular networks within the country"
54,"i1313wm","Fixed-to-mobile telephone traffic",,"minutes",24,"AUT","Austria","7.81514E8",2016,"","RTR GmbH","Refers to total traffic from all fixed-telephone networks to all mobile-cellular networks within the country"
54,"i1313wm","Fixed-to-mobile telephone traffic",,"minutes",24,"AUT","Austria","7.47161055E8",2017,"","RTR GmbH","Refers to total traffic from all fixed-telephone networks to all mobile-cellular networks within the country"
54,"i1313wm","Fixed-to-mobile telephone traffic",,"minutes",24,"AUT","Austria","6.79784054E8",2018,"","Austrian Regulatory Authority for Broadcasting and Telecommunications","Refers to total traffic from all fixed-telephone networks to all mobile-cellular networks within the country"
54,"i1313wm","Fixed-to-mobile telephone traffic",,"minutes",24,"AUT","Austria","6.13135621E8",2019,"","Austrian Regulatory Authority for Broadcasting and Telecommunications","Refers to total traffic from all fixed-telephone networks to all mobile-cellular networks within the country"
54,"i1313wm","Fixed-to-mobile telephone traffic",,"minutes",24,"AUT","Austria","6.03273711E8",2020,"","Austrian Regulatory Authority for Broadcasting and Telecommunications","Refers to total traffic from all fixed-telephone networks to all mobile-cellular networks within the country"
54,"i1313wm","Fixed-to-mobile telephone traffic",,"minutes",24,"AUT","Austria","5.74195421E8",2021,"","Austrian Regulatory Authority for Broadcasting and Telecommunications","Refers to total traffic from all fixed-telephone networks to all mobile-cellular networks within the country"
54,"i1313wm","Fixed-to-mobile telephone traffic",,"minutes",25,"AZE","Azerbaijan","9.4370826E7",2007,"","Ministry of Communications and Information Technologies of the Republic of Azerbaijan","Refers to total traffic from all fixed-telephone networks to all mobile-cellular networks within the country"
54,"i1313wm","Fixed-to-mobile telephone traffic",,"minutes",25,"AZE","Azerbaijan","1.155137E8",2008,"","Ministry of Communications and Information Technologies of the Republic of Azerbaijan","Refers to total traffic from all fixed-telephone networks to all mobile-cellular networks within the country"
54,"i1313wm","Fixed-to-mobile telephone traffic",,"minutes",25,"AZE","Azerbaijan","9.91448E7",2009,"","Ministry of Communications and Information Technologies of the Republic of Azerbaijan","Refers to total traffic from all fixed-telephone networks to all mobile-cellular networks within the country"
54,"i1313wm","Fixed-to-mobile telephone traffic",,"minutes",25,"AZE","Azerbaijan","9.2100188E7",2010,"","Ministry of Communications and Information Technologies","Refers to total traffic from all fixed-telephone networks to all mobile-cellular networks within the country"
54,"i1313wm","Fixed-to-mobile telephone traffic",,"minutes",25,"AZE","Azerbaijan","8.7043607E7",2011,"","Ministry of Communications and Information Technologies (MC&IT)","Refers to total traffic from all fixed-telephone networks to all mobile-cellular networks within the country"
54,"i1313wm","Fixed-to-mobile telephone traffic",,"minutes",25,"AZE","Azerbaijan","1.008869E8",2012,"","Ministry of Communications and Information Technologies (MC&IT)","Refers to total traffic from all fixed-telephone networks to all mobile-cellular networks within the country"
54,"i1313wm","Fixed-to-mobile telephone traffic",,"minutes",25,"AZE","Azerbaijan","1.20078862E8",2013,"","Ministry of Communications and High Technologies (MC&HT)","Refers to total traffic from all fixed-telephone networks to all mobile-cellular networks within the country"
54,"i1313wm","Fixed-to-mobile telephone traffic",,"minutes",25,"AZE","Azerbaijan","1.23212956E8",2014,"","Ministry of Communications and High Technologies (MC&HT)","Refers to total traffic from all fixed-telephone networks to all mobile-cellular networks within the country"
54,"i1313wm","Fixed-to-mobile telephone traffic",,"minutes",25,"AZE","Azerbaijan","7.4333309E7",2015,"","Ministry of Communications and High Technologies (MC&HT)","Refers to total traffic from all fixed-telephone networks to all mobile-cellular networks within the country"
54,"i1313wm","Fixed-to-mobile telephone traffic",,"minutes",25,"AZE","Azerbaijan","5.1298514E7",2016,"","Ministry of Transport, Communications and High Technologies","Refers to total traffic from all fixed-telephone networks to all mobile-cellular networks within the country"
54,"i1313wm","Fixed-to-mobile telephone traffic",,"minutes",25,"AZE","Azerbaijan","4.4429481E7",2017,"","Ministry of Transport, Communications and High Technologies","Refers to total traffic from all fixed-telephone networks to all mobile-cellular networks within the country"
54,"i1313wm","Fixed-to-mobile telephone traffic",,"minutes",25,"AZE","Azerbaijan","3.5821776E7",2018,"","Ministry of Transport, Communications and High Technologies","Refers to total traffic from all fixed-telephone networks to all mobile-cellular networks within the country"
54,"i1313wm","Fixed-to-mobile telephone traffic",,"minutes",25,"AZE","Azerbaijan","3.6651571E7",2019,"","Ministry of Digital Development and Transport","Refers to total traffic from all fixed-telephone networks to all mobile-cellular networks within the country"
54,"i1313wm","Fixed-to-mobile telephone traffic",,"minutes",25,"AZE","Azerbaijan","2.8864778E7",2020,"","Ministry of Digital Development and Transport","Refers to total traffic from all fixed-telephone networks to all mobile-cellular networks within the country"
54,"i1313wm","Fixed-to-mobile telephone traffic",,"minutes",25,"AZE","Azerbaijan","3.1011268E7",2021,"","Ministry of Digital Development and Transport","Refers to total traffic from all fixed-telephone networks to all mobile-cellular networks within the country"
54,"i1313wm","Fixed-to-mobile telephone traffic",,"minutes",27,"BRA","Brazil","1.5523337414E10",2009,"","Agência Nacional de Telecomunicaçőes","Refers to total traffic from all fixed-telephone networks to all mobile-cellular networks within the country"
54,"i1313wm","Fixed-to-mobile telephone traffic",,"minutes",27,"BRA","Brazil","1.392139E10",2010,"","Agência Nacional de Telecomunicaçőes","Refers to total traffic from all fixed-telephone networks to all mobile-cellular networks within the country"
54,"i1313wm","Fixed-to-mobile telephone traffic",,"minutes",27,"BRA","Brazil","1.236296709E10",2011,"","Agência Nacional de Telecomunicaçőes","Refers to total traffic from all fixed-telephone networks to all mobile-cellular networks within the country"
54,"i1313wm","Fixed-to-mobile telephone traffic",,"minutes",27,"BRA","Brazil","1.1068464496E10",2012,"","Agência Nacional de Telecomunicaçőes","Refers to total traffic from all fixed-telephone networks to all mobile-cellular networks within the country"
54,"i1313wm","Fixed-to-mobile telephone traffic",,"minutes",27,"BRA","Brazil","1.1155879E10",2013,"The method for collecting data changed in 07/2013. Minutes was defined as amount of traffic and now it's defined as amount of charged traffic.","Agência Nacional de Telecomunicaçőes","Refers to total traffic from all fixed-telephone networks to all mobile-cellular networks within the country"
54,"i1313wm","Fixed-to-mobile telephone traffic",,"minutes",27,"BRA","Brazil","1.4998E10",2015,"","Agência Nacional de Telecomunicaçőes","Refers to total traffic from all fixed-telephone networks to all mobile-cellular networks within the country"
54,"i1313wm","Fixed-to-mobile telephone traffic",,"minutes",27,"BRA","Brazil","7.471752742E9",2016,"","National Telecommunication Agency - Anatel","Refers to total traffic from all fixed-telephone networks to all mobile-cellular networks within the country"
54,"i1313wm","Fixed-to-mobile telephone traffic",,"minutes",27,"BRA","Brazil","6.31662327235E9",2017,"","National Telecommunication Agency - Anatel","Refers to total traffic from all fixed-telephone networks to all mobile-cellular networks within the country"
54,"i1313wm","Fixed-to-mobile telephone traffic",,"minutes",27,"BRA","Brazil","5.56566865647E9",2018,"","Anatel","Refers to total traffic from all fixed-telephone networks to all mobile-cellular networks within the country"
54,"i1313wm","Fixed-to-mobile telephone traffic",,"minutes",27,"BRA","Brazil","4.13871759252E9",2019,"","Agência Nacional de Telecomunicaçőes","Refers to total traffic from all fixed-telephone networks to all mobile-cellular networks within the country"
54,"i1313wm","Fixed-to-mobile telephone traffic",,"minutes",27,"BRA","Brazil","3.88048348893E9",2020,"","Agência Nacional de Telecomunicaçőes","Refers to total traffic from all fixed-telephone networks to all mobile-cellular networks within the country"
54,"i1313wm","Fixed-to-mobile telephone traffic",,"minutes",27,"BRA","Brazil","3.60873471939E9",2021,"","Agência Nacional de Telecomunicaçőes","Refers to total traffic from all fixed-telephone networks to all mobile-cellular networks within the country"
54,"i1313wm","Fixed-to-mobile telephone traffic",,"minutes",28,"BHS","Bahamas","6.8590932E7",2014,"Obtained from URCA's Licensees","Utilities Regulation and Competition Authority","Refers to total traffic from all fixed-telephone networks to all mobile-cellular networks within the country"
54,"i1313wm","Fixed-to-mobile telephone traffic",,"minutes",28,"BHS","Bahamas","6.9639663E7",2016,"","Utilities Regulation and Competition Authority","Refers to total traffic from all fixed-telephone networks to all mobile-cellular networks within the country"
54,"i1313wm","Fixed-to-mobile telephone traffic",,"minutes",28,"BHS","Bahamas","1.15960384E8",2017,"Obtained from URCA's Licensees","Utilities Regulation and Competition Authority","Refers to total traffic from all fixed-telephone networks to all mobile-cellular networks within the country"
54,"i1313wm","Fixed-to-mobile telephone traffic",,"minutes",28,"BHS","Bahamas","1.01194876E8",2018,"Obtained from URCA's Licensees","Utilities Regulation and Competition Authority","Refers to total traffic from all fixed-telephone networks to all mobile-cellular networks within the country"
54,"i1313wm","Fixed-to-mobile telephone traffic",,"minutes",29,"BDI","Burundi","1.9326955E7",2017,"Agence de Régulation et de Contrôle des Télécommunications","AGENCE DE REGULATION ET DE CONTROLE DES TELECOMMUNICATIONS","Refers to total traffic from all fixed-telephone networks to all mobile-cellular networks within the country"
54,"i1313wm","Fixed-to-mobile telephone traffic",,"minutes",29,"BDI","Burundi","3.0315551E7",2018,"Agence de Régulation et de Contrôle des Télécommunications","AGENCE DE REGULATION ET DE CONTROLE DES TELECOMMUNICATIONS(ARCT)","Refers to total traffic from all fixed-telephone networks to all mobile-cellular networks within the country"
54,"i1313wm","Fixed-to-mobile telephone traffic",,"minutes",29,"BDI","Burundi","2.1502824E7",2019,"","Agence de Régulation et de Contrôle des Télécommunications ","Refers to total traffic from all fixed-telephone networks to all mobile-cellular networks within the country"
54,"i1313wm","Fixed-to-mobile telephone traffic",,"minutes",29,"BDI","Burundi","2.4550587E7",2020,"","Agence de Régulation et de Contrôle des Télécommunications ","Refers to total traffic from all fixed-telephone networks to all mobile-cellular networks within the country"
54,"i1313wm","Fixed-to-mobile telephone traffic",,"minutes",29,"BDI","Burundi","4.45232363E8",2021,"","Agence de Régulation et de Contrôle des Télécommunications ","Refers to total traffic from all fixed-telephone networks to all mobile-cellular networks within the country"
54,"i1313wm","Fixed-to-mobile telephone traffic",,"minutes",30,"BEL","Belgium","1.587133074E9",2000,"","","Refers to total traffic from all fixed-telephone networks to all mobile-cellular networks within the country"
54,"i1313wm","Fixed-to-mobile telephone traffic",,"minutes",30,"BEL","Belgium","1.85429695E9",2001,"","","Refers to total traffic from all fixed-telephone networks to all mobile-cellular networks within the country"
54,"i1313wm","Fixed-to-mobile telephone traffic",,"minutes",30,"BEL","Belgium","2.014709708E9",2002,"","","Refers to total traffic from all fixed-telephone networks to all mobile-cellular networks within the country"
54,"i1313wm","Fixed-to-mobile telephone traffic",,"minutes",30,"BEL","Belgium","2.113058893E9",2003,"","","Refers to total traffic from all fixed-telephone networks to all mobile-cellular networks within the country"
54,"i1313wm","Fixed-to-mobile telephone traffic",,"minutes",30,"BEL","Belgium","2.035964E9",2004,"","","Refers to total traffic from all fixed-telephone networks to all mobile-cellular networks within the country"
54,"i1313wm","Fixed-to-mobile telephone traffic",,"minutes",30,"BEL","Belgium","1.99769E9",2005,"","","Refers to total traffic from all fixed-telephone networks to all mobile-cellular networks within the country"
54,"i1313wm","Fixed-to-mobile telephone traffic",,"minutes",30,"BEL","Belgium","1.803429E9",2006,"","","Refers to total traffic from all fixed-telephone networks to all mobile-cellular networks within the country"
54,"i1313wm","Fixed-to-mobile telephone traffic",,"minutes",30,"BEL","Belgium","1.690915E9",2007,"","IBPT","Refers to total traffic from all fixed-telephone networks to all mobile-cellular networks within the country"
54,"i1313wm","Fixed-to-mobile telephone traffic",,"minutes",30,"BEL","Belgium","1.656143E9",2008,"","IBPT","Refers to total traffic from all fixed-telephone networks to all mobile-cellular networks within the country"
54,"i1313wm","Fixed-to-mobile telephone traffic",,"minutes",30,"BEL","Belgium","1.618053E9",2009,"","IBPT","Refers to total traffic from all fixed-telephone networks to all mobile-cellular networks within the country"
54,"i1313wm","Fixed-to-mobile telephone traffic",,"minutes",30,"BEL","Belgium","1.602615E9",2010,"","Belgian Institute for Postal Services and Telecommunications ","Refers to total traffic from all fixed-telephone networks to all mobile-cellular networks within the country"
54,"i1313wm","Fixed-to-mobile telephone traffic",,"minutes",30,"BEL","Belgium","1.573204E9",2011,"","Belgian Institute for Postal Services and Telecommunications ","Refers to total traffic from all fixed-telephone networks to all mobile-cellular networks within the country"
54,"i1313wm","Fixed-to-mobile telephone traffic",,"minutes",30,"BEL","Belgium","2.024113E9",2012,"","Belgian Institute for Postal Services and Telecommunications ","Refers to total traffic from all fixed-telephone networks to all mobile-cellular networks within the country"
54,"i1313wm","Fixed-to-mobile telephone traffic",,"minutes",30,"BEL","Belgium","2.016013E9",2013,"","Belgian Institute for Postal Services and Telecommunications ","Refers to total traffic from all fixed-telephone networks to all mobile-cellular networks within the country"
54,"i1313wm","Fixed-to-mobile telephone traffic",,"minutes",30,"BEL","Belgium","1.916774E9",2014,"","Belgian Institute for Postal Services and Telecommunications ","Refers to total traffic from all fixed-telephone networks to all mobile-cellular networks within the country"
54,"i1313wm","Fixed-to-mobile telephone traffic",,"minutes",30,"BEL","Belgium","1.837281E9",2015,"","Belgian Institute for Postal Services and Telecommunications ","Refers to total traffic from all fixed-telephone networks to all mobile-cellular networks within the country"
54,"i1313wm","Fixed-to-mobile telephone traffic",,"minutes",30,"BEL","Belgium","1.760861E9",2016,"","Belgian Institute for Postal Services and Telecommunications ","Refers to total traffic from all fixed-telephone networks to all mobile-cellular networks within the country"
54,"i1313wm","Fixed-to-mobile telephone traffic",,"minutes",30,"BEL","Belgium","1.571705E9",2017,"","Belgian Institute for Postal Services and Telecommunications ","Refers to total traffic from all fixed-telephone networks to all mobile-cellular networks within the country"
54,"i1313wm","Fixed-to-mobile telephone traffic",,"minutes",30,"BEL","Belgium","1.372126E9",2018,"","Belgian Institute for Postal Services and Telecommunications ","Refers to total traffic from all fixed-telephone networks to all mobile-cellular networks within the country"
54,"i1313wm","Fixed-to-mobile telephone traffic",,"minutes",30,"BEL","Belgium","1.202424E9",2019,"","Belgian Institute for Postal Services and Telecommunications ","Refers to total traffic from all fixed-telephone networks to all mobile-cellular networks within the country"
54,"i1313wm","Fixed-to-mobile telephone traffic",,"minutes",30,"BEL","Belgium","1.445102E9",2020,"","Belgian Institute for Postal Services and Telecommunications ","Refers to total traffic from all fixed-telephone networks to all mobile-cellular networks within the country"
54,"i1313wm","Fixed-to-mobile telephone traffic",,"minutes",30,"BEL","Belgium","1.262441E9",2021,"","Belgian Institute for Postal Services and Telecommunications ","Refers to total traffic from all fixed-telephone networks to all mobile-cellular networks within the country"
54,"i1313wm","Fixed-to-mobile telephone traffic",,"minutes",31,"BEN","Benin","3.8243941E7",2009,"","Autorité Transitoire de Régulation des Postes et Télécommunications","Refers to total traffic from all fixed-telephone networks to all mobile-cellular networks within the country"
54,"i1313wm","Fixed-to-mobile telephone traffic",,"minutes",31,"BEN","Benin","2.9275327E7",2010,"","Autorité transitoire de régulation des postes et télécommunications du Bénin","Refers to total traffic from all fixed-telephone networks to all mobile-cellular networks within the country"
54,"i1313wm","Fixed-to-mobile telephone traffic",,"minutes",31,"BEN","Benin","2.813585E7",2011,"","Autorité transitoire de régulation des postes et télécommunications du Bénin","Refers to total traffic from all fixed-telephone networks to all mobile-cellular networks within the country"
54,"i1313wm","Fixed-to-mobile telephone traffic",,"minutes",31,"BEN","Benin","2.7413942E7",2012,"","Autorité transitoire de régulation des postes et télécommunications du Bénin","Refers to total traffic from all fixed-telephone networks to all mobile-cellular networks within the country"
54,"i1313wm","Fixed-to-mobile telephone traffic",,"minutes",31,"BEN","Benin","2.3311886E7",2013,"","Autorité de Régulation des Communications Electroniques et de la Poste (ARCEP- Bénin)","Refers to total traffic from all fixed-telephone networks to all mobile-cellular networks within the country"
54,"i1313wm","Fixed-to-mobile telephone traffic",,"minutes",31,"BEN","Benin","2.9989415E7",2014,"","Autorité de Régulation des Communications Electroniques et de la Poste (ARCEP- Bénin)","Refers to total traffic from all fixed-telephone networks to all mobile-cellular networks within the country"
54,"i1313wm","Fixed-to-mobile telephone traffic",,"minutes",31,"BEN","Benin","8369892.0",2019,"","Autorité de Régulation des Communications Electroniques et de la Poste (ARCEP- Bénin)","Refers to total traffic from all fixed-telephone networks to all mobile-cellular networks within the country"
54,"i1313wm","Fixed-to-mobile telephone traffic",,"minutes",31,"BEN","Benin","6046122.0",2020,"","Autorité de Régulation des Communications Electroniques et de la Poste (ARCEP- Bénin)","Refers to total traffic from all fixed-telephone networks to all mobile-cellular networks within the country"
54,"i1313wm","Fixed-to-mobile telephone traffic",,"minutes",31,"BEN","Benin","4147648.0",2021,"","Autorité de Régulation des Communications Electroniques et de la Poste (ARCEP- Bénin)","Refers to total traffic from all fixed-telephone networks to all mobile-cellular networks within the country"
54,"i1313wm","Fixed-to-mobile telephone traffic",,"minutes",32,"BMU","Bermuda","2.8424603E7",2004,"","","Refers to total traffic from all fixed-telephone networks to all mobile-cellular networks within the country"
54,"i1313wm","Fixed-to-mobile telephone traffic",,"minutes",33,"BFA","Burkina Faso","5.9045739E7",2003,"","","Refers to total traffic from all fixed-telephone networks to all mobile-cellular networks within the country"
54,"i1313wm","Fixed-to-mobile telephone traffic",,"minutes",33,"BFA","Burkina Faso","7.4023735E7",2004,"","","Refers to total traffic from all fixed-telephone networks to all mobile-cellular networks within the country"
54,"i1313wm","Fixed-to-mobile telephone traffic",,"minutes",33,"BFA","Burkina Faso","8.9352526E7",2005,"","","Refers to total traffic from all fixed-telephone networks to all mobile-cellular networks within the country"
54,"i1313wm","Fixed-to-mobile telephone traffic",,"minutes",33,"BFA","Burkina Faso","9.5125491E7",2006,"","","Refers to total traffic from all fixed-telephone networks to all mobile-cellular networks within the country"
54,"i1313wm","Fixed-to-mobile telephone traffic",,"minutes",33,"BFA","Burkina Faso","3.0315111E7",2014,"","Autorité de Régulation des Communications Électroniques et des Postes (ARCEP)","Refers to total traffic from all fixed-telephone networks to all mobile-cellular networks within the country"
54,"i1313wm","Fixed-to-mobile telephone traffic",,"minutes",33,"BFA","Burkina Faso","2.5624728E7",2015,"","Autorité de Régulation des Communications Électroniques et des Postes (ARCEP)","Refers to total traffic from all fixed-telephone networks to all mobile-cellular networks within the country"
54,"i1313wm","Fixed-to-mobile telephone traffic",,"minutes",33,"BFA","Burkina Faso","2.2180707E7",2016,"","Autorité de régulation des communications","Refers to total traffic from all fixed-telephone networks to all mobile-cellular networks within the country"
54,"i1313wm","Fixed-to-mobile telephone traffic",,"minutes",33,"BFA","Burkina Faso","1.768131E7",2017,"","Autorité de régulation des communications","Refers to total traffic from all fixed-telephone networks to all mobile-cellular networks within the country"
54,"i1313wm","Fixed-to-mobile telephone traffic",,"minutes",33,"BFA","Burkina Faso","1.8317374E7",2018,"","Autorité de régulation des communications électroniques et des Postes (ARCEP)","Refers to total traffic from all fixed-telephone networks to all mobile-cellular networks within the country"
54,"i1313wm","Fixed-to-mobile telephone traffic",,"minutes",33,"BFA","Burkina Faso","1.324815E7",2020,"","Autorité de régulation des communications électroniques et des Postes (ARCEP)","Refers to total traffic from all fixed-telephone networks to all mobile-cellular networks within the country"
54,"i1313wm","Fixed-to-mobile telephone traffic",,"minutes",34,"BGD","Bangladesh","2.383156936E9",2012,"","Bangladesh Telecommunication Regulatory Commission","Refers to total traffic from all fixed-telephone networks to all mobile-cellular networks within the country"
54,"i1313wm","Fixed-to-mobile telephone traffic",,"minutes",34,"BGD","Bangladesh","2.99257856E9",2013,"","Bangladesh Telecommunication Regulatory Commission","Refers to total traffic from all fixed-telephone networks to all mobile-cellular networks within the country"
54,"i1313wm","Fixed-to-mobile telephone traffic",,"minutes",34,"BGD","Bangladesh","3.148053744E9",2014,"","Bangladesh Telecommunication Regulatory Commission","Refers to total traffic from all fixed-telephone networks to all mobile-cellular networks within the country"
54,"i1313wm","Fixed-to-mobile telephone traffic",,"minutes",34,"BGD","Bangladesh","1.44658286E9",2015,"","Bangladesh Telecommunication Regulatory Commission","Refers to total traffic from all fixed-telephone networks to all mobile-cellular networks within the country"
54,"i1313wm","Fixed-to-mobile telephone traffic",,"minutes",34,"BGD","Bangladesh","1.938082088E9",2016,"","Bangladesh Telecommunication Regulatory Commission","Refers to total traffic from all fixed-telephone networks to all mobile-cellular networks within the country"
54,"i1313wm","Fixed-to-mobile telephone traffic",,"minutes",34,"BGD","Bangladesh","2.238091314E9",2017,"June,2018","Bangladesh Telecommunication Regulatory Commission","Refers to total traffic from all fixed-telephone networks to all mobile-cellular networks within the country"
54,"i1313wm","Fixed-to-mobile telephone traffic",,"minutes",34,"BGD","Bangladesh","2.441071212E9",2018,"June,2019","Bangladesh Telecommunication Regulatory Commission","Refers to total traffic from all fixed-telephone networks to all mobile-cellular networks within the country"
54,"i1313wm","Fixed-to-mobile telephone traffic",,"minutes",34,"BGD","Bangladesh","8.61161688E8",2019,"December, 2019","Bangladesh Telecommunication Regulatory Commission","Refers to total traffic from all fixed-telephone networks to all mobile-cellular networks within the country"
54,"i1313wm","Fixed-to-mobile telephone traffic",,"minutes",34,"BGD","Bangladesh","9.3343951E8",2020,"June, 2021","Bangladesh Telecommunication Regulatory Commission","Refers to total traffic from all fixed-telephone networks to all mobile-cellular networks within the country"
54,"i1313wm","Fixed-to-mobile telephone traffic",,"minutes",34,"BGD","Bangladesh","1.106823369E9",2021,"June, 2022","Bangladesh Telecommunication Regulatory Commission","Refers to total traffic from all fixed-telephone networks to all mobile-cellular networks within the country"
54,"i1313wm","Fixed-to-mobile telephone traffic",,"minutes",35,"BHR","Bahrain","4.61915293E8",2006,"","","Refers to total traffic from all fixed-telephone networks to all mobile-cellular networks within the country"
54,"i1313wm","Fixed-to-mobile telephone traffic",,"minutes",35,"BHR","Bahrain","6.73E8",2007,"","Telecommunications Regulatory Authority (TRA)","Refers to total traffic from all fixed-telephone networks to all mobile-cellular networks within the country"
54,"i1313wm","Fixed-to-mobile telephone traffic",,"minutes",35,"BHR","Bahrain","7.11972199E8",2008,"","Telecommunications Regulatory Authority (TRA)","Refers to total traffic from all fixed-telephone networks to all mobile-cellular networks within the country"
54,"i1313wm","Fixed-to-mobile telephone traffic",,"minutes",35,"BHR","Bahrain","4.377632015E8",2011,"","Telecommunications Regulatory Authority ","Refers to total traffic from all fixed-telephone networks to all mobile-cellular networks within the country"
54,"i1313wm","Fixed-to-mobile telephone traffic",,"minutes",35,"BHR","Bahrain","4.1725494E8",2012,"","Telecommunications Regulatory Authority ","Refers to total traffic from all fixed-telephone networks to all mobile-cellular networks within the country"
54,"i1313wm","Fixed-to-mobile telephone traffic",,"minutes",35,"BHR","Bahrain","3.33452713E8",2013,"","Telecommunications Regulatory Authority ","Refers to total traffic from all fixed-telephone networks to all mobile-cellular networks within the country"
54,"i1313wm","Fixed-to-mobile telephone traffic",,"minutes",35,"BHR","Bahrain","2.92190303E8",2014,"","Telecommunications Regulatory Authority ","Refers to total traffic from all fixed-telephone networks to all mobile-cellular networks within the country"
54,"i1313wm","Fixed-to-mobile telephone traffic",,"minutes",35,"BHR","Bahrain","2.606658E8",2015,"","Telecommunications Regulatory Authority ","Refers to total traffic from all fixed-telephone networks to all mobile-cellular networks within the country"
54,"i1313wm","Fixed-to-mobile telephone traffic",,"minutes",35,"BHR","Bahrain","2.01558564E8",2016,"","Telecommunications Regulatory Authority (TRA Bahrain)","Refers to total traffic from all fixed-telephone networks to all mobile-cellular networks within the country"
54,"i1313wm","Fixed-to-mobile telephone traffic",,"minutes",35,"BHR","Bahrain","1.75549555E8",2017,"Revised","TRA Bahrain","Refers to total traffic from all fixed-telephone networks to all mobile-cellular networks within the country"
54,"i1313wm","Fixed-to-mobile telephone traffic",,"minutes",35,"BHR","Bahrain","1.63635304E8",2018,"Revised","TRA","Refers to total traffic from all fixed-telephone networks to all mobile-cellular networks within the country"
54,"i1313wm","Fixed-to-mobile telephone traffic",,"minutes",35,"BHR","Bahrain","1.63390565E8",2019,"REVISED FROM 160'931'271.00","Telecommunications Regulatory Authority ","Refers to total traffic from all fixed-telephone networks to all mobile-cellular networks within the country"
54,"i1313wm","Fixed-to-mobile telephone traffic",,"minutes",35,"BHR","Bahrain","1.52954734E8",2020,"revised from 154'790'971.00","Telecommunications Regulatory Authority ","Refers to total traffic from all fixed-telephone networks to all mobile-cellular networks within the country"
54,"i1313wm","Fixed-to-mobile telephone traffic",,"minutes",35,"BHR","Bahrain","1.49035792E8",2021,"","Telecommunications Regulatory Authority ","Refers to total traffic from all fixed-telephone networks to all mobile-cellular networks within the country"
54,"i1313wm","Fixed-to-mobile telephone traffic",,"minutes",37,"BLR","Belarus","7.89755E8",2007,"","Ministry of Communications and Informatization of the Republic of Belarus","Refers to total traffic from all fixed-telephone networks to all mobile-cellular networks within the country"
54,"i1313wm","Fixed-to-mobile telephone traffic",,"minutes",37,"BLR","Belarus","7.750126E8",2008,"","Ministry of Communications and Informatization of the Republic of Belarus","Refers to total traffic from all fixed-telephone networks to all mobile-cellular networks within the country"
54,"i1313wm","Fixed-to-mobile telephone traffic",,"minutes",37,"BLR","Belarus","7.353963E8",2009,"","Ministry of Communications and Informatization of the Republic of Belarus","Refers to total traffic from all fixed-telephone networks to all mobile-cellular networks within the country"
54,"i1313wm","Fixed-to-mobile telephone traffic",,"minutes",37,"BLR","Belarus","6.92066E8",2010,"","Ministry of Communications and Informatization","Refers to total traffic from all fixed-telephone networks to all mobile-cellular networks within the country"
54,"i1313wm","Fixed-to-mobile telephone traffic",,"minutes",37,"BLR","Belarus","6.068136E8",2011,"","Ministry of Communications and Informatization","Refers to total traffic from all fixed-telephone networks to all mobile-cellular networks within the country"
54,"i1313wm","Fixed-to-mobile telephone traffic",,"minutes",37,"BLR","Belarus","5.456602E8",2012,"","Ministry of Communications and Informatization","Refers to total traffic from all fixed-telephone networks to all mobile-cellular networks within the country"
54,"i1313wm","Fixed-to-mobile telephone traffic",,"minutes",37,"BLR","Belarus","5.13298E8",2013,"","Ministry of Communications and Informatization","Refers to total traffic from all fixed-telephone networks to all mobile-cellular networks within the country"
54,"i1313wm","Fixed-to-mobile telephone traffic",,"minutes",37,"BLR","Belarus","4.657239E8",2014,"","Ministry of Communications and Informatization","Refers to total traffic from all fixed-telephone networks to all mobile-cellular networks within the country"
54,"i1313wm","Fixed-to-mobile telephone traffic",,"minutes",37,"BLR","Belarus","4.462619E8",2015,"","Ministry of Communications and Informatization","Refers to total traffic from all fixed-telephone networks to all mobile-cellular networks within the country"
54,"i1313wm","Fixed-to-mobile telephone traffic",,"minutes",37,"BLR","Belarus","4.167942E8",2016,"","Ministry of Informatization and communication of the Republic of Belarus","Refers to total traffic from all fixed-telephone networks to all mobile-cellular networks within the country"
54,"i1313wm","Fixed-to-mobile telephone traffic",,"minutes",37,"BLR","Belarus","3.810775E8",2017,"","Ministry of Communications and Informatization of the Republic of Belarus","Refers to total traffic from all fixed-telephone networks to all mobile-cellular networks within the country"
54,"i1313wm","Fixed-to-mobile telephone traffic",,"minutes",37,"BLR","Belarus","3.220213E8",2018,"","The Ministry of Communications and Informatization of the Republic of Belarus","Refers to total traffic from all fixed-telephone networks to all mobile-cellular networks within the country"
54,"i1313wm","Fixed-to-mobile telephone traffic",,"minutes",37,"BLR","Belarus","2.612749E8",2019,"","Ministry of Communications and Informatization","Refers to total traffic from all fixed-telephone networks to all mobile-cellular networks within the country"
54,"i1313wm","Fixed-to-mobile telephone traffic",,"minutes",37,"BLR","Belarus","2.316287E8",2020,"","Ministry of Communications and Informatization","Refers to total traffic from all fixed-telephone networks to all mobile-cellular networks within the country"
54,"i1313wm","Fixed-to-mobile telephone traffic",,"minutes",37,"BLR","Belarus","1.95327723E8",2021,"","Ministry of Communications and Informatization","Refers to total traffic from all fixed-telephone networks to all mobile-cellular networks within the country"
54,"i1313wm","Fixed-to-mobile telephone traffic",,"minutes",37,"BLR","Belarus","1.653714E8",2022,"","Ministry of Communications and Informatization","Refers to total traffic from all fixed-telephone networks to all mobile-cellular networks within the country"
54,"i1313wm","Fixed-to-mobile telephone traffic",,"minutes",37,"BLR","Belarus","1.430344E8",2023,"","Ministry of Communications and Informatization","Refers to total traffic from all fixed-telephone networks to all mobile-cellular networks within the country"
54,"i1313wm","Fixed-to-mobile telephone traffic",,"minutes",38,"BLZ","Belize","2.5915796E7",2010,"","Belize Telemedia Limited","Refers to total traffic from all fixed-telephone networks to all mobile-cellular networks within the country"
54,"i1313wm","Fixed-to-mobile telephone traffic",,"minutes",38,"BLZ","Belize","2.7779821E7",2011,"","Belize Telemedia Limited","Refers to total traffic from all fixed-telephone networks to all mobile-cellular networks within the country"
54,"i1313wm","Fixed-to-mobile telephone traffic",,"minutes",38,"BLZ","Belize","1.5349847E7",2012,"","Belize Telemedia Limited","Refers to total traffic from all fixed-telephone networks to all mobile-cellular networks within the country"
54,"i1313wm","Fixed-to-mobile telephone traffic",,"minutes",39,"BOL","Bolivia (Plurinational State of)","9.3559614E7",2006,"","","Refers to total traffic from all fixed-telephone networks to all mobile-cellular networks within the country"
54,"i1313wm","Fixed-to-mobile telephone traffic",,"minutes",39,"BOL","Bolivia (Plurinational State of)","6.0957406E7",2008,"","Autoridad de Fiscalización y Control Social de Telecomunicaciones y Transportes","Refers to total traffic from all fixed-telephone networks to all mobile-cellular networks within the country"
54,"i1313wm","Fixed-to-mobile telephone traffic",,"minutes",39,"BOL","Bolivia (Plurinational State of)","4.5811731E7",2009,"","Autoridad de Fiscalización y Control Social de Telecomunicaciones y Transportes","Refers to total traffic from all fixed-telephone networks to all mobile-cellular networks within the country"
54,"i1313wm","Fixed-to-mobile telephone traffic",,"minutes",39,"BOL","Bolivia (Plurinational State of)","1.12662255E8",2010,"","Autoridad de Regulación y Fiscalización de Telecomunicaciones y Transportes","Refers to total traffic from all fixed-telephone networks to all mobile-cellular networks within the country"
54,"i1313wm","Fixed-to-mobile telephone traffic",,"minutes",39,"BOL","Bolivia (Plurinational State of)","9.0496232E7",2011,"","Autoridad de Regulación y Fiscalización de Telecomunicaciones y Transportes","Refers to total traffic from all fixed-telephone networks to all mobile-cellular networks within the country"
54,"i1313wm","Fixed-to-mobile telephone traffic",,"minutes",39,"BOL","Bolivia (Plurinational State of)","7.7947547E7",2012,"","Autoridad de Regulación y Fiscalización de Telecomunicaciones y Transportes","Refers to total traffic from all fixed-telephone networks to all mobile-cellular networks within the country"
54,"i1313wm","Fixed-to-mobile telephone traffic",,"minutes",39,"BOL","Bolivia (Plurinational State of)","7.0372328E7",2013,"","Autoridad de Regulación y Fiscalización de Telecomunicaciones y Transportes","Refers to total traffic from all fixed-telephone networks to all mobile-cellular networks within the country"
54,"i1313wm","Fixed-to-mobile telephone traffic",,"minutes",39,"BOL","Bolivia (Plurinational State of)","6.8393952E7",2014,"","Autoridad de Regulación y Fiscalización de Telecomunicaciones y Transportes","Refers to total traffic from all fixed-telephone networks to all mobile-cellular networks within the country"
54,"i1313wm","Fixed-to-mobile telephone traffic",,"minutes",39,"BOL","Bolivia (Plurinational State of)","6.2648656E7",2015,"","Autoridad de Regulación y Fiscalización de Telecomunicaciones y Transportes","Refers to total traffic from all fixed-telephone networks to all mobile-cellular networks within the country"
54,"i1313wm","Fixed-to-mobile telephone traffic",,"minutes",39,"BOL","Bolivia (Plurinational State of)","5.9195571E7",2016,"","Autoridad de Regulación y Fiscalización de Telecomunicaciones y Transportes","Refers to total traffic from all fixed-telephone networks to all mobile-cellular networks within the country"
54,"i1313wm","Fixed-to-mobile telephone traffic",,"minutes",39,"BOL","Bolivia (Plurinational State of)","4.8475068E7",2017,"","ATT - AUtoridad de Regulacion y Fiscalizacion de Telecomunicaciones y Transportes","Refers to total traffic from all fixed-telephone networks to all mobile-cellular networks within the country"
54,"i1313wm","Fixed-to-mobile telephone traffic",,"minutes",39,"BOL","Bolivia (Plurinational State of)","3.7122601E7",2018,"","ATT - AUtoridad de Regulacion y Fiscalizacion de Telecomunicaciones y Transportes","Refers to total traffic from all fixed-telephone networks to all mobile-cellular networks within the country"
54,"i1313wm","Fixed-to-mobile telephone traffic",,"minutes",39,"BOL","Bolivia (Plurinational State of)","2.943646E7",2019,"","Autoridad de Regulación y Fiscalización de Telecomunicaciones y Transportes","Refers to total traffic from all fixed-telephone networks to all mobile-cellular networks within the country"
54,"i1313wm","Fixed-to-mobile telephone traffic",,"minutes",39,"BOL","Bolivia (Plurinational State of)","2.0088992E7",2020,"","Autoridad de Regulación y Fiscalización de Telecomunicaciones y Transportes","Refers to total traffic from all fixed-telephone networks to all mobile-cellular networks within the country"
54,"i1313wm","Fixed-to-mobile telephone traffic",,"minutes",39,"BOL","Bolivia (Plurinational State of)","1.5184887E7",2021,"","Autoridad de Regulación y Fiscalización de Telecomunicaciones y Transportes","Refers to total traffic from all fixed-telephone networks to all mobile-cellular networks within the country"
54,"i1313wm","Fixed-to-mobile telephone traffic",,"minutes",40,"BWA","Botswana","6.0783561E7",2009,"","Botswana Telecommunications Authority","Refers to total traffic from all fixed-telephone networks to all mobile-cellular networks within the country"
54,"i1313wm","Fixed-to-mobile telephone traffic",,"minutes",40,"BWA","Botswana","9.0255892E7",2011,"","Botswana Communications Regulatory Authority (BOCRA)","Refers to total traffic from all fixed-telephone networks to all mobile-cellular networks within the country"
54,"i1313wm","Fixed-to-mobile telephone traffic",,"minutes",40,"BWA","Botswana","1.10478095E8",2012,"","Botswana Communications Regulatory Authority (BOCRA)","Refers to total traffic from all fixed-telephone networks to all mobile-cellular networks within the country"
54,"i1313wm","Fixed-to-mobile telephone traffic",,"minutes",40,"BWA","Botswana","2.144037524E9",2014,"","Botswana Communications Regulatory Authority (BOCRA)","Refers to total traffic from all fixed-telephone networks to all mobile-cellular networks within the country"
54,"i1313wm","Fixed-to-mobile telephone traffic",,"minutes",40,"BWA","Botswana","2.227977086E9",2016,"","Botswana Communications Regulatory Authority (BOCRA)","Refers to total traffic from all fixed-telephone networks to all mobile-cellular networks within the country"
54,"i1313wm","Fixed-to-mobile telephone traffic",,"minutes",40,"BWA","Botswana","7.889939301E9",2017,"","Botswana Communications Regulatory Authority (BOCRA)","Refers to total traffic from all fixed-telephone networks to all mobile-cellular networks within the country"
54,"i1313wm","Fixed-to-mobile telephone traffic",,"minutes",40,"BWA","Botswana","1.0349805782E8",2018,"","Botswana Communications Regulatory Authority","Refers to total traffic from all fixed-telephone networks to all mobile-cellular networks within the country"
54,"i1313wm","Fixed-to-mobile telephone traffic",,"minutes",40,"BWA","Botswana","1.036001014E8",2019,"","Botswana Communications Regulatory Authority (BOCRA)","Refers to total traffic from all fixed-telephone networks to all mobile-cellular networks within the country"
54,"i1313wm","Fixed-to-mobile telephone traffic",,"minutes",40,"BWA","Botswana","1.541236395E8",2020,"","Botswana Communications Regulatory Authority (BOCRA)","Refers to total traffic from all fixed-telephone networks to all mobile-cellular networks within the country"
54,"i1313wm","Fixed-to-mobile telephone traffic",,"minutes",40,"BWA","Botswana","1.03636781E8",2021,"","Botswana Communications Regulatory Authority (BOCRA)","Refers to total traffic from all fixed-telephone networks to all mobile-cellular networks within the country"
54,"i1313wm","Fixed-to-mobile telephone traffic",,"minutes",41,"BRB","Barbados","4.5359999E7",2014,"","Division of Energy & Telecommunications                ","Refers to total traffic from all fixed-telephone networks to all mobile-cellular networks within the country"
54,"i1313wm","Fixed-to-mobile telephone traffic",,"minutes",41,"BRB","Barbados","3.4805924E7",2016,"","Ministry Of Innovation Science & Smart Technology","Refers to total traffic from all fixed-telephone networks to all mobile-cellular networks within the country"
54,"i1313wm","Fixed-to-mobile telephone traffic",,"minutes",41,"BRB","Barbados","5.7424145E7",2017,"","Ministry of Innovation Science & Smart Technology","Refers to total traffic from all fixed-telephone networks to all mobile-cellular networks within the country"
54,"i1313wm","Fixed-to-mobile telephone traffic",,"minutes",41,"BRB","Barbados","5.7424145E7",2018,"","Ministry of Innovation Science & Smart Technology","Refers to total traffic from all fixed-telephone networks to all mobile-cellular networks within the country"
54,"i1313wm","Fixed-to-mobile telephone traffic",,"minutes",42,"MMR","Myanmar","7.1693387E7",2003,"","","Refers to total traffic from all fixed-telephone networks to all mobile-cellular networks within the country"
54,"i1313wm","Fixed-to-mobile telephone traffic",,"minutes",42,"MMR","Myanmar","7.412033E7",2004,"","","Refers to total traffic from all fixed-telephone networks to all mobile-cellular networks within the country"
54,"i1313wm","Fixed-to-mobile telephone traffic",,"minutes",42,"MMR","Myanmar","7.368045E7",2005,"","","Refers to total traffic from all fixed-telephone networks to all mobile-cellular networks within the country"
54,"i1313wm","Fixed-to-mobile telephone traffic",,"minutes",42,"MMR","Myanmar","1.558789174E9",2011,"","","Refers to total traffic from all fixed-telephone networks to all mobile-cellular networks within the country"
54,"i1313wm","Fixed-to-mobile telephone traffic",,"minutes",42,"MMR","Myanmar","7.14659183E8",2015,"","Posts and Telecommunications Department, Ministry of Transport and Communications ","Refers to total traffic from all fixed-telephone networks to all mobile-cellular networks within the country"
54,"i1313wm","Fixed-to-mobile telephone traffic",,"minutes",42,"MMR","Myanmar","4.52897827E8",2016,"MPT data only.","Ministry of Transport and Communications","Refers to total traffic from all fixed-telephone networks to all mobile-cellular networks within the country"
54,"i1313wm","Fixed-to-mobile telephone traffic",,"minutes",42,"MMR","Myanmar","2.49893386E8",2017,"","Ministry of Transport and Communications","Refers to total traffic from all fixed-telephone networks to all mobile-cellular networks within the country"
54,"i1313wm","Fixed-to-mobile telephone traffic",,"minutes",42,"MMR","Myanmar","2.03195928E8",2018,"","Ministry of Transport and Communications","Refers to total traffic from all fixed-telephone networks to all mobile-cellular networks within the country"
54,"i1313wm","Fixed-to-mobile telephone traffic",,"minutes",42,"MMR","Myanmar","2.60785376E8",2019,"","Posts and Telecommunications Department, Ministry of Transport and Communications ","Refers to total traffic from all fixed-telephone networks to all mobile-cellular networks within the country"
54,"i1313wm","Fixed-to-mobile telephone traffic",,"minutes",42,"MMR","Myanmar","1.97940876E8",2020,"","Posts and Telecommunications Department, Ministry of Transport and Communications ","Refers to total traffic from all fixed-telephone networks to all mobile-cellular networks within the country"
54,"i1313wm","Fixed-to-mobile telephone traffic",,"minutes",42,"MMR","Myanmar","1.40787596E8",2021,"","Posts and Telecommunications Department, Ministry of Transport and Communications ","Refers to total traffic from all fixed-telephone networks to all mobile-cellular networks within the country"
54,"i1313wm","Fixed-to-mobile telephone traffic",,"minutes",43,"BRN","Brunei Darussalam","1592481.0",2016,"","Authority for Info-communications Technology Industry of Brunei Darussalam","Refers to total traffic from all fixed-telephone networks to all mobile-cellular networks within the country"
54,"i1313wm","Fixed-to-mobile telephone traffic",,"minutes",43,"BRN","Brunei Darussalam","1277467.0",2017,"","Authority for Info-communications Technology Industry of Brunei Darussalam","Refers to total traffic from all fixed-telephone networks to all mobile-cellular networks within the country"
54,"i1313wm","Fixed-to-mobile telephone traffic",,"minutes",43,"BRN","Brunei Darussalam","1381014.0",2018,"","Authority for Info-communications Technology Industry of Brunei Darussalam","Refers to total traffic from all fixed-telephone networks to all mobile-cellular networks within the country"
54,"i1313wm","Fixed-to-mobile telephone traffic",,"minutes",44,"BTN","Bhutan","9280104.0",2004,"","","Refers to total traffic from all fixed-telephone networks to all mobile-cellular networks within the country"
54,"i1313wm","Fixed-to-mobile telephone traffic",,"minutes",44,"BTN","Bhutan","2.67832804E7",2006,"","","Refers to total traffic from all fixed-telephone networks to all mobile-cellular networks within the country"
54,"i1313wm","Fixed-to-mobile telephone traffic",,"minutes",44,"BTN","Bhutan","6382953.23",2011,"Service by Bhutan Telecom only","Ministry of Information & Communications","Refers to total traffic from all fixed-telephone networks to all mobile-cellular networks within the country"
54,"i1313wm","Fixed-to-mobile telephone traffic",,"minutes",44,"BTN","Bhutan","2.312067467E7",2013,"","Ministry of Information & Communications","Refers to total traffic from all fixed-telephone networks to all mobile-cellular networks within the country"
54,"i1313wm","Fixed-to-mobile telephone traffic",,"minutes",44,"BTN","Bhutan","1.8570031E7",2014,"","Ministry of Information & Communications","Refers to total traffic from all fixed-telephone networks to all mobile-cellular networks within the country"
54,"i1313wm","Fixed-to-mobile telephone traffic",,"minutes",44,"BTN","Bhutan","1.7301306E7",2015,"","Ministry of Information & Communications","Refers to total traffic from all fixed-telephone networks to all mobile-cellular networks within the country"
54,"i1313wm","Fixed-to-mobile telephone traffic",,"minutes",44,"BTN","Bhutan","1.6909391E7",2016,"Service provided by Bhutan Telecom only","Ministry of Information and Communications","Refers to total traffic from all fixed-telephone networks to all mobile-cellular networks within the country"
54,"i1313wm","Fixed-to-mobile telephone traffic",,"minutes",44,"BTN","Bhutan","1.802564272E7",2017,"","Ministry of Information and Communications","Refers to total traffic from all fixed-telephone networks to all mobile-cellular networks within the country"
54,"i1313wm","Fixed-to-mobile telephone traffic",,"minutes",44,"BTN","Bhutan","1.758683649E7",2018,"","Ministry of Information & Communications","Refers to total traffic from all fixed-telephone networks to all mobile-cellular networks within the country"
54,"i1313wm","Fixed-to-mobile telephone traffic",,"minutes",44,"BTN","Bhutan","1.552943725E7",2019,"","Ministry of Information & Communications","Refers to total traffic from all fixed-telephone networks to all mobile-cellular networks within the country"
54,"i1313wm","Fixed-to-mobile telephone traffic",,"minutes",44,"BTN","Bhutan","1.2972856E7",2020,"","Ministry of Information & Communications","Refers to total traffic from all fixed-telephone networks to all mobile-cellular networks within the country"
54,"i1313wm","Fixed-to-mobile telephone traffic",,"minutes",45,"BGR","Bulgaria","3.30562833E8",2002,"","","Refers to total traffic from all fixed-telephone networks to all mobile-cellular networks within the country"
54,"i1313wm","Fixed-to-mobile telephone traffic",,"minutes",45,"BGR","Bulgaria","4.64152252E8",2003,"","","Refers to total traffic from all fixed-telephone networks to all mobile-cellular networks within the country"
54,"i1313wm","Fixed-to-mobile telephone traffic",,"minutes",45,"BGR","Bulgaria","4.34825652E8",2004,"","","Refers to total traffic from all fixed-telephone networks to all mobile-cellular networks within the country"
54,"i1313wm","Fixed-to-mobile telephone traffic",,"minutes",45,"BGR","Bulgaria","3.16561658E8",2005,"","","Refers to total traffic from all fixed-telephone networks to all mobile-cellular networks within the country"
54,"i1313wm","Fixed-to-mobile telephone traffic",,"minutes",45,"BGR","Bulgaria","2.43100884E8",2006,"","","Refers to total traffic from all fixed-telephone networks to all mobile-cellular networks within the country"
54,"i1313wm","Fixed-to-mobile telephone traffic",,"minutes",45,"BGR","Bulgaria","2.87264463E8",2007,"","Communications Regulation Commission","Refers to total traffic from all fixed-telephone networks to all mobile-cellular networks within the country"
54,"i1313wm","Fixed-to-mobile telephone traffic",,"minutes",45,"BGR","Bulgaria","1.72166359E8",2008,"","Communications Regulation Commission","Refers to total traffic from all fixed-telephone networks to all mobile-cellular networks within the country"
54,"i1313wm","Fixed-to-mobile telephone traffic",,"minutes",45,"BGR","Bulgaria","1.54766301E8",2009,"","Communications Regulation Commission","Refers to total traffic from all fixed-telephone networks to all mobile-cellular networks within the country"
54,"i1313wm","Fixed-to-mobile telephone traffic",,"minutes",45,"BGR","Bulgaria","1.36326481E8",2010,"","Communications Regulation Commission","Refers to total traffic from all fixed-telephone networks to all mobile-cellular networks within the country"
54,"i1313wm","Fixed-to-mobile telephone traffic",,"minutes",45,"BGR","Bulgaria","1.30241098E8",2011,"","Communications Regulation Commission","Refers to total traffic from all fixed-telephone networks to all mobile-cellular networks within the country"
54,"i1313wm","Fixed-to-mobile telephone traffic",,"minutes",45,"BGR","Bulgaria","1.20167371E8",2012,"","Communications Regulation Commission","Refers to total traffic from all fixed-telephone networks to all mobile-cellular networks within the country"
54,"i1313wm","Fixed-to-mobile telephone traffic",,"minutes",45,"BGR","Bulgaria","9.8183009E7",2013,"","Communications Regulation Commission","Refers to total traffic from all fixed-telephone networks to all mobile-cellular networks within the country"
54,"i1313wm","Fixed-to-mobile telephone traffic",,"minutes",45,"BGR","Bulgaria","9.8545673E7",2014,"","Communications Regulation Commission","Refers to total traffic from all fixed-telephone networks to all mobile-cellular networks within the country"
54,"i1313wm","Fixed-to-mobile telephone traffic",,"minutes",45,"BGR","Bulgaria","9.3364024E7",2015,"","Communications Regulation Commission","Refers to total traffic from all fixed-telephone networks to all mobile-cellular networks within the country"
54,"i1313wm","Fixed-to-mobile telephone traffic",,"minutes",45,"BGR","Bulgaria","1.06836958E8",2016,"","Communications Regulation Commission","Refers to total traffic from all fixed-telephone networks to all mobile-cellular networks within the country"
54,"i1313wm","Fixed-to-mobile telephone traffic",,"minutes",45,"BGR","Bulgaria","1.15865848E8",2017,"","Communications Regulation Commission","Refers to total traffic from all fixed-telephone networks to all mobile-cellular networks within the country"
54,"i1313wm","Fixed-to-mobile telephone traffic",,"minutes",45,"BGR","Bulgaria","1.2223096526E8",2018,"","Communications Regulation Commission","Refers to total traffic from all fixed-telephone networks to all mobile-cellular networks within the country"
54,"i1313wm","Fixed-to-mobile telephone traffic",,"minutes",45,"BGR","Bulgaria","1.3767619784E8",2019,"","Communications Regulation Commission","Refers to total traffic from all fixed-telephone networks to all mobile-cellular networks within the country"
54,"i1313wm","Fixed-to-mobile telephone traffic",,"minutes",45,"BGR","Bulgaria","1.5626655617E8",2020,"","Communications Regulation Commission","Refers to total traffic from all fixed-telephone networks to all mobile-cellular networks within the country"
54,"i1313wm","Fixed-to-mobile telephone traffic",,"minutes",45,"BGR","Bulgaria","1.6027424989E8",2021,"","Communications Regulation Commission","Refers to total traffic from all fixed-telephone networks to all mobile-cellular networks within the country"
54,"i1313wm","Fixed-to-mobile telephone traffic",,"minutes",46,"CAF","Central African Rep.","7090974.0",2010,"","Agence de Régulation des Télécommunications (ART)","Refers to total traffic from all fixed-telephone networks to all mobile-cellular networks within the country"
54,"i1313wm","Fixed-to-mobile telephone traffic",,"minutes",46,"CAF","Central African Rep.","6921690.0",2011,"","Agence de Régulation des Télécommunications (ART)","Refers to total traffic from all fixed-telephone networks to all mobile-cellular networks within the country"
54,"i1313wm","Fixed-to-mobile telephone traffic",,"minutes",46,"CAF","Central African Rep.","2190818.0",2012,"N.B: donnée du 1er trimestre 2012","Agence de Régulation des Télécommunications (ART)","Refers to total traffic from all fixed-telephone networks to all mobile-cellular networks within the country"
54,"i1313wm","Fixed-to-mobile telephone traffic",,"minutes",46,"CAF","Central African Rep.","1552638.0",2017,"","Autorité de Régulation des Communications Electroniques et de la Poste","Refers to total traffic from all fixed-telephone networks to all mobile-cellular networks within the country"
54,"i1313wm","Fixed-to-mobile telephone traffic",,"minutes",48,"KHM","Cambodia","5.6E7",2002,"","","Refers to total traffic from all fixed-telephone networks to all mobile-cellular networks within the country"
54,"i1313wm","Fixed-to-mobile telephone traffic",,"minutes",48,"KHM","Cambodia","5.910791E7",2003,"","","Refers to total traffic from all fixed-telephone networks to all mobile-cellular networks within the country"
54,"i1313wm","Fixed-to-mobile telephone traffic",,"minutes",48,"KHM","Cambodia","4.6471916E7",2004,"","","Refers to total traffic from all fixed-telephone networks to all mobile-cellular networks within the country"
54,"i1313wm","Fixed-to-mobile telephone traffic",,"minutes",48,"KHM","Cambodia","4.8377382E7",2005,"","","Refers to total traffic from all fixed-telephone networks to all mobile-cellular networks within the country"
54,"i1313wm","Fixed-to-mobile telephone traffic",,"minutes",48,"KHM","Cambodia","1.07420294E8",2014,"","Telecommunication Regulator of Cambodia (TRC)","Refers to total traffic from all fixed-telephone networks to all mobile-cellular networks within the country"
54,"i1313wm","Fixed-to-mobile telephone traffic",,"minutes",48,"KHM","Cambodia","6.8568614E7",2015,"","Telecommunication Regulator of Cambodia (TRC)","Refers to total traffic from all fixed-telephone networks to all mobile-cellular networks within the country"
54,"i1313wm","Fixed-to-mobile telephone traffic",,"minutes",48,"KHM","Cambodia","4.6450357E7",2016,"","Telecommunication Regulator of Cambodia","Refers to total traffic from all fixed-telephone networks to all mobile-cellular networks within the country"
54,"i1313wm","Fixed-to-mobile telephone traffic",,"minutes",48,"KHM","Cambodia","3.9256016E7",2017,"","Telecommunication Regulator of Cambodia","Refers to total traffic from all fixed-telephone networks to all mobile-cellular networks within the country"
54,"i1313wm","Fixed-to-mobile telephone traffic",,"minutes",48,"KHM","Cambodia","3.0759792E7",2018,"","Telecommunication Regulator of Cambodia (TRC)","Refers to total traffic from all fixed-telephone networks to all mobile-cellular networks within the country"
54,"i1313wm","Fixed-to-mobile telephone traffic",,"minutes",48,"KHM","Cambodia","1.9321384E7",2019,"","Telecommunication Regulator of Cambodia (TRC)","Refers to total traffic from all fixed-telephone networks to all mobile-cellular networks within the country"
54,"i1313wm","Fixed-to-mobile telephone traffic",,"minutes",48,"KHM","Cambodia","1.3323395E7",2020,"","Telecommunication Regulator of Cambodia (TRC)","Refers to total traffic from all fixed-telephone networks to all mobile-cellular networks within the country"
54,"i1313wm","Fixed-to-mobile telephone traffic",,"minutes",48,"KHM","Cambodia","1.5142361E7",2021,"","Telecommunication Regulator of Cambodia (TRC)","Refers to total traffic from all fixed-telephone networks to all mobile-cellular networks within the country"
54,"i1313wm","Fixed-to-mobile telephone traffic",,"minutes",49,"CHL","Chile","1.659E9",2000,"","","Refers to total traffic from all fixed-telephone networks to all mobile-cellular networks within the country"
54,"i1313wm","Fixed-to-mobile telephone traffic",,"minutes",49,"CHL","Chile","1.753E9",2001,"","","Refers to total traffic from all fixed-telephone networks to all mobile-cellular networks within the country"
54,"i1313wm","Fixed-to-mobile telephone traffic",,"minutes",49,"CHL","Chile","1.7E9",2002,"","","Refers to total traffic from all fixed-telephone networks to all mobile-cellular networks within the country"
54,"i1313wm","Fixed-to-mobile telephone traffic",,"minutes",49,"CHL","Chile","1.497E9",2003,"","","Refers to total traffic from all fixed-telephone networks to all mobile-cellular networks within the country"
54,"i1313wm","Fixed-to-mobile telephone traffic",,"minutes",49,"CHL","Chile","1.562E9",2004,"","","Refers to total traffic from all fixed-telephone networks to all mobile-cellular networks within the country"
54,"i1313wm","Fixed-to-mobile telephone traffic",,"minutes",49,"CHL","Chile","1.69E9",2005,"","","Refers to total traffic from all fixed-telephone networks to all mobile-cellular networks within the country"
54,"i1313wm","Fixed-to-mobile telephone traffic",,"minutes",49,"CHL","Chile","1.550585462E9",2006,"","","Refers to total traffic from all fixed-telephone networks to all mobile-cellular networks within the country"
54,"i1313wm","Fixed-to-mobile telephone traffic",,"minutes",49,"CHL","Chile","1.397659186E9",2007,"","Subtel","Refers to total traffic from all fixed-telephone networks to all mobile-cellular networks within the country"
54,"i1313wm","Fixed-to-mobile telephone traffic",,"minutes",49,"CHL","Chile","1.314341023E9",2008,"","Subsecretaría de Telecomunicaciones","Refers to total traffic from all fixed-telephone networks to all mobile-cellular networks within the country"
54,"i1313wm","Fixed-to-mobile telephone traffic",,"minutes",49,"CHL","Chile","1.120207494E9",2009,"","Subsecretaría de Telecomunicaciones","Refers to total traffic from all fixed-telephone networks to all mobile-cellular networks within the country"
54,"i1313wm","Fixed-to-mobile telephone traffic",,"minutes",49,"CHL","Chile","1.036766754E9",2010,"","Subsecretaría de Telecomunicaciones","Refers to total traffic from all fixed-telephone networks to all mobile-cellular networks within the country"
54,"i1313wm","Fixed-to-mobile telephone traffic",,"minutes",49,"CHL","Chile","9.443220286E8",2011,"","Subsecretaría de Telecomunicaciones","Refers to total traffic from all fixed-telephone networks to all mobile-cellular networks within the country"
54,"i1313wm","Fixed-to-mobile telephone traffic",,"minutes",49,"CHL","Chile","8.265111448E8",2012,"","Subsecretaría de Telecomunicaciones","Refers to total traffic from all fixed-telephone networks to all mobile-cellular networks within the country"
54,"i1313wm","Fixed-to-mobile telephone traffic",,"minutes",49,"CHL","Chile","8.440445827E8",2013,"","Subsecretaría de Telecomunicaciones","Refers to total traffic from all fixed-telephone networks to all mobile-cellular networks within the country"
54,"i1313wm","Fixed-to-mobile telephone traffic",,"minutes",49,"CHL","Chile","9.736026363E8",2014,"","Subsecretaría de Telecomunicaciones","Refers to total traffic from all fixed-telephone networks to all mobile-cellular networks within the country"
54,"i1313wm","Fixed-to-mobile telephone traffic",,"minutes",49,"CHL","Chile","1.29630708E9",2015,"","Subsecretaría de Telecomunicaciones","Refers to total traffic from all fixed-telephone networks to all mobile-cellular networks within the country"
54,"i1313wm","Fixed-to-mobile telephone traffic",,"minutes",49,"CHL","Chile","1.477242661E9",2016,"","Subsecretaría de Telecomunicaciones","Refers to total traffic from all fixed-telephone networks to all mobile-cellular networks within the country"
54,"i1313wm","Fixed-to-mobile telephone traffic",,"minutes",49,"CHL","Chile","1.554908525E9",2017,"","Subsecretaría de Telecomunicaciones","Refers to total traffic from all fixed-telephone networks to all mobile-cellular networks within the country"
54,"i1313wm","Fixed-to-mobile telephone traffic",,"minutes",49,"CHL","Chile","1.360456758E9",2018,"","Subsecretaría de Telecomunicaciones","Refers to total traffic from all fixed-telephone networks to all mobile-cellular networks within the country"
54,"i1313wm","Fixed-to-mobile telephone traffic",,"minutes",49,"CHL","Chile","1.148683524E9",2019,"","Subsecretaría de Telecomunicaciones","Refers to total traffic from all fixed-telephone networks to all mobile-cellular networks within the country"
54,"i1313wm","Fixed-to-mobile telephone traffic",,"minutes",49,"CHL","Chile","1.127216818E9",2020,"","Subsecretaría de Telecomunicaciones","Refers to total traffic from all fixed-telephone networks to all mobile-cellular networks within the country"
54,"i1313wm","Fixed-to-mobile telephone traffic",,"minutes",49,"CHL","Chile","9.17873498E8",2021,"","Subsecretaría de Telecomunicaciones","Refers to total traffic from all fixed-telephone networks to all mobile-cellular networks within the country"
54,"i1313wm","Fixed-to-mobile telephone traffic",,"minutes",50,"CHN","China","2.60417E11",2007,"","Ministry of Industry and Information Technology","Refers to total traffic from all fixed-telephone networks to all mobile-cellular networks within the country"
54,"i1313wm","Fixed-to-mobile telephone traffic",,"minutes",50,"CHN","China","2.84646E11",2008,"","Ministry of Industry and Information Technology","Refers to total traffic from all fixed-telephone networks to all mobile-cellular networks within the country"
54,"i1313wm","Fixed-to-mobile telephone traffic",,"minutes",50,"CHN","China","3.04906E11",2009,"","Ministry of Industry and Information Technology","Refers to total traffic from all fixed-telephone networks to all mobile-cellular networks within the country"
54,"i1313wm","Fixed-to-mobile telephone traffic",,"minutes",50,"CHN","China","3.45392832E11",2014,"The sum of Domestic fixed-to-fixed telephone traffic(i131m) and fixed-to-mobile telephone traffic(i1313wm)","Ministry of Industry and Information Technology","Refers to total traffic from all fixed-telephone networks to all mobile-cellular networks within the country"
54,"i1313wm","Fixed-to-mobile telephone traffic",,"minutes",50,"CHN","China","2.74757624E11",2015,"The sum of Domestic fixed-to-fixed telephone traffic(i131m) and fixed-to-mobile telephone traffic(i1313wm)","Ministry of Industry and Information Technology","Refers to total traffic from all fixed-telephone networks to all mobile-cellular networks within the country"
54,"i1313wm","Fixed-to-mobile telephone traffic",,"minutes",50,"CHN","China","2.27717651E11",2016,"The sum of Domestic fixed-to-fixed telephone traffic(i131m) and fixed-to-mobile telephone traffic(i1313wm)","MIIT","Refers to total traffic from all fixed-telephone networks to all mobile-cellular networks within the country"
54,"i1313wm","Fixed-to-mobile telephone traffic",,"minutes",50,"CHN","China","1.84169031E11",2017,"The sum of Domestic fixed-to-fixed telephone traffic(i131m) and fixed-to-mobile telephone traffic(i1313wm)","MIIT","Refers to total traffic from all fixed-telephone networks to all mobile-cellular networks within the country"
54,"i1313wm","Fixed-to-mobile telephone traffic",,"minutes",50,"CHN","China","1.4811884E11",2018,"The sum of Domestic fixed-to-fixed telephone traffic(i131m) and fixed-to-mobile telephone traffic(i1313wm)","MIIT","Refers to total traffic from all fixed-telephone networks to all mobile-cellular networks within the country"
54,"i1313wm","Fixed-to-mobile telephone traffic",,"minutes",50,"CHN","China","1.20547428E11",2019,"The sum of Domestic fixed-to-fixed telephone traffic(i131m) and fixed-to-mobile telephone traffic(i1313wm)","Ministry of Industry and Information Technology","Refers to total traffic from all fixed-telephone networks to all mobile-cellular networks within the country"
54,"i1313wm","Fixed-to-mobile telephone traffic",,"minutes",50,"CHN","China","1.025953137E11",2020,"The sum of Domestic fixed-to-fixed telephone traffic(i131m) and fixed-to-mobile telephone traffic(i1313wm)","Ministry of Industry and Information Technology","Refers to total traffic from all fixed-telephone networks to all mobile-cellular networks within the country"
54,"i1313wm","Fixed-to-mobile telephone traffic",,"minutes",50,"CHN","China","9.3338805E10",2021,"The sum of Domestic fixed-to-fixed telephone traffic(i131m) and fixed-to-mobile telephone traffic(i1313wm)","Ministry of Industry and Information Technology","Refers to total traffic from all fixed-telephone networks to all mobile-cellular networks within the country"
54,"i1313wm","Fixed-to-mobile telephone traffic",,"minutes",53,"COL","Colombia","1.815051808E9",2010,"","Ministerio de Tecnologías de la Información y las Comunicaciones","Refers to total traffic from all fixed-telephone networks to all mobile-cellular networks within the country"
54,"i1313wm","Fixed-to-mobile telephone traffic",,"minutes",53,"COL","Colombia","1.589180942E9",2011,"","Ministerio de Tecnologías de la Información y las Comunicaciones","Refers to total traffic from all fixed-telephone networks to all mobile-cellular networks within the country"
54,"i1313wm","Fixed-to-mobile telephone traffic",,"minutes",53,"COL","Colombia","2.819032917E9",2012,"Source: Colombia TIC.","Ministerio de Tecnologías de la Información y las Comunicaciones","Refers to total traffic from all fixed-telephone networks to all mobile-cellular networks within the country"
54,"i1313wm","Fixed-to-mobile telephone traffic",,"minutes",53,"COL","Colombia","3.32610298E9",2013,"Source: Colombia TIC.","Ministerio de Tecnologías de la Información y las Comunicaciones","Refers to total traffic from all fixed-telephone networks to all mobile-cellular networks within the country"
54,"i1313wm","Fixed-to-mobile telephone traffic",,"minutes",53,"COL","Colombia","3.414753059E9",2014,"Source: Colombia TIC.","Ministerio de Tecnologías de la Información y las Comunicaciones","Refers to total traffic from all fixed-telephone networks to all mobile-cellular networks within the country"
54,"i1313wm","Fixed-to-mobile telephone traffic",,"minutes",53,"COL","Colombia","2.84631323E9",2015,"Source: Colombia TIC.","Ministerio de Tecnologías de la Información y las Comunicaciones","Refers to total traffic from all fixed-telephone networks to all mobile-cellular networks within the country"
54,"i1313wm","Fixed-to-mobile telephone traffic",,"minutes",53,"COL","Colombia","2.354654566E9",2016,"Source: Colombia TIC.","Ministerio de Tecnologías de la Información y las Comunicaciones","Refers to total traffic from all fixed-telephone networks to all mobile-cellular networks within the country"
54,"i1313wm","Fixed-to-mobile telephone traffic",,"minutes",53,"COL","Colombia","1.945645645E9",2017,"Source: Colombia TIC.","Ministerio TIC","Refers to total traffic from all fixed-telephone networks to all mobile-cellular networks within the country"
54,"i1313wm","Fixed-to-mobile telephone traffic",,"minutes",53,"COL","Colombia","1.90432345E9",2018,"Source: Colombia TIC.","Ministerio de Tecnologías de la Información y las Comunicaciones","Refers to total traffic from all fixed-telephone networks to all mobile-cellular networks within the country"
54,"i1313wm","Fixed-to-mobile telephone traffic",,"minutes",53,"COL","Colombia","1.942342399E9",2019,"Source: Colombia TIC.","Ministerio de Tecnologías de la Información y las Comunicaciones","Refers to total traffic from all fixed-telephone networks to all mobile-cellular networks within the country"
54,"i1313wm","Fixed-to-mobile telephone traffic",,"minutes",53,"COL","Colombia","2.432954239E9",2020,"Source: Colombia TIC.","Ministerio de Tecnologías de la Información y las Comunicaciones","Refers to total traffic from all fixed-telephone networks to all mobile-cellular networks within the country"
54,"i1313wm","Fixed-to-mobile telephone traffic",,"minutes",53,"COL","Colombia","2.612432558E9",2021,"Source: Colombia TIC.","Ministerio de Tecnologías de la Información y las Comunicaciones","Refers to total traffic from all fixed-telephone networks to all mobile-cellular networks within the country"
54,"i1313wm","Fixed-to-mobile telephone traffic",,"minutes",54,"LKA","Sri Lanka","3.5640333E7",2003,"","","Refers to total traffic from all fixed-telephone networks to all mobile-cellular networks within the country"
54,"i1313wm","Fixed-to-mobile telephone traffic",,"minutes",54,"LKA","Sri Lanka","2.243889781E9",2012,"","Telecommunications Regulatory Commission of Sri Lanka","Refers to total traffic from all fixed-telephone networks to all mobile-cellular networks within the country"
54,"i1313wm","Fixed-to-mobile telephone traffic",,"minutes",54,"LKA","Sri Lanka","2.167075979E9",2013,"","Telecommunications Regulatory Commission of Sri Lanka","Refers to total traffic from all fixed-telephone networks to all mobile-cellular networks within the country"
54,"i1313wm","Fixed-to-mobile telephone traffic",,"minutes",54,"LKA","Sri Lanka","1.43686595E9",2015,"","","Refers to total traffic from all fixed-telephone networks to all mobile-cellular networks within the country"
54,"i1313wm","Fixed-to-mobile telephone traffic",,"minutes",54,"LKA","Sri Lanka","9.22305786E8",2019,"","Telecommunications Regulatory Commission of Sri Lanka","Refers to total traffic from all fixed-telephone networks to all mobile-cellular networks within the country"
54,"i1313wm","Fixed-to-mobile telephone traffic",,"minutes",54,"LKA","Sri Lanka","1.129133141E9",2020,"","Telecommunications Regulatory Commission of Sri Lanka","Refers to total traffic from all fixed-telephone networks to all mobile-cellular networks within the country"
54,"i1313wm","Fixed-to-mobile telephone traffic",,"minutes",54,"LKA","Sri Lanka","4.48955422E8",2021,"","Telecommunications Regulatory Commission of Sri Lanka","Refers to total traffic from all fixed-telephone networks to all mobile-cellular networks within the country"
54,"i1313wm","Fixed-to-mobile telephone traffic",,"minutes",55,"CMR","Cameroon","7.7672362E7",2005,"","","Refers to total traffic from all fixed-telephone networks to all mobile-cellular networks within the country"
54,"i1313wm","Fixed-to-mobile telephone traffic",,"minutes",55,"CMR","Cameroon","3.0742452E7",2006,"","","Refers to total traffic from all fixed-telephone networks to all mobile-cellular networks within the country"
54,"i1313wm","Fixed-to-mobile telephone traffic",,"minutes",55,"CMR","Cameroon","1.19999889E8",2008,"","Agence de Régulation des Télécommunications","Refers to total traffic from all fixed-telephone networks to all mobile-cellular networks within the country"
54,"i1313wm","Fixed-to-mobile telephone traffic",,"minutes",55,"CMR","Cameroon","1.27000212E8",2009,"","Agence de Régulation des Télécommunications","Refers to total traffic from all fixed-telephone networks to all mobile-cellular networks within the country"
54,"i1313wm","Fixed-to-mobile telephone traffic",,"minutes",55,"CMR","Cameroon","1.29423134E8",2010,"","Agence de Régulation des Télécommunications","Refers to total traffic from all fixed-telephone networks to all mobile-cellular networks within the country"
54,"i1313wm","Fixed-to-mobile telephone traffic",,"minutes",55,"CMR","Cameroon","1.41181281E8",2011,"","Agence de Régulation des Télécommunications","Refers to total traffic from all fixed-telephone networks to all mobile-cellular networks within the country"
54,"i1313wm","Fixed-to-mobile telephone traffic",,"minutes",55,"CMR","Cameroon","1.74E8",2014,"","Agence de Régulation des Télécommunications","Refers to total traffic from all fixed-telephone networks to all mobile-cellular networks within the country"
54,"i1313wm","Fixed-to-mobile telephone traffic",,"minutes",55,"CMR","Cameroon","9.2E7",2015,"","Agence de Régulation des Télécommunications","Refers to total traffic from all fixed-telephone networks to all mobile-cellular networks within the country"
54,"i1313wm","Fixed-to-mobile telephone traffic",,"minutes",55,"CMR","Cameroon","1.51246628E8",2016,"","Agence de Régulation des Télécommunications  Cameroun","Refers to total traffic from all fixed-telephone networks to all mobile-cellular networks within the country"
54,"i1313wm","Fixed-to-mobile telephone traffic",,"minutes",55,"CMR","Cameroon","1.5334288E8",2017,"","Agence de Régulation des Télécommunications  Cameroun","Refers to total traffic from all fixed-telephone networks to all mobile-cellular networks within the country"
54,"i1313wm","Fixed-to-mobile telephone traffic",,"minutes",55,"CMR","Cameroon","1.18996302E8",2018,"","AGENCE DE REGULATION DES TELECOMMUNICATIONS","Refers to total traffic from all fixed-telephone networks to all mobile-cellular networks within the country"
54,"i1313wm","Fixed-to-mobile telephone traffic",,"minutes",55,"CMR","Cameroon","1.056853E8",2019,"","Agence de Régulation des Télécommunications","Refers to total traffic from all fixed-telephone networks to all mobile-cellular networks within the country"
54,"i1313wm","Fixed-to-mobile telephone traffic",,"minutes",55,"CMR","Cameroon","2.3608006E7",2020,"","Agence de Régulation des Télécommunications","Refers to total traffic from all fixed-telephone networks to all mobile-cellular networks within the country"
54,"i1313wm","Fixed-to-mobile telephone traffic",,"minutes",55,"CMR","Cameroon","8.5251215E7",2021,"","Agence de Régulation des Télécommunications","Refers to total traffic from all fixed-telephone networks to all mobile-cellular networks within the country"
54,"i1313wm","Fixed-to-mobile telephone traffic",,"minutes",58,"COM","Comoros","9999735.0",2010,"","Autorité Nationale de Régulation des TIC","Refers to total traffic from all fixed-telephone networks to all mobile-cellular networks within the country"
54,"i1313wm","Fixed-to-mobile telephone traffic",,"minutes",58,"COM","Comoros","1.0142192E7",2011,"","Autorité Nationale de Régulation des TIC","Refers to total traffic from all fixed-telephone networks to all mobile-cellular networks within the country"
54,"i1313wm","Fixed-to-mobile telephone traffic",,"minutes",58,"COM","Comoros","1.088535E7",2012,"","Autorité Nationale de Régulation des TIC","Refers to total traffic from all fixed-telephone networks to all mobile-cellular networks within the country"
54,"i1313wm","Fixed-to-mobile telephone traffic",,"minutes",58,"COM","Comoros","1.2447478E7",2015,"","Autorité Nationale de Régulation des TIC","Refers to total traffic from all fixed-telephone networks to all mobile-cellular networks within the country"
54,"i1313wm","Fixed-to-mobile telephone traffic",,"minutes",58,"COM","Comoros","7493162.0",2016,"Autorité Nationale de Régulation des TIC","ANRTIC","Refers to total traffic from all fixed-telephone networks to all mobile-cellular networks within the country"
54,"i1313wm","Fixed-to-mobile telephone traffic",,"minutes",58,"COM","Comoros","1.0756923E7",2017,"","ANRTIC","Refers to total traffic from all fixed-telephone networks to all mobile-cellular networks within the country"
54,"i1313wm","Fixed-to-mobile telephone traffic",,"minutes",58,"COM","Comoros","1.0799934E7",2018,"","ANRTIC","Refers to total traffic from all fixed-telephone networks to all mobile-cellular networks within the country"
54,"i1313wm","Fixed-to-mobile telephone traffic",,"minutes",58,"COM","Comoros","3.6555032E7",2019,"Comores Telecom a fourni   une valeur du mois de JANVIER-JUIN, il y'a eu une FMC (convergence fixe, mobile et télévision) et certains données sont effacés y'avait pas eu de sauvegardes","Autorité Nationale de Régulation des TIC","Refers to total traffic from all fixed-telephone networks to all mobile-cellular networks within the country"
54,"i1313wm","Fixed-to-mobile telephone traffic",,"minutes",59,"CPV","Cabo Verde","1.7332E7",2003,"","","Refers to total traffic from all fixed-telephone networks to all mobile-cellular networks within the country"
54,"i1313wm","Fixed-to-mobile telephone traffic",,"minutes",59,"CPV","Cabo Verde","1.8356459E7",2004,"","","Refers to total traffic from all fixed-telephone networks to all mobile-cellular networks within the country"
54,"i1313wm","Fixed-to-mobile telephone traffic",,"minutes",59,"CPV","Cabo Verde","2.141945E7",2005,"","","Refers to total traffic from all fixed-telephone networks to all mobile-cellular networks within the country"
54,"i1313wm","Fixed-to-mobile telephone traffic",,"minutes",59,"CPV","Cabo Verde","2.6906064E7",2006,"","","Refers to total traffic from all fixed-telephone networks to all mobile-cellular networks within the country"
54,"i1313wm","Fixed-to-mobile telephone traffic",,"minutes",59,"CPV","Cabo Verde","2.6106746E7",2008,"","ANAC - Agência Nacional das Comunicações","Refers to total traffic from all fixed-telephone networks to all mobile-cellular networks within the country"
54,"i1313wm","Fixed-to-mobile telephone traffic",,"minutes",59,"CPV","Cabo Verde","2.2775859E7",2009,"","ANAC - Agência Nacional das Comunicações","Refers to total traffic from all fixed-telephone networks to all mobile-cellular networks within the country"
54,"i1313wm","Fixed-to-mobile telephone traffic",,"minutes",59,"CPV","Cabo Verde","2.2022193E7",2010,"","Agencia Nacional das Comunicaçoes","Refers to total traffic from all fixed-telephone networks to all mobile-cellular networks within the country"
54,"i1313wm","Fixed-to-mobile telephone traffic",,"minutes",59,"CPV","Cabo Verde","2.3049748E7",2011,"","Agencia Nacional das Comunicaçoes","Refers to total traffic from all fixed-telephone networks to all mobile-cellular networks within the country"
54,"i1313wm","Fixed-to-mobile telephone traffic",,"minutes",59,"CPV","Cabo Verde","1.9185908E7",2012,"","Agencia Nacional das Comunicaçoes","Refers to total traffic from all fixed-telephone networks to all mobile-cellular networks within the country"
54,"i1313wm","Fixed-to-mobile telephone traffic",,"minutes",59,"CPV","Cabo Verde","1.5549923E7",2014,"","Agencia Nacional das Comunicaçoes","Refers to total traffic from all fixed-telephone networks to all mobile-cellular networks within the country"
54,"i1313wm","Fixed-to-mobile telephone traffic",,"minutes",59,"CPV","Cabo Verde","1.3434647E7",2015,"","Agencia Nacional das Comunicaçoes","Refers to total traffic from all fixed-telephone networks to all mobile-cellular networks within the country"
54,"i1313wm","Fixed-to-mobile telephone traffic",,"minutes",59,"CPV","Cabo Verde","1.1872608E7",2016,"","Agência Reguladora Multissetorial da Economia - ARME","Refers to total traffic from all fixed-telephone networks to all mobile-cellular networks within the country"
54,"i1313wm","Fixed-to-mobile telephone traffic",,"minutes",59,"CPV","Cabo Verde","1.0251122E7",2017,"","Agência Reguladora Multissectorial da Economia","Refers to total traffic from all fixed-telephone networks to all mobile-cellular networks within the country"
54,"i1313wm","Fixed-to-mobile telephone traffic",,"minutes",59,"CPV","Cabo Verde","1.3221436E7",2018,"","Agência Reguladora Multissetorial da Economia","Refers to total traffic from all fixed-telephone networks to all mobile-cellular networks within the country"
54,"i1313wm","Fixed-to-mobile telephone traffic",,"minutes",59,"CPV","Cabo Verde","6468869.0",2019,"","Agência de Regulação Multissetorial da Economia - ARME","Refers to total traffic from all fixed-telephone networks to all mobile-cellular networks within the country"
54,"i1313wm","Fixed-to-mobile telephone traffic",,"minutes",59,"CPV","Cabo Verde","5118779.0",2020,"","Agência de Regulação Multissetorial da Economia - ARME","Refers to total traffic from all fixed-telephone networks to all mobile-cellular networks within the country"
54,"i1313wm","Fixed-to-mobile telephone traffic",,"minutes",59,"CPV","Cabo Verde","4597823.0",2021,"","Agência de Regulação Multissetorial da Economia - ARME","Refers to total traffic from all fixed-telephone networks to all mobile-cellular networks within the country"
54,"i1313wm","Fixed-to-mobile telephone traffic",,"minutes",61,"CIV","Côte d'Ivoire","1.93382386E8",2009,"","Agence des Télécommunications de Côte d'Ivoire (ATCI)","Refers to total traffic from all fixed-telephone networks to all mobile-cellular networks within the country"
54,"i1313wm","Fixed-to-mobile telephone traffic",,"minutes",61,"CIV","Côte d'Ivoire","1.76277552E8",2010,"","Agence des Télécommunications de Côte d'Ivoire (ATCI)","Refers to total traffic from all fixed-telephone networks to all mobile-cellular networks within the country"
54,"i1313wm","Fixed-to-mobile telephone traffic",,"minutes",61,"CIV","Côte d'Ivoire","1.86272363E8",2011,"","Agence des Télécommunications de Côte d'Ivoire (ATCI)","Refers to total traffic from all fixed-telephone networks to all mobile-cellular networks within the country"
54,"i1313wm","Fixed-to-mobile telephone traffic",,"minutes",61,"CIV","Côte d'Ivoire","1.59827062E8",2012,"","Agence des Télécommunications de Côte d'Ivoire (ATCI)","Refers to total traffic from all fixed-telephone networks to all mobile-cellular networks within the country"
54,"i1313wm","Fixed-to-mobile telephone traffic",,"minutes",61,"CIV","Côte d'Ivoire","1.33486541E8",2013,"","Autorité de Régulation des Télécommunications/TIC","Refers to total traffic from all fixed-telephone networks to all mobile-cellular networks within the country"
54,"i1313wm","Fixed-to-mobile telephone traffic",,"minutes",61,"CIV","Côte d'Ivoire","1.04177512E8",2014,"","Autorité de Régulation des Télécommunications/TIC","Refers to total traffic from all fixed-telephone networks to all mobile-cellular networks within the country"
54,"i1313wm","Fixed-to-mobile telephone traffic",,"minutes",61,"CIV","Côte d'Ivoire","9.7840729E7",2015,"","Autorité de Régulation des Télécommunications/TIC","Refers to total traffic from all fixed-telephone networks to all mobile-cellular networks within the country"
54,"i1313wm","Fixed-to-mobile telephone traffic",,"minutes",61,"CIV","Côte d'Ivoire","9.74234E7",2016,"","ARTCI","Refers to total traffic from all fixed-telephone networks to all mobile-cellular networks within the country"
54,"i1313wm","Fixed-to-mobile telephone traffic",,"minutes",61,"CIV","Côte d'Ivoire","1.01143656E8",2017,"","ARTCI","Refers to total traffic from all fixed-telephone networks to all mobile-cellular networks within the country"
54,"i1313wm","Fixed-to-mobile telephone traffic",,"minutes",61,"CIV","Côte d'Ivoire","9.1102605E7",2018,"","ARTCI","Refers to total traffic from all fixed-telephone networks to all mobile-cellular networks within the country"
54,"i1313wm","Fixed-to-mobile telephone traffic",,"minutes",61,"CIV","Côte d'Ivoire","7.3335826E7",2019,"","ARTCI","Refers to total traffic from all fixed-telephone networks to all mobile-cellular networks within the country"
54,"i1313wm","Fixed-to-mobile telephone traffic",,"minutes",61,"CIV","Côte d'Ivoire","5.7012925E7",2020,"","ARTCI","Refers to total traffic from all fixed-telephone networks to all mobile-cellular networks within the country"
54,"i1313wm","Fixed-to-mobile telephone traffic",,"minutes",61,"CIV","Côte d'Ivoire","5.6825623E7",2021,"","ARTCI","Refers to total traffic from all fixed-telephone networks to all mobile-cellular networks within the country"
54,"i1313wm","Fixed-to-mobile telephone traffic",,"minutes",62,"CRI","Costa Rica","3.30796346E8",2000,"","Instituto Costarricense de Electricidad (ICE).","Refers to total traffic from all fixed-telephone networks to all mobile-cellular networks within the country"
54,"i1313wm","Fixed-to-mobile telephone traffic",,"minutes",62,"CRI","Costa Rica","4.28422926E8",2001,"","Instituto Costarricense de Electricidad (ICE).","Refers to total traffic from all fixed-telephone networks to all mobile-cellular networks within the country"
54,"i1313wm","Fixed-to-mobile telephone traffic",,"minutes",62,"CRI","Costa Rica","6.3399425E8",2002,"","Instituto Costarricense de Electricidad (ICE).","Refers to total traffic from all fixed-telephone networks to all mobile-cellular networks within the country"
54,"i1313wm","Fixed-to-mobile telephone traffic",,"minutes",62,"CRI","Costa Rica","1.141294417E9",2004,"","Instituto Costarricense de Electricidad (ICE).","Refers to total traffic from all fixed-telephone networks to all mobile-cellular networks within the country"
54,"i1313wm","Fixed-to-mobile telephone traffic",,"minutes",62,"CRI","Costa Rica","1.240215252E9",2005,"","Instituto Costarricense de Electricidad (ICE).","Refers to total traffic from all fixed-telephone networks to all mobile-cellular networks within the country"
54,"i1313wm","Fixed-to-mobile telephone traffic",,"minutes",62,"CRI","Costa Rica","1.530072738E9",2006,"","Instituto Costarricense de Electricidad (ICE).","Refers to total traffic from all fixed-telephone networks to all mobile-cellular networks within the country"
54,"i1313wm","Fixed-to-mobile telephone traffic",,"minutes",62,"CRI","Costa Rica","1.53640071E9",2009,"","ICE-Telecomunicaciones","Refers to total traffic from all fixed-telephone networks to all mobile-cellular networks within the country"
54,"i1313wm","Fixed-to-mobile telephone traffic",,"minutes",62,"CRI","Costa Rica","1.795322069E9",2011,"Includes fixed and mobile telephony.","Superintendencia de Telecomunicaciones","Refers to total traffic from all fixed-telephone networks to all mobile-cellular networks within the country"
54,"i1313wm","Fixed-to-mobile telephone traffic",,"minutes",62,"CRI","Costa Rica","1.819961617E9",2012,"Includes fixed and mobile telephony.","Superintendencia de Telecomunicaciones","Refers to total traffic from all fixed-telephone networks to all mobile-cellular networks within the country"
54,"i1313wm","Fixed-to-mobile telephone traffic",,"minutes",62,"CRI","Costa Rica","1.35361602908E9",2014,"","Superintendencia de Telecomunicaciones","Refers to total traffic from all fixed-telephone networks to all mobile-cellular networks within the country"
54,"i1313wm","Fixed-to-mobile telephone traffic",,"minutes",62,"CRI","Costa Rica","1.342443557E9",2015,"","Superintendencia de Telecomunicaciones","Refers to total traffic from all fixed-telephone networks to all mobile-cellular networks within the country"
54,"i1313wm","Fixed-to-mobile telephone traffic",,"minutes",62,"CRI","Costa Rica","1.207463794E9",2016,"","Superintendencia de Telecomunicaciones","Refers to total traffic from all fixed-telephone networks to all mobile-cellular networks within the country"
54,"i1313wm","Fixed-to-mobile telephone traffic",,"minutes",62,"CRI","Costa Rica","1.141019195E9",2017,"","Superintendencia de Telecomunicaciones","Refers to total traffic from all fixed-telephone networks to all mobile-cellular networks within the country"
54,"i1313wm","Fixed-to-mobile telephone traffic",,"minutes",62,"CRI","Costa Rica","1.044754574E9",2018,"","Superintendencia de Telecomunicaciones","Refers to total traffic from all fixed-telephone networks to all mobile-cellular networks within the country"
54,"i1313wm","Fixed-to-mobile telephone traffic",,"minutes",62,"CRI","Costa Rica","8.59247912E8",2019,"","Superintendencia de Telecomunicaciones","Refers to total traffic from all fixed-telephone networks to all mobile-cellular networks within the country"
54,"i1313wm","Fixed-to-mobile telephone traffic",,"minutes",62,"CRI","Costa Rica","7.76603004E8",2020,"","Superintendencia de Telecomunicaciones","Refers to total traffic from all fixed-telephone networks to all mobile-cellular networks within the country"
54,"i1313wm","Fixed-to-mobile telephone traffic",,"minutes",62,"CRI","Costa Rica","6.60119094E8",2021,"","Superintendencia de Telecomunicaciones","Refers to total traffic from all fixed-telephone networks to all mobile-cellular networks within the country"
54,"i1313wm","Fixed-to-mobile telephone traffic",,"minutes",63,"CUB","Cuba","3.7183155E8",2016,"","Ministerio de Comunicaciones","Refers to total traffic from all fixed-telephone networks to all mobile-cellular networks within the country"
54,"i1313wm","Fixed-to-mobile telephone traffic",,"minutes",63,"CUB","Cuba","3.34210246E8",2017,"","Ministerio de Comunicaciones","Refers to total traffic from all fixed-telephone networks to all mobile-cellular networks within the country"
54,"i1313wm","Fixed-to-mobile telephone traffic",,"minutes",63,"CUB","Cuba","8.1021104E8",2018,"","Ministerio de Comunicaciones","Refers to total traffic from all fixed-telephone networks to all mobile-cellular networks within the country"
54,"i1313wm","Fixed-to-mobile telephone traffic",,"minutes",63,"CUB","Cuba","1.15510514E9",2019,"","Ministerio de Comunicaciones","Refers to total traffic from all fixed-telephone networks to all mobile-cellular networks within the country"
54,"i1313wm","Fixed-to-mobile telephone traffic",,"minutes",63,"CUB","Cuba","1.591587578E9",2020,"","Ministerio de Comunicaciones","Refers to total traffic from all fixed-telephone networks to all mobile-cellular networks within the country"
54,"i1313wm","Fixed-to-mobile telephone traffic",,"minutes",63,"CUB","Cuba","1.853176538E9",2021,"","Ministerio de Comunicaciones","Refers to total traffic from all fixed-telephone networks to all mobile-cellular networks within the country"
54,"i1313wm","Fixed-to-mobile telephone traffic",,"minutes",66,"CYP","Cyprus","3.68616501E8",2000,"","","Refers to total traffic from all fixed-telephone networks to all mobile-cellular networks within the country"
54,"i1313wm","Fixed-to-mobile telephone traffic",,"minutes",66,"CYP","Cyprus","4.6681738E8",2001,"","","Refers to total traffic from all fixed-telephone networks to all mobile-cellular networks within the country"
54,"i1313wm","Fixed-to-mobile telephone traffic",,"minutes",66,"CYP","Cyprus","5.70279011E8",2002,"","","Refers to total traffic from all fixed-telephone networks to all mobile-cellular networks within the country"
54,"i1313wm","Fixed-to-mobile telephone traffic",,"minutes",66,"CYP","Cyprus","6.62779289E8",2003,"","","Refers to total traffic from all fixed-telephone networks to all mobile-cellular networks within the country"
54,"i1313wm","Fixed-to-mobile telephone traffic",,"minutes",66,"CYP","Cyprus","5.47040022E8",2006,"","","Refers to total traffic from all fixed-telephone networks to all mobile-cellular networks within the country"
54,"i1313wm","Fixed-to-mobile telephone traffic",,"minutes",66,"CYP","Cyprus","5.27900709E8",2007,"","Office of the Commissioner for Electronic Communications and Postal Regulation ","Refers to total traffic from all fixed-telephone networks to all mobile-cellular networks within the country"
54,"i1313wm","Fixed-to-mobile telephone traffic",,"minutes",66,"CYP","Cyprus","5.03778E8",2008,"","Office of the Commissioner for Electronic Communications and Postal Regulation ","Refers to total traffic from all fixed-telephone networks to all mobile-cellular networks within the country"
54,"i1313wm","Fixed-to-mobile telephone traffic",,"minutes",66,"CYP","Cyprus","4.83695E8",2009,"","Office of the Commissioner for Electronic Communications and Postal Regulation ","Refers to total traffic from all fixed-telephone networks to all mobile-cellular networks within the country"
54,"i1313wm","Fixed-to-mobile telephone traffic",,"minutes",66,"CYP","Cyprus","4.70763E8",2010,"","Office of the Commissioner for Electronic Communications and Postal Regulation ","Refers to total traffic from all fixed-telephone networks to all mobile-cellular networks within the country"
54,"i1313wm","Fixed-to-mobile telephone traffic",,"minutes",66,"CYP","Cyprus","4.57041E8",2011,"","Office of the Commissioner for Electronic Communications and Postal Regulation ","Refers to total traffic from all fixed-telephone networks to all mobile-cellular networks within the country"
54,"i1313wm","Fixed-to-mobile telephone traffic",,"minutes",66,"CYP","Cyprus","4.28854E8",2012,"","Office of the Commissioner for Electronic Communications and Postal Regulation ","Refers to total traffic from all fixed-telephone networks to all mobile-cellular networks within the country"
54,"i1313wm","Fixed-to-mobile telephone traffic",,"minutes",66,"CYP","Cyprus","3.91287E8",2013,"","Office of the Commissioner for Electronic Communications and Postal Regulation ","Refers to total traffic from all fixed-telephone networks to all mobile-cellular networks within the country"
54,"i1313wm","Fixed-to-mobile telephone traffic",,"minutes",66,"CYP","Cyprus","3.25145E8",2014,"","Office of the Commissioner for Electronic Communications and Postal Regulation ","Refers to total traffic from all fixed-telephone networks to all mobile-cellular networks within the country"
54,"i1313wm","Fixed-to-mobile telephone traffic",,"minutes",66,"CYP","Cyprus","2.65447E8",2015,"","Office of the Commissioner for Electronic Communications and Postal Regulation ","Refers to total traffic from all fixed-telephone networks to all mobile-cellular networks within the country"
54,"i1313wm","Fixed-to-mobile telephone traffic",,"minutes",66,"CYP","Cyprus","2.3819E8",2016,"","Office of the Commissioner for Electronic Communications and Postal Regulation","Refers to total traffic from all fixed-telephone networks to all mobile-cellular networks within the country"
54,"i1313wm","Fixed-to-mobile telephone traffic",,"minutes",66,"CYP","Cyprus","2.50857E8",2017,"","Office of the Commissioner for Electronic Communications and Postal Regulation","Refers to total traffic from all fixed-telephone networks to all mobile-cellular networks within the country"
54,"i1313wm","Fixed-to-mobile telephone traffic",,"minutes",66,"CYP","Cyprus","2.28681E8",2018,"","Office of the Commissioner of Electronic Communications and Postal Regulation","Refers to total traffic from all fixed-telephone networks to all mobile-cellular networks within the country"
54,"i1313wm","Fixed-to-mobile telephone traffic",,"minutes",66,"CYP","Cyprus","2.25906E8",2019,"","Office of the Commissioner for Electronic Communications and Postal Regulation ","Refers to total traffic from all fixed-telephone networks to all mobile-cellular networks within the country"
54,"i1313wm","Fixed-to-mobile telephone traffic",,"minutes",66,"CYP","Cyprus","2.34816E8",2020,"","Office of the Commissioner for Electronic Communications and Postal Regulation ","Refers to total traffic from all fixed-telephone networks to all mobile-cellular networks within the country"
54,"i1313wm","Fixed-to-mobile telephone traffic",,"minutes",66,"CYP","Cyprus","2.33102E8",2021,"","Office of the Commissioner for Electronic Communications and Postal Regulation ","Refers to total traffic from all fixed-telephone networks to all mobile-cellular networks within the country"
54,"i1313wm","Fixed-to-mobile telephone traffic",,"minutes",67,"DEU","Germany","1.0756E10",2000,"","","Refers to total traffic from all fixed-telephone networks to all mobile-cellular networks within the country"
54,"i1313wm","Fixed-to-mobile telephone traffic",,"minutes",67,"DEU","Germany","1.1874E10",2001,"","","Refers to total traffic from all fixed-telephone networks to all mobile-cellular networks within the country"
54,"i1313wm","Fixed-to-mobile telephone traffic",,"minutes",67,"DEU","Germany","1.3354E10",2002,"","","Refers to total traffic from all fixed-telephone networks to all mobile-cellular networks within the country"
54,"i1313wm","Fixed-to-mobile telephone traffic",,"minutes",67,"DEU","Germany","1.425E10",2003,"","","Refers to total traffic from all fixed-telephone networks to all mobile-cellular networks within the country"
54,"i1313wm","Fixed-to-mobile telephone traffic",,"minutes",67,"DEU","Germany","1.48E10",2005,"","","Refers to total traffic from all fixed-telephone networks to all mobile-cellular networks within the country"
54,"i1313wm","Fixed-to-mobile telephone traffic",,"minutes",67,"DEU","Germany","1.0904598717E10",2011,"Including VoIP","Bundesnetzagentur (BNetzA) / Federal Network Agency","Refers to total traffic from all fixed-telephone networks to all mobile-cellular networks within the country"
54,"i1313wm","Fixed-to-mobile telephone traffic",,"minutes",67,"DEU","Germany","1.0685955563E10",2012,"Including VoIP","Bundesnetzagentur (BNetzA) / Federal Network Agency","Refers to total traffic from all fixed-telephone networks to all mobile-cellular networks within the country"
54,"i1313wm","Fixed-to-mobile telephone traffic",,"minutes",67,"DEU","Germany","1.0447640819E10",2013,"Including VoIP. Data based on estimates.","Bundesnetzagentur (BNetzA) / Federal Network Agency","Refers to total traffic from all fixed-telephone networks to all mobile-cellular networks within the country"
54,"i1313wm","Fixed-to-mobile telephone traffic",,"minutes",67,"DEU","Germany","9.9E9",2014,"Including VoIP. Data based on estimates.","Bundesnetzagentur (BNetzA) / Federal Network Agency","Refers to total traffic from all fixed-telephone networks to all mobile-cellular networks within the country"
54,"i1313wm","Fixed-to-mobile telephone traffic",,"minutes",67,"DEU","Germany","9.8E9",2015,"Including VoIP. Data based on estimates.","Bundesnetzagentur (BNetzA) / Federal Network Agency","Refers to total traffic from all fixed-telephone networks to all mobile-cellular networks within the country"
54,"i1313wm","Fixed-to-mobile telephone traffic",,"minutes",67,"DEU","Germany","1.0E10",2016,"Including VoIP. Data based on estimates.","Bundesnetzagentur für Elektrizität, Gas, Telekommunikation, Post und Eisenbahnen","Refers to total traffic from all fixed-telephone networks to all mobile-cellular networks within the country"
54,"i1313wm","Fixed-to-mobile telephone traffic",,"minutes",67,"DEU","Germany","9.0E9",2017,"Including VoIP. Data based on estimates.","Bundesnetzagentur für Elektrizität, Gas, Telekommunikation, Post und Eisenbahnen","Refers to total traffic from all fixed-telephone networks to all mobile-cellular networks within the country"
54,"i1313wm","Fixed-to-mobile telephone traffic",,"minutes",67,"DEU","Germany","8.0E9",2018,"Including VoIP. Data based on estimates.","Bundesnetzagentur für Elektrizität, Gas, Telekommunikation, Post und Eisenbahnen","Refers to total traffic from all fixed-telephone networks to all mobile-cellular networks within the country"
54,"i1313wm","Fixed-to-mobile telephone traffic",,"minutes",67,"DEU","Germany","8.0E9",2019,"Including VoIP. Data based on estimates.","Bundesnetzagentur (BNetzA) / Federal Network Agency","Refers to total traffic from all fixed-telephone networks to all mobile-cellular networks within the country"
54,"i1313wm","Fixed-to-mobile telephone traffic",,"minutes",67,"DEU","Germany","1.0E10",2020,"Including VoIP. Data based on estimates.","Bundesnetzagentur (BNetzA) / Federal Network Agency","Refers to total traffic from all fixed-telephone networks to all mobile-cellular networks within the country"
54,"i1313wm","Fixed-to-mobile telephone traffic",,"minutes",67,"DEU","Germany","1.2E10",2021,"Including VoIP. Data based on estimates.","Bundesnetzagentur (BNetzA) / Federal Network Agency","Refers to total traffic from all fixed-telephone networks to all mobile-cellular networks within the country"
54,"i1313wm","Fixed-to-mobile telephone traffic",,"minutes",69,"DJI","Djibouti","3.0088362E7",2002,"","","Refers to total traffic from all fixed-telephone networks to all mobile-cellular networks within the country"
54,"i1313wm","Fixed-to-mobile telephone traffic",,"minutes",69,"DJI","Djibouti","8.4608506E7",2009,"","Ministére de la Communication et de la Culture, chargé des Postes et des Télécommunications","Refers to total traffic from all fixed-telephone networks to all mobile-cellular networks within the country"
54,"i1313wm","Fixed-to-mobile telephone traffic",,"minutes",69,"DJI","Djibouti","10072.0",2017,"","Ministère de la Communication chargé des Postes et des Télécommunications","Refers to total traffic from all fixed-telephone networks to all mobile-cellular networks within the country"
54,"i1313wm","Fixed-to-mobile telephone traffic",,"minutes",70,"DMA","Dominica","4075000.0",2010,"","National Telecommunications Regulatory Commission","Refers to total traffic from all fixed-telephone networks to all mobile-cellular networks within the country"
54,"i1313wm","Fixed-to-mobile telephone traffic",,"minutes",70,"DMA","Dominica","3927002.5",2015,"","National Telecommunications Regulatory Commission","Refers to total traffic from all fixed-telephone networks to all mobile-cellular networks within the country"
54,"i1313wm","Fixed-to-mobile telephone traffic",,"minutes",70,"DMA","Dominica","4126823.84",2016,"","National Telecommunications Regulatory Commission","Refers to total traffic from all fixed-telephone networks to all mobile-cellular networks within the country"
54,"i1313wm","Fixed-to-mobile telephone traffic",,"minutes",70,"DMA","Dominica","4611894.0",2017,"","National Telecommunications Regulatory Commission","Refers to total traffic from all fixed-telephone networks to all mobile-cellular networks within the country"
54,"i1313wm","Fixed-to-mobile telephone traffic",,"minutes",72,"DOM","Dominican Rep.","4.89600404E8",2009,"","Instituto Dominicano de las Telecomunicaciones (INDOTEL)","Refers to total traffic from all fixed-telephone networks to all mobile-cellular networks within the country"
54,"i1313wm","Fixed-to-mobile telephone traffic",,"minutes",72,"DOM","Dominican Rep.","4.41026502E8",2010,"","Instituto Dominicano de las Telecomunicaciones (INDOTEL)","Refers to total traffic from all fixed-telephone networks to all mobile-cellular networks within the country"
54,"i1313wm","Fixed-to-mobile telephone traffic",,"minutes",72,"DOM","Dominican Rep.","1.00910225E8",2011,"","","Refers to total traffic from all fixed-telephone networks to all mobile-cellular networks within the country"
54,"i1313wm","Fixed-to-mobile telephone traffic",,"minutes",72,"DOM","Dominican Rep.","9.778519275E7",2012,"","","Refers to total traffic from all fixed-telephone networks to all mobile-cellular networks within the country"
54,"i1313wm","Fixed-to-mobile telephone traffic",,"minutes",72,"DOM","Dominican Rep.","3.87351656E8",2013,"","","Refers to total traffic from all fixed-telephone networks to all mobile-cellular networks within the country"
54,"i1313wm","Fixed-to-mobile telephone traffic",,"minutes",72,"DOM","Dominican Rep.","3.93793966E8",2014,"","Instituto Dominicano de las Telecomunicaciones (INDOTEL)","Refers to total traffic from all fixed-telephone networks to all mobile-cellular networks within the country"
54,"i1313wm","Fixed-to-mobile telephone traffic",,"minutes",72,"DOM","Dominican Rep.","3.79619022E8",2015,"","Instituto Dominicano de las Telecomunicaciones (INDOTEL)","Refers to total traffic from all fixed-telephone networks to all mobile-cellular networks within the country"
54,"i1313wm","Fixed-to-mobile telephone traffic",,"minutes",72,"DOM","Dominican Rep.","2.83098045E8",2016,"","INSTITUTO DOMINICANO DE LAS TELECOMUNICACIONES","Refers to total traffic from all fixed-telephone networks to all mobile-cellular networks within the country"
54,"i1313wm","Fixed-to-mobile telephone traffic",,"minutes",72,"DOM","Dominican Rep.","2.94953885E8",2017,"","INSTITUTO DOMINICANO DE LAS TELECOMUNICACIONES","Refers to total traffic from all fixed-telephone networks to all mobile-cellular networks within the country"
54,"i1313wm","Fixed-to-mobile telephone traffic",,"minutes",72,"DOM","Dominican Rep.","3.73749562E8",2018,"","INSTITUTO DOMINICANO DE LAS TELECOMUNICACIONES (INDOTEL)","Refers to total traffic from all fixed-telephone networks to all mobile-cellular networks within the country"
54,"i1313wm","Fixed-to-mobile telephone traffic",,"minutes",72,"DOM","Dominican Rep.","3.5688575974E8",2019,"","Instituto Dominicano de las Telecomunicaciones (INDOTEL)","Refers to total traffic from all fixed-telephone networks to all mobile-cellular networks within the country"
54,"i1313wm","Fixed-to-mobile telephone traffic",,"minutes",72,"DOM","Dominican Rep.","3.3665933659E8",2020,"","Instituto Dominicano de las Telecomunicaciones (INDOTEL)","Refers to total traffic from all fixed-telephone networks to all mobile-cellular networks within the country"
54,"i1313wm","Fixed-to-mobile telephone traffic",,"minutes",72,"DOM","Dominican Rep.","3.1643291344E8",2021,"","Instituto Dominicano de las Telecomunicaciones (INDOTEL)","Refers to total traffic from all fixed-telephone networks to all mobile-cellular networks within the country"
54,"i1313wm","Fixed-to-mobile telephone traffic",,"minutes",73,"ESP","Spain","5.854E9",2000,"","","Refers to total traffic from all fixed-telephone networks to all mobile-cellular networks within the country"
54,"i1313wm","Fixed-to-mobile telephone traffic",,"minutes",73,"ESP","Spain","6.856E9",2001,"","","Refers to total traffic from all fixed-telephone networks to all mobile-cellular networks within the country"
54,"i1313wm","Fixed-to-mobile telephone traffic",,"minutes",73,"ESP","Spain","7.564E9",2002,"","","Refers to total traffic from all fixed-telephone networks to all mobile-cellular networks within the country"
54,"i1313wm","Fixed-to-mobile telephone traffic",,"minutes",73,"ESP","Spain","8.454E9",2003,"","","Refers to total traffic from all fixed-telephone networks to all mobile-cellular networks within the country"
54,"i1313wm","Fixed-to-mobile telephone traffic",,"minutes",73,"ESP","Spain","8.697E9",2004,"","","Refers to total traffic from all fixed-telephone networks to all mobile-cellular networks within the country"
54,"i1313wm","Fixed-to-mobile telephone traffic",,"minutes",73,"ESP","Spain","8.898E9",2005,"","","Refers to total traffic from all fixed-telephone networks to all mobile-cellular networks within the country"
54,"i1313wm","Fixed-to-mobile telephone traffic",,"minutes",73,"ESP","Spain","7.71003E9",2006,"","","Refers to total traffic from all fixed-telephone networks to all mobile-cellular networks within the country"
54,"i1313wm","Fixed-to-mobile telephone traffic",,"minutes",73,"ESP","Spain","7.36664E9",2007,"","Comisión del Mercado de las Telecomunicaciones","Refers to total traffic from all fixed-telephone networks to all mobile-cellular networks within the country"
54,"i1313wm","Fixed-to-mobile telephone traffic",,"minutes",73,"ESP","Spain","6.68250636E9",2008,"","Comisión del Mercado de las Telecomunicaciones","Refers to total traffic from all fixed-telephone networks to all mobile-cellular networks within the country"
54,"i1313wm","Fixed-to-mobile telephone traffic",,"minutes",73,"ESP","Spain","5.98656505E9",2009,"","Comisión del Mercado de las Telecomunicaciones","Refers to total traffic from all fixed-telephone networks to all mobile-cellular networks within the country"
54,"i1313wm","Fixed-to-mobile telephone traffic",,"minutes",73,"ESP","Spain","5.53485E9",2010,"","Comisión del Mercado de las Telecomunicaciones","Refers to total traffic from all fixed-telephone networks to all mobile-cellular networks within the country"
54,"i1313wm","Fixed-to-mobile telephone traffic",,"minutes",73,"ESP","Spain","5.63107E9",2011,"","Comisión del Mercado de las Telecomunicaciones","Refers to total traffic from all fixed-telephone networks to all mobile-cellular networks within the country"
54,"i1313wm","Fixed-to-mobile telephone traffic",,"minutes",73,"ESP","Spain","5.32189E9",2012,"","Comisión del Mercado de las Telecomunicaciones","Refers to total traffic from all fixed-telephone networks to all mobile-cellular networks within the country"
54,"i1313wm","Fixed-to-mobile telephone traffic",,"minutes",73,"ESP","Spain","4.88076E9",2013,"","Comisión Nacional de los Mercados y la Competencia","Refers to total traffic from all fixed-telephone networks to all mobile-cellular networks within the country"
54,"i1313wm","Fixed-to-mobile telephone traffic",,"minutes",73,"ESP","Spain","4.33667664E9",2014,"","Comisión Nacional de los Mercados y la Competencia","Refers to total traffic from all fixed-telephone networks to all mobile-cellular networks within the country"
54,"i1313wm","Fixed-to-mobile telephone traffic",,"minutes",73,"ESP","Spain","3.96815123E9",2015,"","Comisión Nacional de los Mercados y la Competencia","Refers to total traffic from all fixed-telephone networks to all mobile-cellular networks within the country"
54,"i1313wm","Fixed-to-mobile telephone traffic",,"minutes",73,"ESP","Spain","3.62724889693E9",2016,"","Comisión Nacional de los Mercados y la Competencia","Refers to total traffic from all fixed-telephone networks to all mobile-cellular networks within the country"
54,"i1313wm","Fixed-to-mobile telephone traffic",,"minutes",73,"ESP","Spain","3.78813333418E9",2017,"","Comisión Nacional de los Mercados y la Competencia","Refers to total traffic from all fixed-telephone networks to all mobile-cellular networks within the country"
54,"i1313wm","Fixed-to-mobile telephone traffic",,"minutes",73,"ESP","Spain","3.90959815771E9",2018,"","CNMC","Refers to total traffic from all fixed-telephone networks to all mobile-cellular networks within the country"
54,"i1313wm","Fixed-to-mobile telephone traffic",,"minutes",73,"ESP","Spain","3.77652413509E9",2019,"","Comisión Nacional de los Mercados y la Competencia","Refers to total traffic from all fixed-telephone networks to all mobile-cellular networks within the country"
54,"i1313wm","Fixed-to-mobile telephone traffic",,"minutes",73,"ESP","Spain","4.18097190867E9",2020,"","Comisión Nacional de los Mercados y la Competencia","Refers to total traffic from all fixed-telephone networks to all mobile-cellular networks within the country"
54,"i1313wm","Fixed-to-mobile telephone traffic",,"minutes",73,"ESP","Spain","3.48033557714E9",2021,"","Comisión Nacional de los Mercados y la Competencia","Refers to total traffic from all fixed-telephone networks to all mobile-cellular networks within the country"
54,"i1313wm","Fixed-to-mobile telephone traffic",,"minutes",74,"EGY","Egypt","2.638431292E9",2002,"","","Refers to total traffic from all fixed-telephone networks to all mobile-cellular networks within the country"
54,"i1313wm","Fixed-to-mobile telephone traffic",,"minutes",74,"EGY","Egypt","2.530657291E9",2003,"","","Refers to total traffic from all fixed-telephone networks to all mobile-cellular networks within the country"
54,"i1313wm","Fixed-to-mobile telephone traffic",,"minutes",74,"EGY","Egypt","2.632474141E9",2004,"","","Refers to total traffic from all fixed-telephone networks to all mobile-cellular networks within the country"
54,"i1313wm","Fixed-to-mobile telephone traffic",,"minutes",74,"EGY","Egypt","3.159675472E9",2005,"","","Refers to total traffic from all fixed-telephone networks to all mobile-cellular networks within the country"
54,"i1313wm","Fixed-to-mobile telephone traffic",,"minutes",74,"EGY","Egypt","3.611011792E9",2006,"","","Refers to total traffic from all fixed-telephone networks to all mobile-cellular networks within the country"
54,"i1313wm","Fixed-to-mobile telephone traffic",,"minutes",74,"EGY","Egypt","3.715577574E9",2007,"","Ministry of Communcations and Information Technology","Refers to total traffic from all fixed-telephone networks to all mobile-cellular networks within the country"
54,"i1313wm","Fixed-to-mobile telephone traffic",,"minutes",74,"EGY","Egypt","3.831646693E9",2008,"","Ministry of Communcations and Information Technology","Refers to total traffic from all fixed-telephone networks to all mobile-cellular networks within the country"
54,"i1313wm","Fixed-to-mobile telephone traffic",,"minutes",74,"EGY","Egypt","1.38941605E9",2009,"","Ministry of Communications and Information Technology","Refers to total traffic from all fixed-telephone networks to all mobile-cellular networks within the country"
54,"i1313wm","Fixed-to-mobile telephone traffic",,"minutes",74,"EGY","Egypt","1.18568645209E9",2010,"","Ministry of Communications and Information Technology","Refers to total traffic from all fixed-telephone networks to all mobile-cellular networks within the country"
54,"i1313wm","Fixed-to-mobile telephone traffic",,"minutes",74,"EGY","Egypt","1.053498232E9",2011,"","Ministry of Communications and Information Technology","Refers to total traffic from all fixed-telephone networks to all mobile-cellular networks within the country"
54,"i1313wm","Fixed-to-mobile telephone traffic",,"minutes",74,"EGY","Egypt","9.31177252E8",2012,"","Ministry of Communications and Information Technology","Refers to total traffic from all fixed-telephone networks to all mobile-cellular networks within the country"
54,"i1313wm","Fixed-to-mobile telephone traffic",,"minutes",74,"EGY","Egypt","9.339172083E8",2013,"","Ministry of Communications and Information Technology","Refers to total traffic from all fixed-telephone networks to all mobile-cellular networks within the country"
54,"i1313wm","Fixed-to-mobile telephone traffic",,"minutes",74,"EGY","Egypt","8.2972112447E8",2014,"","Ministry of Communications and Information Technology","Refers to total traffic from all fixed-telephone networks to all mobile-cellular networks within the country"
54,"i1313wm","Fixed-to-mobile telephone traffic",,"minutes",74,"EGY","Egypt","7.4146985963E8",2015,"","Ministry of Communications and Information Technology","Refers to total traffic from all fixed-telephone networks to all mobile-cellular networks within the country"
54,"i1313wm","Fixed-to-mobile telephone traffic",,"minutes",74,"EGY","Egypt","7.0739673023E8",2016,"","Ministry of Communications and Information Technology","Refers to total traffic from all fixed-telephone networks to all mobile-cellular networks within the country"
54,"i1313wm","Fixed-to-mobile telephone traffic",,"minutes",74,"EGY","Egypt","6.72526192E8",2017,"","Ministry of Communications and Information Technology","Refers to total traffic from all fixed-telephone networks to all mobile-cellular networks within the country"
54,"i1313wm","Fixed-to-mobile telephone traffic",,"minutes",74,"EGY","Egypt","7.96826033E8",2018,"","Ministry of Communications and Information Technology","Refers to total traffic from all fixed-telephone networks to all mobile-cellular networks within the country"
54,"i1313wm","Fixed-to-mobile telephone traffic",,"minutes",74,"EGY","Egypt","7.38495368E8",2019,"","Ministry of Communications and Information Technology","Refers to total traffic from all fixed-telephone networks to all mobile-cellular networks within the country"
54,"i1313wm","Fixed-to-mobile telephone traffic",,"minutes",74,"EGY","Egypt","5.8363724E8",2020,"","Ministry of Communications and Information Technology","Refers to total traffic from all fixed-telephone networks to all mobile-cellular networks within the country"
54,"i1313wm","Fixed-to-mobile telephone traffic",,"minutes",74,"EGY","Egypt","5.97923582E8",2021,"","Ministry of Communications and Information Technology","Refers to total traffic from all fixed-telephone networks to all mobile-cellular networks within the country"
54,"i1313wm","Fixed-to-mobile telephone traffic",,"minutes",75,"ECU","Ecuador","4.39420125E8",2008,"","Secretaría Nacional de Telecomunicaciones (SENATEL)","Refers to total traffic from all fixed-telephone networks to all mobile-cellular networks within the country"
54,"i1313wm","Fixed-to-mobile telephone traffic",,"minutes",75,"ECU","Ecuador","4.54070668E8",2009,"","Secretaría Nacional de Telecomunicaciones (SENATEL)","Refers to total traffic from all fixed-telephone networks to all mobile-cellular networks within the country"
54,"i1313wm","Fixed-to-mobile telephone traffic",,"minutes",75,"ECU","Ecuador","4.38524775E8",2010,"","Secretaría Nacional de Telecomunicaciones (SENATEL)","Refers to total traffic from all fixed-telephone networks to all mobile-cellular networks within the country"
54,"i1313wm","Fixed-to-mobile telephone traffic",,"minutes",75,"ECU","Ecuador","5.1313915945E8",2011,"","Secretaría Nacional de Telecomunicaciones (SENATEL)","Refers to total traffic from all fixed-telephone networks to all mobile-cellular networks within the country"
54,"i1313wm","Fixed-to-mobile telephone traffic",,"minutes",75,"ECU","Ecuador","5.7424303172E8",2012,"","Secretaría Nacional de Telecomunicaciones (SENATEL)","Refers to total traffic from all fixed-telephone networks to all mobile-cellular networks within the country"
54,"i1313wm","Fixed-to-mobile telephone traffic",,"minutes",75,"ECU","Ecuador","5.800685008E8",2013,"","Secretaría Nacional de Telecomunicaciones (SENATEL)","Refers to total traffic from all fixed-telephone networks to all mobile-cellular networks within the country"
54,"i1313wm","Fixed-to-mobile telephone traffic",,"minutes",75,"ECU","Ecuador","5.863761426E8",2014,"","Agencia de Regulación y Control de las Telecomunicaciones","Refers to total traffic from all fixed-telephone networks to all mobile-cellular networks within the country"
54,"i1313wm","Fixed-to-mobile telephone traffic",,"minutes",75,"ECU","Ecuador","6.6653792463E8",2015,"","Agencia de Regulación y Control de las Telecomunicaciones","Refers to total traffic from all fixed-telephone networks to all mobile-cellular networks within the country"
54,"i1313wm","Fixed-to-mobile telephone traffic",,"minutes",75,"ECU","Ecuador","4.8711957145E8",2016,"","Agencia de Regulación y Control de las Telecomunicaciones","Refers to total traffic from all fixed-telephone networks to all mobile-cellular networks within the country"
54,"i1313wm","Fixed-to-mobile telephone traffic",,"minutes",75,"ECU","Ecuador","4.1240151612E8",2017,"","Agencia de Regulación y Control de las Telecomunicaciones","Refers to total traffic from all fixed-telephone networks to all mobile-cellular networks within the country"
54,"i1313wm","Fixed-to-mobile telephone traffic",,"minutes",75,"ECU","Ecuador","1.33165334361E9",2018,"","Agencia de Regulación y Control de las Telecomunicaciones","Refers to total traffic from all fixed-telephone networks to all mobile-cellular networks within the country"
54,"i1313wm","Fixed-to-mobile telephone traffic",,"minutes",75,"ECU","Ecuador","1.30876945665E9",2019,"","Agencia de Regulación y Control de las Telecomunicaciones","Refers to total traffic from all fixed-telephone networks to all mobile-cellular networks within the country"
54,"i1313wm","Fixed-to-mobile telephone traffic",,"minutes",75,"ECU","Ecuador","1.25866628297E9",2020,"","Agencia de Regulación y Control de las Telecomunicaciones","Refers to total traffic from all fixed-telephone networks to all mobile-cellular networks within the country"
54,"i1313wm","Fixed-to-mobile telephone traffic",,"minutes",75,"ECU","Ecuador","2.57719001E8",2021,"","Agencia de Regulación y Control de las Telecomunicaciones","Refers to total traffic from all fixed-telephone networks to all mobile-cellular networks within the country"
54,"i1313wm","Fixed-to-mobile telephone traffic",,"minutes",76,"EST","Estonia","1.052E8",2003,"","","Refers to total traffic from all fixed-telephone networks to all mobile-cellular networks within the country"
54,"i1313wm","Fixed-to-mobile telephone traffic",,"minutes",76,"EST","Estonia","1.055E8",2004,"","","Refers to total traffic from all fixed-telephone networks to all mobile-cellular networks within the country"
54,"i1313wm","Fixed-to-mobile telephone traffic",,"minutes",76,"EST","Estonia","1.024E8",2005,"","","Refers to total traffic from all fixed-telephone networks to all mobile-cellular networks within the country"
54,"i1313wm","Fixed-to-mobile telephone traffic",,"minutes",76,"EST","Estonia","9.35E7",2006,"","","Refers to total traffic from all fixed-telephone networks to all mobile-cellular networks within the country"
54,"i1313wm","Fixed-to-mobile telephone traffic",,"minutes",76,"EST","Estonia","8.6954498E7",2007,"","Estonian Competition Auhtority","Refers to total traffic from all fixed-telephone networks to all mobile-cellular networks within the country"
54,"i1313wm","Fixed-to-mobile telephone traffic",,"minutes",76,"EST","Estonia","8.0015072E7",2009,"","Estonian Competition Auhtority","Refers to total traffic from all fixed-telephone networks to all mobile-cellular networks within the country"
54,"i1313wm","Fixed-to-mobile telephone traffic",,"minutes",76,"EST","Estonia","7.5906324E7",2010,"","Estonian Competition Authority","Refers to total traffic from all fixed-telephone networks to all mobile-cellular networks within the country"
54,"i1313wm","Fixed-to-mobile telephone traffic",,"minutes",76,"EST","Estonia","7.2915909E7",2011,"","Estonian Competition Authority","Refers to total traffic from all fixed-telephone networks to all mobile-cellular networks within the country"
54,"i1313wm","Fixed-to-mobile telephone traffic",,"minutes",76,"EST","Estonia","7.2429345E7",2012,"","Estonian Competition Authority","Refers to total traffic from all fixed-telephone networks to all mobile-cellular networks within the country"
54,"i1313wm","Fixed-to-mobile telephone traffic",,"minutes",76,"EST","Estonia","7.0024633E7",2013,"","Estonian Technical Regulation Authority ","Refers to total traffic from all fixed-telephone networks to all mobile-cellular networks within the country"
54,"i1313wm","Fixed-to-mobile telephone traffic",,"minutes",76,"EST","Estonia","6.4883833E7",2014,"","Estonian Technical Regulation Authority ","Refers to total traffic from all fixed-telephone networks to all mobile-cellular networks within the country"
54,"i1313wm","Fixed-to-mobile telephone traffic",,"minutes",76,"EST","Estonia","6.5203282E7",2015,"","Estonian Technical Regulatory Authority","Refers to total traffic from all fixed-telephone networks to all mobile-cellular networks within the country"
54,"i1313wm","Fixed-to-mobile telephone traffic",,"minutes",76,"EST","Estonia","6.55731E7",2016,"","Consumer Protection and Technical Regulatory Authority","Refers to total traffic from all fixed-telephone networks to all mobile-cellular networks within the country"
54,"i1313wm","Fixed-to-mobile telephone traffic",,"minutes",76,"EST","Estonia","6.2541817E7",2017,"","Consumer Protection and Technical Regulatory Authority","Refers to total traffic from all fixed-telephone networks to all mobile-cellular networks within the country"
54,"i1313wm","Fixed-to-mobile telephone traffic",,"minutes",76,"EST","Estonia","5.9387613E7",2018,"","Estonian Technical Regulatory Authority","Refers to total traffic from all fixed-telephone networks to all mobile-cellular networks within the country"
54,"i1313wm","Fixed-to-mobile telephone traffic",,"minutes",76,"EST","Estonia","5.2767886E7",2019,"","Estonian Technical Regulatory Authority","Refers to total traffic from all fixed-telephone networks to all mobile-cellular networks within the country"
54,"i1313wm","Fixed-to-mobile telephone traffic",,"minutes",76,"EST","Estonia","6.610578E7",2020,"","Estonian Technical Regulatory Authority","Refers to total traffic from all fixed-telephone networks to all mobile-cellular networks within the country"
54,"i1313wm","Fixed-to-mobile telephone traffic",,"minutes",76,"EST","Estonia","7.0250492E7",2021,"","Estonian Technical Regulatory Authority","Refers to total traffic from all fixed-telephone networks to all mobile-cellular networks within the country"
54,"i1313wm","Fixed-to-mobile telephone traffic",,"minutes",77,"ETH","Ethiopia","3.9390012E8",2011,"","Ministry of Communications and Information Technology","Refers to total traffic from all fixed-telephone networks to all mobile-cellular networks within the country"
54,"i1313wm","Fixed-to-mobile telephone traffic",,"minutes",77,"ETH","Ethiopia","2.31292345E8",2012,"","Ministry of Communications and Information Technology","Refers to total traffic from all fixed-telephone networks to all mobile-cellular networks within the country"
54,"i1313wm","Fixed-to-mobile telephone traffic",,"minutes",77,"ETH","Ethiopia","4.8554975644E8",2014,"","Ministry of Communications and Information Technology","Refers to total traffic from all fixed-telephone networks to all mobile-cellular networks within the country"
54,"i1313wm","Fixed-to-mobile telephone traffic",,"minutes",77,"ETH","Ethiopia","6.53900947E8",2015,"","Ministry of Communications and Information Technology","Refers to total traffic from all fixed-telephone networks to all mobile-cellular networks within the country"
54,"i1313wm","Fixed-to-mobile telephone traffic",,"minutes",77,"ETH","Ethiopia","5.0375199899E8",2016,"","Ministry of Communications and Information Technology","Refers to total traffic from all fixed-telephone networks to all mobile-cellular networks within the country"
54,"i1313wm","Fixed-to-mobile telephone traffic",,"minutes",78,"FRA","France","7.949E9",2000,"","","Refers to total traffic from all fixed-telephone networks to all mobile-cellular networks within the country"
54,"i1313wm","Fixed-to-mobile telephone traffic",,"minutes",78,"FRA","France","9.384E9",2001,"","","Refers to total traffic from all fixed-telephone networks to all mobile-cellular networks within the country"
54,"i1313wm","Fixed-to-mobile telephone traffic",,"minutes",78,"FRA","France","1.0357E10",2002,"","","Refers to total traffic from all fixed-telephone networks to all mobile-cellular networks within the country"
54,"i1313wm","Fixed-to-mobile telephone traffic",,"minutes",78,"FRA","France","1.1365E10",2003,"","","Refers to total traffic from all fixed-telephone networks to all mobile-cellular networks within the country"
54,"i1313wm","Fixed-to-mobile telephone traffic",,"minutes",78,"FRA","France","1.2043E10",2004,"","","Refers to total traffic from all fixed-telephone networks to all mobile-cellular networks within the country"
54,"i1313wm","Fixed-to-mobile telephone traffic",,"minutes",78,"FRA","France","1.2132E10",2005,"","","Refers to total traffic from all fixed-telephone networks to all mobile-cellular networks within the country"
54,"i1313wm","Fixed-to-mobile telephone traffic",,"minutes",78,"FRA","France","1.2375E10",2006,"","","Refers to total traffic from all fixed-telephone networks to all mobile-cellular networks within the country"
54,"i1313wm","Fixed-to-mobile telephone traffic",,"minutes",78,"FRA","France","1.198E10",2007,"","ARCEP","Refers to total traffic from all fixed-telephone networks to all mobile-cellular networks within the country"
54,"i1313wm","Fixed-to-mobile telephone traffic",,"minutes",78,"FRA","France","1.1667E10",2008,"","ARCEP","Refers to total traffic from all fixed-telephone networks to all mobile-cellular networks within the country"
54,"i1313wm","Fixed-to-mobile telephone traffic",,"minutes",78,"FRA","France","1.15E10",2009,"","Autorité de Régulation des Communications électroniques et des postes","Refers to total traffic from all fixed-telephone networks to all mobile-cellular networks within the country"
54,"i1313wm","Fixed-to-mobile telephone traffic",,"minutes",78,"FRA","France","1.1E10",2010,"","Autorité de Régulation des Communications électroniques et des postes","Refers to total traffic from all fixed-telephone networks to all mobile-cellular networks within the country"
54,"i1313wm","Fixed-to-mobile telephone traffic",,"minutes",78,"FRA","France","1.6878E10",2011,"","Autorité de Régulation des Communications électroniques et des postes","Refers to total traffic from all fixed-telephone networks to all mobile-cellular networks within the country"
54,"i1313wm","Fixed-to-mobile telephone traffic",,"minutes",78,"FRA","France","2.2043E10",2012,"","Autorité de Régulation des Communications électroniques et des postes","Refers to total traffic from all fixed-telephone networks to all mobile-cellular networks within the country"
54,"i1313wm","Fixed-to-mobile telephone traffic",,"minutes",78,"FRA","France","2.2046E10",2013,"","Autorité de Régulation des Communications électroniques et des postes","Refers to total traffic from all fixed-telephone networks to all mobile-cellular networks within the country"
54,"i1313wm","Fixed-to-mobile telephone traffic",,"minutes",78,"FRA","France","1.8625E10",2014,"","Autorité de Régulation des Communications électroniques et des postes","Refers to total traffic from all fixed-telephone networks to all mobile-cellular networks within the country"
54,"i1313wm","Fixed-to-mobile telephone traffic",,"minutes",78,"FRA","France","1.653E10",2016,"","ARCEP","Refers to total traffic from all fixed-telephone networks to all mobile-cellular networks within the country"
54,"i1313wm","Fixed-to-mobile telephone traffic",,"minutes",78,"FRA","France","1.5384E10",2017,"","ARCEP","Refers to total traffic from all fixed-telephone networks to all mobile-cellular networks within the country"
54,"i1313wm","Fixed-to-mobile telephone traffic",,"minutes",78,"FRA","France","1.4221E10",2018,"","ARCEP","Refers to total traffic from all fixed-telephone networks to all mobile-cellular networks within the country"
54,"i1313wm","Fixed-to-mobile telephone traffic",,"minutes",78,"FRA","France","1.2779E10",2019,"","ARCEP","Refers to total traffic from all fixed-telephone networks to all mobile-cellular networks within the country"
54,"i1313wm","Fixed-to-mobile telephone traffic",,"minutes",79,"FJI","Fiji","2.4646166E7",2018,"","Ministry of Communications","Refers to total traffic from all fixed-telephone networks to all mobile-cellular networks within the country"
54,"i1313wm","Fixed-to-mobile telephone traffic",,"minutes",79,"FJI","Fiji","2.0687387E7",2019,"","Ministry of Communications","Refers to total traffic from all fixed-telephone networks to all mobile-cellular networks within the country"
54,"i1313wm","Fixed-to-mobile telephone traffic",,"minutes",79,"FJI","Fiji","1.8351201E7",2020,"","Ministry of Communications","Refers to total traffic from all fixed-telephone networks to all mobile-cellular networks within the country"
54,"i1313wm","Fixed-to-mobile telephone traffic",,"minutes",81,"FIN","Finland","1.7607E9",2002,"","","Refers to total traffic from all fixed-telephone networks to all mobile-cellular networks within the country"
54,"i1313wm","Fixed-to-mobile telephone traffic",,"minutes",81,"FIN","Finland","1.189E9",2005,"","","Refers to total traffic from all fixed-telephone networks to all mobile-cellular networks within the country"
54,"i1313wm","Fixed-to-mobile telephone traffic",,"minutes",84,"GBR","United Kingdom","1.2206E10",2000,"","Office of Communications (Ofcom).","Refers to total traffic from all fixed-telephone networks to all mobile-cellular networks within the country"
54,"i1313wm","Fixed-to-mobile telephone traffic",,"minutes",84,"GBR","United Kingdom","1.3579E10",2001,"","Office of Communications (Ofcom).","Refers to total traffic from all fixed-telephone networks to all mobile-cellular networks within the country"
54,"i1313wm","Fixed-to-mobile telephone traffic",,"minutes",84,"GBR","United Kingdom","1.5077E10",2002,"","Office of Communications (Ofcom).","Refers to total traffic from all fixed-telephone networks to all mobile-cellular networks within the country"
54,"i1313wm","Fixed-to-mobile telephone traffic",,"minutes",84,"GBR","United Kingdom","1.5563E10",2003,"","Office of Communications (Ofcom).","Refers to total traffic from all fixed-telephone networks to all mobile-cellular networks within the country"
54,"i1313wm","Fixed-to-mobile telephone traffic",,"minutes",84,"GBR","United Kingdom","1.5661E10",2004,"","Office of Communications (Ofcom).","Refers to total traffic from all fixed-telephone networks to all mobile-cellular networks within the country"
54,"i1313wm","Fixed-to-mobile telephone traffic",,"minutes",84,"GBR","United Kingdom","1.5547E10",2005,"","Office of Communications (Ofcom).","Refers to total traffic from all fixed-telephone networks to all mobile-cellular networks within the country"
54,"i1313wm","Fixed-to-mobile telephone traffic",,"minutes",84,"GBR","United Kingdom","1.5572E10",2006,"","Office of Communications (Ofcom).","Refers to total traffic from all fixed-telephone networks to all mobile-cellular networks within the country"
54,"i1313wm","Fixed-to-mobile telephone traffic",,"minutes",84,"GBR","United Kingdom","1.4376E10",2007,"","Office of Communications (Ofcom).","Refers to total traffic from all fixed-telephone networks to all mobile-cellular networks within the country"
54,"i1313wm","Fixed-to-mobile telephone traffic",,"minutes",84,"GBR","United Kingdom","1.3466751275E10",2008,"","Office of Communications","Refers to total traffic from all fixed-telephone networks to all mobile-cellular networks within the country"
54,"i1313wm","Fixed-to-mobile telephone traffic",,"minutes",84,"GBR","United Kingdom","1.2354E10",2009,"","Office of Communications","Refers to total traffic from all fixed-telephone networks to all mobile-cellular networks within the country"
54,"i1313wm","Fixed-to-mobile telephone traffic",,"minutes",84,"GBR","United Kingdom","1.1846E10",2010,"","Office of Communications","Refers to total traffic from all fixed-telephone networks to all mobile-cellular networks within the country"
54,"i1313wm","Fixed-to-mobile telephone traffic",,"minutes",84,"GBR","United Kingdom","1.0345634376E10",2011,"","Office of Communications","Refers to total traffic from all fixed-telephone networks to all mobile-cellular networks within the country"
54,"i1313wm","Fixed-to-mobile telephone traffic",,"minutes",84,"GBR","United Kingdom","9.391272533E9",2012,"","Office of Communications","Refers to total traffic from all fixed-telephone networks to all mobile-cellular networks within the country"
54,"i1313wm","Fixed-to-mobile telephone traffic",,"minutes",84,"GBR","United Kingdom","8.374193109E9",2013,"","Office of Communications","Refers to total traffic from all fixed-telephone networks to all mobile-cellular networks within the country"
54,"i1313wm","Fixed-to-mobile telephone traffic",,"minutes",84,"GBR","United Kingdom","7.16534798E9",2014,"","Office of Communications","Refers to total traffic from all fixed-telephone networks to all mobile-cellular networks within the country"
54,"i1313wm","Fixed-to-mobile telephone traffic",,"minutes",84,"GBR","United Kingdom","7.156277101E9",2015,"","Office of Communications","Refers to total traffic from all fixed-telephone networks to all mobile-cellular networks within the country"
54,"i1313wm","Fixed-to-mobile telephone traffic",,"minutes",84,"GBR","United Kingdom","6.902761077E9",2016,"","Ofcom","Refers to total traffic from all fixed-telephone networks to all mobile-cellular networks within the country"
54,"i1313wm","Fixed-to-mobile telephone traffic",,"minutes",84,"GBR","United Kingdom","6.28E9",2017,"","Ofcom","Refers to total traffic from all fixed-telephone networks to all mobile-cellular networks within the country"
54,"i1313wm","Fixed-to-mobile telephone traffic",,"minutes",84,"GBR","United Kingdom","5.732E9",2018,"","Ofcom","Refers to total traffic from all fixed-telephone networks to all mobile-cellular networks within the country"
54,"i1313wm","Fixed-to-mobile telephone traffic",,"minutes",84,"GBR","United Kingdom","5.123E9",2019,"","Office of Communications","Refers to total traffic from all fixed-telephone networks to all mobile-cellular networks within the country"
54,"i1313wm","Fixed-to-mobile telephone traffic",,"minutes",84,"GBR","United Kingdom","7.199E9",2020,"amended due to operational reinstatement","Office of Communications","Refers to total traffic from all fixed-telephone networks to all mobile-cellular networks within the country"
54,"i1313wm","Fixed-to-mobile telephone traffic",,"minutes",84,"GBR","United Kingdom","6.954E9",2021,"","Office of Communications","Refers to total traffic from all fixed-telephone networks to all mobile-cellular networks within the country"
54,"i1313wm","Fixed-to-mobile telephone traffic",,"minutes",85,"GAB","Gabon","1.5E8",2002,"","","Refers to total traffic from all fixed-telephone networks to all mobile-cellular networks within the country"
54,"i1313wm","Fixed-to-mobile telephone traffic",,"minutes",85,"GAB","Gabon","1.35E8",2003,"","","Refers to total traffic from all fixed-telephone networks to all mobile-cellular networks within the country"
54,"i1313wm","Fixed-to-mobile telephone traffic",,"minutes",85,"GAB","Gabon","9.8E7",2004,"","","Refers to total traffic from all fixed-telephone networks to all mobile-cellular networks within the country"
54,"i1313wm","Fixed-to-mobile telephone traffic",,"minutes",85,"GAB","Gabon","4.1708771E7",2010,"","Gabon Télécom","Refers to total traffic from all fixed-telephone networks to all mobile-cellular networks within the country"
54,"i1313wm","Fixed-to-mobile telephone traffic",,"minutes",85,"GAB","Gabon","2.6476888E7",2015,"","Autorité de Régulation des Communications Electroniques et des Postes ","Refers to total traffic from all fixed-telephone networks to all mobile-cellular networks within the country"
54,"i1313wm","Fixed-to-mobile telephone traffic",,"minutes",85,"GAB","Gabon","2.5103125E7",2016,"","Autorité de Régulation des Communications Électroniques et des Postes ","Refers to total traffic from all fixed-telephone networks to all mobile-cellular networks within the country"
54,"i1313wm","Fixed-to-mobile telephone traffic",,"minutes",85,"GAB","Gabon","2.4125816E7",2017,"","Autorité de Régulation des Communications Électroniques et des Postes ","Refers to total traffic from all fixed-telephone networks to all mobile-cellular networks within the country"
54,"i1313wm","Fixed-to-mobile telephone traffic",,"minutes",85,"GAB","Gabon","2.8359778E7",2018,"","Autorité de Régulation des Communications Électroniques et des Postes ","Refers to total traffic from all fixed-telephone networks to all mobile-cellular networks within the country"
54,"i1313wm","Fixed-to-mobile telephone traffic",,"minutes",85,"GAB","Gabon","2.7216353E7",2019,"","Autorité de Régulation des Communications Électroniques et des Postes ","Refers to total traffic from all fixed-telephone networks to all mobile-cellular networks within the country"
54,"i1313wm","Fixed-to-mobile telephone traffic",,"minutes",85,"GAB","Gabon","2.5348902E7",2020,"","Autorité de Régulation des Communications Électroniques et des Postes ","Refers to total traffic from all fixed-telephone networks to all mobile-cellular networks within the country"
54,"i1313wm","Fixed-to-mobile telephone traffic",,"minutes",85,"GAB","Gabon","1.4077279E7",2021,"","Autorité de Régulation des Communications Électroniques et des Postes ","Refers to total traffic from all fixed-telephone networks to all mobile-cellular networks within the country"
54,"i1313wm","Fixed-to-mobile telephone traffic",,"minutes",90,"GHA","Ghana","2.950600404E9",2005,"","","Refers to total traffic from all fixed-telephone networks to all mobile-cellular networks within the country"
54,"i1313wm","Fixed-to-mobile telephone traffic",,"minutes",90,"GHA","Ghana","3.51581502E9",2006,"All data on traffic are the average minutes per month.","","Refers to total traffic from all fixed-telephone networks to all mobile-cellular networks within the country"
54,"i1313wm","Fixed-to-mobile telephone traffic",,"minutes",90,"GHA","Ghana","4.047275388E9",2007,"","National Communications Authority","Refers to total traffic from all fixed-telephone networks to all mobile-cellular networks within the country"
54,"i1313wm","Fixed-to-mobile telephone traffic",,"minutes",90,"GHA","Ghana","3.10659222E8",2009,"","National Communications Authority","Refers to total traffic from all fixed-telephone networks to all mobile-cellular networks within the country"
54,"i1313wm","Fixed-to-mobile telephone traffic",,"minutes",90,"GHA","Ghana","2.65567908E8",2010,"","National Communications Authority","Refers to total traffic from all fixed-telephone networks to all mobile-cellular networks within the country"
54,"i1313wm","Fixed-to-mobile telephone traffic",,"minutes",90,"GHA","Ghana","2.41425371E8",2011,"","National Communications Authority","Refers to total traffic from all fixed-telephone networks to all mobile-cellular networks within the country"
54,"i1313wm","Fixed-to-mobile telephone traffic",,"minutes",90,"GHA","Ghana","2.304776101E8",2012,"","National Communications Authority","Refers to total traffic from all fixed-telephone networks to all mobile-cellular networks within the country"
54,"i1313wm","Fixed-to-mobile telephone traffic",,"minutes",90,"GHA","Ghana","1.1452913E8",2014,"","National Communications Authority","Refers to total traffic from all fixed-telephone networks to all mobile-cellular networks within the country"
54,"i1313wm","Fixed-to-mobile telephone traffic",,"minutes",90,"GHA","Ghana","1.25614855E8",2015,"","National Communications Authority","Refers to total traffic from all fixed-telephone networks to all mobile-cellular networks within the country"
54,"i1313wm","Fixed-to-mobile telephone traffic",,"minutes",90,"GHA","Ghana","7.4076436E7",2016,"","National Communications Authority (NCA)","Refers to total traffic from all fixed-telephone networks to all mobile-cellular networks within the country"
54,"i1313wm","Fixed-to-mobile telephone traffic",,"minutes",90,"GHA","Ghana","5.6732782E7",2017,"","National Communications Authority","Refers to total traffic from all fixed-telephone networks to all mobile-cellular networks within the country"
54,"i1313wm","Fixed-to-mobile telephone traffic",,"minutes",90,"GHA","Ghana","4.8680628E7",2018,"","National Communications Authority (NCA)","Refers to total traffic from all fixed-telephone networks to all mobile-cellular networks within the country"
54,"i1313wm","Fixed-to-mobile telephone traffic",,"minutes",90,"GHA","Ghana","4.8362036E7",2019,"Fixed voice traffic from Vodafone only","National Communications Authority","Refers to total traffic from all fixed-telephone networks to all mobile-cellular networks within the country"
54,"i1313wm","Fixed-to-mobile telephone traffic",,"minutes",90,"GHA","Ghana","3.6312742E7",2020,"Vodafone 32,386,283; AirtelTigo 3,926,459","National Communications Authority","Refers to total traffic from all fixed-telephone networks to all mobile-cellular networks within the country"
54,"i1313wm","Fixed-to-mobile telephone traffic",,"minutes",90,"GHA","Ghana","3.7144773E7",2021,"","National Communications Authority","Refers to total traffic from all fixed-telephone networks to all mobile-cellular networks within the country"
54,"i1313wm","Fixed-to-mobile telephone traffic",,"minutes",91,"GIB","Gibraltar","6879412.0",2020,"","Gibraltar Regulatory Authority","Refers to total traffic from all fixed-telephone networks to all mobile-cellular networks within the country"
54,"i1313wm","Fixed-to-mobile telephone traffic",,"minutes",91,"GIB","Gibraltar","5920501.0",2021,"","Gibraltar Regulatory Authority","Refers to total traffic from all fixed-telephone networks to all mobile-cellular networks within the country"
54,"i1313wm","Fixed-to-mobile telephone traffic",,"minutes",92,"GMB","Gambia","1.4911381E7",2014,"","The Gambia Public Utilities Regulatory Authority","Refers to total traffic from all fixed-telephone networks to all mobile-cellular networks within the country"
54,"i1313wm","Fixed-to-mobile telephone traffic",,"minutes",92,"GMB","Gambia","1.3459077E7",2015,"","The Gambia Public Utilities Regulatory Authority","Refers to total traffic from all fixed-telephone networks to all mobile-cellular networks within the country"
54,"i1313wm","Fixed-to-mobile telephone traffic",,"minutes",92,"GMB","Gambia","1.000081466E7",2018,"","Public Utilities Regulatory Authority","Refers to total traffic from all fixed-telephone networks to all mobile-cellular networks within the country"
54,"i1313wm","Fixed-to-mobile telephone traffic",,"minutes",95,"GRC","Greece","1.95E9",2001,"","","Refers to total traffic from all fixed-telephone networks to all mobile-cellular networks within the country"
54,"i1313wm","Fixed-to-mobile telephone traffic",,"minutes",95,"GRC","Greece","2.179933285E9",2002,"","","Refers to total traffic from all fixed-telephone networks to all mobile-cellular networks within the country"
54,"i1313wm","Fixed-to-mobile telephone traffic",,"minutes",95,"GRC","Greece","2.282142203E9",2003,"","","Refers to total traffic from all fixed-telephone networks to all mobile-cellular networks within the country"
54,"i1313wm","Fixed-to-mobile telephone traffic",,"minutes",95,"GRC","Greece","2.631871539E9",2005,"Incl. traffic through cards.","","Refers to total traffic from all fixed-telephone networks to all mobile-cellular networks within the country"
54,"i1313wm","Fixed-to-mobile telephone traffic",,"minutes",95,"GRC","Greece","2.659301177E9",2006,"Incl. traffic through cards.","","Refers to total traffic from all fixed-telephone networks to all mobile-cellular networks within the country"
54,"i1313wm","Fixed-to-mobile telephone traffic",,"minutes",95,"GRC","Greece","2.684885886E9",2007,"Incl. traffic through cards.","Hellenic Telecommunications and Post Commission","Refers to total traffic from all fixed-telephone networks to all mobile-cellular networks within the country"
54,"i1313wm","Fixed-to-mobile telephone traffic",,"minutes",95,"GRC","Greece","2.504608909E9",2008,"Incl. traffic through cards.","Hellenic Telecommunications and Post Commission","Refers to total traffic from all fixed-telephone networks to all mobile-cellular networks within the country"
54,"i1313wm","Fixed-to-mobile telephone traffic",,"minutes",95,"GRC","Greece","2.250639743E9",2009,"","Hellenic Telecommunications & Post Commission","Refers to total traffic from all fixed-telephone networks to all mobile-cellular networks within the country"
54,"i1313wm","Fixed-to-mobile telephone traffic",,"minutes",95,"GRC","Greece","2.059063441E9",2010,"","Hellenic Telecommunications & Post Commission","Refers to total traffic from all fixed-telephone networks to all mobile-cellular networks within the country"
54,"i1313wm","Fixed-to-mobile telephone traffic",,"minutes",95,"GRC","Greece","1.961523558E9",2011,"","Hellenic Telecommunications & Post Commission","Refers to total traffic from all fixed-telephone networks to all mobile-cellular networks within the country"
54,"i1313wm","Fixed-to-mobile telephone traffic",,"minutes",95,"GRC","Greece","1.880188324E9",2012,"","Hellenic Telecommunications & Post Commission","Refers to total traffic from all fixed-telephone networks to all mobile-cellular networks within the country"
54,"i1313wm","Fixed-to-mobile telephone traffic",,"minutes",95,"GRC","Greece","1.836746234E9",2013,"","Hellenic Telecommunications & Post Commission","Refers to total traffic from all fixed-telephone networks to all mobile-cellular networks within the country"
54,"i1313wm","Fixed-to-mobile telephone traffic",,"minutes",95,"GRC","Greece","1.951959202E9",2014,"","Hellenic Telecommunications & Post Commission","Refers to total traffic from all fixed-telephone networks to all mobile-cellular networks within the country"
54,"i1313wm","Fixed-to-mobile telephone traffic",,"minutes",95,"GRC","Greece","2.201529055E9",2015,"","Hellenic Telecommunications & Post Commission","Refers to total traffic from all fixed-telephone networks to all mobile-cellular networks within the country"
54,"i1313wm","Fixed-to-mobile telephone traffic",,"minutes",95,"GRC","Greece","2.27281296E9",2016,"","Hellenic Telecommunications & Post Commission","Refers to total traffic from all fixed-telephone networks to all mobile-cellular networks within the country"
54,"i1313wm","Fixed-to-mobile telephone traffic",,"minutes",95,"GRC","Greece","2.321555365E9",2017,"","Hellenic Telecommunications & Post Commission","Refers to total traffic from all fixed-telephone networks to all mobile-cellular networks within the country"
54,"i1313wm","Fixed-to-mobile telephone traffic",,"minutes",95,"GRC","Greece","2.285294039E9",2018,"","HELLENIC TELECOMMUNICATIONS & POST COMMISSION","Refers to total traffic from all fixed-telephone networks to all mobile-cellular networks within the country"
54,"i1313wm","Fixed-to-mobile telephone traffic",,"minutes",95,"GRC","Greece","2.319925043E9",2019,"","Hellenic Telecommunications & Post Commission","Refers to total traffic from all fixed-telephone networks to all mobile-cellular networks within the country"
54,"i1313wm","Fixed-to-mobile telephone traffic",,"minutes",95,"GRC","Greece","2.426251763E9",2020,"","Hellenic Telecommunications & Post Commission","Refers to total traffic from all fixed-telephone networks to all mobile-cellular networks within the country"
54,"i1313wm","Fixed-to-mobile telephone traffic",,"minutes",95,"GRC","Greece","2.433841257E9",2021,"","Hellenic Telecommunications & Post Commission","Refers to total traffic from all fixed-telephone networks to all mobile-cellular networks within the country"
54,"i1313wm","Fixed-to-mobile telephone traffic",,"minutes",96,"GRD","Grenada","1.3095422E7",2005,"","","Refers to total traffic from all fixed-telephone networks to all mobile-cellular networks within the country"
54,"i1313wm","Fixed-to-mobile telephone traffic",,"minutes",97,"GRL","Greenland","1.9666E7",2010,"","Tele Greenland A/S","Refers to total traffic from all fixed-telephone networks to all mobile-cellular networks within the country"
54,"i1313wm","Fixed-to-mobile telephone traffic",,"minutes",97,"GRL","Greenland","1.8554E7",2011,"","Tele Greenland A/S","Refers to total traffic from all fixed-telephone networks to all mobile-cellular networks within the country"
54,"i1313wm","Fixed-to-mobile telephone traffic",,"minutes",97,"GRL","Greenland","1.762E7",2012,"","Tele Greenland A/S","Refers to total traffic from all fixed-telephone networks to all mobile-cellular networks within the country"
54,"i1313wm","Fixed-to-mobile telephone traffic",,"minutes",98,"GTM","Guatemala","2.164836794E9",2004,"","","Refers to total traffic from all fixed-telephone networks to all mobile-cellular networks within the country"
54,"i1313wm","Fixed-to-mobile telephone traffic",,"minutes",98,"GTM","Guatemala","2.633277841E9",2005,"","","Refers to total traffic from all fixed-telephone networks to all mobile-cellular networks within the country"
54,"i1313wm","Fixed-to-mobile telephone traffic",,"minutes",98,"GTM","Guatemala","3.078036876E9",2006,"","","Refers to total traffic from all fixed-telephone networks to all mobile-cellular networks within the country"
54,"i1313wm","Fixed-to-mobile telephone traffic",,"minutes",98,"GTM","Guatemala","2.986260935E9",2007,"","Superintedencia de Telecomunicaciones (SIT)","Refers to total traffic from all fixed-telephone networks to all mobile-cellular networks within the country"
54,"i1313wm","Fixed-to-mobile telephone traffic",,"minutes",98,"GTM","Guatemala","3.125046042E9",2008,"","Superintendencia de Telecomunicaciones (SIT)","Refers to total traffic from all fixed-telephone networks to all mobile-cellular networks within the country"
54,"i1313wm","Fixed-to-mobile telephone traffic",,"minutes",98,"GTM","Guatemala","3.166922207E9",2009,"","Superintendencia de Telecomunicaciones (SIT)","Refers to total traffic from all fixed-telephone networks to all mobile-cellular networks within the country"
54,"i1313wm","Fixed-to-mobile telephone traffic",,"minutes",98,"GTM","Guatemala","3.837145745E9",2010,"","Superintendencia de Telecomunicaciones (SIT)","Refers to total traffic from all fixed-telephone networks to all mobile-cellular networks within the country"
54,"i1313wm","Fixed-to-mobile telephone traffic",,"minutes",98,"GTM","Guatemala","3.774170991E9",2011,"","Superintendencia de Telecomunicaciones (SIT)","Refers to total traffic from all fixed-telephone networks to all mobile-cellular networks within the country"
54,"i1313wm","Fixed-to-mobile telephone traffic",,"minutes",98,"GTM","Guatemala","3.932484159E9",2012,"","Superintendencia de Telecomunicaciones (SIT)","Refers to total traffic from all fixed-telephone networks to all mobile-cellular networks within the country"
54,"i1313wm","Fixed-to-mobile telephone traffic",,"minutes",98,"GTM","Guatemala","4.224711896E9",2013,"","Superintendencia de Telecomunicaciones (SIT)","Refers to total traffic from all fixed-telephone networks to all mobile-cellular networks within the country"
54,"i1313wm","Fixed-to-mobile telephone traffic",,"minutes",98,"GTM","Guatemala","3.63752066E9",2014,"","Superintendencia de Telecomunicaciones (SIT)","Refers to total traffic from all fixed-telephone networks to all mobile-cellular networks within the country"
54,"i1313wm","Fixed-to-mobile telephone traffic",,"minutes",98,"GTM","Guatemala","3.252984802E9",2015,"","Superintendencia de Telecomunicaciones (SIT)","Refers to total traffic from all fixed-telephone networks to all mobile-cellular networks within the country"
54,"i1313wm","Fixed-to-mobile telephone traffic",,"minutes",98,"GTM","Guatemala","3.05520274752E9",2016,"","Superintendencia de Telecomunicaciones","Refers to total traffic from all fixed-telephone networks to all mobile-cellular networks within the country"
54,"i1313wm","Fixed-to-mobile telephone traffic",,"minutes",98,"GTM","Guatemala","2.59589317903E9",2017,"","Superintendencia de Telecomunicaciones","Refers to total traffic from all fixed-telephone networks to all mobile-cellular networks within the country"
54,"i1313wm","Fixed-to-mobile telephone traffic",,"minutes",98,"GTM","Guatemala","2.65661524603E9",2018,"","Superintendencia de Telecomunicaciones","Refers to total traffic from all fixed-telephone networks to all mobile-cellular networks within the country"
54,"i1313wm","Fixed-to-mobile telephone traffic",,"minutes",98,"GTM","Guatemala","2.002804597E9",2019,"","Superintendencia de Telecomunicaciones (SIT)","Refers to total traffic from all fixed-telephone networks to all mobile-cellular networks within the country"
54,"i1313wm","Fixed-to-mobile telephone traffic",,"minutes",98,"GTM","Guatemala","1.57430568179E9",2020,"","Superintendencia de Telecomunicaciones (SIT)","Refers to total traffic from all fixed-telephone networks to all mobile-cellular networks within the country"
54,"i1313wm","Fixed-to-mobile telephone traffic",,"minutes",98,"GTM","Guatemala","1.32885384025E9",2021,"","Superintendencia de Telecomunicaciones (SIT)","Refers to total traffic from all fixed-telephone networks to all mobile-cellular networks within the country"
54,"i1313wm","Fixed-to-mobile telephone traffic",,"minutes",102,"GUY","Guyana","1.41E8",2007,"","National Frequency Management Unit","Refers to total traffic from all fixed-telephone networks to all mobile-cellular networks within the country"
54,"i1313wm","Fixed-to-mobile telephone traffic",,"minutes",102,"GUY","Guyana","1.315E8",2008,"","National Frequency Management Unit","Refers to total traffic from all fixed-telephone networks to all mobile-cellular networks within the country"
54,"i1313wm","Fixed-to-mobile telephone traffic",,"minutes",102,"GUY","Guyana","1.09E8",2009,"","National Frequency Management Unit","Refers to total traffic from all fixed-telephone networks to all mobile-cellular networks within the country"
54,"i1313wm","Fixed-to-mobile telephone traffic",,"minutes",102,"GUY","Guyana","1.03E8",2010,"","National Frequency Management Unit","Refers to total traffic from all fixed-telephone networks to all mobile-cellular networks within the country"
54,"i1313wm","Fixed-to-mobile telephone traffic",,"minutes",102,"GUY","Guyana","9.8947087E7",2011,"","National Frequency Management Unit","Refers to total traffic from all fixed-telephone networks to all mobile-cellular networks within the country"
54,"i1313wm","Fixed-to-mobile telephone traffic",,"minutes",102,"GUY","Guyana","9.0936973E7",2012,"","National Frequency Management Unit","Refers to total traffic from all fixed-telephone networks to all mobile-cellular networks within the country"
54,"i1313wm","Fixed-to-mobile telephone traffic",,"minutes",102,"GUY","Guyana","8.9014512E7",2013,"","National Frequency Management Unit","Refers to total traffic from all fixed-telephone networks to all mobile-cellular networks within the country"
54,"i1313wm","Fixed-to-mobile telephone traffic",,"minutes",102,"GUY","Guyana","9.3372162E7",2016,"","National Frequency Management Unit","Refers to total traffic from all fixed-telephone networks to all mobile-cellular networks within the country"
54,"i1313wm","Fixed-to-mobile telephone traffic",,"minutes",102,"GUY","Guyana","8.7343511E7",2017,"","National Frequency Management Unit","Refers to total traffic from all fixed-telephone networks to all mobile-cellular networks within the country"
54,"i1313wm","Fixed-to-mobile telephone traffic",,"minutes",103,"HKG","Hong Kong, China","7.913212898E9",2001,"","","Refers to total traffic from all fixed-telephone networks to all mobile-cellular networks within the country"
54,"i1313wm","Fixed-to-mobile telephone traffic",,"minutes",103,"HKG","Hong Kong, China","7.068705419E9",2002,"","","Refers to total traffic from all fixed-telephone networks to all mobile-cellular networks within the country"
54,"i1313wm","Fixed-to-mobile telephone traffic",,"minutes",103,"HKG","Hong Kong, China","7.123119639E9",2003,"","","Refers to total traffic from all fixed-telephone networks to all mobile-cellular networks within the country"
54,"i1313wm","Fixed-to-mobile telephone traffic",,"minutes",103,"HKG","Hong Kong, China","6.978450213E9",2004,"","","Refers to total traffic from all fixed-telephone networks to all mobile-cellular networks within the country"
54,"i1313wm","Fixed-to-mobile telephone traffic",,"minutes",103,"HKG","Hong Kong, China","7.606128806E9",2005,"","","Refers to total traffic from all fixed-telephone networks to all mobile-cellular networks within the country"
54,"i1313wm","Fixed-to-mobile telephone traffic",,"minutes",103,"HKG","Hong Kong, China","7.472720382E9",2006,"","","Refers to total traffic from all fixed-telephone networks to all mobile-cellular networks within the country"
54,"i1313wm","Fixed-to-mobile telephone traffic",,"minutes",103,"HKG","Hong Kong, China","7.9736702E9",2007,"","Office of the Telecommunications Authority","Refers to total traffic from all fixed-telephone networks to all mobile-cellular networks within the country"
54,"i1313wm","Fixed-to-mobile telephone traffic",,"minutes",103,"HKG","Hong Kong, China","8.398317246E9",2008,"","Office of the Telecommunications Authority","Refers to total traffic from all fixed-telephone networks to all mobile-cellular networks within the country"
54,"i1313wm","Fixed-to-mobile telephone traffic",,"minutes",103,"HKG","Hong Kong, China","7.926378791E9",2009,"","Office of the Telecommunications Authority","Refers to total traffic from all fixed-telephone networks to all mobile-cellular networks within the country"
54,"i1313wm","Fixed-to-mobile telephone traffic",,"minutes",103,"HKG","Hong Kong, China","7.543284814E9",2010,"","Office of the Telecommunications Authority","Refers to total traffic from all fixed-telephone networks to all mobile-cellular networks within the country"
54,"i1313wm","Fixed-to-mobile telephone traffic",,"minutes",103,"HKG","Hong Kong, China","7.036885368E9",2011,"","Office of the Communications Authority","Refers to total traffic from all fixed-telephone networks to all mobile-cellular networks within the country"
54,"i1313wm","Fixed-to-mobile telephone traffic",,"minutes",103,"HKG","Hong Kong, China","6.10016603E9",2012,"","Office of the Communications Authority","Refers to total traffic from all fixed-telephone networks to all mobile-cellular networks within the country"
54,"i1313wm","Fixed-to-mobile telephone traffic",,"minutes",103,"HKG","Hong Kong, China","5.391660965E9",2013,"","Office of the Communications Authority","Refers to total traffic from all fixed-telephone networks to all mobile-cellular networks within the country"
54,"i1313wm","Fixed-to-mobile telephone traffic",,"minutes",103,"HKG","Hong Kong, China","4.920071449E9",2014,"","Office of the Communications Authority","Refers to total traffic from all fixed-telephone networks to all mobile-cellular networks within the country"
54,"i1313wm","Fixed-to-mobile telephone traffic",,"minutes",103,"HKG","Hong Kong, China","4.716634933E9",2015,"","Office of the Communications Authority","Refers to total traffic from all fixed-telephone networks to all mobile-cellular networks within the country"
54,"i1313wm","Fixed-to-mobile telephone traffic",,"minutes",103,"HKG","Hong Kong, China","3.882716402E9",2016,"","Office of the Communications Authority","Refers to total traffic from all fixed-telephone networks to all mobile-cellular networks within the country"
54,"i1313wm","Fixed-to-mobile telephone traffic",,"minutes",103,"HKG","Hong Kong, China","3.017298267E9",2017,"","Office of the Communications Authority","Refers to total traffic from all fixed-telephone networks to all mobile-cellular networks within the country"
54,"i1313wm","Fixed-to-mobile telephone traffic",,"minutes",103,"HKG","Hong Kong, China","2.64784153E9",2018,"","Office of the Communications Authority","Refers to total traffic from all fixed-telephone networks to all mobile-cellular networks within the country"
54,"i1313wm","Fixed-to-mobile telephone traffic",,"minutes",103,"HKG","Hong Kong, China","2.586937193E9",2019,"","Office of the Communications Authority","Refers to total traffic from all fixed-telephone networks to all mobile-cellular networks within the country"
54,"i1313wm","Fixed-to-mobile telephone traffic",,"minutes",103,"HKG","Hong Kong, China","2.544693191E9",2020,"","Office of the Communications Authority","Refers to total traffic from all fixed-telephone networks to all mobile-cellular networks within the country"
54,"i1313wm","Fixed-to-mobile telephone traffic",,"minutes",103,"HKG","Hong Kong, China","2.230963474E9",2021,"","Office of the Communications Authority","Refers to total traffic from all fixed-telephone networks to all mobile-cellular networks within the country"
54,"i1313wm","Fixed-to-mobile telephone traffic",,"minutes",104,"HND","Honduras","1.7104389E8",2004,"","","Refers to total traffic from all fixed-telephone networks to all mobile-cellular networks within the country"
54,"i1313wm","Fixed-to-mobile telephone traffic",,"minutes",104,"HND","Honduras","2.42808127E8",2005,"","","Refers to total traffic from all fixed-telephone networks to all mobile-cellular networks within the country"
54,"i1313wm","Fixed-to-mobile telephone traffic",,"minutes",104,"HND","Honduras","3.63389984E8",2006,"","","Refers to total traffic from all fixed-telephone networks to all mobile-cellular networks within the country"
54,"i1313wm","Fixed-to-mobile telephone traffic",,"minutes",104,"HND","Honduras","4.12920585E8",2007,"","","Refers to total traffic from all fixed-telephone networks to all mobile-cellular networks within the country"
54,"i1313wm","Fixed-to-mobile telephone traffic",,"minutes",104,"HND","Honduras","3.15981765E8",2008,"","CONATEL","Refers to total traffic from all fixed-telephone networks to all mobile-cellular networks within the country"
54,"i1313wm","Fixed-to-mobile telephone traffic",,"minutes",104,"HND","Honduras","2.71209008E8",2009,"","CONATEL","Refers to total traffic from all fixed-telephone networks to all mobile-cellular networks within the country"
54,"i1313wm","Fixed-to-mobile telephone traffic",,"minutes",104,"HND","Honduras","3.30893111E8",2010,"","Comisión Nacional de Telecomunicaciones (CONATEL)","Refers to total traffic from all fixed-telephone networks to all mobile-cellular networks within the country"
54,"i1313wm","Fixed-to-mobile telephone traffic",,"minutes",104,"HND","Honduras","4.40876226E8",2011,"","Comisión Nacional de Telecomunicaciones (CONATEL)","Refers to total traffic from all fixed-telephone networks to all mobile-cellular networks within the country"
54,"i1313wm","Fixed-to-mobile telephone traffic",,"minutes",104,"HND","Honduras","1.05992858E8",2012,"","Comisión Nacional de Telecomunicaciones (CONATEL)","Refers to total traffic from all fixed-telephone networks to all mobile-cellular networks within the country"
54,"i1313wm","Fixed-to-mobile telephone traffic",,"minutes",104,"HND","Honduras","2.56343732E8",2013,"","Comisión Nacional de Telecomunicaciones (CONATEL)","Refers to total traffic from all fixed-telephone networks to all mobile-cellular networks within the country"
54,"i1313wm","Fixed-to-mobile telephone traffic",,"minutes",104,"HND","Honduras","4.3702396E8",2014,"","Comisión Nacional de Telecomunicaciones (CONATEL)","Refers to total traffic from all fixed-telephone networks to all mobile-cellular networks within the country"
54,"i1313wm","Fixed-to-mobile telephone traffic",,"minutes",104,"HND","Honduras","1.20429011E8",2015,"","Comisión Nacional de Telecomunicaciones (CONATEL)","Refers to total traffic from all fixed-telephone networks to all mobile-cellular networks within the country"
54,"i1313wm","Fixed-to-mobile telephone traffic",,"minutes",104,"HND","Honduras","1.1096845E8",2016,"Incl. outgoing interconnection traffic.","Conatel","Refers to total traffic from all fixed-telephone networks to all mobile-cellular networks within the country"
54,"i1313wm","Fixed-to-mobile telephone traffic",,"minutes",104,"HND","Honduras","1.00337161E8",2017,"","CONATEL","Refers to total traffic from all fixed-telephone networks to all mobile-cellular networks within the country"
54,"i1313wm","Fixed-to-mobile telephone traffic",,"minutes",104,"HND","Honduras","8.6782055E7",2018,"","Comisión Nacional de Telecomunicaciones (CONATEL)","Refers to total traffic from all fixed-telephone networks to all mobile-cellular networks within the country"
54,"i1313wm","Fixed-to-mobile telephone traffic",,"minutes",104,"HND","Honduras","8.400871E7",2019,"","Comisión Nacional de Telecomunicaciones (CONATEL)","Refers to total traffic from all fixed-telephone networks to all mobile-cellular networks within the country"
54,"i1313wm","Fixed-to-mobile telephone traffic",,"minutes",104,"HND","Honduras","5.9572749E7",2020,"","Comisión Nacional de Telecomunicaciones (CONATEL)","Refers to total traffic from all fixed-telephone networks to all mobile-cellular networks within the country"
54,"i1313wm","Fixed-to-mobile telephone traffic",,"minutes",104,"HND","Honduras","7.4249637E7",2021,"","Comisión Nacional de Telecomunicaciones (CONATEL)","Refers to total traffic from all fixed-telephone networks to all mobile-cellular networks within the country"
54,"i1313wm","Fixed-to-mobile telephone traffic",,"minutes",105,"HUN","Hungary","1.102458876E9",2000,"","National Communications Authority.","Refers to total traffic from all fixed-telephone networks to all mobile-cellular networks within the country"
54,"i1313wm","Fixed-to-mobile telephone traffic",,"minutes",105,"HUN","Hungary","1.540797349E9",2001,"","National Communications Authority.","Refers to total traffic from all fixed-telephone networks to all mobile-cellular networks within the country"
54,"i1313wm","Fixed-to-mobile telephone traffic",,"minutes",105,"HUN","Hungary","1.246756466E9",2002,"","National Communications Authority.","Refers to total traffic from all fixed-telephone networks to all mobile-cellular networks within the country"
54,"i1313wm","Fixed-to-mobile telephone traffic",,"minutes",105,"HUN","Hungary","1.228815449E9",2003,"","National Communications Authority.","Refers to total traffic from all fixed-telephone networks to all mobile-cellular networks within the country"
54,"i1313wm","Fixed-to-mobile telephone traffic",,"minutes",105,"HUN","Hungary","1.185529629E9",2004,"","National Communications Authority.","Refers to total traffic from all fixed-telephone networks to all mobile-cellular networks within the country"
54,"i1313wm","Fixed-to-mobile telephone traffic",,"minutes",105,"HUN","Hungary","1.2043E9",2005,"","National Communications Authority.","Refers to total traffic from all fixed-telephone networks to all mobile-cellular networks within the country"
54,"i1313wm","Fixed-to-mobile telephone traffic",,"minutes",105,"HUN","Hungary","8.76691774E8",2006,"Significant decrease due to merging of T-Mobile and Magyar Telekom.","National Communications Authority.","Refers to total traffic from all fixed-telephone networks to all mobile-cellular networks within the country"
54,"i1313wm","Fixed-to-mobile telephone traffic",,"minutes",105,"HUN","Hungary","6.95106279E8",2007,"","National Communications Authority.","Refers to total traffic from all fixed-telephone networks to all mobile-cellular networks within the country"
54,"i1313wm","Fixed-to-mobile telephone traffic",,"minutes",105,"HUN","Hungary","6.36E8",2008,"","National Communications Authority.","Refers to total traffic from all fixed-telephone networks to all mobile-cellular networks within the country"
54,"i1313wm","Fixed-to-mobile telephone traffic",,"minutes",105,"HUN","Hungary","5.82E8",2009,"","National Communications Authority, Hungary (NCAH)","Refers to total traffic from all fixed-telephone networks to all mobile-cellular networks within the country"
54,"i1313wm","Fixed-to-mobile telephone traffic",,"minutes",105,"HUN","Hungary","5.55E8",2010,"","National Media and Infocommunications Authority","Refers to total traffic from all fixed-telephone networks to all mobile-cellular networks within the country"
54,"i1313wm","Fixed-to-mobile telephone traffic",,"minutes",105,"HUN","Hungary","8.01E8",2011,"","National Media and Infocommunications Authority","Refers to total traffic from all fixed-telephone networks to all mobile-cellular networks within the country"
54,"i1313wm","Fixed-to-mobile telephone traffic",,"minutes",105,"HUN","Hungary","9.02E8",2012,"","National Media and Infocommunications Authority","Refers to total traffic from all fixed-telephone networks to all mobile-cellular networks within the country"
54,"i1313wm","Fixed-to-mobile telephone traffic",,"minutes",105,"HUN","Hungary","7.85E8",2013,"","National Media and Infocommunications Authority","Refers to total traffic from all fixed-telephone networks to all mobile-cellular networks within the country"
54,"i1313wm","Fixed-to-mobile telephone traffic",,"minutes",105,"HUN","Hungary","6.58E8",2014,"Source: Hungarian Central Statistical Office.","National Media and Infocommunications Authority","Refers to total traffic from all fixed-telephone networks to all mobile-cellular networks within the country"
54,"i1313wm","Fixed-to-mobile telephone traffic",,"minutes",105,"HUN","Hungary","6.2E8",2015,"","National Media and Infocommunications Authority","Refers to total traffic from all fixed-telephone networks to all mobile-cellular networks within the country"
54,"i1313wm","Fixed-to-mobile telephone traffic",,"minutes",105,"HUN","Hungary","7.09E8",2016,"Source: Hungarian Central Statistical Office.","National Media and Infocommunications Authority","Refers to total traffic from all fixed-telephone networks to all mobile-cellular networks within the country"
54,"i1313wm","Fixed-to-mobile telephone traffic",,"minutes",105,"HUN","Hungary","8.42353E8",2017,"Source: Hungarian Central Statistical Office","National Media and Infocommunications Authority","Refers to total traffic from all fixed-telephone networks to all mobile-cellular networks within the country"
54,"i1313wm","Fixed-to-mobile telephone traffic",,"minutes",105,"HUN","Hungary","8.34E8",2018,"Source: Hungarian Central Statistical Office","National Media and Infocommunications Authority","Refers to total traffic from all fixed-telephone networks to all mobile-cellular networks within the country"
54,"i1313wm","Fixed-to-mobile telephone traffic",,"minutes",105,"HUN","Hungary","8.08E8",2019,"Source: Hungarian Central Statistical Office","National Media and Infocommunications Authority","Refers to total traffic from all fixed-telephone networks to all mobile-cellular networks within the country"
54,"i1313wm","Fixed-to-mobile telephone traffic",,"minutes",105,"HUN","Hungary","9.2E8",2020,"Source: Hungarian Central Statistical Office","National Media and Infocommunications Authority","Refers to total traffic from all fixed-telephone networks to all mobile-cellular networks within the country"
54,"i1313wm","Fixed-to-mobile telephone traffic",,"minutes",105,"HUN","Hungary","8.65829E8",2021,"","National Media and Infocommunications Authority","Refers to total traffic from all fixed-telephone networks to all mobile-cellular networks within the country"
54,"i1313wm","Fixed-to-mobile telephone traffic",,"minutes",106,"NLD","Netherlands","2.2E9",2000,"","KPN, Libertel.","Refers to total traffic from all fixed-telephone networks to all mobile-cellular networks within the country"
54,"i1313wm","Fixed-to-mobile telephone traffic",,"minutes",106,"NLD","Netherlands","2.5E9",2001,"","Independent Post and Telecommunications Authority (OPTA).","Refers to total traffic from all fixed-telephone networks to all mobile-cellular networks within the country"
54,"i1313wm","Fixed-to-mobile telephone traffic",,"minutes",106,"NLD","Netherlands","2.7E9",2002,"","Independent Post and Telecommunications Authority (OPTA).","Refers to total traffic from all fixed-telephone networks to all mobile-cellular networks within the country"
54,"i1313wm","Fixed-to-mobile telephone traffic",,"minutes",106,"NLD","Netherlands","2.6E9",2003,"","Independent Post and Telecommunications Authority (OPTA).","Refers to total traffic from all fixed-telephone networks to all mobile-cellular networks within the country"
54,"i1313wm","Fixed-to-mobile telephone traffic",,"minutes",106,"NLD","Netherlands","3.47E9",2006,"","Independent Post and Telecommunications Authority (OPTA).","Refers to total traffic from all fixed-telephone networks to all mobile-cellular networks within the country"
54,"i1313wm","Fixed-to-mobile telephone traffic",,"minutes",106,"NLD","Netherlands","8.58461E8",2007,"September.","Independent Post and Telecommunications Authority (OPTA).","Refers to total traffic from all fixed-telephone networks to all mobile-cellular networks within the country"
54,"i1313wm","Fixed-to-mobile telephone traffic",,"minutes",106,"NLD","Netherlands","3.223E9",2009,"","OPTA","Refers to total traffic from all fixed-telephone networks to all mobile-cellular networks within the country"
54,"i1313wm","Fixed-to-mobile telephone traffic",,"minutes",106,"NLD","Netherlands","3.125E9",2010,"","Independent Post and Telecommunication Authority","Refers to total traffic from all fixed-telephone networks to all mobile-cellular networks within the country"
54,"i1313wm","Fixed-to-mobile telephone traffic",,"minutes",106,"NLD","Netherlands","3.044351511E9",2011,"","Independent Post and Telecommunication Authority","Refers to total traffic from all fixed-telephone networks to all mobile-cellular networks within the country"
54,"i1313wm","Fixed-to-mobile telephone traffic",,"minutes",106,"NLD","Netherlands","3.159626E9",2012,"","Authority for Consumers and Markets","Refers to total traffic from all fixed-telephone networks to all mobile-cellular networks within the country"
54,"i1313wm","Fixed-to-mobile telephone traffic",,"minutes",106,"NLD","Netherlands","3.421765E9",2014,"Q4 2014.","Authority for Consumers and Markets","Refers to total traffic from all fixed-telephone networks to all mobile-cellular networks within the country"
54,"i1313wm","Fixed-to-mobile telephone traffic",,"minutes",106,"NLD","Netherlands","3.134669E9",2015,"","Authority for Consumers and Markets","Refers to total traffic from all fixed-telephone networks to all mobile-cellular networks within the country"
54,"i1313wm","Fixed-to-mobile telephone traffic",,"minutes",106,"NLD","Netherlands","2.901482E9",2016,"","Authority for Consumers and Markets","Refers to total traffic from all fixed-telephone networks to all mobile-cellular networks within the country"
54,"i1313wm","Fixed-to-mobile telephone traffic",,"minutes",106,"NLD","Netherlands","2.508429E9",2017,"","The ACM","Refers to total traffic from all fixed-telephone networks to all mobile-cellular networks within the country"
54,"i1313wm","Fixed-to-mobile telephone traffic",,"minutes",106,"NLD","Netherlands","2.470507E9",2018,"","The Netherlands Authority for Consumers and Markets","Refers to total traffic from all fixed-telephone networks to all mobile-cellular networks within the country"
54,"i1313wm","Fixed-to-mobile telephone traffic",,"minutes",106,"NLD","Netherlands","2.167049E9",2019,"","Authority for Consumers and Markets","Refers to total traffic from all fixed-telephone networks to all mobile-cellular networks within the country"
54,"i1313wm","Fixed-to-mobile telephone traffic",,"minutes",107,"HRV","Croatia","8.19158E8",2002,"","","Refers to total traffic from all fixed-telephone networks to all mobile-cellular networks within the country"
54,"i1313wm","Fixed-to-mobile telephone traffic",,"minutes",107,"HRV","Croatia","8.11932E8",2003,"","","Refers to total traffic from all fixed-telephone networks to all mobile-cellular networks within the country"
54,"i1313wm","Fixed-to-mobile telephone traffic",,"minutes",107,"HRV","Croatia","7.72829E8",2004,"","","Refers to total traffic from all fixed-telephone networks to all mobile-cellular networks within the country"
54,"i1313wm","Fixed-to-mobile telephone traffic",,"minutes",107,"HRV","Croatia","6.76702E8",2005,"","","Refers to total traffic from all fixed-telephone networks to all mobile-cellular networks within the country"
54,"i1313wm","Fixed-to-mobile telephone traffic",,"minutes",107,"HRV","Croatia","6.26631E8",2006,"","","Refers to total traffic from all fixed-telephone networks to all mobile-cellular networks within the country"
54,"i1313wm","Fixed-to-mobile telephone traffic",,"minutes",107,"HRV","Croatia","5.030607E8",2007,"","Croatian Post and Electronic Communications Agency, HAKOM","Refers to total traffic from all fixed-telephone networks to all mobile-cellular networks within the country"
54,"i1313wm","Fixed-to-mobile telephone traffic",,"minutes",107,"HRV","Croatia","5.593511E8",2008,"","Croatian Post and Electronic Communications Agency, HAKOM","Refers to total traffic from all fixed-telephone networks to all mobile-cellular networks within the country"
54,"i1313wm","Fixed-to-mobile telephone traffic",,"minutes",107,"HRV","Croatia","4.86004453E8",2009,"","Croatian Post and Electronic Communications Agency, HAKOM","Refers to total traffic from all fixed-telephone networks to all mobile-cellular networks within the country"
54,"i1313wm","Fixed-to-mobile telephone traffic",,"minutes",107,"HRV","Croatia","4.29273875E8",2010,"","Croatian Post and Electronic Communications Agency (HAKOM)","Refers to total traffic from all fixed-telephone networks to all mobile-cellular networks within the country"
54,"i1313wm","Fixed-to-mobile telephone traffic",,"minutes",107,"HRV","Croatia","3.51201236E8",2011,"","Croatian Post and Electronic Communications Agency (HAKOM)","Refers to total traffic from all fixed-telephone networks to all mobile-cellular networks within the country"
54,"i1313wm","Fixed-to-mobile telephone traffic",,"minutes",107,"HRV","Croatia","2.95871782E8",2012,"","Croatian Post and Electronic Communications Agency (HAKOM)","Refers to total traffic from all fixed-telephone networks to all mobile-cellular networks within the country"
54,"i1313wm","Fixed-to-mobile telephone traffic",,"minutes",107,"HRV","Croatia","2.5084375E8",2013,"","Croatian Regulatory Authority for Network Industries","Refers to total traffic from all fixed-telephone networks to all mobile-cellular networks within the country"
54,"i1313wm","Fixed-to-mobile telephone traffic",,"minutes",107,"HRV","Croatia","1.96231537E8",2014,"","Croatian Regulatory Authority for Network Industries","Refers to total traffic from all fixed-telephone networks to all mobile-cellular networks within the country"
54,"i1313wm","Fixed-to-mobile telephone traffic",,"minutes",107,"HRV","Croatia","1.99046044E8",2015,"","Croatian Regulatory Authority for Network Industries","Refers to total traffic from all fixed-telephone networks to all mobile-cellular networks within the country"
54,"i1313wm","Fixed-to-mobile telephone traffic",,"minutes",107,"HRV","Croatia","2.43773086E8",2016,"","HAKOM","Refers to total traffic from all fixed-telephone networks to all mobile-cellular networks within the country"
54,"i1313wm","Fixed-to-mobile telephone traffic",,"minutes",107,"HRV","Croatia","2.85751654E8",2017,"","HAKOM","Refers to total traffic from all fixed-telephone networks to all mobile-cellular networks within the country"
54,"i1313wm","Fixed-to-mobile telephone traffic",,"minutes",107,"HRV","Croatia","2.98253496E8",2018,"","HAKOM","Refers to total traffic from all fixed-telephone networks to all mobile-cellular networks within the country"
54,"i1313wm","Fixed-to-mobile telephone traffic",,"minutes",107,"HRV","Croatia","2.95877407E8",2019,"","Croatian Regulatory Authority for Network Industries","Refers to total traffic from all fixed-telephone networks to all mobile-cellular networks within the country"
54,"i1313wm","Fixed-to-mobile telephone traffic",,"minutes",107,"HRV","Croatia","3.3358553E8",2020,"","Croatian Regulatory Authority for Network Industries","Refers to total traffic from all fixed-telephone networks to all mobile-cellular networks within the country"
54,"i1313wm","Fixed-to-mobile telephone traffic",,"minutes",107,"HRV","Croatia","3.14265443E8",2021,"","Croatian Regulatory Authority for Network Industries","Refers to total traffic from all fixed-telephone networks to all mobile-cellular networks within the country"
54,"i1313wm","Fixed-to-mobile telephone traffic",,"minutes",108,"HTI","Haiti","171803.0",2014,"Natcom","Conseil National des Télécommunications","Refers to total traffic from all fixed-telephone networks to all mobile-cellular networks within the country"
54,"i1313wm","Fixed-to-mobile telephone traffic",,"minutes",108,"HTI","Haiti","326037.0",2016,"","CONATEL (Conseil National des Télécommunications)","Refers to total traffic from all fixed-telephone networks to all mobile-cellular networks within the country"
54,"i1313wm","Fixed-to-mobile telephone traffic",,"minutes",108,"HTI","Haiti","333569.0",2017,"","CONATEL (Conseil National des Télécommunications)","Refers to total traffic from all fixed-telephone networks to all mobile-cellular networks within the country"
54,"i1313wm","Fixed-to-mobile telephone traffic",,"minutes",108,"HTI","Haiti","348919.0",2019,"","CONATEL (Conseil National des Télécommunications)","Refers to total traffic from all fixed-telephone networks to all mobile-cellular networks within the country"
54,"i1313wm","Fixed-to-mobile telephone traffic",,"minutes",111,"ITA","Italy","1.18E10",2000,"","","Refers to total traffic from all fixed-telephone networks to all mobile-cellular networks within the country"
54,"i1313wm","Fixed-to-mobile telephone traffic",,"minutes",111,"ITA","Italy","1.6212E10",2003,"","","Refers to total traffic from all fixed-telephone networks to all mobile-cellular networks within the country"
54,"i1313wm","Fixed-to-mobile telephone traffic",,"minutes",111,"ITA","Italy","2.0041E10",2004,"","","Refers to total traffic from all fixed-telephone networks to all mobile-cellular networks within the country"
54,"i1313wm","Fixed-to-mobile telephone traffic",,"minutes",111,"ITA","Italy","1.73E10",2005,"","","Refers to total traffic from all fixed-telephone networks to all mobile-cellular networks within the country"
54,"i1313wm","Fixed-to-mobile telephone traffic",,"minutes",111,"ITA","Italy","1.69E10",2006,"","","Refers to total traffic from all fixed-telephone networks to all mobile-cellular networks within the country"
54,"i1313wm","Fixed-to-mobile telephone traffic",,"minutes",111,"ITA","Italy","1.491E10",2008,"","Ministry of Economic Development","Refers to total traffic from all fixed-telephone networks to all mobile-cellular networks within the country"
54,"i1313wm","Fixed-to-mobile telephone traffic",,"minutes",111,"ITA","Italy","1.3147E10",2009,"","Ministry of ECONOMIC DEVELOPMENT - dep. of Communications","Refers to total traffic from all fixed-telephone networks to all mobile-cellular networks within the country"
54,"i1313wm","Fixed-to-mobile telephone traffic",,"minutes",111,"ITA","Italy","1.2077583567E10",2010,"Agcom Annual Reports 2010 and 2011.","Ministry of ECONOMIC DEVELOPMENT - dep. of Communications","Refers to total traffic from all fixed-telephone networks to all mobile-cellular networks within the country"
54,"i1313wm","Fixed-to-mobile telephone traffic",,"minutes",111,"ITA","Italy","1.0851189213E10",2011,"Source: Agcom Annual report , raw data.","Ministry of ECONOMIC DEVELOPMENT - dep. of Communications","Refers to total traffic from all fixed-telephone networks to all mobile-cellular networks within the country"
54,"i1313wm","Fixed-to-mobile telephone traffic",,"minutes",111,"ITA","Italy","1.0225150337E10",2012,"Source: Agcom Annual Report 2013, raw data","Ministry of ECONOMIC DEVELOPMENT - dep. of Communications","Refers to total traffic from all fixed-telephone networks to all mobile-cellular networks within the country"
54,"i1313wm","Fixed-to-mobile telephone traffic",,"minutes",111,"ITA","Italy","8.8728429E9",2013,"Source: Agcom Annual Report 2014, raw data","Ministry of ECONOMIC DEVELOPMENT - dep. of Communications","Refers to total traffic from all fixed-telephone networks to all mobile-cellular networks within the country"
54,"i1313wm","Fixed-to-mobile telephone traffic",,"minutes",111,"ITA","Italy","9.856655599E9",2014,"","AGCOM","Refers to total traffic from all fixed-telephone networks to all mobile-cellular networks within the country"
54,"i1313wm","Fixed-to-mobile telephone traffic",,"minutes",111,"ITA","Italy","1.0102706878E10",2015,"Source: AGCOM","Ministry of Economic Development","Refers to total traffic from all fixed-telephone networks to all mobile-cellular networks within the country"
54,"i1313wm","Fixed-to-mobile telephone traffic",,"minutes",111,"ITA","Italy","1.0620746522E10",2016,"Source: AGCOM","AGCOM","Refers to total traffic from all fixed-telephone networks to all mobile-cellular networks within the country"
54,"i1313wm","Fixed-to-mobile telephone traffic",,"minutes",111,"ITA","Italy","1.0854052533E10",2017,"Source: AGCOM","AGCOM","Refers to total traffic from all fixed-telephone networks to all mobile-cellular networks within the country"
54,"i1313wm","Fixed-to-mobile telephone traffic",,"minutes",111,"ITA","Italy","9.73347846E9",2018,"Source: AGCOM","AGCOM","Refers to total traffic from all fixed-telephone networks to all mobile-cellular networks within the country"
54,"i1313wm","Fixed-to-mobile telephone traffic",,"minutes",111,"ITA","Italy","8.458265979E9",2019,"Source: AGCOM","AGCOM","Refers to total traffic from all fixed-telephone networks to all mobile-cellular networks within the country"
54,"i1313wm","Fixed-to-mobile telephone traffic",,"minutes",111,"ITA","Italy","1.0274570096E10",2020,"Source: AGCOM","AGCOM","Refers to total traffic from all fixed-telephone networks to all mobile-cellular networks within the country"
54,"i1313wm","Fixed-to-mobile telephone traffic",,"minutes",111,"ITA","Italy","9.281789222E9",2021,"Source: AGCOM","AGCOM","Refers to total traffic from all fixed-telephone networks to all mobile-cellular networks within the country"
54,"i1313wm","Fixed-to-mobile telephone traffic",,"minutes",113,"IND","India","4.3779E10",2014,"","Department of Telecommunications","Refers to total traffic from all fixed-telephone networks to all mobile-cellular networks within the country"
54,"i1313wm","Fixed-to-mobile telephone traffic",,"minutes",113,"IND","India","4.159863E10",2015,"","Department of Telecommunications","Refers to total traffic from all fixed-telephone networks to all mobile-cellular networks within the country"
54,"i1313wm","Fixed-to-mobile telephone traffic",,"minutes",113,"IND","India","2.9394229631E10",2021,"","Department of Telecommunications","Refers to total traffic from all fixed-telephone networks to all mobile-cellular networks within the country"
54,"i1313wm","Fixed-to-mobile telephone traffic",,"minutes",114,"IDN","Indonesia","6.74712016E8",2017,"","Ministry of Communication and Informatics","Refers to total traffic from all fixed-telephone networks to all mobile-cellular networks within the country"
54,"i1313wm","Fixed-to-mobile telephone traffic",,"minutes",114,"IDN","Indonesia","1.388841009E9",2018,"Ministry of Communications and Informatics","Ministry of Communications and Informatics","Refers to total traffic from all fixed-telephone networks to all mobile-cellular networks within the country"
54,"i1313wm","Fixed-to-mobile telephone traffic",,"minutes",114,"IDN","Indonesia","8.5193986E8",2019,"Ministry of Communications and Informatics","Ministry of Communications and Informatics","Refers to total traffic from all fixed-telephone networks to all mobile-cellular networks within the country"
54,"i1313wm","Fixed-to-mobile telephone traffic",,"minutes",114,"IDN","Indonesia","5.69987297E8",2020,"","Ministry of Communications and Informatics","Refers to total traffic from all fixed-telephone networks to all mobile-cellular networks within the country"
54,"i1313wm","Fixed-to-mobile telephone traffic",,"minutes",114,"IDN","Indonesia","1.71204818E9",2021,"","Ministry of Communications and Informatics","Refers to total traffic from all fixed-telephone networks to all mobile-cellular networks within the country"
54,"i1313wm","Fixed-to-mobile telephone traffic",,"minutes",115,"IRL","Ireland","1.477631E9",2003,"","","Refers to total traffic from all fixed-telephone networks to all mobile-cellular networks within the country"
54,"i1313wm","Fixed-to-mobile telephone traffic",,"minutes",115,"IRL","Ireland","1.61502E9",2004,"","","Refers to total traffic from all fixed-telephone networks to all mobile-cellular networks within the country"
54,"i1313wm","Fixed-to-mobile telephone traffic",,"minutes",115,"IRL","Ireland","1.634096E9",2005,"","","Refers to total traffic from all fixed-telephone networks to all mobile-cellular networks within the country"
54,"i1313wm","Fixed-to-mobile telephone traffic",,"minutes",115,"IRL","Ireland","1.589131E9",2006,"","","Refers to total traffic from all fixed-telephone networks to all mobile-cellular networks within the country"
54,"i1313wm","Fixed-to-mobile telephone traffic",,"minutes",115,"IRL","Ireland","1.494590038E9",2007,"","ComReg","Refers to total traffic from all fixed-telephone networks to all mobile-cellular networks within the country"
54,"i1313wm","Fixed-to-mobile telephone traffic",,"minutes",115,"IRL","Ireland","1.353931279E9",2008,"","ComReg","Refers to total traffic from all fixed-telephone networks to all mobile-cellular networks within the country"
54,"i1313wm","Fixed-to-mobile telephone traffic",,"minutes",115,"IRL","Ireland","1.152167239E9",2009,"","ComReg","Refers to total traffic from all fixed-telephone networks to all mobile-cellular networks within the country"
54,"i1313wm","Fixed-to-mobile telephone traffic",,"minutes",115,"IRL","Ireland","1.004303041E9",2010,"","Commission for Communications Regulation (ComReg)","Refers to total traffic from all fixed-telephone networks to all mobile-cellular networks within the country"
54,"i1313wm","Fixed-to-mobile telephone traffic",,"minutes",115,"IRL","Ireland","8.4423042484E8",2011,"","Commission for Communications Regulation","Refers to total traffic from all fixed-telephone networks to all mobile-cellular networks within the country"
54,"i1313wm","Fixed-to-mobile telephone traffic",,"minutes",115,"IRL","Ireland","7.89302389E8",2012,"","Commission for Communications Regulation","Refers to total traffic from all fixed-telephone networks to all mobile-cellular networks within the country"
54,"i1313wm","Fixed-to-mobile telephone traffic",,"minutes",115,"IRL","Ireland","6.94586286813004E8",2013,"","Commission for Communications Regulation","Refers to total traffic from all fixed-telephone networks to all mobile-cellular networks within the country"
54,"i1313wm","Fixed-to-mobile telephone traffic",,"minutes",115,"IRL","Ireland","6.33965150455742E8",2014,"","Commission for Communications Regulation","Refers to total traffic from all fixed-telephone networks to all mobile-cellular networks within the country"
54,"i1313wm","Fixed-to-mobile telephone traffic",,"minutes",115,"IRL","Ireland","5.9140647723E8",2015,"","Commission for Communications Regulation","Refers to total traffic from all fixed-telephone networks to all mobile-cellular networks within the country"
54,"i1313wm","Fixed-to-mobile telephone traffic",,"minutes",115,"IRL","Ireland","5.6133327E8",2016,"","ComReg","Refers to total traffic from all fixed-telephone networks to all mobile-cellular networks within the country"
54,"i1313wm","Fixed-to-mobile telephone traffic",,"minutes",115,"IRL","Ireland","5.44721775E8",2017,"","ComReg","Refers to total traffic from all fixed-telephone networks to all mobile-cellular networks within the country"
54,"i1313wm","Fixed-to-mobile telephone traffic",,"minutes",115,"IRL","Ireland","5.17969846E8",2018,"","ComReg","Refers to total traffic from all fixed-telephone networks to all mobile-cellular networks within the country"
54,"i1313wm","Fixed-to-mobile telephone traffic",,"minutes",115,"IRL","Ireland","4.73991561E8",2019,"","Commission for Communications Regulation","Refers to total traffic from all fixed-telephone networks to all mobile-cellular networks within the country"
54,"i1313wm","Fixed-to-mobile telephone traffic",,"minutes",115,"IRL","Ireland","5.62136858E8",2020,"","Commission for Communications Regulation","Refers to total traffic from all fixed-telephone networks to all mobile-cellular networks within the country"
54,"i1313wm","Fixed-to-mobile telephone traffic",,"minutes",115,"IRL","Ireland","5.132635074E8",2021,"","Commission for Communications Regulation","Refers to total traffic from all fixed-telephone networks to all mobile-cellular networks within the country"
54,"i1313wm","Fixed-to-mobile telephone traffic",,"minutes",116,"IRN","Iran (Islamic Republic of)","2.84504954E10",2010,"","Iran Information Technology Organization","Refers to total traffic from all fixed-telephone networks to all mobile-cellular networks within the country"
54,"i1313wm","Fixed-to-mobile telephone traffic",,"minutes",116,"IRN","Iran (Islamic Republic of)","3.5465466126E10",2011,"","Iran Information Technology Organization","Refers to total traffic from all fixed-telephone networks to all mobile-cellular networks within the country"
54,"i1313wm","Fixed-to-mobile telephone traffic",,"minutes",116,"IRN","Iran (Islamic Republic of)","2.2515890516E10",2012,"","Iran Information Technology Organization","Refers to total traffic from all fixed-telephone networks to all mobile-cellular networks within the country"
54,"i1313wm","Fixed-to-mobile telephone traffic",,"minutes",116,"IRN","Iran (Islamic Republic of)","1.6667251869E10",2013,"","Iran Information Technology Organization","Refers to total traffic from all fixed-telephone networks to all mobile-cellular networks within the country"
54,"i1313wm","Fixed-to-mobile telephone traffic",,"minutes",116,"IRN","Iran (Islamic Republic of)","2.0471463409E10",2014,"","Information Technology Organization of Iran (ITO)","Refers to total traffic from all fixed-telephone networks to all mobile-cellular networks within the country"
54,"i1313wm","Fixed-to-mobile telephone traffic",,"minutes",116,"IRN","Iran (Islamic Republic of)","1.5756221067E10",2015,"","Information Technology Organization of Iran (ITO)","Refers to total traffic from all fixed-telephone networks to all mobile-cellular networks within the country"
54,"i1313wm","Fixed-to-mobile telephone traffic",,"minutes",116,"IRN","Iran (Islamic Republic of)","1.7414833279E10",2016,"","Information Technology Organization of Iran (ITO)","Refers to total traffic from all fixed-telephone networks to all mobile-cellular networks within the country"
54,"i1313wm","Fixed-to-mobile telephone traffic",,"minutes",116,"IRN","Iran (Islamic Republic of)","1.4609510996E10",2017,"","Information Technology Organization of Iran (ITO)","Refers to total traffic from all fixed-telephone networks to all mobile-cellular networks within the country"
54,"i1313wm","Fixed-to-mobile telephone traffic",,"minutes",116,"IRN","Iran (Islamic Republic of)","1.1891458336E10",2018,"","Information Technology Organization of Iran(ITO)","Refers to total traffic from all fixed-telephone networks to all mobile-cellular networks within the country"
54,"i1313wm","Fixed-to-mobile telephone traffic",,"minutes",116,"IRN","Iran (Islamic Republic of)","1.8824952853E10",2019,"","Information Technology Organization of Iran (ITO)","Refers to total traffic from all fixed-telephone networks to all mobile-cellular networks within the country"
54,"i1313wm","Fixed-to-mobile telephone traffic",,"minutes",116,"IRN","Iran (Islamic Republic of)","1.0265583775E10",2020,"","Information Technology Organization of Iran (ITO)","Refers to total traffic from all fixed-telephone networks to all mobile-cellular networks within the country"
54,"i1313wm","Fixed-to-mobile telephone traffic",,"minutes",116,"IRN","Iran (Islamic Republic of)","8.723959378E9",2021,"","Information Technology Organization of Iran (ITO)","Refers to total traffic from all fixed-telephone networks to all mobile-cellular networks within the country"
54,"i1313wm","Fixed-to-mobile telephone traffic",,"minutes",117,"IRQ","Iraq","400639.0",2017,"to be modified","Communications and Media Commission","Refers to total traffic from all fixed-telephone networks to all mobile-cellular networks within the country"
54,"i1313wm","Fixed-to-mobile telephone traffic",,"minutes",117,"IRQ","Iraq","400639.0",2018,"to be modified","Communications and Media Commission of Iraq","Refers to total traffic from all fixed-telephone networks to all mobile-cellular networks within the country"
54,"i1313wm","Fixed-to-mobile telephone traffic",,"minutes",118,"ISL","Iceland","1.49E8",2001,"","","Refers to total traffic from all fixed-telephone networks to all mobile-cellular networks within the country"
54,"i1313wm","Fixed-to-mobile telephone traffic",,"minutes",118,"ISL","Iceland","1.5E8",2002,"","","Refers to total traffic from all fixed-telephone networks to all mobile-cellular networks within the country"
54,"i1313wm","Fixed-to-mobile telephone traffic",,"minutes",118,"ISL","Iceland","1.52E8",2003,"","","Refers to total traffic from all fixed-telephone networks to all mobile-cellular networks within the country"
54,"i1313wm","Fixed-to-mobile telephone traffic",,"minutes",118,"ISL","Iceland","1.3518E8",2004,"","","Refers to total traffic from all fixed-telephone networks to all mobile-cellular networks within the country"
54,"i1313wm","Fixed-to-mobile telephone traffic",,"minutes",118,"ISL","Iceland","1.39477689E8",2005,"","","Refers to total traffic from all fixed-telephone networks to all mobile-cellular networks within the country"
54,"i1313wm","Fixed-to-mobile telephone traffic",,"minutes",118,"ISL","Iceland","1.40725609E8",2006,"","","Refers to total traffic from all fixed-telephone networks to all mobile-cellular networks within the country"
54,"i1313wm","Fixed-to-mobile telephone traffic",,"minutes",118,"ISL","Iceland","1.43449255E8",2007,"","","Refers to total traffic from all fixed-telephone networks to all mobile-cellular networks within the country"
54,"i1313wm","Fixed-to-mobile telephone traffic",,"minutes",118,"ISL","Iceland","1.48537E8",2008,"","PTA in Iceland","Refers to total traffic from all fixed-telephone networks to all mobile-cellular networks within the country"
54,"i1313wm","Fixed-to-mobile telephone traffic",,"minutes",118,"ISL","Iceland","1.31614E8",2009,"","PTA in Iceland","Refers to total traffic from all fixed-telephone networks to all mobile-cellular networks within the country"
54,"i1313wm","Fixed-to-mobile telephone traffic",,"minutes",118,"ISL","Iceland","1.23453E8",2010,"","Post and Telecom Administration","Refers to total traffic from all fixed-telephone networks to all mobile-cellular networks within the country"
54,"i1313wm","Fixed-to-mobile telephone traffic",,"minutes",118,"ISL","Iceland","1.18223E8",2011,"","Post and Telecom Administration","Refers to total traffic from all fixed-telephone networks to all mobile-cellular networks within the country"
54,"i1313wm","Fixed-to-mobile telephone traffic",,"minutes",118,"ISL","Iceland","1.1281E8",2012,"","Post and Telecom Administration","Refers to total traffic from all fixed-telephone networks to all mobile-cellular networks within the country"
54,"i1313wm","Fixed-to-mobile telephone traffic",,"minutes",118,"ISL","Iceland","1.04523E8",2013,"","Post and Telecom Administration","Refers to total traffic from all fixed-telephone networks to all mobile-cellular networks within the country"
54,"i1313wm","Fixed-to-mobile telephone traffic",,"minutes",118,"ISL","Iceland","9.6527E7",2014,"","Post and Telecom Administration","Refers to total traffic from all fixed-telephone networks to all mobile-cellular networks within the country"
54,"i1313wm","Fixed-to-mobile telephone traffic",,"minutes",118,"ISL","Iceland","8.5186743E7",2015,"","Post and Telecom Administration","Refers to total traffic from all fixed-telephone networks to all mobile-cellular networks within the country"
54,"i1313wm","Fixed-to-mobile telephone traffic",,"minutes",118,"ISL","Iceland","8.4577E7",2016,"","PTA in Iceland","Refers to total traffic from all fixed-telephone networks to all mobile-cellular networks within the country"
54,"i1313wm","Fixed-to-mobile telephone traffic",,"minutes",118,"ISL","Iceland","7.7284E7",2017,"","PTA in Iceland","Refers to total traffic from all fixed-telephone networks to all mobile-cellular networks within the country"
54,"i1313wm","Fixed-to-mobile telephone traffic",,"minutes",118,"ISL","Iceland","6.7678E7",2018,"","ECOI , Electronic Communications Office of Iceland","Refers to total traffic from all fixed-telephone networks to all mobile-cellular networks within the country"
54,"i1313wm","Fixed-to-mobile telephone traffic",,"minutes",118,"ISL","Iceland","6.2589E7",2019,"","Post and Telecom Administration","Refers to total traffic from all fixed-telephone networks to all mobile-cellular networks within the country"
54,"i1313wm","Fixed-to-mobile telephone traffic",,"minutes",118,"ISL","Iceland","6.8187E7",2020,"","Post and Telecom Administration","Refers to total traffic from all fixed-telephone networks to all mobile-cellular networks within the country"
54,"i1313wm","Fixed-to-mobile telephone traffic",,"minutes",118,"ISL","Iceland","6.0325E7",2021,"","Post and Telecom Administration","Refers to total traffic from all fixed-telephone networks to all mobile-cellular networks within the country"
54,"i1313wm","Fixed-to-mobile telephone traffic",,"minutes",119,"ISR","Israel","3.341E9",2000,"","","Refers to total traffic from all fixed-telephone networks to all mobile-cellular networks within the country"
54,"i1313wm","Fixed-to-mobile telephone traffic",,"minutes",119,"ISR","Israel","3.692E9",2001,"","","Refers to total traffic from all fixed-telephone networks to all mobile-cellular networks within the country"
54,"i1313wm","Fixed-to-mobile telephone traffic",,"minutes",119,"ISR","Israel","3.556E9",2002,"","","Refers to total traffic from all fixed-telephone networks to all mobile-cellular networks within the country"
54,"i1313wm","Fixed-to-mobile telephone traffic",,"minutes",119,"ISR","Israel","5.524744836E9",2011,"","Ministry of Communications.","Refers to total traffic from all fixed-telephone networks to all mobile-cellular networks within the country"
54,"i1313wm","Fixed-to-mobile telephone traffic",,"minutes",119,"ISR","Israel","3.17595217E9",2016,"Ministry of Communications","Ministry of Communications","Refers to total traffic from all fixed-telephone networks to all mobile-cellular networks within the country"
54,"i1313wm","Fixed-to-mobile telephone traffic",,"minutes",119,"ISR","Israel","2.882102669E9",2017,"","Ministry of Communications","Refers to total traffic from all fixed-telephone networks to all mobile-cellular networks within the country"
54,"i1313wm","Fixed-to-mobile telephone traffic",,"minutes",119,"ISR","Israel","2.801638727E9",2018,"","Ministry of Communications","Refers to total traffic from all fixed-telephone networks to all mobile-cellular networks within the country"
54,"i1313wm","Fixed-to-mobile telephone traffic",,"minutes",119,"ISR","Israel","2.759899042E9",2019,"","Ministry of Communications","Refers to total traffic from all fixed-telephone networks to all mobile-cellular networks within the country"
54,"i1313wm","Fixed-to-mobile telephone traffic",,"minutes",119,"ISR","Israel","3.66012045233E9",2020,"","Ministry of Communications","Refers to total traffic from all fixed-telephone networks to all mobile-cellular networks within the country"
54,"i1313wm","Fixed-to-mobile telephone traffic",,"minutes",119,"ISR","Israel","2.942849107E9",2021,"","Ministry of Communications","Refers to total traffic from all fixed-telephone networks to all mobile-cellular networks within the country"
54,"i1313wm","Fixed-to-mobile telephone traffic",,"minutes",120,"JPN","Japan","1.53E10",2004,"","","Refers to total traffic from all fixed-telephone networks to all mobile-cellular networks within the country"
54,"i1313wm","Fixed-to-mobile telephone traffic",,"minutes",120,"JPN","Japan","1.11E10",2005,"","","Refers to total traffic from all fixed-telephone networks to all mobile-cellular networks within the country"
54,"i1313wm","Fixed-to-mobile telephone traffic",,"minutes",120,"JPN","Japan","1.362E10",2006,"","","Refers to total traffic from all fixed-telephone networks to all mobile-cellular networks within the country"
54,"i1313wm","Fixed-to-mobile telephone traffic",,"minutes",120,"JPN","Japan","1.2E10",2007,"","Ministry of Internal Affairs and Communications(MIC)","Refers to total traffic from all fixed-telephone networks to all mobile-cellular networks within the country"
54,"i1313wm","Fixed-to-mobile telephone traffic",,"minutes",120,"JPN","Japan","1.056E10",2008,"","Ministry of Internal Affairs and Communications(MIC)","Refers to total traffic from all fixed-telephone networks to all mobile-cellular networks within the country"
54,"i1313wm","Fixed-to-mobile telephone traffic",,"minutes",120,"JPN","Japan","9.78E9",2009,"","Ministry of Internal Affairs and Communications","Refers to total traffic from all fixed-telephone networks to all mobile-cellular networks within the country"
54,"i1313wm","Fixed-to-mobile telephone traffic",,"minutes",120,"JPN","Japan","8.34E9",2010,"","Ministry of Internal Affairs and Communications","Refers to total traffic from all fixed-telephone networks to all mobile-cellular networks within the country"
54,"i1313wm","Fixed-to-mobile telephone traffic",,"minutes",120,"JPN","Japan","7.62E9",2011,"","Ministry of Internal Affairs and Communications","Refers to total traffic from all fixed-telephone networks to all mobile-cellular networks within the country"
54,"i1313wm","Fixed-to-mobile telephone traffic",,"minutes",120,"JPN","Japan","6.6E9",2012,"","Ministry of Internal Affairs and Communications","Refers to total traffic from all fixed-telephone networks to all mobile-cellular networks within the country"
54,"i1313wm","Fixed-to-mobile telephone traffic",,"minutes",120,"JPN","Japan","6.3E9",2013,"","Ministry of Internal Affairs and Communications","Refers to total traffic from all fixed-telephone networks to all mobile-cellular networks within the country"
54,"i1313wm","Fixed-to-mobile telephone traffic",,"minutes",120,"JPN","Japan","5.555E9",2014,"","Ministry of Internal Affairs and Communications","Refers to total traffic from all fixed-telephone networks to all mobile-cellular networks within the country"
54,"i1313wm","Fixed-to-mobile telephone traffic",,"minutes",120,"JPN","Japan","4.902E9",2015,"","Ministry of Internal Affairs and Communications","Refers to total traffic from all fixed-telephone networks to all mobile-cellular networks within the country"
54,"i1313wm","Fixed-to-mobile telephone traffic",,"minutes",120,"JPN","Japan","4.44E9",2016,"","Ministry of Internal Affairs and Communications","Refers to total traffic from all fixed-telephone networks to all mobile-cellular networks within the country"
54,"i1313wm","Fixed-to-mobile telephone traffic",,"minutes",120,"JPN","Japan","4.056E9",2017,"","Ministry of Internal Affairs and Communications","Refers to total traffic from all fixed-telephone networks to all mobile-cellular networks within the country"
54,"i1313wm","Fixed-to-mobile telephone traffic",,"minutes",120,"JPN","Japan","3.798E9",2018,"","Ministry of Internal Affairs and Communications","Refers to total traffic from all fixed-telephone networks to all mobile-cellular networks within the country"
54,"i1313wm","Fixed-to-mobile telephone traffic",,"minutes",120,"JPN","Japan","3.558E9",2019,"","Ministry of Internal Affairs and Communications","Refers to total traffic from all fixed-telephone networks to all mobile-cellular networks within the country"
54,"i1313wm","Fixed-to-mobile telephone traffic",,"minutes",120,"JPN","Japan","3.618E9",2020,"","Ministry of Internal Affairs and Communications","Refers to total traffic from all fixed-telephone networks to all mobile-cellular networks within the country"
54,"i1313wm","Fixed-to-mobile telephone traffic",,"minutes",122,"JAM","Jamaica","6.3257777E8",2000,"","Office of Utilities Regulation","Refers to total traffic from all fixed-telephone networks to all mobile-cellular networks within the country"
54,"i1313wm","Fixed-to-mobile telephone traffic",,"minutes",122,"JAM","Jamaica","6.327783E8",2001,"","Office of Utilities Regulation","Refers to total traffic from all fixed-telephone networks to all mobile-cellular networks within the country"
54,"i1313wm","Fixed-to-mobile telephone traffic",,"minutes",122,"JAM","Jamaica","5.922852E8",2002,"","Office of Utilities Regulation","Refers to total traffic from all fixed-telephone networks to all mobile-cellular networks within the country"
54,"i1313wm","Fixed-to-mobile telephone traffic",,"minutes",122,"JAM","Jamaica","5.379581E8",2003,"","Office of Utilities Regulation","Refers to total traffic from all fixed-telephone networks to all mobile-cellular networks within the country"
54,"i1313wm","Fixed-to-mobile telephone traffic",,"minutes",122,"JAM","Jamaica","4.209504E8",2004,"","Office of Utilities Regulation","Refers to total traffic from all fixed-telephone networks to all mobile-cellular networks within the country"
54,"i1313wm","Fixed-to-mobile telephone traffic",,"minutes",122,"JAM","Jamaica","4.228786E8",2005,"","Office of Utilities Regulation","Refers to total traffic from all fixed-telephone networks to all mobile-cellular networks within the country"
54,"i1313wm","Fixed-to-mobile telephone traffic",,"minutes",122,"JAM","Jamaica","5.59383E8",2006,"","Office of Utilities Regulation","Refers to total traffic from all fixed-telephone networks to all mobile-cellular networks within the country"
54,"i1313wm","Fixed-to-mobile telephone traffic",,"minutes",122,"JAM","Jamaica","5.32107E8",2007,"","Office of Utilities Regulation","Refers to total traffic from all fixed-telephone networks to all mobile-cellular networks within the country"
54,"i1313wm","Fixed-to-mobile telephone traffic",,"minutes",122,"JAM","Jamaica","5.05122E8",2008,"","Office of Utilities Regulation","Refers to total traffic from all fixed-telephone networks to all mobile-cellular networks within the country"
54,"i1313wm","Fixed-to-mobile telephone traffic",,"minutes",122,"JAM","Jamaica","4.01181E8",2009,"","Office of Utilities Regulation","Refers to total traffic from all fixed-telephone networks to all mobile-cellular networks within the country"
54,"i1313wm","Fixed-to-mobile telephone traffic",,"minutes",122,"JAM","Jamaica","7.00369804E8",2010,"","Office of Utilities Regulation","Refers to total traffic from all fixed-telephone networks to all mobile-cellular networks within the country"
54,"i1313wm","Fixed-to-mobile telephone traffic",,"minutes",122,"JAM","Jamaica","5.07719936E8",2011,"","Office of Utilities Regulation","Refers to total traffic from all fixed-telephone networks to all mobile-cellular networks within the country"
54,"i1313wm","Fixed-to-mobile telephone traffic",,"minutes",122,"JAM","Jamaica","4.40393467E8",2012,"","Office of Utilities Regulation","Refers to total traffic from all fixed-telephone networks to all mobile-cellular networks within the country"
54,"i1313wm","Fixed-to-mobile telephone traffic",,"minutes",122,"JAM","Jamaica","3.54441332E8",2013,"","Office of Utilities Regulation","Refers to total traffic from all fixed-telephone networks to all mobile-cellular networks within the country"
54,"i1313wm","Fixed-to-mobile telephone traffic",,"minutes",122,"JAM","Jamaica","5.1206156E8",2014,"","Office of Utilities Regulation","Refers to total traffic from all fixed-telephone networks to all mobile-cellular networks within the country"
54,"i1313wm","Fixed-to-mobile telephone traffic",,"minutes",122,"JAM","Jamaica","5.69705393E8",2015,"","Office of Utilities Regulation","Refers to total traffic from all fixed-telephone networks to all mobile-cellular networks within the country"
54,"i1313wm","Fixed-to-mobile telephone traffic",,"minutes",122,"JAM","Jamaica","3.65103861E8",2016,"","Office of Utilities Regulation","Refers to total traffic from all fixed-telephone networks to all mobile-cellular networks within the country"
54,"i1313wm","Fixed-to-mobile telephone traffic",,"minutes",122,"JAM","Jamaica","3.24228715E8",2017,"","Office of Utilities Regulation","Refers to total traffic from all fixed-telephone networks to all mobile-cellular networks within the country"
54,"i1313wm","Fixed-to-mobile telephone traffic",,"minutes",122,"JAM","Jamaica","3.21290483E8",2018,"","Office of Utilities Regulation","Refers to total traffic from all fixed-telephone networks to all mobile-cellular networks within the country"
54,"i1313wm","Fixed-to-mobile telephone traffic",,"minutes",122,"JAM","Jamaica","2.68257559E8",2019,"","Office of Utilities Regulation","Refers to total traffic from all fixed-telephone networks to all mobile-cellular networks within the country"
54,"i1313wm","Fixed-to-mobile telephone traffic",,"minutes",122,"JAM","Jamaica","2.25233999E8",2020,"","Office of Utilities Regulation","Refers to total traffic from all fixed-telephone networks to all mobile-cellular networks within the country"
54,"i1313wm","Fixed-to-mobile telephone traffic",,"minutes",122,"JAM","Jamaica","2.55606029E8",2021,"","Office of Utilities Regulation","Refers to total traffic from all fixed-telephone networks to all mobile-cellular networks within the country"
54,"i1313wm","Fixed-to-mobile telephone traffic",,"minutes",124,"JOR","Jordan","1.03390515E8",2000,"","","Refers to total traffic from all fixed-telephone networks to all mobile-cellular networks within the country"
54,"i1313wm","Fixed-to-mobile telephone traffic",,"minutes",124,"JOR","Jordan","2.13884871E8",2001,"","","Refers to total traffic from all fixed-telephone networks to all mobile-cellular networks within the country"
54,"i1313wm","Fixed-to-mobile telephone traffic",,"minutes",124,"JOR","Jordan","1.74826915E8",2002,"","","Refers to total traffic from all fixed-telephone networks to all mobile-cellular networks within the country"
54,"i1313wm","Fixed-to-mobile telephone traffic",,"minutes",124,"JOR","Jordan","1.57920699E8",2003,"","","Refers to total traffic from all fixed-telephone networks to all mobile-cellular networks within the country"
54,"i1313wm","Fixed-to-mobile telephone traffic",,"minutes",124,"JOR","Jordan","1.87E8",2004,"","","Refers to total traffic from all fixed-telephone networks to all mobile-cellular networks within the country"
54,"i1313wm","Fixed-to-mobile telephone traffic",,"minutes",124,"JOR","Jordan","1.72776133E8",2005,"","","Refers to total traffic from all fixed-telephone networks to all mobile-cellular networks within the country"
54,"i1313wm","Fixed-to-mobile telephone traffic",,"minutes",124,"JOR","Jordan","1.9356707E8",2006,"","","Refers to total traffic from all fixed-telephone networks to all mobile-cellular networks within the country"
54,"i1313wm","Fixed-to-mobile telephone traffic",,"minutes",124,"JOR","Jordan","1.91622073E8",2007,"","","Refers to total traffic from all fixed-telephone networks to all mobile-cellular networks within the country"
54,"i1313wm","Fixed-to-mobile telephone traffic",,"minutes",124,"JOR","Jordan","1.70984482E8",2008,"","Telecommunications Regulatory commission","Refers to total traffic from all fixed-telephone networks to all mobile-cellular networks within the country"
54,"i1313wm","Fixed-to-mobile telephone traffic",,"minutes",124,"JOR","Jordan","1.58168737E8",2009,"","Telecommunications Regulatory commission","Refers to total traffic from all fixed-telephone networks to all mobile-cellular networks within the country"
54,"i1313wm","Fixed-to-mobile telephone traffic",,"minutes",124,"JOR","Jordan","1.52206563E8",2010,"","Telecommunications Regulatory Commission","Refers to total traffic from all fixed-telephone networks to all mobile-cellular networks within the country"
54,"i1313wm","Fixed-to-mobile telephone traffic",,"minutes",124,"JOR","Jordan","1.29833675E8",2011,"","Telecommunications Regulatory Commission","Refers to total traffic from all fixed-telephone networks to all mobile-cellular networks within the country"
54,"i1313wm","Fixed-to-mobile telephone traffic",,"minutes",124,"JOR","Jordan","9.3619928E7",2012,"","Telecommunications Regulatory Commission","Refers to total traffic from all fixed-telephone networks to all mobile-cellular networks within the country"
54,"i1313wm","Fixed-to-mobile telephone traffic",,"minutes",124,"JOR","Jordan","8.4914397E7",2013,"","Telecommunications Regulatory Commission","Refers to total traffic from all fixed-telephone networks to all mobile-cellular networks within the country"
54,"i1313wm","Fixed-to-mobile telephone traffic",,"minutes",124,"JOR","Jordan","7.5645406E7",2014,"","Telecommunications Regulatory Commission","Refers to total traffic from all fixed-telephone networks to all mobile-cellular networks within the country"
54,"i1313wm","Fixed-to-mobile telephone traffic",,"minutes",124,"JOR","Jordan","9.4253499E7",2015,"","Telecommunications Regulatory Commission","Refers to total traffic from all fixed-telephone networks to all mobile-cellular networks within the country"
54,"i1313wm","Fixed-to-mobile telephone traffic",,"minutes",124,"JOR","Jordan","1744545.0",2016,"","The Telecommunications Regulatory Commission of Jordan","Refers to total traffic from all fixed-telephone networks to all mobile-cellular networks within the country"
54,"i1313wm","Fixed-to-mobile telephone traffic",,"minutes",124,"JOR","Jordan","216734.0",2017,"","The Telecommunications Regulatory Commission of Jordan","Refers to total traffic from all fixed-telephone networks to all mobile-cellular networks within the country"
54,"i1313wm","Fixed-to-mobile telephone traffic",,"minutes",124,"JOR","Jordan","216734.0",2018,"","The Telecommunications Regulatory Commission of Jordan","Refers to total traffic from all fixed-telephone networks to all mobile-cellular networks within the country"
54,"i1313wm","Fixed-to-mobile telephone traffic",,"minutes",124,"JOR","Jordan","6.2998011E7",2019,"","The Telecommunications Regulatory Commission of Jordan","Refers to total traffic from all fixed-telephone networks to all mobile-cellular networks within the country"
54,"i1313wm","Fixed-to-mobile telephone traffic",,"minutes",124,"JOR","Jordan","5.5077446E7",2020,"","The Telecommunications Regulatory Commission of Jordan","Refers to total traffic from all fixed-telephone networks to all mobile-cellular networks within the country"
54,"i1313wm","Fixed-to-mobile telephone traffic",,"minutes",125,"KEN","Kenya","2.3E8",2003,"","","Refers to total traffic from all fixed-telephone networks to all mobile-cellular networks within the country"
54,"i1313wm","Fixed-to-mobile telephone traffic",,"minutes",125,"KEN","Kenya","2.09944354E8",2004,"","","Refers to total traffic from all fixed-telephone networks to all mobile-cellular networks within the country"
54,"i1313wm","Fixed-to-mobile telephone traffic",,"minutes",125,"KEN","Kenya","1.63324095E8",2005,"","","Refers to total traffic from all fixed-telephone networks to all mobile-cellular networks within the country"
54,"i1313wm","Fixed-to-mobile telephone traffic",,"minutes",125,"KEN","Kenya","1.37189413E8",2006,"","","Refers to total traffic from all fixed-telephone networks to all mobile-cellular networks within the country"
54,"i1313wm","Fixed-to-mobile telephone traffic",,"minutes",125,"KEN","Kenya","1.00446472E8",2007,"","Communication Commission of Kenya","Refers to total traffic from all fixed-telephone networks to all mobile-cellular networks within the country"
54,"i1313wm","Fixed-to-mobile telephone traffic",,"minutes",125,"KEN","Kenya","1.0464603E7",2008,"","Communication Commission of Kenya","Refers to total traffic from all fixed-telephone networks to all mobile-cellular networks within the country"
54,"i1313wm","Fixed-to-mobile telephone traffic",,"minutes",125,"KEN","Kenya","8577670.0",2009,"","Communication Commission of Kenya","Refers to total traffic from all fixed-telephone networks to all mobile-cellular networks within the country"
54,"i1313wm","Fixed-to-mobile telephone traffic",,"minutes",125,"KEN","Kenya","6.3734249E7",2010,"","Communications Commission of Kenya","Refers to total traffic from all fixed-telephone networks to all mobile-cellular networks within the country"
54,"i1313wm","Fixed-to-mobile telephone traffic",,"minutes",125,"KEN","Kenya","1.11461513E8",2011,"","Communications Commission of Kenya","Refers to total traffic from all fixed-telephone networks to all mobile-cellular networks within the country"
54,"i1313wm","Fixed-to-mobile telephone traffic",,"minutes",125,"KEN","Kenya","1.01080142E8",2012,"","Communications Commission of Kenya","Refers to total traffic from all fixed-telephone networks to all mobile-cellular networks within the country"
54,"i1313wm","Fixed-to-mobile telephone traffic",,"minutes",125,"KEN","Kenya","9.2144649E7",2013,"","Communications Authority  of Kenya","Refers to total traffic from all fixed-telephone networks to all mobile-cellular networks within the country"
54,"i1313wm","Fixed-to-mobile telephone traffic",,"minutes",125,"KEN","Kenya","9.7619052E7",2014,"","Communications Authority  of Kenya","Refers to total traffic from all fixed-telephone networks to all mobile-cellular networks within the country"
54,"i1313wm","Fixed-to-mobile telephone traffic",,"minutes",125,"KEN","Kenya","9.6284709E7",2015,"","Communications Authority  of Kenya","Refers to total traffic from all fixed-telephone networks to all mobile-cellular networks within the country"
54,"i1313wm","Fixed-to-mobile telephone traffic",,"minutes",125,"KEN","Kenya","4.1394849E7",2016,"","COMMUNICATIONS AUTHORITY OF KENYA","Refers to total traffic from all fixed-telephone networks to all mobile-cellular networks within the country"
54,"i1313wm","Fixed-to-mobile telephone traffic",,"minutes",125,"KEN","Kenya","4.335342E7",2017,"","COMMUNICATIONS AUTHORITY OF KENYA","Refers to total traffic from all fixed-telephone networks to all mobile-cellular networks within the country"
54,"i1313wm","Fixed-to-mobile telephone traffic",,"minutes",125,"KEN","Kenya","4.1586104E7",2018,"","Communications Authority  of Kenya","Refers to total traffic from all fixed-telephone networks to all mobile-cellular networks within the country"
54,"i1313wm","Fixed-to-mobile telephone traffic",,"minutes",125,"KEN","Kenya","2.3209573E7",2019,"The decline is attributed to decline in fixed subscriptions","Communications Authority  of Kenya","Refers to total traffic from all fixed-telephone networks to all mobile-cellular networks within the country"
54,"i1313wm","Fixed-to-mobile telephone traffic",,"minutes",125,"KEN","Kenya","1.9752893E7",2020,"","Communications Authority  of Kenya","Refers to total traffic from all fixed-telephone networks to all mobile-cellular networks within the country"
54,"i1313wm","Fixed-to-mobile telephone traffic",,"minutes",125,"KEN","Kenya","2.091591E7",2021,"","Communications Authority  of Kenya","Refers to total traffic from all fixed-telephone networks to all mobile-cellular networks within the country"
54,"i1313wm","Fixed-to-mobile telephone traffic",,"minutes",127,"KIR","Kiribati","128000.0",2016,"estimate around that figure","MICTTD","Refers to total traffic from all fixed-telephone networks to all mobile-cellular networks within the country"
54,"i1313wm","Fixed-to-mobile telephone traffic",,"minutes",127,"KIR","Kiribati","138170.0",2017,"","Ministry of ICTTD","Refers to total traffic from all fixed-telephone networks to all mobile-cellular networks within the country"
54,"i1313wm","Fixed-to-mobile telephone traffic",,"minutes",127,"KIR","Kiribati","0.0",2019,"","Ministry of Information, Communication, Transport & Tourism Development","Refers to total traffic from all fixed-telephone networks to all mobile-cellular networks within the country"
54,"i1313wm","Fixed-to-mobile telephone traffic",,"minutes",127,"KIR","Kiribati","0.0",2021,"","Ministry of Information, Communication, Transport & Tourism Development","Refers to total traffic from all fixed-telephone networks to all mobile-cellular networks within the country"
54,"i1313wm","Fixed-to-mobile telephone traffic",,"minutes",128,"KOR","Korea (Rep. of)","2.4589E10",2001,"","","Refers to total traffic from all fixed-telephone networks to all mobile-cellular networks within the country"
54,"i1313wm","Fixed-to-mobile telephone traffic",,"minutes",128,"KOR","Korea (Rep. of)","2.4895E10",2002,"","","Refers to total traffic from all fixed-telephone networks to all mobile-cellular networks within the country"
54,"i1313wm","Fixed-to-mobile telephone traffic",,"minutes",128,"KOR","Korea (Rep. of)","2.5665E10",2003,"","","Refers to total traffic from all fixed-telephone networks to all mobile-cellular networks within the country"
54,"i1313wm","Fixed-to-mobile telephone traffic",,"minutes",128,"KOR","Korea (Rep. of)","2.3856241817E10",2004,"","","Refers to total traffic from all fixed-telephone networks to all mobile-cellular networks within the country"
54,"i1313wm","Fixed-to-mobile telephone traffic",,"minutes",128,"KOR","Korea (Rep. of)","2.3512060549E10",2005,"","","Refers to total traffic from all fixed-telephone networks to all mobile-cellular networks within the country"
54,"i1313wm","Fixed-to-mobile telephone traffic",,"minutes",128,"KOR","Korea (Rep. of)","2.3255963456E10",2006,"","","Refers to total traffic from all fixed-telephone networks to all mobile-cellular networks within the country"
54,"i1313wm","Fixed-to-mobile telephone traffic",,"minutes",128,"KOR","Korea (Rep. of)","2.3094273225E10",2007,"","Korea Communications Commission, Rep of Korea","Refers to total traffic from all fixed-telephone networks to all mobile-cellular networks within the country"
54,"i1313wm","Fixed-to-mobile telephone traffic",,"minutes",128,"KOR","Korea (Rep. of)","2.1708159349E10",2008,"","Korea Communications Commission, Rep of Korea","Refers to total traffic from all fixed-telephone networks to all mobile-cellular networks within the country"
54,"i1313wm","Fixed-to-mobile telephone traffic",,"minutes",128,"KOR","Korea (Rep. of)","1.8970610513E10",2009,"","Korea Communications Commission, Rep of Korea","Refers to total traffic from all fixed-telephone networks to all mobile-cellular networks within the country"
54,"i1313wm","Fixed-to-mobile telephone traffic",,"minutes",128,"KOR","Korea (Rep. of)","1.6636334214E10",2010,"","Korea Communications Commission","Refers to total traffic from all fixed-telephone networks to all mobile-cellular networks within the country"
54,"i1313wm","Fixed-to-mobile telephone traffic",,"minutes",128,"KOR","Korea (Rep. of)","1.5292927178E10",2011,"","Korea Communications Commission","Refers to total traffic from all fixed-telephone networks to all mobile-cellular networks within the country"
54,"i1313wm","Fixed-to-mobile telephone traffic",,"minutes",128,"KOR","Korea (Rep. of)","1.3150608952E10",2012,"","Ministry of Science, ICT and Future Planning","Refers to total traffic from all fixed-telephone networks to all mobile-cellular networks within the country"
54,"i1313wm","Fixed-to-mobile telephone traffic",,"minutes",128,"KOR","Korea (Rep. of)","1.094745589E10",2013,"","Ministry of Science, ICT and Future Planning","Refers to total traffic from all fixed-telephone networks to all mobile-cellular networks within the country"
54,"i1313wm","Fixed-to-mobile telephone traffic",,"minutes",128,"KOR","Korea (Rep. of)","9.125744071E9",2014,"","Ministry of Science, ICT and Future Planning","Refers to total traffic from all fixed-telephone networks to all mobile-cellular networks within the country"
54,"i1313wm","Fixed-to-mobile telephone traffic",,"minutes",128,"KOR","Korea (Rep. of)","7.837967521E9",2015,"","Ministry of Science, ICT and Future Planning","Refers to total traffic from all fixed-telephone networks to all mobile-cellular networks within the country"
54,"i1313wm","Fixed-to-mobile telephone traffic",,"minutes",128,"KOR","Korea (Rep. of)","6.465753185E9",2016,"","Ministry of Science and ICT","Refers to total traffic from all fixed-telephone networks to all mobile-cellular networks within the country"
54,"i1313wm","Fixed-to-mobile telephone traffic",,"minutes",128,"KOR","Korea (Rep. of)","5.555920775E9",2017,"","Ministry of Science and ICT","Refers to total traffic from all fixed-telephone networks to all mobile-cellular networks within the country"
54,"i1313wm","Fixed-to-mobile telephone traffic",,"minutes",128,"KOR","Korea (Rep. of)","4.960359229E9",2018,"","Ministry of Science and ICT","Refers to total traffic from all fixed-telephone networks to all mobile-cellular networks within the country"
54,"i1313wm","Fixed-to-mobile telephone traffic",,"minutes",128,"KOR","Korea (Rep. of)","4.32440167E9",2019,"","Ministry of Science and ICT","Refers to total traffic from all fixed-telephone networks to all mobile-cellular networks within the country"
54,"i1313wm","Fixed-to-mobile telephone traffic",,"minutes",128,"KOR","Korea (Rep. of)","4.129723237E9",2020,"","Ministry of Science and ICT","Refers to total traffic from all fixed-telephone networks to all mobile-cellular networks within the country"
54,"i1313wm","Fixed-to-mobile telephone traffic",,"minutes",128,"KOR","Korea (Rep. of)","3.982225722E9",2021,"","Ministry of Science and ICT","Refers to total traffic from all fixed-telephone networks to all mobile-cellular networks within the country"
54,"i1313wm","Fixed-to-mobile telephone traffic",,"minutes",131,"LAO","Lao P.D.R.","1.4389042E7",2011,"Only ETL","Ministry of Posts and Telecommunications ","Refers to total traffic from all fixed-telephone networks to all mobile-cellular networks within the country"
54,"i1313wm","Fixed-to-mobile telephone traffic",,"minutes",131,"LAO","Lao P.D.R.","1.4701253E7",2012,"Only ETL","Ministry of Posts and Telecommunications ","Refers to total traffic from all fixed-telephone networks to all mobile-cellular networks within the country"
54,"i1313wm","Fixed-to-mobile telephone traffic",,"minutes",131,"LAO","Lao P.D.R.","1.2356249E8",2013,"Beeline,LTC,UNITEL,ETL","Ministry of Posts and Telecommunications ","Refers to total traffic from all fixed-telephone networks to all mobile-cellular networks within the country"
54,"i1313wm","Fixed-to-mobile telephone traffic",,"minutes",131,"LAO","Lao P.D.R.","1.153237008E8",2014,"There are Ref.no from 4 main operators, LTC,BEELINE,UNITEL,ETL","Ministry of Post and Telecommunication","Refers to total traffic from all fixed-telephone networks to all mobile-cellular networks within the country"
54,"i1313wm","Fixed-to-mobile telephone traffic",,"minutes",131,"LAO","Lao P.D.R.","1.9096785E8",2015,"Ref.no from 4 main operators, LTC,BEELINE,UNITEL,ETL","Ministry of Post and Telecommunication","Refers to total traffic from all fixed-telephone networks to all mobile-cellular networks within the country"
54,"i1313wm","Fixed-to-mobile telephone traffic",,"minutes",131,"LAO","Lao P.D.R.","8.581411648E7",2016,"Ref.no from 4 main operators, LTC,BEELINE,UNITEL,ETL","Ministry of Post and Telecommunication","Refers to total traffic from all fixed-telephone networks to all mobile-cellular networks within the country"
54,"i1313wm","Fixed-to-mobile telephone traffic",,"minutes",131,"LAO","Lao P.D.R.","9.473264E7",2017,"Ref.no from 4 main operators, LTC,BEELINE,UNITEL,ETL","Ministry of Post and Telecommunication","Refers to total traffic from all fixed-telephone networks to all mobile-cellular networks within the country"
54,"i1313wm","Fixed-to-mobile telephone traffic",,"minutes",132,"LBN","Lebanon","9.122138E8",2007,"","Ministère des Télécommunications","Refers to total traffic from all fixed-telephone networks to all mobile-cellular networks within the country"
54,"i1313wm","Fixed-to-mobile telephone traffic",,"minutes",132,"LBN","Lebanon","1.008432605E9",2008,"","Ministère des Télécommunications","Refers to total traffic from all fixed-telephone networks to all mobile-cellular networks within the country"
54,"i1313wm","Fixed-to-mobile telephone traffic",,"minutes",132,"LBN","Lebanon","1.020170515E9",2009,"","Ministère des Télécommunications","Refers to total traffic from all fixed-telephone networks to all mobile-cellular networks within the country"
54,"i1313wm","Fixed-to-mobile telephone traffic",,"minutes",132,"LBN","Lebanon","1.8231282E9",2015,"","","Refers to total traffic from all fixed-telephone networks to all mobile-cellular networks within the country"
54,"i1313wm","Fixed-to-mobile telephone traffic",,"minutes",133,"LBR","Liberia","1469160.76",2009,"Figure obtained from four mobile operators who provided mobile services.","Liberia Telecommunications Authority ","Refers to total traffic from all fixed-telephone networks to all mobile-cellular networks within the country"
54,"i1313wm","Fixed-to-mobile telephone traffic",,"minutes",133,"LBR","Liberia","3347767.08",2010,"Figure obtained from four mobile operators who provided mobile services.","Liberia Telecommunications Authority ","Refers to total traffic from all fixed-telephone networks to all mobile-cellular networks within the country"
54,"i1313wm","Fixed-to-mobile telephone traffic",,"minutes",133,"LBR","Liberia","1861136.0",2011,"Data obtained from one fixed wireless local loop service provider","Liberia Telecommunications Authority ","Refers to total traffic from all fixed-telephone networks to all mobile-cellular networks within the country"
54,"i1313wm","Fixed-to-mobile telephone traffic",,"minutes",134,"LBY","Libya","1.092940368E9",2006,"","","Refers to total traffic from all fixed-telephone networks to all mobile-cellular networks within the country"
54,"i1313wm","Fixed-to-mobile telephone traffic",,"minutes",135,"LCA","Saint Lucia","1.7E7",2009,"","National Telecommunications Regulatory Commission","Refers to total traffic from all fixed-telephone networks to all mobile-cellular networks within the country"
54,"i1313wm","Fixed-to-mobile telephone traffic",,"minutes",135,"LCA","Saint Lucia","1.8E7",2011,"","National Telecommunications Regulatory Commission","Refers to total traffic from all fixed-telephone networks to all mobile-cellular networks within the country"
54,"i1313wm","Fixed-to-mobile telephone traffic",,"minutes",135,"LCA","Saint Lucia","1.2078941E7",2013,"","National Telecommunications Regulatory Commission (NTRC)","Refers to total traffic from all fixed-telephone networks to all mobile-cellular networks within the country"
54,"i1313wm","Fixed-to-mobile telephone traffic",,"minutes",135,"LCA","Saint Lucia","1.1624808E7",2014,"","National Telecommunications Regulatory Commission (NTRC)","Refers to total traffic from all fixed-telephone networks to all mobile-cellular networks within the country"
54,"i1313wm","Fixed-to-mobile telephone traffic",,"minutes",135,"LCA","Saint Lucia","9876372.0",2016,"","National Telecommunications Regulatory Commission","Refers to total traffic from all fixed-telephone networks to all mobile-cellular networks within the country"
54,"i1313wm","Fixed-to-mobile telephone traffic",,"minutes",135,"LCA","Saint Lucia","8335605.0",2017,"","National Telecommunications Regulatory Commission","Refers to total traffic from all fixed-telephone networks to all mobile-cellular networks within the country"
54,"i1313wm","Fixed-to-mobile telephone traffic",,"minutes",135,"LCA","Saint Lucia","8222929.0",2018,"","National Telecommunications Regulatory Commission","Refers to total traffic from all fixed-telephone networks to all mobile-cellular networks within the country"
54,"i1313wm","Fixed-to-mobile telephone traffic",,"minutes",136,"LIE","Liechtenstein","2000000.0",2002,"","","Refers to total traffic from all fixed-telephone networks to all mobile-cellular networks within the country"
54,"i1313wm","Fixed-to-mobile telephone traffic",,"minutes",136,"LIE","Liechtenstein","3228000.0",2004,"","","Refers to total traffic from all fixed-telephone networks to all mobile-cellular networks within the country"
54,"i1313wm","Fixed-to-mobile telephone traffic",,"minutes",136,"LIE","Liechtenstein","3273000.0",2005,"","","Refers to total traffic from all fixed-telephone networks to all mobile-cellular networks within the country"
54,"i1313wm","Fixed-to-mobile telephone traffic",,"minutes",136,"LIE","Liechtenstein","3345000.0",2006,"","","Refers to total traffic from all fixed-telephone networks to all mobile-cellular networks within the country"
54,"i1313wm","Fixed-to-mobile telephone traffic",,"minutes",136,"LIE","Liechtenstein","2356230.0",2012,"","","Refers to total traffic from all fixed-telephone networks to all mobile-cellular networks within the country"
54,"i1313wm","Fixed-to-mobile telephone traffic",,"minutes",136,"LIE","Liechtenstein","2172064.0",2013,"","","Refers to total traffic from all fixed-telephone networks to all mobile-cellular networks within the country"
54,"i1313wm","Fixed-to-mobile telephone traffic",,"minutes",136,"LIE","Liechtenstein","1675459.0",2014,"","","Refers to total traffic from all fixed-telephone networks to all mobile-cellular networks within the country"
54,"i1313wm","Fixed-to-mobile telephone traffic",,"minutes",136,"LIE","Liechtenstein","1690862.0",2015,"","Office for Communications","Refers to total traffic from all fixed-telephone networks to all mobile-cellular networks within the country"
54,"i1313wm","Fixed-to-mobile telephone traffic",,"minutes",136,"LIE","Liechtenstein","1615111.0",2016,"","Office for Communications","Refers to total traffic from all fixed-telephone networks to all mobile-cellular networks within the country"
54,"i1313wm","Fixed-to-mobile telephone traffic",,"minutes",136,"LIE","Liechtenstein","1840962.0",2017,"","Office for Communications","Refers to total traffic from all fixed-telephone networks to all mobile-cellular networks within the country"
54,"i1313wm","Fixed-to-mobile telephone traffic",,"minutes",136,"LIE","Liechtenstein","2080328.0",2018,"","Office for Communications","Refers to total traffic from all fixed-telephone networks to all mobile-cellular networks within the country"
54,"i1313wm","Fixed-to-mobile telephone traffic",,"minutes",136,"LIE","Liechtenstein","2092341.82",2019,"","Office for Communications","Refers to total traffic from all fixed-telephone networks to all mobile-cellular networks within the country"
54,"i1313wm","Fixed-to-mobile telephone traffic",,"minutes",136,"LIE","Liechtenstein","2526533.0",2020,"","Office for Communications","Refers to total traffic from all fixed-telephone networks to all mobile-cellular networks within the country"
54,"i1313wm","Fixed-to-mobile telephone traffic",,"minutes",136,"LIE","Liechtenstein","2283754.0",2021,"","Office for Communications","Refers to total traffic from all fixed-telephone networks to all mobile-cellular networks within the country"
54,"i1313wm","Fixed-to-mobile telephone traffic",,"minutes",137,"LSO","Lesotho","2662201.0",2002,"Dec. LTA.","Lesotho Telecommunications Authority (LTA).","Refers to total traffic from all fixed-telephone networks to all mobile-cellular networks within the country"
54,"i1313wm","Fixed-to-mobile telephone traffic",,"minutes",137,"LSO","Lesotho","1.2503717E7",2011,"","","Refers to total traffic from all fixed-telephone networks to all mobile-cellular networks within the country"
54,"i1313wm","Fixed-to-mobile telephone traffic",,"minutes",137,"LSO","Lesotho","7963336.0",2012,"","LCA.","Refers to total traffic from all fixed-telephone networks to all mobile-cellular networks within the country"
54,"i1313wm","Fixed-to-mobile telephone traffic",,"minutes",137,"LSO","Lesotho","4.7773454E7",2014,"","LCA","Refers to total traffic from all fixed-telephone networks to all mobile-cellular networks within the country"
54,"i1313wm","Fixed-to-mobile telephone traffic",,"minutes",137,"LSO","Lesotho","1.5895605E7",2017,"","Lesotho Communications Authority","Refers to total traffic from all fixed-telephone networks to all mobile-cellular networks within the country"
54,"i1313wm","Fixed-to-mobile telephone traffic",,"minutes",137,"LSO","Lesotho","2183024.0",2021,"","Lesotho Communications Authority","Refers to total traffic from all fixed-telephone networks to all mobile-cellular networks within the country"
54,"i1313wm","Fixed-to-mobile telephone traffic",,"minutes",138,"LTU","Lithuania","7.8E7",2001,"","","Refers to total traffic from all fixed-telephone networks to all mobile-cellular networks within the country"
54,"i1313wm","Fixed-to-mobile telephone traffic",,"minutes",138,"LTU","Lithuania","6.93E7",2002,"","","Refers to total traffic from all fixed-telephone networks to all mobile-cellular networks within the country"
54,"i1313wm","Fixed-to-mobile telephone traffic",,"minutes",138,"LTU","Lithuania","7.2185356E7",2003,"","","Refers to total traffic from all fixed-telephone networks to all mobile-cellular networks within the country"
54,"i1313wm","Fixed-to-mobile telephone traffic",,"minutes",138,"LTU","Lithuania","8.6227147E7",2004,"","","Refers to total traffic from all fixed-telephone networks to all mobile-cellular networks within the country"
54,"i1313wm","Fixed-to-mobile telephone traffic",,"minutes",138,"LTU","Lithuania","9.4273921E7",2005,"","","Refers to total traffic from all fixed-telephone networks to all mobile-cellular networks within the country"
54,"i1313wm","Fixed-to-mobile telephone traffic",,"minutes",138,"LTU","Lithuania","8.373152E7",2006,"","","Refers to total traffic from all fixed-telephone networks to all mobile-cellular networks within the country"
54,"i1313wm","Fixed-to-mobile telephone traffic",,"minutes",138,"LTU","Lithuania","8.1529951E7",2007,"","Communications Regulatory Authority (RRT)","Refers to total traffic from all fixed-telephone networks to all mobile-cellular networks within the country"
54,"i1313wm","Fixed-to-mobile telephone traffic",,"minutes",138,"LTU","Lithuania","7.686E7",2008,"","Communications Regulatory Authority (RRT)","Refers to total traffic from all fixed-telephone networks to all mobile-cellular networks within the country"
54,"i1313wm","Fixed-to-mobile telephone traffic",,"minutes",138,"LTU","Lithuania","6.2276E7",2009,"","Communications Regulatory Authority (RRT)","Refers to total traffic from all fixed-telephone networks to all mobile-cellular networks within the country"
54,"i1313wm","Fixed-to-mobile telephone traffic",,"minutes",138,"LTU","Lithuania","6.6202E7",2010,"","Communications Regulatory Authority of the Republic of Lithuania","Refers to total traffic from all fixed-telephone networks to all mobile-cellular networks within the country"
54,"i1313wm","Fixed-to-mobile telephone traffic",,"minutes",138,"LTU","Lithuania","7.5966E7",2011,"","Communications Regulatory Authority of the Republic of Lithuania","Refers to total traffic from all fixed-telephone networks to all mobile-cellular networks within the country"
54,"i1313wm","Fixed-to-mobile telephone traffic",,"minutes",138,"LTU","Lithuania","8.5693719E7",2012,"","Communications Regulatory Authority of the Republic of Lithuania","Refers to total traffic from all fixed-telephone networks to all mobile-cellular networks within the country"
54,"i1313wm","Fixed-to-mobile telephone traffic",,"minutes",138,"LTU","Lithuania","1.32387146E8",2013,"","Communications Regulatory Authority of the Republic of Lithuania","Refers to total traffic from all fixed-telephone networks to all mobile-cellular networks within the country"
54,"i1313wm","Fixed-to-mobile telephone traffic",,"minutes",138,"LTU","Lithuania","1.6470514E8",2014,"","Communications Regulatory Authority of the Republic of Lithuania","Refers to total traffic from all fixed-telephone networks to all mobile-cellular networks within the country"
54,"i1313wm","Fixed-to-mobile telephone traffic",,"minutes",138,"LTU","Lithuania","1.87787937E8",2015,"","Communications Regulatory Authority of the Republic of Lithuania","Refers to total traffic from all fixed-telephone networks to all mobile-cellular networks within the country"
54,"i1313wm","Fixed-to-mobile telephone traffic",,"minutes",138,"LTU","Lithuania","1.97229208E8",2016,"","Communications Regulatory Authority of the Republic of Lithuania","Refers to total traffic from all fixed-telephone networks to all mobile-cellular networks within the country"
54,"i1313wm","Fixed-to-mobile telephone traffic",,"minutes",138,"LTU","Lithuania","1.93214746E8",2017,"","The Communications Regulatory Authority of the Republic of Lithuania","Refers to total traffic from all fixed-telephone networks to all mobile-cellular networks within the country"
54,"i1313wm","Fixed-to-mobile telephone traffic",,"minutes",138,"LTU","Lithuania","3.58045804E8",2018,"","Communications Regulatory Authority of the Republic of Lithuania (RRT)","Refers to total traffic from all fixed-telephone networks to all mobile-cellular networks within the country"
54,"i1313wm","Fixed-to-mobile telephone traffic",,"minutes",138,"LTU","Lithuania","3.03484273E8",2019,"","Communications Regulatory Authority of the Republic of Lithuania","Refers to total traffic from all fixed-telephone networks to all mobile-cellular networks within the country"
54,"i1313wm","Fixed-to-mobile telephone traffic",,"minutes",138,"LTU","Lithuania","5.16034526E8",2020,"included fixed-to-fixed and fixed-to-mobile, RRT doesn't collect fixed-to-mobile data separately from 2020.","Communications Regulatory Authority of the Republic of Lithuania","Refers to total traffic from all fixed-telephone networks to all mobile-cellular networks within the country"
54,"i1313wm","Fixed-to-mobile telephone traffic",,"minutes",138,"LTU","Lithuania","4.77020923E8",2021,"included fixed-to-fixed and fixed-to-mobile, RRT doesn't collect fixed-to-mobile data separately from 2020.","Communications Regulatory Authority of the Republic of Lithuania","Refers to total traffic from all fixed-telephone networks to all mobile-cellular networks within the country"
54,"i1313wm","Fixed-to-mobile telephone traffic",,"minutes",139,"LUX","Luxembourg","1.5E8",2003,"","","Refers to total traffic from all fixed-telephone networks to all mobile-cellular networks within the country"
54,"i1313wm","Fixed-to-mobile telephone traffic",,"minutes",139,"LUX","Luxembourg","1.468E8",2004,"","","Refers to total traffic from all fixed-telephone networks to all mobile-cellular networks within the country"
54,"i1313wm","Fixed-to-mobile telephone traffic",,"minutes",139,"LUX","Luxembourg","1.38E8",2005,"","","Refers to total traffic from all fixed-telephone networks to all mobile-cellular networks within the country"
54,"i1313wm","Fixed-to-mobile telephone traffic",,"minutes",139,"LUX","Luxembourg","1.41E8",2006,"","","Refers to total traffic from all fixed-telephone networks to all mobile-cellular networks within the country"
54,"i1313wm","Fixed-to-mobile telephone traffic",,"minutes",139,"LUX","Luxembourg","1.44E8",2007,"","Institut Luxembourgeois de Régulation","Refers to total traffic from all fixed-telephone networks to all mobile-cellular networks within the country"
54,"i1313wm","Fixed-to-mobile telephone traffic",,"minutes",139,"LUX","Luxembourg","1.265E8",2008,"","Institut Luxembourgeois de Régulation","Refers to total traffic from all fixed-telephone networks to all mobile-cellular networks within the country"
54,"i1313wm","Fixed-to-mobile telephone traffic",,"minutes",139,"LUX","Luxembourg","1.205E8",2009,"","Institut Luxembourgeois de Régulation","Refers to total traffic from all fixed-telephone networks to all mobile-cellular networks within the country"
54,"i1313wm","Fixed-to-mobile telephone traffic",,"minutes",139,"LUX","Luxembourg","1.09916E8",2010,"","Institut Luxembourgeois de Régulation","Refers to total traffic from all fixed-telephone networks to all mobile-cellular networks within the country"
54,"i1313wm","Fixed-to-mobile telephone traffic",,"minutes",139,"LUX","Luxembourg","1.02E8",2012,"","Institut Luxembourgeois de Régulation","Refers to total traffic from all fixed-telephone networks to all mobile-cellular networks within the country"
54,"i1313wm","Fixed-to-mobile telephone traffic",,"minutes",139,"LUX","Luxembourg","9.9E7",2013,"","Institut Luxembourgeois de Régulation","Refers to total traffic from all fixed-telephone networks to all mobile-cellular networks within the country"
54,"i1313wm","Fixed-to-mobile telephone traffic",,"minutes",139,"LUX","Luxembourg","9.6E7",2014,"","Institut Luxembourgeois de Régulation","Refers to total traffic from all fixed-telephone networks to all mobile-cellular networks within the country"
54,"i1313wm","Fixed-to-mobile telephone traffic",,"minutes",139,"LUX","Luxembourg","9.5E7",2015,"","Institut Luxembourgeois de Régulation","Refers to total traffic from all fixed-telephone networks to all mobile-cellular networks within the country"
54,"i1313wm","Fixed-to-mobile telephone traffic",,"minutes",139,"LUX","Luxembourg","9.3E7",2016,"","ILR","Refers to total traffic from all fixed-telephone networks to all mobile-cellular networks within the country"
54,"i1313wm","Fixed-to-mobile telephone traffic",,"minutes",139,"LUX","Luxembourg","8.9E7",2017,"","Institut Luxembourgeois de Régulation","Refers to total traffic from all fixed-telephone networks to all mobile-cellular networks within the country"
54,"i1313wm","Fixed-to-mobile telephone traffic",,"minutes",139,"LUX","Luxembourg","8.6E7",2018,"","Institut luxembourgeois de Régulation","Refers to total traffic from all fixed-telephone networks to all mobile-cellular networks within the country"
54,"i1313wm","Fixed-to-mobile telephone traffic",,"minutes",139,"LUX","Luxembourg","8.2E7",2019,"","Institut Luxembourgeois de Régulation","Refers to total traffic from all fixed-telephone networks to all mobile-cellular networks within the country"
54,"i1313wm","Fixed-to-mobile telephone traffic",,"minutes",139,"LUX","Luxembourg","1.21497E8",2020,"","Institut Luxembourgeois de Régulation","Refers to total traffic from all fixed-telephone networks to all mobile-cellular networks within the country"
54,"i1313wm","Fixed-to-mobile telephone traffic",,"minutes",139,"LUX","Luxembourg","1.05E8",2021,"","Institut Luxembourgeois de Régulation","Refers to total traffic from all fixed-telephone networks to all mobile-cellular networks within the country"
54,"i1313wm","Fixed-to-mobile telephone traffic",,"minutes",140,"LVA","Latvia","1.24292974E8",2001,"","","Refers to total traffic from all fixed-telephone networks to all mobile-cellular networks within the country"
54,"i1313wm","Fixed-to-mobile telephone traffic",,"minutes",140,"LVA","Latvia","1.42117454E8",2002,"","","Refers to total traffic from all fixed-telephone networks to all mobile-cellular networks within the country"
54,"i1313wm","Fixed-to-mobile telephone traffic",,"minutes",140,"LVA","Latvia","1.42076853E8",2003,"","","Refers to total traffic from all fixed-telephone networks to all mobile-cellular networks within the country"
54,"i1313wm","Fixed-to-mobile telephone traffic",,"minutes",140,"LVA","Latvia","1.4581185E8",2004,"","","Refers to total traffic from all fixed-telephone networks to all mobile-cellular networks within the country"
54,"i1313wm","Fixed-to-mobile telephone traffic",,"minutes",140,"LVA","Latvia","1.40347015E8",2005,"","","Refers to total traffic from all fixed-telephone networks to all mobile-cellular networks within the country"
54,"i1313wm","Fixed-to-mobile telephone traffic",,"minutes",141,"MAC","Macao, China","1.5E8",2002,"","","Refers to total traffic from all fixed-telephone networks to all mobile-cellular networks within the country"
54,"i1313wm","Fixed-to-mobile telephone traffic",,"minutes",141,"MAC","Macao, China","2.087E8",2003,"","","Refers to total traffic from all fixed-telephone networks to all mobile-cellular networks within the country"
54,"i1313wm","Fixed-to-mobile telephone traffic",,"minutes",141,"MAC","Macao, China","2.528E8",2004,"","","Refers to total traffic from all fixed-telephone networks to all mobile-cellular networks within the country"
54,"i1313wm","Fixed-to-mobile telephone traffic",,"minutes",141,"MAC","Macao, China","2.725E8",2005,"","","Refers to total traffic from all fixed-telephone networks to all mobile-cellular networks within the country"
54,"i1313wm","Fixed-to-mobile telephone traffic",,"minutes",141,"MAC","Macao, China","2.68E8",2006,"","","Refers to total traffic from all fixed-telephone networks to all mobile-cellular networks within the country"
54,"i1313wm","Fixed-to-mobile telephone traffic",,"minutes",141,"MAC","Macao, China","2.67E8",2007,"","Bureau of Telecommunications Regulation","Refers to total traffic from all fixed-telephone networks to all mobile-cellular networks within the country"
54,"i1313wm","Fixed-to-mobile telephone traffic",,"minutes",142,"MUS","Mauritius","7.91637E7",2002,"","","Refers to total traffic from all fixed-telephone networks to all mobile-cellular networks within the country"
54,"i1313wm","Fixed-to-mobile telephone traffic",,"minutes",142,"MUS","Mauritius","7.0253E7",2003,"","","Refers to total traffic from all fixed-telephone networks to all mobile-cellular networks within the country"
54,"i1313wm","Fixed-to-mobile telephone traffic",,"minutes",142,"MUS","Mauritius","1.1438E8",2004,"","","Refers to total traffic from all fixed-telephone networks to all mobile-cellular networks within the country"
54,"i1313wm","Fixed-to-mobile telephone traffic",,"minutes",142,"MUS","Mauritius","2.86819E8",2005,"","","Refers to total traffic from all fixed-telephone networks to all mobile-cellular networks within the country"
54,"i1313wm","Fixed-to-mobile telephone traffic",,"minutes",142,"MUS","Mauritius","3.26816E8",2006,"","","Refers to total traffic from all fixed-telephone networks to all mobile-cellular networks within the country"
54,"i1313wm","Fixed-to-mobile telephone traffic",,"minutes",142,"MUS","Mauritius","3.29784E8",2007,"","Information Communication Technologies Authority","Refers to total traffic from all fixed-telephone networks to all mobile-cellular networks within the country"
54,"i1313wm","Fixed-to-mobile telephone traffic",,"minutes",142,"MUS","Mauritius","3.24515E8",2008,"","Information Communication Technologies Authority","Refers to total traffic from all fixed-telephone networks to all mobile-cellular networks within the country"
54,"i1313wm","Fixed-to-mobile telephone traffic",,"minutes",142,"MUS","Mauritius","3.31572E8",2009,"","Information Communication Technologies Authority","Refers to total traffic from all fixed-telephone networks to all mobile-cellular networks within the country"
54,"i1313wm","Fixed-to-mobile telephone traffic",,"minutes",142,"MUS","Mauritius","3.28311E8",2010,"","Information and Communication Technologies Authority of Mauritius","Refers to total traffic from all fixed-telephone networks to all mobile-cellular networks within the country"
54,"i1313wm","Fixed-to-mobile telephone traffic",,"minutes",142,"MUS","Mauritius","3.31040902E8",2011,"","Information and Communication Technologies Authority of Mauritius","Refers to total traffic from all fixed-telephone networks to all mobile-cellular networks within the country"
54,"i1313wm","Fixed-to-mobile telephone traffic",,"minutes",142,"MUS","Mauritius","3.36980313E8",2012,"","Information and Communication Technologies Authority of Mauritius","Refers to total traffic from all fixed-telephone networks to all mobile-cellular networks within the country"
54,"i1313wm","Fixed-to-mobile telephone traffic",,"minutes",142,"MUS","Mauritius","3.36376124E8",2013,"Information and Communication Technologies Authority of Mauritius","Information and Communication Technologies Authority of Mauritius","Refers to total traffic from all fixed-telephone networks to all mobile-cellular networks within the country"
54,"i1313wm","Fixed-to-mobile telephone traffic",,"minutes",142,"MUS","Mauritius","3.2302891E8",2014,"Information and Communication Technologies","Information and Communication Technologies Authority of Mauritius","Refers to total traffic from all fixed-telephone networks to all mobile-cellular networks within the country"
54,"i1313wm","Fixed-to-mobile telephone traffic",,"minutes",142,"MUS","Mauritius","3.13393621E8",2015,"Information and Communication Technologies","Information and Communication Technologies Authority of Mauritius","Refers to total traffic from all fixed-telephone networks to all mobile-cellular networks within the country"
54,"i1313wm","Fixed-to-mobile telephone traffic",,"minutes",142,"MUS","Mauritius","2.95236586E8",2016,"Information and Communication Technologies Authority of Mauritius","Information and Communication Technologies Authority","Refers to total traffic from all fixed-telephone networks to all mobile-cellular networks within the country"
54,"i1313wm","Fixed-to-mobile telephone traffic",,"minutes",142,"MUS","Mauritius","2.79634552E8",2017,"Information and Communication Technologies Authority of Mauritius","Information and Communication Technologies Authority","Refers to total traffic from all fixed-telephone networks to all mobile-cellular networks within the country"
54,"i1313wm","Fixed-to-mobile telephone traffic",,"minutes",142,"MUS","Mauritius","2.62420493E8",2018,"Information and Communication Technologies Authority of Mauritius","ICTA","Refers to total traffic from all fixed-telephone networks to all mobile-cellular networks within the country"
54,"i1313wm","Fixed-to-mobile telephone traffic",,"minutes",142,"MUS","Mauritius","2.32513393E8",2019,"Information and Communication Technologies Authority of Mauritius","Information and Communication Technologies Authority of Mauritius","Refers to total traffic from all fixed-telephone networks to all mobile-cellular networks within the country"
54,"i1313wm","Fixed-to-mobile telephone traffic",,"minutes",142,"MUS","Mauritius","1.96201405E8",2020,"Information and Communication Technologies Authority of Mauritius","Information and Communication Technologies Authority of Mauritius","Refers to total traffic from all fixed-telephone networks to all mobile-cellular networks within the country"
54,"i1313wm","Fixed-to-mobile telephone traffic",,"minutes",142,"MUS","Mauritius","1.70320022E8",2021,"Information and Communication Technologies Authority of Mauritius","Information and Communication Technologies Authority of Mauritius","Refers to total traffic from all fixed-telephone networks to all mobile-cellular networks within the country"
54,"i1313wm","Fixed-to-mobile telephone traffic",,"minutes",143,"MCO","Monaco","1.9E7",2004,"","","Refers to total traffic from all fixed-telephone networks to all mobile-cellular networks within the country"
54,"i1313wm","Fixed-to-mobile telephone traffic",,"minutes",143,"MCO","Monaco","1.88E7",2005,"","","Refers to total traffic from all fixed-telephone networks to all mobile-cellular networks within the country"
54,"i1313wm","Fixed-to-mobile telephone traffic",,"minutes",143,"MCO","Monaco","1.88E7",2006,"","","Refers to total traffic from all fixed-telephone networks to all mobile-cellular networks within the country"
54,"i1313wm","Fixed-to-mobile telephone traffic",,"minutes",143,"MCO","Monaco","1.85E7",2007,"","","Refers to total traffic from all fixed-telephone networks to all mobile-cellular networks within the country"
54,"i1313wm","Fixed-to-mobile telephone traffic",,"minutes",143,"MCO","Monaco","1.374773E7",2011,"","Direction des Communications Electroniques","Refers to total traffic from all fixed-telephone networks to all mobile-cellular networks within the country"
54,"i1313wm","Fixed-to-mobile telephone traffic",,"minutes",143,"MCO","Monaco","1.3521128E7",2012,"","Direction des Communications Electroniques","Refers to total traffic from all fixed-telephone networks to all mobile-cellular networks within the country"
54,"i1313wm","Fixed-to-mobile telephone traffic",,"minutes",143,"MCO","Monaco","1.1995995E7",2013,"","Direction des Communications Electroniques","Refers to total traffic from all fixed-telephone networks to all mobile-cellular networks within the country"
54,"i1313wm","Fixed-to-mobile telephone traffic",,"minutes",143,"MCO","Monaco","1.2205452E7",2014,"","Direction des Communications Electroniques","Refers to total traffic from all fixed-telephone networks to all mobile-cellular networks within the country"
54,"i1313wm","Fixed-to-mobile telephone traffic",,"minutes",143,"MCO","Monaco","1.0378901E7",2015,"","Direction des Communications Electroniques","Refers to total traffic from all fixed-telephone networks to all mobile-cellular networks within the country"
54,"i1313wm","Fixed-to-mobile telephone traffic",,"minutes",143,"MCO","Monaco","9286890.0",2016,"","Direction du Développement des Usages Numériques","Refers to total traffic from all fixed-telephone networks to all mobile-cellular networks within the country"
54,"i1313wm","Fixed-to-mobile telephone traffic",,"minutes",143,"MCO","Monaco","8829603.0",2017,"","Direction des Plateformes et des Ressources Numériques","Refers to total traffic from all fixed-telephone networks to all mobile-cellular networks within the country"
54,"i1313wm","Fixed-to-mobile telephone traffic",,"minutes",143,"MCO","Monaco","9836387.0",2018,"","Gouvernement de Monaco","Refers to total traffic from all fixed-telephone networks to all mobile-cellular networks within the country"
54,"i1313wm","Fixed-to-mobile telephone traffic",,"minutes",143,"MCO","Monaco","9412062.0",2019,"","Direction du Développement des Usages Numériques","Refers to total traffic from all fixed-telephone networks to all mobile-cellular networks within the country"
54,"i1313wm","Fixed-to-mobile telephone traffic",,"minutes",143,"MCO","Monaco","1.2882134E7",2021,"","Direction du Développement des Usages Numériques","Refers to total traffic from all fixed-telephone networks to all mobile-cellular networks within the country"
54,"i1313wm","Fixed-to-mobile telephone traffic",,"minutes",144,"MDG","Madagascar","8173000.0",2000,"","","Refers to total traffic from all fixed-telephone networks to all mobile-cellular networks within the country"
54,"i1313wm","Fixed-to-mobile telephone traffic",,"minutes",144,"MDG","Madagascar","4.1445E7",2001,"","","Refers to total traffic from all fixed-telephone networks to all mobile-cellular networks within the country"
54,"i1313wm","Fixed-to-mobile telephone traffic",,"minutes",144,"MDG","Madagascar","5.2605471E7",2002,"","","Refers to total traffic from all fixed-telephone networks to all mobile-cellular networks within the country"
54,"i1313wm","Fixed-to-mobile telephone traffic",,"minutes",144,"MDG","Madagascar","3.8431E7",2003,"","","Refers to total traffic from all fixed-telephone networks to all mobile-cellular networks within the country"
54,"i1313wm","Fixed-to-mobile telephone traffic",,"minutes",144,"MDG","Madagascar","3.2274E7",2004,"","","Refers to total traffic from all fixed-telephone networks to all mobile-cellular networks within the country"
54,"i1313wm","Fixed-to-mobile telephone traffic",,"minutes",144,"MDG","Madagascar","2.1689E7",2005,"","","Refers to total traffic from all fixed-telephone networks to all mobile-cellular networks within the country"
54,"i1313wm","Fixed-to-mobile telephone traffic",,"minutes",144,"MDG","Madagascar","4.1233E7",2006,"","","Refers to total traffic from all fixed-telephone networks to all mobile-cellular networks within the country"
54,"i1313wm","Fixed-to-mobile telephone traffic",,"minutes",144,"MDG","Madagascar","8.4157E7",2007,"","Office Malagasy d'Etudes et Régulations des télécommunications (OMERT)","Refers to total traffic from all fixed-telephone networks to all mobile-cellular networks within the country"
54,"i1313wm","Fixed-to-mobile telephone traffic",,"minutes",144,"MDG","Madagascar","1.05638E8",2008,"","Office Malagasy d'Etudes et Régulations des télécommunications (OMERT)","Refers to total traffic from all fixed-telephone networks to all mobile-cellular networks within the country"
54,"i1313wm","Fixed-to-mobile telephone traffic",,"minutes",144,"MDG","Madagascar","1.48126E8",2009,"","Office Malagasy d'Etudes et Régulations des télécommunications (OMERT)","Refers to total traffic from all fixed-telephone networks to all mobile-cellular networks within the country"
54,"i1313wm","Fixed-to-mobile telephone traffic",,"minutes",144,"MDG","Madagascar","5.9102E7",2010,"","Office Malagasy d'Etudes et de Regulation des Télécommunications","Refers to total traffic from all fixed-telephone networks to all mobile-cellular networks within the country"
54,"i1313wm","Fixed-to-mobile telephone traffic",,"minutes",144,"MDG","Madagascar","6.0702008E7",2011,"","Office Malagasy d'Etudes et de Regulation des Télécommunications","Refers to total traffic from all fixed-telephone networks to all mobile-cellular networks within the country"
54,"i1313wm","Fixed-to-mobile telephone traffic",,"minutes",144,"MDG","Madagascar","4.294E7",2012,"","Office Malagasy d'Etudes et de Regulation des Télécommunications","Refers to total traffic from all fixed-telephone networks to all mobile-cellular networks within the country"
54,"i1313wm","Fixed-to-mobile telephone traffic",,"minutes",144,"MDG","Madagascar","4.6735E7",2013,"","Office Malagasy d'Etudes et de Regulation des Télécommunications","Refers to total traffic from all fixed-telephone networks to all mobile-cellular networks within the country"
54,"i1313wm","Fixed-to-mobile telephone traffic",,"minutes",144,"MDG","Madagascar","4.3667632E7",2014,"","Autorité de Régulation des Technologies de Communication","Refers to total traffic from all fixed-telephone networks to all mobile-cellular networks within the country"
54,"i1313wm","Fixed-to-mobile telephone traffic",,"minutes",144,"MDG","Madagascar","3.18053656E7",2015,"","Autorité de Régulation des Technologies de Communication","Refers to total traffic from all fixed-telephone networks to all mobile-cellular networks within the country"
54,"i1313wm","Fixed-to-mobile telephone traffic",,"minutes",144,"MDG","Madagascar","2.984158E7",2016,"","Autorité de Régulation des Technologies de Communication","Refers to total traffic from all fixed-telephone networks to all mobile-cellular networks within the country"
54,"i1313wm","Fixed-to-mobile telephone traffic",,"minutes",144,"MDG","Madagascar","2.916092E7",2017,"","Autorité de Régulation des Technologies de Communication","Refers to total traffic from all fixed-telephone networks to all mobile-cellular networks within the country"
54,"i1313wm","Fixed-to-mobile telephone traffic",,"minutes",144,"MDG","Madagascar","1.762049E7",2021,"","Autorité de Régulation des Technologies de Communication","Refers to total traffic from all fixed-telephone networks to all mobile-cellular networks within the country"
54,"i1313wm","Fixed-to-mobile telephone traffic",,"minutes",147,"MEX","Mexico","1.9480409659E10",2004,"","Comisión Federal de Telecomunicaciones de México","Refers to total traffic from all fixed-telephone networks to all mobile-cellular networks within the country"
54,"i1313wm","Fixed-to-mobile telephone traffic",,"minutes",147,"MEX","Mexico","2.5628313264E10",2005,"","Comisión Federal de Telecomunicaciones de México","Refers to total traffic from all fixed-telephone networks to all mobile-cellular networks within the country"
54,"i1313wm","Fixed-to-mobile telephone traffic",,"minutes",147,"MEX","Mexico","3.2871359884E10",2006,"","Comisión Federal de Telecomunicaciones de México","Refers to total traffic from all fixed-telephone networks to all mobile-cellular networks within the country"
54,"i1313wm","Fixed-to-mobile telephone traffic",,"minutes",147,"MEX","Mexico","4.7198996654E10",2007,"","Comisión Federal de Telecomunicaciones de México","Refers to total traffic from all fixed-telephone networks to all mobile-cellular networks within the country"
54,"i1313wm","Fixed-to-mobile telephone traffic",,"minutes",147,"MEX","Mexico","6.3650634809E10",2008,"","Comisión Federal de Telecomunicaciones de México","Refers to total traffic from all fixed-telephone networks to all mobile-cellular networks within the country"
54,"i1313wm","Fixed-to-mobile telephone traffic",,"minutes",147,"MEX","Mexico","7.1322338307E10",2009,"","Comisión Federal de Telecomunicaciones de México","Refers to total traffic from all fixed-telephone networks to all mobile-cellular networks within the country"
54,"i1313wm","Fixed-to-mobile telephone traffic",,"minutes",147,"MEX","Mexico","1.3015785818E10",2013,"","Instituto Federal de Telecomunicaciones de México","Refers to total traffic from all fixed-telephone networks to all mobile-cellular networks within the country"
54,"i1313wm","Fixed-to-mobile telephone traffic",,"minutes",147,"MEX","Mexico","1.2006270926E10",2014,"","Instituto Federal de Telecomunicaciones de México","Refers to total traffic from all fixed-telephone networks to all mobile-cellular networks within the country"
54,"i1313wm","Fixed-to-mobile telephone traffic",,"minutes",147,"MEX","Mexico","1.995974240633E10",2015,"Preliminary","Instituto Federal de Telecomunicaciones de México","Refers to total traffic from all fixed-telephone networks to all mobile-cellular networks within the country"
54,"i1313wm","Fixed-to-mobile telephone traffic",,"minutes",147,"MEX","Mexico","9.340427497E9",2016,"Information as of December 2016.","Instituto Federal de Telecomunicaciones","Refers to total traffic from all fixed-telephone networks to all mobile-cellular networks within the country"
54,"i1313wm","Fixed-to-mobile telephone traffic",,"minutes",147,"MEX","Mexico","1.4606321282E10",2017,"Information as of December 2017.","Instituto Federal de Telecomunicaciones","Refers to total traffic from all fixed-telephone networks to all mobile-cellular networks within the country"
54,"i1313wm","Fixed-to-mobile telephone traffic",,"minutes",147,"MEX","Mexico","1.5321545984E10",2018,"Information as of December 2018. Adjustments were made to previous report due to an Operator changed its historic report.","Instituto Federal de Telecomunicaciones","Refers to total traffic from all fixed-telephone networks to all mobile-cellular networks within the country"
54,"i1313wm","Fixed-to-mobile telephone traffic",,"minutes",147,"MEX","Mexico","9.605913706E9",2019,"Information as of December 2019.","Instituto Federal de Telecomunicaciones de México","Refers to total traffic from all fixed-telephone networks to all mobile-cellular networks within the country"
54,"i1313wm","Fixed-to-mobile telephone traffic",,"minutes",147,"MEX","Mexico","1.2333767501E10",2020,"Information as of December 2020.","Instituto Federal de Telecomunicaciones de México","Refers to total traffic from all fixed-telephone networks to all mobile-cellular networks within the country"
54,"i1313wm","Fixed-to-mobile telephone traffic",,"minutes",147,"MEX","Mexico","1.03601733986131E10",2021,"Information as of December 2021.","Instituto Federal de Telecomunicaciones de México","Refers to total traffic from all fixed-telephone networks to all mobile-cellular networks within the country"
54,"i1313wm","Fixed-to-mobile telephone traffic",,"minutes",148,"MYS","Malaysia","2.7163E9",2010,"","Malaysian Communications and Multimedia Commission","Refers to total traffic from all fixed-telephone networks to all mobile-cellular networks within the country"
54,"i1313wm","Fixed-to-mobile telephone traffic",,"minutes",148,"MYS","Malaysia","2.6609E9",2011,"","Malaysian Communications and Multimedia Commission","Refers to total traffic from all fixed-telephone networks to all mobile-cellular networks within the country"
54,"i1313wm","Fixed-to-mobile telephone traffic",,"minutes",148,"MYS","Malaysia","2.5286E9",2012,"","Malaysian Communications and Multimedia Commission","Refers to total traffic from all fixed-telephone networks to all mobile-cellular networks within the country"
54,"i1313wm","Fixed-to-mobile telephone traffic",,"minutes",148,"MYS","Malaysia","2.817859384E9",2015,"","Malaysian Communications and Multimedia Commission","Refers to total traffic from all fixed-telephone networks to all mobile-cellular networks within the country"
54,"i1313wm","Fixed-to-mobile telephone traffic",,"minutes",148,"MYS","Malaysia","1.9319681E9",2016,"","Malaysian Communications and Multimedia Malaysia","Refers to total traffic from all fixed-telephone networks to all mobile-cellular networks within the country"
54,"i1313wm","Fixed-to-mobile telephone traffic",,"minutes",148,"MYS","Malaysia","1.6452762E9",2017,"Revised figure from 1'569'271'800 as reported in 2018 ITU Long Questionnaire","Malaysian Communications and Multimedia Commission","Refers to total traffic from all fixed-telephone networks to all mobile-cellular networks within the country"
54,"i1313wm","Fixed-to-mobile telephone traffic",,"minutes",148,"MYS","Malaysia","1.2809815E9",2018,"","Malaysian Communications and Multimedia Commission","Refers to total traffic from all fixed-telephone networks to all mobile-cellular networks within the country"
54,"i1313wm","Fixed-to-mobile telephone traffic",,"minutes",148,"MYS","Malaysia","9.744411E8",2019,"Revised figure from 972'681'700 reported in ITU Long Questionnaire 2021","Malaysian Communications and Multimedia Commission","Refers to total traffic from all fixed-telephone networks to all mobile-cellular networks within the country"
54,"i1313wm","Fixed-to-mobile telephone traffic",,"minutes",148,"MYS","Malaysia","6.287155E8",2020,"Revised figure from 626'995'800 reported in ITU Long Questionnaire 2021","Malaysian Communications and Multimedia Commission","Refers to total traffic from all fixed-telephone networks to all mobile-cellular networks within the country"
54,"i1313wm","Fixed-to-mobile telephone traffic",,"minutes",148,"MYS","Malaysia","6.118858E8",2021,"","Malaysian Communications and Multimedia Commission","Refers to total traffic from all fixed-telephone networks to all mobile-cellular networks within the country"
54,"i1313wm","Fixed-to-mobile telephone traffic",,"minutes",149,"MDV","Maldives","1.932E7",2000,"","","Refers to total traffic from all fixed-telephone networks to all mobile-cellular networks within the country"
54,"i1313wm","Fixed-to-mobile telephone traffic",,"minutes",149,"MDV","Maldives","3.2097E7",2001,"","","Refers to total traffic from all fixed-telephone networks to all mobile-cellular networks within the country"
54,"i1313wm","Fixed-to-mobile telephone traffic",,"minutes",149,"MDV","Maldives","4.7407E7",2002,"","","Refers to total traffic from all fixed-telephone networks to all mobile-cellular networks within the country"
54,"i1313wm","Fixed-to-mobile telephone traffic",,"minutes",149,"MDV","Maldives","6.414E7",2003,"","","Refers to total traffic from all fixed-telephone networks to all mobile-cellular networks within the country"
54,"i1313wm","Fixed-to-mobile telephone traffic",,"minutes",149,"MDV","Maldives","8.18E7",2004,"","","Refers to total traffic from all fixed-telephone networks to all mobile-cellular networks within the country"
54,"i1313wm","Fixed-to-mobile telephone traffic",,"minutes",149,"MDV","Maldives","8.6381E7",2005,"","","Refers to total traffic from all fixed-telephone networks to all mobile-cellular networks within the country"
54,"i1313wm","Fixed-to-mobile telephone traffic",,"minutes",149,"MDV","Maldives","7.9196E7",2006,"","","Refers to total traffic from all fixed-telephone networks to all mobile-cellular networks within the country"
54,"i1313wm","Fixed-to-mobile telephone traffic",,"minutes",149,"MDV","Maldives","8.5267E7",2007,"","Communications Authority of Maldives","Refers to total traffic from all fixed-telephone networks to all mobile-cellular networks within the country"
54,"i1313wm","Fixed-to-mobile telephone traffic",,"minutes",149,"MDV","Maldives","6.5173E7",2008,"","Communications Authority of Maldives","Refers to total traffic from all fixed-telephone networks to all mobile-cellular networks within the country"
54,"i1313wm","Fixed-to-mobile telephone traffic",,"minutes",149,"MDV","Maldives","5.9277E7",2009,"","Communications Authority of Maldives","Refers to total traffic from all fixed-telephone networks to all mobile-cellular networks within the country"
54,"i1313wm","Fixed-to-mobile telephone traffic",,"minutes",149,"MDV","Maldives","5.2498E7",2010,"","Communications Authority of Maldives","Refers to total traffic from all fixed-telephone networks to all mobile-cellular networks within the country"
54,"i1313wm","Fixed-to-mobile telephone traffic",,"minutes",149,"MDV","Maldives","5.1046E7",2011,"","Communications Authority of Maldives","Refers to total traffic from all fixed-telephone networks to all mobile-cellular networks within the country"
54,"i1313wm","Fixed-to-mobile telephone traffic",,"minutes",149,"MDV","Maldives","4.9543E7",2012,"","Communications Authority of Maldives","Refers to total traffic from all fixed-telephone networks to all mobile-cellular networks within the country"
54,"i1313wm","Fixed-to-mobile telephone traffic",,"minutes",149,"MDV","Maldives","4.7641E7",2013,"","Communications Authority of Maldives","Refers to total traffic from all fixed-telephone networks to all mobile-cellular networks within the country"
54,"i1313wm","Fixed-to-mobile telephone traffic",,"minutes",149,"MDV","Maldives","3.953711E7",2016,"","Communications Authority of Maldives","Refers to total traffic from all fixed-telephone networks to all mobile-cellular networks within the country"
54,"i1313wm","Fixed-to-mobile telephone traffic",,"minutes",149,"MDV","Maldives","4.0621241E7",2017,"","Communications Authority of Maldives","Refers to total traffic from all fixed-telephone networks to all mobile-cellular networks within the country"
54,"i1313wm","Fixed-to-mobile telephone traffic",,"minutes",149,"MDV","Maldives","3.5314887E7",2018,"","Communications Authority of Maldives","Refers to total traffic from all fixed-telephone networks to all mobile-cellular networks within the country"
54,"i1313wm","Fixed-to-mobile telephone traffic",,"minutes",149,"MDV","Maldives","2.9923955E7",2019,"","Communications Authority of Maldives","Refers to total traffic from all fixed-telephone networks to all mobile-cellular networks within the country"
54,"i1313wm","Fixed-to-mobile telephone traffic",,"minutes",149,"MDV","Maldives","2.4101394E7",2020,"","Communications Authority of Maldives","Refers to total traffic from all fixed-telephone networks to all mobile-cellular networks within the country"
54,"i1313wm","Fixed-to-mobile telephone traffic",,"minutes",149,"MDV","Maldives","2.6925125E7",2021,"","Communications Authority of Maldives","Refers to total traffic from all fixed-telephone networks to all mobile-cellular networks within the country"
54,"i1313wm","Fixed-to-mobile telephone traffic",,"minutes",150,"MLI","Mali","2.74862709E8",2009,"","Comité de Régulation des Télécommnications CRT","Refers to total traffic from all fixed-telephone networks to all mobile-cellular networks within the country"
54,"i1313wm","Fixed-to-mobile telephone traffic",,"minutes",150,"MLI","Mali","6.894746E7",2010,"","Comité de Régulation des Télécommunications","Refers to total traffic from all fixed-telephone networks to all mobile-cellular networks within the country"
54,"i1313wm","Fixed-to-mobile telephone traffic",,"minutes",150,"MLI","Mali","5.4740065E7",2011,"","Comité de Régulation des Télécommunications","Refers to total traffic from all fixed-telephone networks to all mobile-cellular networks within the country"
54,"i1313wm","Fixed-to-mobile telephone traffic",,"minutes",150,"MLI","Mali","4.8698537E7",2012,"","Autorité Malienne de Régulation des Télécommunications/TIC et Postes (AMRTP)","Refers to total traffic from all fixed-telephone networks to all mobile-cellular networks within the country"
54,"i1313wm","Fixed-to-mobile telephone traffic",,"minutes",150,"MLI","Mali","5.7468162E7",2013,"","Autorité Malienne de Régulation des Télécommunications/TIC et Postes (AMRTP)","Refers to total traffic from all fixed-telephone networks to all mobile-cellular networks within the country"
54,"i1313wm","Fixed-to-mobile telephone traffic",,"minutes",150,"MLI","Mali","5.8094078E7",2014,"","Autorité Malienne de Régulation des Télécommunications/TIC et Postes (AMRTP)","Refers to total traffic from all fixed-telephone networks to all mobile-cellular networks within the country"
54,"i1313wm","Fixed-to-mobile telephone traffic",,"minutes",150,"MLI","Mali","4.9235575E7",2015,"","Autorité Malienne de Régulation des Télécommunications/TIC et Postes (AMRTP)","Refers to total traffic from all fixed-telephone networks to all mobile-cellular networks within the country"
54,"i1313wm","Fixed-to-mobile telephone traffic",,"minutes",150,"MLI","Mali","5.7520015E7",2016,"","Autorité malienne de régulation des télécommunications/TIC et Postes","Refers to total traffic from all fixed-telephone networks to all mobile-cellular networks within the country"
54,"i1313wm","Fixed-to-mobile telephone traffic",,"minutes",150,"MLI","Mali","4.3862716E7",2017,"","Autorité Malienne de Régulation des Télécommunication/TIC et Postes (AMRTP)","Refers to total traffic from all fixed-telephone networks to all mobile-cellular networks within the country"
54,"i1313wm","Fixed-to-mobile telephone traffic",,"minutes",150,"MLI","Mali","3.4569239E7",2018,"","Autorité Malienne de Régulation des Télécommunications/TIC et des Postes (AMRTP)","Refers to total traffic from all fixed-telephone networks to all mobile-cellular networks within the country"
54,"i1313wm","Fixed-to-mobile telephone traffic",,"minutes",150,"MLI","Mali","3.732024E7",2019,"","Autorité Malienne de Régulation des Télécommunications/TIC et Postes (AMRTP)","Refers to total traffic from all fixed-telephone networks to all mobile-cellular networks within the country"
54,"i1313wm","Fixed-to-mobile telephone traffic",,"minutes",150,"MLI","Mali","3.37122E7",2020,"","Autorité Malienne de Régulation des Télécommunications/TIC et Postes (AMRTP)","Refers to total traffic from all fixed-telephone networks to all mobile-cellular networks within the country"
54,"i1313wm","Fixed-to-mobile telephone traffic",,"minutes",150,"MLI","Mali","3.0067624E7",2021,"","Autorité Malienne de Régulation des Télécommunications/TIC et Postes (AMRTP)","Refers to total traffic from all fixed-telephone networks to all mobile-cellular networks within the country"
54,"i1313wm","Fixed-to-mobile telephone traffic",,"minutes",151,"MLT","Malta","5.7596777E7",2003,"","","Refers to total traffic from all fixed-telephone networks to all mobile-cellular networks within the country"
54,"i1313wm","Fixed-to-mobile telephone traffic",,"minutes",151,"MLT","Malta","4.8176354E7",2004,"","","Refers to total traffic from all fixed-telephone networks to all mobile-cellular networks within the country"
54,"i1313wm","Fixed-to-mobile telephone traffic",,"minutes",151,"MLT","Malta","4.6078256E7",2005,"","","Refers to total traffic from all fixed-telephone networks to all mobile-cellular networks within the country"
54,"i1313wm","Fixed-to-mobile telephone traffic",,"minutes",151,"MLT","Malta","4.5555903E7",2006,"","","Refers to total traffic from all fixed-telephone networks to all mobile-cellular networks within the country"
54,"i1313wm","Fixed-to-mobile telephone traffic",,"minutes",151,"MLT","Malta","4.8754128E7",2007,"","Malta Communications Authority","Refers to total traffic from all fixed-telephone networks to all mobile-cellular networks within the country"
54,"i1313wm","Fixed-to-mobile telephone traffic",,"minutes",151,"MLT","Malta","5.7658226E7",2008,"","Malta Communications Authority","Refers to total traffic from all fixed-telephone networks to all mobile-cellular networks within the country"
54,"i1313wm","Fixed-to-mobile telephone traffic",,"minutes",151,"MLT","Malta","6.0305995E7",2009,"","Malta Communications Authority","Refers to total traffic from all fixed-telephone networks to all mobile-cellular networks within the country"
54,"i1313wm","Fixed-to-mobile telephone traffic",,"minutes",151,"MLT","Malta","5.8456867E7",2010,"","Malta Communications Authority","Refers to total traffic from all fixed-telephone networks to all mobile-cellular networks within the country"
54,"i1313wm","Fixed-to-mobile telephone traffic",,"minutes",151,"MLT","Malta","5.8510585E7",2011,"","Malta Communications Authority","Refers to total traffic from all fixed-telephone networks to all mobile-cellular networks within the country"
54,"i1313wm","Fixed-to-mobile telephone traffic",,"minutes",151,"MLT","Malta","6.364408E7",2012,"","Malta Communications Authority","Refers to total traffic from all fixed-telephone networks to all mobile-cellular networks within the country"
54,"i1313wm","Fixed-to-mobile telephone traffic",,"minutes",151,"MLT","Malta","5.6472838E7",2013,"","Malta Communications Authority","Refers to total traffic from all fixed-telephone networks to all mobile-cellular networks within the country"
54,"i1313wm","Fixed-to-mobile telephone traffic",,"minutes",151,"MLT","Malta","5.4759724E7",2014,"","Malta Communications Authority","Refers to total traffic from all fixed-telephone networks to all mobile-cellular networks within the country"
54,"i1313wm","Fixed-to-mobile telephone traffic",,"minutes",151,"MLT","Malta","5.4660135E7",2015,"","Malta Communications Authority","Refers to total traffic from all fixed-telephone networks to all mobile-cellular networks within the country"
54,"i1313wm","Fixed-to-mobile telephone traffic",,"minutes",151,"MLT","Malta","5.3408284E7",2016,"","Malta Communications Authority","Refers to total traffic from all fixed-telephone networks to all mobile-cellular networks within the country"
54,"i1313wm","Fixed-to-mobile telephone traffic",,"minutes",151,"MLT","Malta","5.5358028E7",2017,"","Malta Communications Authority","Refers to total traffic from all fixed-telephone networks to all mobile-cellular networks within the country"
54,"i1313wm","Fixed-to-mobile telephone traffic",,"minutes",151,"MLT","Malta","5.7461132E7",2018,"","Malta Communications Authority","Refers to total traffic from all fixed-telephone networks to all mobile-cellular networks within the country"
54,"i1313wm","Fixed-to-mobile telephone traffic",,"minutes",151,"MLT","Malta","5.5213922E7",2019,"","Malta Communications Authority","Refers to total traffic from all fixed-telephone networks to all mobile-cellular networks within the country"
54,"i1313wm","Fixed-to-mobile telephone traffic",,"minutes",151,"MLT","Malta","6.126562E7",2020,"","Malta Communications Authority","Refers to total traffic from all fixed-telephone networks to all mobile-cellular networks within the country"
54,"i1313wm","Fixed-to-mobile telephone traffic",,"minutes",151,"MLT","Malta","5.1018727E7",2021,"","Malta Communications Authority","Refers to total traffic from all fixed-telephone networks to all mobile-cellular networks within the country"
54,"i1313wm","Fixed-to-mobile telephone traffic",,"minutes",152,"MNG","Mongolia","3.47478E8",2003,"","","Refers to total traffic from all fixed-telephone networks to all mobile-cellular networks within the country"
54,"i1313wm","Fixed-to-mobile telephone traffic",,"minutes",152,"MNG","Mongolia","1.65506579E8",2010,"","Communications Regulatory Commission of Mongolia","Refers to total traffic from all fixed-telephone networks to all mobile-cellular networks within the country"
54,"i1313wm","Fixed-to-mobile telephone traffic",,"minutes",152,"MNG","Mongolia","2.10675122E8",2011,"","Communications Regulatory Commission of Mongolia","Refers to total traffic from all fixed-telephone networks to all mobile-cellular networks within the country"
54,"i1313wm","Fixed-to-mobile telephone traffic",,"minutes",152,"MNG","Mongolia","2.55628524E8",2012,"","Communications Regulatory Commission of Mongolia","Refers to total traffic from all fixed-telephone networks to all mobile-cellular networks within the country"
54,"i1313wm","Fixed-to-mobile telephone traffic",,"minutes",152,"MNG","Mongolia","6.2932461E7",2015,"","Communications Regulatory Commission of Mongolia ","Refers to total traffic from all fixed-telephone networks to all mobile-cellular networks within the country"
54,"i1313wm","Fixed-to-mobile telephone traffic",,"minutes",152,"MNG","Mongolia","6.074512E7",2016,"","Communications Regulatory Commission of Mongolia","Refers to total traffic from all fixed-telephone networks to all mobile-cellular networks within the country"
54,"i1313wm","Fixed-to-mobile telephone traffic",,"minutes",152,"MNG","Mongolia","6.059312E7",2017,"","Communications Regulatory Commission of Mongolia","Refers to total traffic from all fixed-telephone networks to all mobile-cellular networks within the country"
54,"i1313wm","Fixed-to-mobile telephone traffic",,"minutes",152,"MNG","Mongolia","6.047852E7",2018,"","Communications Regulatory Commision of Mongolia","Refers to total traffic from all fixed-telephone networks to all mobile-cellular networks within the country"
54,"i1313wm","Fixed-to-mobile telephone traffic",,"minutes",152,"MNG","Mongolia","6.9751795E7",2019,"","Communications Regulatory Commission of Mongolia ","Refers to total traffic from all fixed-telephone networks to all mobile-cellular networks within the country"
54,"i1313wm","Fixed-to-mobile telephone traffic",,"minutes",152,"MNG","Mongolia","7.6223911E7",2020,"","Communications Regulatory Commission of Mongolia ","Refers to total traffic from all fixed-telephone networks to all mobile-cellular networks within the country"
54,"i1313wm","Fixed-to-mobile telephone traffic",,"minutes",152,"MNG","Mongolia","8.4649274E7",2021,"","Communications Regulatory Commission of Mongolia ","Refers to total traffic from all fixed-telephone networks to all mobile-cellular networks within the country"
54,"i1313wm","Fixed-to-mobile telephone traffic",,"minutes",153,"MOZ","Mozambique","3.6714652E7",2016,"Domestic traffic fixed-to-mobile only","ARECOM","Refers to total traffic from all fixed-telephone networks to all mobile-cellular networks within the country"
54,"i1313wm","Fixed-to-mobile telephone traffic",,"minutes",153,"MOZ","Mozambique","3.9373399E7",2017,"Domestic traffic fixed-to-mobile only","INCM","Refers to total traffic from all fixed-telephone networks to all mobile-cellular networks within the country"
54,"i1313wm","Fixed-to-mobile telephone traffic",,"minutes",153,"MOZ","Mozambique","3.0454779E7",2018,"","INCM - Communication Regulator Authority","Refers to total traffic from all fixed-telephone networks to all mobile-cellular networks within the country"
54,"i1313wm","Fixed-to-mobile telephone traffic",,"minutes",155,"MAR","Morocco","1.0E9",2002,"","","Refers to total traffic from all fixed-telephone networks to all mobile-cellular networks within the country"
54,"i1313wm","Fixed-to-mobile telephone traffic",,"minutes",155,"MAR","Morocco","1.03E9",2003,"","","Refers to total traffic from all fixed-telephone networks to all mobile-cellular networks within the country"
54,"i1313wm","Fixed-to-mobile telephone traffic",,"minutes",155,"MAR","Morocco","1.85E9",2004,"","","Refers to total traffic from all fixed-telephone networks to all mobile-cellular networks within the country"
54,"i1313wm","Fixed-to-mobile telephone traffic",,"minutes",155,"MAR","Morocco","1.861569163E9",2005,"","","Refers to total traffic from all fixed-telephone networks to all mobile-cellular networks within the country"
54,"i1313wm","Fixed-to-mobile telephone traffic",,"minutes",155,"MAR","Morocco","2.008705365E9",2006,"","","Refers to total traffic from all fixed-telephone networks to all mobile-cellular networks within the country"
54,"i1313wm","Fixed-to-mobile telephone traffic",,"minutes",155,"MAR","Morocco","2.007820773E9",2007,"","Agence Nationale de Réglementation des Télécommunications","Refers to total traffic from all fixed-telephone networks to all mobile-cellular networks within the country"
54,"i1313wm","Fixed-to-mobile telephone traffic",,"minutes",155,"MAR","Morocco","1.923966783E9",2009,"","Agence Nationale de Réglementation des Télécommunications","Refers to total traffic from all fixed-telephone networks to all mobile-cellular networks within the country"
54,"i1313wm","Fixed-to-mobile telephone traffic",,"minutes",155,"MAR","Morocco","3.002510309E9",2010,"","Agence Nationale de Réglementation des Télécommunications","Refers to total traffic from all fixed-telephone networks to all mobile-cellular networks within the country"
54,"i1313wm","Fixed-to-mobile telephone traffic",,"minutes",155,"MAR","Morocco","1.623723459E9",2012,"","Agence Nationale de Réglementation des Télécommunications","Refers to total traffic from all fixed-telephone networks to all mobile-cellular networks within the country"
54,"i1313wm","Fixed-to-mobile telephone traffic",,"minutes",155,"MAR","Morocco","1.623094868E9",2013,"","Agence Nationale de Réglementation des Télécommunications","Refers to total traffic from all fixed-telephone networks to all mobile-cellular networks within the country"
54,"i1313wm","Fixed-to-mobile telephone traffic",,"minutes",155,"MAR","Morocco","1.189839878E9",2014,"","Agence Nationale de Réglementation des Télécommunications","Refers to total traffic from all fixed-telephone networks to all mobile-cellular networks within the country"
54,"i1313wm","Fixed-to-mobile telephone traffic",,"minutes",155,"MAR","Morocco","1.170045E9",2015,"","Agence Nationale de Réglementation des Télécommunications","Refers to total traffic from all fixed-telephone networks to all mobile-cellular networks within the country"
54,"i1313wm","Fixed-to-mobile telephone traffic",,"minutes",155,"MAR","Morocco","1.073E9",2016,"Valeur arrondie","ANRT","Refers to total traffic from all fixed-telephone networks to all mobile-cellular networks within the country"
54,"i1313wm","Fixed-to-mobile telephone traffic",,"minutes",155,"MAR","Morocco","9.9E8",2017,"Valeur arrondie","ANRT","Refers to total traffic from all fixed-telephone networks to all mobile-cellular networks within the country"
54,"i1313wm","Fixed-to-mobile telephone traffic",,"minutes",155,"MAR","Morocco","9.12E8",2018,"Valeur arrondie","ANRT","Refers to total traffic from all fixed-telephone networks to all mobile-cellular networks within the country"
54,"i1313wm","Fixed-to-mobile telephone traffic",,"minutes",155,"MAR","Morocco","8.52E8",2019,"Valeur arrondie","Agence Nationale de Réglementation des Télécommunications","Refers to total traffic from all fixed-telephone networks to all mobile-cellular networks within the country"
54,"i1313wm","Fixed-to-mobile telephone traffic",,"minutes",155,"MAR","Morocco","7.89E8",2020,"Valeur arrondie","Agence Nationale de Réglementation des Télécommunications","Refers to total traffic from all fixed-telephone networks to all mobile-cellular networks within the country"
54,"i1313wm","Fixed-to-mobile telephone traffic",,"minutes",155,"MAR","Morocco","7.7E8",2021,"Rounded value","ANRT","Refers to total traffic from all fixed-telephone networks to all mobile-cellular networks within the country"
54,"i1313wm","Fixed-to-mobile telephone traffic",,"minutes",159,"MSR","Montserrat","720000.0",2006,"","","Refers to total traffic from all fixed-telephone networks to all mobile-cellular networks within the country"
54,"i1313wm","Fixed-to-mobile telephone traffic",,"minutes",159,"MSR","Montserrat","1244893.0",2007,"","","Refers to total traffic from all fixed-telephone networks to all mobile-cellular networks within the country"
54,"i1313wm","Fixed-to-mobile telephone traffic",,"minutes",160,"MRT","Mauritania","2.86E7",2001,"","","Refers to total traffic from all fixed-telephone networks to all mobile-cellular networks within the country"
54,"i1313wm","Fixed-to-mobile telephone traffic",,"minutes",160,"MRT","Mauritania","3.7E7",2002,"","","Refers to total traffic from all fixed-telephone networks to all mobile-cellular networks within the country"
54,"i1313wm","Fixed-to-mobile telephone traffic",,"minutes",160,"MRT","Mauritania","2.3767655E7",2006,"","","Refers to total traffic from all fixed-telephone networks to all mobile-cellular networks within the country"
54,"i1313wm","Fixed-to-mobile telephone traffic",,"minutes",160,"MRT","Mauritania","2.2598253E7",2007,"","","Refers to total traffic from all fixed-telephone networks to all mobile-cellular networks within the country"
54,"i1313wm","Fixed-to-mobile telephone traffic",,"minutes",160,"MRT","Mauritania","1.891134E7",2009,"","Autorité de Régulation","Refers to total traffic from all fixed-telephone networks to all mobile-cellular networks within the country"
54,"i1313wm","Fixed-to-mobile telephone traffic",,"minutes",160,"MRT","Mauritania","1.2649772E7",2010,"","Autorité de Régulation","Refers to total traffic from all fixed-telephone networks to all mobile-cellular networks within the country"
54,"i1313wm","Fixed-to-mobile telephone traffic",,"minutes",160,"MRT","Mauritania","1.204137E7",2011,"","Autorité de Régulation","Refers to total traffic from all fixed-telephone networks to all mobile-cellular networks within the country"
54,"i1313wm","Fixed-to-mobile telephone traffic",,"minutes",160,"MRT","Mauritania","1.7454204E7",2012,"","Autorité de Régulation","Refers to total traffic from all fixed-telephone networks to all mobile-cellular networks within the country"
54,"i1313wm","Fixed-to-mobile telephone traffic",,"minutes",160,"MRT","Mauritania","6089046.0",2016,"","Autorité de Régulation","Refers to total traffic from all fixed-telephone networks to all mobile-cellular networks within the country"
54,"i1313wm","Fixed-to-mobile telephone traffic",,"minutes",160,"MRT","Mauritania","3787109.0",2017,"","Autorité de Régulation","Refers to total traffic from all fixed-telephone networks to all mobile-cellular networks within the country"
54,"i1313wm","Fixed-to-mobile telephone traffic",,"minutes",160,"MRT","Mauritania","5926805.0",2018,"","Autorité de Régulation (ARE)","Refers to total traffic from all fixed-telephone networks to all mobile-cellular networks within the country"
54,"i1313wm","Fixed-to-mobile telephone traffic",,"minutes",160,"MRT","Mauritania","7101644.0",2019,"","Autorité de Régulation","Refers to total traffic from all fixed-telephone networks to all mobile-cellular networks within the country"
54,"i1313wm","Fixed-to-mobile telephone traffic",,"minutes",160,"MRT","Mauritania","5708981.0",2020,"mise à jour de données","Autorité de Régulation","Refers to total traffic from all fixed-telephone networks to all mobile-cellular networks within the country"
54,"i1313wm","Fixed-to-mobile telephone traffic",,"minutes",160,"MRT","Mauritania","4228497.0",2021,"","Autorité de Régulation","Refers to total traffic from all fixed-telephone networks to all mobile-cellular networks within the country"
54,"i1313wm","Fixed-to-mobile telephone traffic",,"minutes",161,"MWI","Malawi","7765275.0",2010,"","Malawi Communications Regulatory Authority","Refers to total traffic from all fixed-telephone networks to all mobile-cellular networks within the country"
54,"i1313wm","Fixed-to-mobile telephone traffic",,"minutes",161,"MWI","Malawi","6.7852124E7",2014,"","Malawi Communications Regulatory Authority","Refers to total traffic from all fixed-telephone networks to all mobile-cellular networks within the country"
54,"i1313wm","Fixed-to-mobile telephone traffic",,"minutes",161,"MWI","Malawi","3.7301113E7",2015,"##","Malawi Communications Regulatory Authority","Refers to total traffic from all fixed-telephone networks to all mobile-cellular networks within the country"
54,"i1313wm","Fixed-to-mobile telephone traffic",,"minutes",161,"MWI","Malawi","3.5140451E7",2016,"","Malawi communications regulatory authority","Refers to total traffic from all fixed-telephone networks to all mobile-cellular networks within the country"
54,"i1313wm","Fixed-to-mobile telephone traffic",,"minutes",161,"MWI","Malawi","3.3700451E7",2017,"","Malawi communications regulatory authority","Refers to total traffic from all fixed-telephone networks to all mobile-cellular networks within the country"
54,"i1313wm","Fixed-to-mobile telephone traffic",,"minutes",161,"MWI","Malawi","2.7777621E7",2018,"","Malawi Communication regulatory authority","Refers to total traffic from all fixed-telephone networks to all mobile-cellular networks within the country"
54,"i1313wm","Fixed-to-mobile telephone traffic",,"minutes",161,"MWI","Malawi","2.2536144E7",2019,"","Malawi Communications Regulatory Authority","Refers to total traffic from all fixed-telephone networks to all mobile-cellular networks within the country"
54,"i1313wm","Fixed-to-mobile telephone traffic",,"minutes",161,"MWI","Malawi","1.7029281E7",2020,"","Malawi Communications Regulatory Authority","Refers to total traffic from all fixed-telephone networks to all mobile-cellular networks within the country"
54,"i1313wm","Fixed-to-mobile telephone traffic",,"minutes",161,"MWI","Malawi","1.5481164E7",2021,"","Malawi Communications Regulatory Authority","Refers to total traffic from all fixed-telephone networks to all mobile-cellular networks within the country"
54,"i1313wm","Fixed-to-mobile telephone traffic",,"minutes",163,"NIC","Nicaragua","1.39562E8",2003,"","","Refers to total traffic from all fixed-telephone networks to all mobile-cellular networks within the country"
54,"i1313wm","Fixed-to-mobile telephone traffic",,"minutes",163,"NIC","Nicaragua","3.4388201E7",2021,"","Instituto Nicaraguense de Telecomunicaciones y Correos","Refers to total traffic from all fixed-telephone networks to all mobile-cellular networks within the country"
54,"i1313wm","Fixed-to-mobile telephone traffic",,"minutes",164,"NCL","New Caledonia","6.2888888E7",2003,"","","Refers to total traffic from all fixed-telephone networks to all mobile-cellular networks within the country"
54,"i1313wm","Fixed-to-mobile telephone traffic",,"minutes",164,"NCL","New Caledonia","7.6478531E7",2015,"","Office des Postes et Télécommunications","Refers to total traffic from all fixed-telephone networks to all mobile-cellular networks within the country"
54,"i1313wm","Fixed-to-mobile telephone traffic",,"minutes",166,"NER","Niger","1.2244365E7",2016,"","MPT-EN","Refers to total traffic from all fixed-telephone networks to all mobile-cellular networks within the country"
54,"i1313wm","Fixed-to-mobile telephone traffic",,"minutes",166,"NER","Niger","1.5167933E7",2017,"","MPT-EN","Refers to total traffic from all fixed-telephone networks to all mobile-cellular networks within the country"
54,"i1313wm","Fixed-to-mobile telephone traffic",,"minutes",167,"NGA","Nigeria","7.4674952263E8",2009,"","Nigerian Communications Commission","Refers to total traffic from all fixed-telephone networks to all mobile-cellular networks within the country"
54,"i1313wm","Fixed-to-mobile telephone traffic",,"minutes",167,"NGA","Nigeria","7.605051002E8",2010,"","Nigerian Communications Commission","Refers to total traffic from all fixed-telephone networks to all mobile-cellular networks within the country"
54,"i1313wm","Fixed-to-mobile telephone traffic",,"minutes",167,"NGA","Nigeria","1.908127858E9",2011,"","Nigerian Communications Commission","Refers to total traffic from all fixed-telephone networks to all mobile-cellular networks within the country"
54,"i1313wm","Fixed-to-mobile telephone traffic",,"minutes",167,"NGA","Nigeria","3.3784919828E8",2012,"Exc. data from two operators.","Nigerian Communications Commission","Refers to total traffic from all fixed-telephone networks to all mobile-cellular networks within the country"
54,"i1313wm","Fixed-to-mobile telephone traffic",,"minutes",167,"NGA","Nigeria","1.3671051073E8",2013,"Exc. data from two operators.","Nigerian Communications Commission","Refers to total traffic from all fixed-telephone networks to all mobile-cellular networks within the country"
54,"i1313wm","Fixed-to-mobile telephone traffic",,"minutes",167,"NGA","Nigeria","1.839295975E8",2015,"","Nigerian Communications Commission","Refers to total traffic from all fixed-telephone networks to all mobile-cellular networks within the country"
54,"i1313wm","Fixed-to-mobile telephone traffic",,"minutes",167,"NGA","Nigeria","1.4553841E8",2016,"","NIGERIAN COMMUNICATIONS COMMISSION","Refers to total traffic from all fixed-telephone networks to all mobile-cellular networks within the country"
54,"i1313wm","Fixed-to-mobile telephone traffic",,"minutes",167,"NGA","Nigeria","1.64217448E8",2017,"","NIGERIAN COMMUNICATIONS COMMISSION","Refers to total traffic from all fixed-telephone networks to all mobile-cellular networks within the country"
54,"i1313wm","Fixed-to-mobile telephone traffic",,"minutes",167,"NGA","Nigeria","2.43731218E8",2018,"","Nigerian Communications Commission","Refers to total traffic from all fixed-telephone networks to all mobile-cellular networks within the country"
54,"i1313wm","Fixed-to-mobile telephone traffic",,"minutes",167,"NGA","Nigeria","3.484029098E9",2019,"","Nigerian Communications Commission","Refers to total traffic from all fixed-telephone networks to all mobile-cellular networks within the country"
54,"i1313wm","Fixed-to-mobile telephone traffic",,"minutes",167,"NGA","Nigeria","2.86350255E8",2020,"","Nigerian Communications Commission","Refers to total traffic from all fixed-telephone networks to all mobile-cellular networks within the country"
54,"i1313wm","Fixed-to-mobile telephone traffic",,"minutes",167,"NGA","Nigeria","3.449233E8",2021,"","Nigerian Communications Commission","Refers to total traffic from all fixed-telephone networks to all mobile-cellular networks within the country"
54,"i1313wm","Fixed-to-mobile telephone traffic",,"minutes",169,"NAM","Namibia","1.91062038E8",2009,"","Communications Regulatory Authority of Namibia ","Refers to total traffic from all fixed-telephone networks to all mobile-cellular networks within the country"
54,"i1313wm","Fixed-to-mobile telephone traffic",,"minutes",169,"NAM","Namibia","7.1876329E7",2010,"","Communications Regulatory Authority of Namibia ","Refers to total traffic from all fixed-telephone networks to all mobile-cellular networks within the country"
54,"i1313wm","Fixed-to-mobile telephone traffic",,"minutes",169,"NAM","Namibia","8.7550672E7",2011,"","Communications Regulatory Authority of Namibia ","Refers to total traffic from all fixed-telephone networks to all mobile-cellular networks within the country"
54,"i1313wm","Fixed-to-mobile telephone traffic",,"minutes",169,"NAM","Namibia","1.17234807E8",2012,"","Communications Regulatory Authority of Namibia ","Refers to total traffic from all fixed-telephone networks to all mobile-cellular networks within the country"
54,"i1313wm","Fixed-to-mobile telephone traffic",,"minutes",169,"NAM","Namibia","6.6050749E7",2013,"","Communications Regulatory Authority of Namibia ","Refers to total traffic from all fixed-telephone networks to all mobile-cellular networks within the country"
54,"i1313wm","Fixed-to-mobile telephone traffic",,"minutes",169,"NAM","Namibia","7.7319742E7",2014,"","Communications Regulatory Authority of Namibia ","Refers to total traffic from all fixed-telephone networks to all mobile-cellular networks within the country"
54,"i1313wm","Fixed-to-mobile telephone traffic",,"minutes",169,"NAM","Namibia","6.865232E7",2015,"","Communications Regulatory Authority of Namibia ","Refers to total traffic from all fixed-telephone networks to all mobile-cellular networks within the country"
54,"i1313wm","Fixed-to-mobile telephone traffic",,"minutes",169,"NAM","Namibia","6.6763767E7",2016,"Revised.","CRAN","Refers to total traffic from all fixed-telephone networks to all mobile-cellular networks within the country"
54,"i1313wm","Fixed-to-mobile telephone traffic",,"minutes",169,"NAM","Namibia","6.3880129E7",2017,"","CRAN","Refers to total traffic from all fixed-telephone networks to all mobile-cellular networks within the country"
54,"i1313wm","Fixed-to-mobile telephone traffic",,"minutes",169,"NAM","Namibia","1.6512748E7",2018,"","CRAN","Refers to total traffic from all fixed-telephone networks to all mobile-cellular networks within the country"
54,"i1313wm","Fixed-to-mobile telephone traffic",,"minutes",169,"NAM","Namibia","1.5258713E7",2019,"","Communications Regulatory Authority of Namibia ","Refers to total traffic from all fixed-telephone networks to all mobile-cellular networks within the country"
54,"i1313wm","Fixed-to-mobile telephone traffic",,"minutes",169,"NAM","Namibia","1.4920685E7",2020,"","Communications Regulatory Authority of Namibia ","Refers to total traffic from all fixed-telephone networks to all mobile-cellular networks within the country"
54,"i1313wm","Fixed-to-mobile telephone traffic",,"minutes",169,"NAM","Namibia","5.8675781E7",2021,"","Communications Regulatory Authority of Namibia ","Refers to total traffic from all fixed-telephone networks to all mobile-cellular networks within the country"
54,"i1313wm","Fixed-to-mobile telephone traffic",,"minutes",170,"NOR","Norway","1.69025E9",2000,"","","Refers to total traffic from all fixed-telephone networks to all mobile-cellular networks within the country"
54,"i1313wm","Fixed-to-mobile telephone traffic",,"minutes",170,"NOR","Norway","1.888E9",2001,"","","Refers to total traffic from all fixed-telephone networks to all mobile-cellular networks within the country"
54,"i1313wm","Fixed-to-mobile telephone traffic",,"minutes",170,"NOR","Norway","2.049E9",2002,"","","Refers to total traffic from all fixed-telephone networks to all mobile-cellular networks within the country"
54,"i1313wm","Fixed-to-mobile telephone traffic",,"minutes",170,"NOR","Norway","2.149E9",2003,"","","Refers to total traffic from all fixed-telephone networks to all mobile-cellular networks within the country"
54,"i1313wm","Fixed-to-mobile telephone traffic",,"minutes",170,"NOR","Norway","2.0365E9",2004,"","","Refers to total traffic from all fixed-telephone networks to all mobile-cellular networks within the country"
54,"i1313wm","Fixed-to-mobile telephone traffic",,"minutes",170,"NOR","Norway","2.077E9",2005,"","","Refers to total traffic from all fixed-telephone networks to all mobile-cellular networks within the country"
54,"i1313wm","Fixed-to-mobile telephone traffic",,"minutes",170,"NOR","Norway","1.9855E9",2006,"","","Refers to total traffic from all fixed-telephone networks to all mobile-cellular networks within the country"
54,"i1313wm","Fixed-to-mobile telephone traffic",,"minutes",170,"NOR","Norway","1.791299E9",2007,"","Norwegian Post- and telecommunications Authority","Refers to total traffic from all fixed-telephone networks to all mobile-cellular networks within the country"
54,"i1313wm","Fixed-to-mobile telephone traffic",,"minutes",170,"NOR","Norway","1.716599E9",2008,"","Norwegian Post and Telecommunications Authority (NPT)","Refers to total traffic from all fixed-telephone networks to all mobile-cellular networks within the country"
54,"i1313wm","Fixed-to-mobile telephone traffic",,"minutes",170,"NOR","Norway","1.568156E9",2009,"Incl VoIP","Norwegian Post and Telecommunications Authority (NPT)","Refers to total traffic from all fixed-telephone networks to all mobile-cellular networks within the country"
54,"i1313wm","Fixed-to-mobile telephone traffic",,"minutes",170,"NOR","Norway","1.44613608E9",2010,"Incl VoIP","Norwegian Post and Telecommunications Authority (NPT)","Refers to total traffic from all fixed-telephone networks to all mobile-cellular networks within the country"
54,"i1313wm","Fixed-to-mobile telephone traffic",,"minutes",170,"NOR","Norway","1.292313801E9",2011,"Incl VoIP","Norwegian Post and Telecommunications Authority (NPT)","Refers to total traffic from all fixed-telephone networks to all mobile-cellular networks within the country"
54,"i1313wm","Fixed-to-mobile telephone traffic",,"minutes",170,"NOR","Norway","1.18250489E9",2012,"Incl VoIP","Norwegian Post and Telecommunications Authority (NPT)","Refers to total traffic from all fixed-telephone networks to all mobile-cellular networks within the country"
54,"i1313wm","Fixed-to-mobile telephone traffic",,"minutes",170,"NOR","Norway","1.030062931E9",2013,"","Norwegian Post and Telecommunications Authority (NPT)","Refers to total traffic from all fixed-telephone networks to all mobile-cellular networks within the country"
54,"i1313wm","Fixed-to-mobile telephone traffic",,"minutes",170,"NOR","Norway","9.3384198E8",2014,"","Norwegian Communications Authority","Refers to total traffic from all fixed-telephone networks to all mobile-cellular networks within the country"
54,"i1313wm","Fixed-to-mobile telephone traffic",,"minutes",170,"NOR","Norway","8.53381E8",2015,"","Norwegian Communications Authority","Refers to total traffic from all fixed-telephone networks to all mobile-cellular networks within the country"
54,"i1313wm","Fixed-to-mobile telephone traffic",,"minutes",170,"NOR","Norway","7.86153E8",2016,"","Norwegian Communication Authority","Refers to total traffic from all fixed-telephone networks to all mobile-cellular networks within the country"
54,"i1313wm","Fixed-to-mobile telephone traffic",,"minutes",170,"NOR","Norway","7.00781E8",2017,"","Norwegian Communication Authority","Refers to total traffic from all fixed-telephone networks to all mobile-cellular networks within the country"
54,"i1313wm","Fixed-to-mobile telephone traffic",,"minutes",170,"NOR","Norway","6.36431E8",2018,"","Norwegian Communication Authority","Refers to total traffic from all fixed-telephone networks to all mobile-cellular networks within the country"
54,"i1313wm","Fixed-to-mobile telephone traffic",,"minutes",170,"NOR","Norway","5.72107E8",2019,"","Norwegian Communication Authority","Refers to total traffic from all fixed-telephone networks to all mobile-cellular networks within the country"
54,"i1313wm","Fixed-to-mobile telephone traffic",,"minutes",173,"NZL","New Zealand","5.7E8",2000,"","Telecom Corporation of New Zealand Ltd.","Refers to total traffic from all fixed-telephone networks to all mobile-cellular networks within the country"
54,"i1313wm","Fixed-to-mobile telephone traffic",,"minutes",173,"NZL","New Zealand","6.37E8",2001,"","Telecom Corporation of New Zealand Ltd.","Refers to total traffic from all fixed-telephone networks to all mobile-cellular networks within the country"
54,"i1313wm","Fixed-to-mobile telephone traffic",,"minutes",173,"NZL","New Zealand","6.51E8",2002,"","Telecom Corporation of New Zealand Ltd.","Refers to total traffic from all fixed-telephone networks to all mobile-cellular networks within the country"
54,"i1313wm","Fixed-to-mobile telephone traffic",,"minutes",173,"NZL","New Zealand","6.48E8",2003,"","Telecom Corporation of New Zealand Ltd.","Refers to total traffic from all fixed-telephone networks to all mobile-cellular networks within the country"
54,"i1313wm","Fixed-to-mobile telephone traffic",,"minutes",173,"NZL","New Zealand","6.48E8",2004,"","Ministry of Economic Development.","Refers to total traffic from all fixed-telephone networks to all mobile-cellular networks within the country"
54,"i1313wm","Fixed-to-mobile telephone traffic",,"minutes",173,"NZL","New Zealand","9.7E8",2006,"","Estimate from Ministry of Economic Development.","Refers to total traffic from all fixed-telephone networks to all mobile-cellular networks within the country"
54,"i1313wm","Fixed-to-mobile telephone traffic",,"minutes",173,"NZL","New Zealand","1.05E9",2007,"","Estimate from Ministry of Economic Development.","Refers to total traffic from all fixed-telephone networks to all mobile-cellular networks within the country"
54,"i1313wm","Fixed-to-mobile telephone traffic",,"minutes",173,"NZL","New Zealand","9.4E8",2009,"","Ministry of Business, Innovation and Employment","Refers to total traffic from all fixed-telephone networks to all mobile-cellular networks within the country"
54,"i1313wm","Fixed-to-mobile telephone traffic",,"minutes",173,"NZL","New Zealand","8.7E8",2010,"","Ministry of Business, Innovation and Employment","Refers to total traffic from all fixed-telephone networks to all mobile-cellular networks within the country"
54,"i1313wm","Fixed-to-mobile telephone traffic",,"minutes",173,"NZL","New Zealand","8.9E8",2011,"","Ministry of Business, Innovation and Employment","Refers to total traffic from all fixed-telephone networks to all mobile-cellular networks within the country"
54,"i1313wm","Fixed-to-mobile telephone traffic",,"minutes",173,"NZL","New Zealand","8.6E8",2012,"","Ministry of Business, Innovation and Employment","Refers to total traffic from all fixed-telephone networks to all mobile-cellular networks within the country"
54,"i1313wm","Fixed-to-mobile telephone traffic",,"minutes",173,"NZL","New Zealand","8.26E8",2014,"","Ministry of Business, Innovation and Employment","Refers to total traffic from all fixed-telephone networks to all mobile-cellular networks within the country"
54,"i1313wm","Fixed-to-mobile telephone traffic",,"minutes",173,"NZL","New Zealand","6.67E8",2015,"","Ministry of Business, Innovation and Employment","Refers to total traffic from all fixed-telephone networks to all mobile-cellular networks within the country"
54,"i1313wm","Fixed-to-mobile telephone traffic",,"minutes",173,"NZL","New Zealand","6.7E8",2016,"","Ministry of Business, Innovation and Employment","Refers to total traffic from all fixed-telephone networks to all mobile-cellular networks within the country"
54,"i1313wm","Fixed-to-mobile telephone traffic",,"minutes",173,"NZL","New Zealand","6.05E8",2017,"","Ministry of Business, Innovation and Employment","Refers to total traffic from all fixed-telephone networks to all mobile-cellular networks within the country"
54,"i1313wm","Fixed-to-mobile telephone traffic",,"minutes",173,"NZL","New Zealand","5.42119E8",2019,"","Commerce Commission ","Refers to total traffic from all fixed-telephone networks to all mobile-cellular networks within the country"
54,"i1313wm","Fixed-to-mobile telephone traffic",,"minutes",173,"NZL","New Zealand","5.44469E8",2020,"","Commerce Commission ","Refers to total traffic from all fixed-telephone networks to all mobile-cellular networks within the country"
54,"i1313wm","Fixed-to-mobile telephone traffic",,"minutes",173,"NZL","New Zealand","5.22694E8",2021,"","Commerce Commission ","Refers to total traffic from all fixed-telephone networks to all mobile-cellular networks within the country"
54,"i1313wm","Fixed-to-mobile telephone traffic",,"minutes",175,"PYF","French Polynesia","4.49E7",2008,"","Service des Postes et Télécommunications","Refers to total traffic from all fixed-telephone networks to all mobile-cellular networks within the country"
54,"i1313wm","Fixed-to-mobile telephone traffic",,"minutes",175,"PYF","French Polynesia","3.89E7",2009,"","Service des Postes et Télécommunications","Refers to total traffic from all fixed-telephone networks to all mobile-cellular networks within the country"
54,"i1313wm","Fixed-to-mobile telephone traffic",,"minutes",175,"PYF","French Polynesia","4.05E7",2010,"","Service des Postes et Télécommunications","Refers to total traffic from all fixed-telephone networks to all mobile-cellular networks within the country"
54,"i1313wm","Fixed-to-mobile telephone traffic",,"minutes",175,"PYF","French Polynesia","3.3404715E7",2012,"","Service des Postes et Télécommunications","Refers to total traffic from all fixed-telephone networks to all mobile-cellular networks within the country"
54,"i1313wm","Fixed-to-mobile telephone traffic",,"minutes",175,"PYF","French Polynesia","3.1533383E7",2013,"","Service des Postes et Télécommunications","Refers to total traffic from all fixed-telephone networks to all mobile-cellular networks within the country"
54,"i1313wm","Fixed-to-mobile telephone traffic",,"minutes",175,"PYF","French Polynesia","2.875506E7",2014,"","Service des Postes et Télécommunications","Refers to total traffic from all fixed-telephone networks to all mobile-cellular networks within the country"
54,"i1313wm","Fixed-to-mobile telephone traffic",,"minutes",175,"PYF","French Polynesia","2.5912958E7",2015,"","Direction générale de l'économie numérique (DGEN)","Refers to total traffic from all fixed-telephone networks to all mobile-cellular networks within the country"
54,"i1313wm","Fixed-to-mobile telephone traffic",,"minutes",175,"PYF","French Polynesia","2.4170788E7",2016,"","Direction Générale de l'Economie Numérique","Refers to total traffic from all fixed-telephone networks to all mobile-cellular networks within the country"
54,"i1313wm","Fixed-to-mobile telephone traffic",,"minutes",175,"PYF","French Polynesia","2.3216613E7",2017,"","Direction Générale de l'Economie Numérique","Refers to total traffic from all fixed-telephone networks to all mobile-cellular networks within the country"
54,"i1313wm","Fixed-to-mobile telephone traffic",,"minutes",175,"PYF","French Polynesia","2.2384558E7",2018,"","Direction Générale de l'Economie Numérique","Refers to total traffic from all fixed-telephone networks to all mobile-cellular networks within the country"
54,"i1313wm","Fixed-to-mobile telephone traffic",,"minutes",176,"OMN","Oman","4.135E8",2005,"","","Refers to total traffic from all fixed-telephone networks to all mobile-cellular networks within the country"
54,"i1313wm","Fixed-to-mobile telephone traffic",,"minutes",176,"OMN","Oman","4.611E8",2006,"","","Refers to total traffic from all fixed-telephone networks to all mobile-cellular networks within the country"
54,"i1313wm","Fixed-to-mobile telephone traffic",,"minutes",176,"OMN","Oman","4.45277035E8",2007,"","Telecommunications Regulatory Authority","Refers to total traffic from all fixed-telephone networks to all mobile-cellular networks within the country"
54,"i1313wm","Fixed-to-mobile telephone traffic",,"minutes",176,"OMN","Oman","4.85849804E8",2009,"","Telecommunication Regulatory Authority","Refers to total traffic from all fixed-telephone networks to all mobile-cellular networks within the country"
54,"i1313wm","Fixed-to-mobile telephone traffic",,"minutes",176,"OMN","Oman","4.92246803E8",2010,"","Telecommunication Regulatory Authority","Refers to total traffic from all fixed-telephone networks to all mobile-cellular networks within the country"
54,"i1313wm","Fixed-to-mobile telephone traffic",,"minutes",176,"OMN","Oman","4.80561531E8",2011,"","Telecommunication Regulatory Authority","Refers to total traffic from all fixed-telephone networks to all mobile-cellular networks within the country"
54,"i1313wm","Fixed-to-mobile telephone traffic",,"minutes",176,"OMN","Oman","4.1676537E8",2012,"","Telecommunication Regulatory Authority","Refers to total traffic from all fixed-telephone networks to all mobile-cellular networks within the country"
54,"i1313wm","Fixed-to-mobile telephone traffic",,"minutes",176,"OMN","Oman","4.12399351E8",2013,"","Telecommunication Regulatory Authority","Refers to total traffic from all fixed-telephone networks to all mobile-cellular networks within the country"
54,"i1313wm","Fixed-to-mobile telephone traffic",,"minutes",176,"OMN","Oman","4.12396346E8",2014,"","Telecommunication Regulatory Authority","Refers to total traffic from all fixed-telephone networks to all mobile-cellular networks within the country"
54,"i1313wm","Fixed-to-mobile telephone traffic",,"minutes",176,"OMN","Oman","3.8118884537E8",2015,"","Telecommunication Regulatory Authority","Refers to total traffic from all fixed-telephone networks to all mobile-cellular networks within the country"
54,"i1313wm","Fixed-to-mobile telephone traffic",,"minutes",176,"OMN","Oman","3.44799995E8",2016,"","Telecommunication Regulatory Authority","Refers to total traffic from all fixed-telephone networks to all mobile-cellular networks within the country"
54,"i1313wm","Fixed-to-mobile telephone traffic",,"minutes",176,"OMN","Oman","3.29790763E8",2017,"","Telecommunication Regulatory Authority","Refers to total traffic from all fixed-telephone networks to all mobile-cellular networks within the country"
54,"i1313wm","Fixed-to-mobile telephone traffic",,"minutes",176,"OMN","Oman","3.213867467E8",2018,"","Telecommunication Regulatory Authority","Refers to total traffic from all fixed-telephone networks to all mobile-cellular networks within the country"
54,"i1313wm","Fixed-to-mobile telephone traffic",,"minutes",176,"OMN","Oman","3.088070851E8",2019,"","Telecommunication Regulatory Authority","Refers to total traffic from all fixed-telephone networks to all mobile-cellular networks within the country"
54,"i1313wm","Fixed-to-mobile telephone traffic",,"minutes",176,"OMN","Oman","5.3978846E7",2020,"","Telecommunication Regulatory Authority","Refers to total traffic from all fixed-telephone networks to all mobile-cellular networks within the country"
54,"i1313wm","Fixed-to-mobile telephone traffic",,"minutes",176,"OMN","Oman","1.87743705E8",2021,"","Telecommunication Regulatory Authority","Refers to total traffic from all fixed-telephone networks to all mobile-cellular networks within the country"
54,"i1313wm","Fixed-to-mobile telephone traffic",,"minutes",182,"PAK","Pakistan","5.227233122E9",2007,"","Pakistan Telecommunication Authority (PTA).","Refers to total traffic from all fixed-telephone networks to all mobile-cellular networks within the country"
54,"i1313wm","Fixed-to-mobile telephone traffic",,"minutes",182,"PAK","Pakistan","5.050045102E9",2008,"","Pakistan Telecommunication Authority (PTA).","Refers to total traffic from all fixed-telephone networks to all mobile-cellular networks within the country"
54,"i1313wm","Fixed-to-mobile telephone traffic",,"minutes",182,"PAK","Pakistan","3.999624537E9",2009,"","Pakistan Telecommunication Authority (PTA).","Refers to total traffic from all fixed-telephone networks to all mobile-cellular networks within the country"
54,"i1313wm","Fixed-to-mobile telephone traffic",,"minutes",182,"PAK","Pakistan","3.645811704E9",2010,"","Pakistan Telecommunication Authority","Refers to total traffic from all fixed-telephone networks to all mobile-cellular networks within the country"
54,"i1313wm","Fixed-to-mobile telephone traffic",,"minutes",182,"PAK","Pakistan","2.956346258E9",2011,"As per data estimated from Fixed line operators","Pakistan Telecommunication Authority","Refers to total traffic from all fixed-telephone networks to all mobile-cellular networks within the country"
54,"i1313wm","Fixed-to-mobile telephone traffic",,"minutes",182,"PAK","Pakistan","3.289680655E9",2012,"As per data estimated from Fixed line operators","","Refers to total traffic from all fixed-telephone networks to all mobile-cellular networks within the country"
54,"i1313wm","Fixed-to-mobile telephone traffic",,"minutes",182,"PAK","Pakistan","3.450452883E9",2013,"As per data estimated from Fixed line operators","","Refers to total traffic from all fixed-telephone networks to all mobile-cellular networks within the country"
54,"i1313wm","Fixed-to-mobile telephone traffic",,"minutes",182,"PAK","Pakistan","3.454718875E9",2014,"Figures are for the period from 1st January, 2014 to 31st December, 2014 based##on data received from Fixed line operators","","Refers to total traffic from all fixed-telephone networks to all mobile-cellular networks within the country"
54,"i1313wm","Fixed-to-mobile telephone traffic",,"minutes",182,"PAK","Pakistan","2.76363698E9",2015,"Figures are for the period from 1st January, 2015 to 31st December, 2015 based on data received from Fixed line operators","Pakistan Telecommunication Authority","Refers to total traffic from all fixed-telephone networks to all mobile-cellular networks within the country"
54,"i1313wm","Fixed-to-mobile telephone traffic",,"minutes",182,"PAK","Pakistan","3.29739823E9",2016,"Figures are for the period from 1st January, 2016 to 31st December, 2016 based on data received from Fixed line operators","Pakistan Telecommunication Authority","Refers to total traffic from all fixed-telephone networks to all mobile-cellular networks within the country"
54,"i1313wm","Fixed-to-mobile telephone traffic",,"minutes",182,"PAK","Pakistan","2.365398E9",2017,"Figures are for the period from 1st January, 2017 to 31st December, 2017 based on data received from Fixed line operators","Pakistan Telecommunication Authority","Refers to total traffic from all fixed-telephone networks to all mobile-cellular networks within the country"
54,"i1313wm","Fixed-to-mobile telephone traffic",,"minutes",182,"PAK","Pakistan","2.051135994E9",2018,"Figures are for the period from 1st January, 2018 to 31st December, 2018 based on data received from Fixed line operators","Pakistan Telecommunication Authoriity","Refers to total traffic from all fixed-telephone networks to all mobile-cellular networks within the country"
54,"i1313wm","Fixed-to-mobile telephone traffic",,"minutes",182,"PAK","Pakistan","5.29935888E8",2019,"Figures are for the period from 1st January, 2019 to 31st December, 2019 based on data received from Fixed line operators- FLL & WLL","Pakistan Telecommunication Authority","Refers to total traffic from all fixed-telephone networks to all mobile-cellular networks within the country"
54,"i1313wm","Fixed-to-mobile telephone traffic",,"minutes",182,"PAK","Pakistan","255753.0",2020,"Figures are for the period from 1st January, 2020 to 31st December, 2020 based on data received from Fixed line operators- FLL & WLL","Pakistan Telecommunication Authority","Refers to total traffic from all fixed-telephone networks to all mobile-cellular networks within the country"
54,"i1313wm","Fixed-to-mobile telephone traffic",,"minutes",182,"PAK","Pakistan","1.844335776E9",2021,"Figures are for the period from 1st January, 2021 to 31st December, 2021 based on data received from Fixed line operators- FLL & WLL","Pakistan Telecommunication Authority","Refers to total traffic from all fixed-telephone networks to all mobile-cellular networks within the country"
54,"i1313wm","Fixed-to-mobile telephone traffic",,"minutes",189,"PAN","Panama","1.81868965E8",2001,"","","Refers to total traffic from all fixed-telephone networks to all mobile-cellular networks within the country"
54,"i1313wm","Fixed-to-mobile telephone traffic",,"minutes",189,"PAN","Panama","2.09738907E8",2002,"","","Refers to total traffic from all fixed-telephone networks to all mobile-cellular networks within the country"
54,"i1313wm","Fixed-to-mobile telephone traffic",,"minutes",189,"PAN","Panama","2.94138025E8",2003,"","","Refers to total traffic from all fixed-telephone networks to all mobile-cellular networks within the country"
54,"i1313wm","Fixed-to-mobile telephone traffic",,"minutes",189,"PAN","Panama","3.1536356E8",2008,"","Autoridad Nacional de los Servicios Públicos (ASEP)","Refers to total traffic from all fixed-telephone networks to all mobile-cellular networks within the country"
54,"i1313wm","Fixed-to-mobile telephone traffic",,"minutes",189,"PAN","Panama","2.51690962E8",2009,"","Autoridad Nacional de los Servicios Públicos (ASEP)","Refers to total traffic from all fixed-telephone networks to all mobile-cellular networks within the country"
54,"i1313wm","Fixed-to-mobile telephone traffic",,"minutes",189,"PAN","Panama","2.6427551E8",2010,"","Autoridad Nacional de los Servicios Públicos (ASEP)","Refers to total traffic from all fixed-telephone networks to all mobile-cellular networks within the country"
54,"i1313wm","Fixed-to-mobile telephone traffic",,"minutes",189,"PAN","Panama","1.98742695E8",2011,"","Autoridad Nacional de los Servicios Públicos (ASEP)","Refers to total traffic from all fixed-telephone networks to all mobile-cellular networks within the country"
54,"i1313wm","Fixed-to-mobile telephone traffic",,"minutes",189,"PAN","Panama","2.03954014E8",2012,"","Autoridad Nacional de los Servicios Públicos (ASEP)","Refers to total traffic from all fixed-telephone networks to all mobile-cellular networks within the country"
54,"i1313wm","Fixed-to-mobile telephone traffic",,"minutes",189,"PAN","Panama","1.95651795E8",2013,"","Autoridad Nacional de los Servicios Públicos (ASEP)","Refers to total traffic from all fixed-telephone networks to all mobile-cellular networks within the country"
54,"i1313wm","Fixed-to-mobile telephone traffic",,"minutes",189,"PAN","Panama","1.94467259E8",2014,"","Autoridad Nacional de los Servicios Públicos (ASEP)","Refers to total traffic from all fixed-telephone networks to all mobile-cellular networks within the country"
54,"i1313wm","Fixed-to-mobile telephone traffic",,"minutes",189,"PAN","Panama","1.71346277E8",2015,"","Autoridad Nacional de los Servicios Públicos (ASEP)","Refers to total traffic from all fixed-telephone networks to all mobile-cellular networks within the country"
54,"i1313wm","Fixed-to-mobile telephone traffic",,"minutes",189,"PAN","Panama","1.55998279E8",2016,"","Autoridad Nacional de los Servicios Públicos","Refers to total traffic from all fixed-telephone networks to all mobile-cellular networks within the country"
54,"i1313wm","Fixed-to-mobile telephone traffic",,"minutes",189,"PAN","Panama","1.61236139E8",2017,"","Autoridad Nacional de los Servicios Públicos","Refers to total traffic from all fixed-telephone networks to all mobile-cellular networks within the country"
54,"i1313wm","Fixed-to-mobile telephone traffic",,"minutes",189,"PAN","Panama","1.59284714E8",2018,"","Autoridad Nacional de los Servicios Publicos","Refers to total traffic from all fixed-telephone networks to all mobile-cellular networks within the country"
54,"i1313wm","Fixed-to-mobile telephone traffic",,"minutes",189,"PAN","Panama","1.38267671E8",2019,"","Autoridad Nacional de los Servicios Públicos (ASEP)","Refers to total traffic from all fixed-telephone networks to all mobile-cellular networks within the country"
54,"i1313wm","Fixed-to-mobile telephone traffic",,"minutes",189,"PAN","Panama","9.8418434E7",2020,"cifras reales","Autoridad Nacional de los Servicios Públicos (ASEP)","Refers to total traffic from all fixed-telephone networks to all mobile-cellular networks within the country"
54,"i1313wm","Fixed-to-mobile telephone traffic",,"minutes",189,"PAN","Panama","9.8384892E7",2021,"cifras estimadas","Autoridad Nacional de los Servicios Públicos (ASEP)","Refers to total traffic from all fixed-telephone networks to all mobile-cellular networks within the country"
54,"i1313wm","Fixed-to-mobile telephone traffic",,"minutes",190,"POL","Poland","2.0859658E9",2002,"","","Refers to total traffic from all fixed-telephone networks to all mobile-cellular networks within the country"
54,"i1313wm","Fixed-to-mobile telephone traffic",,"minutes",190,"POL","Poland","2.099E9",2003,"","","Refers to total traffic from all fixed-telephone networks to all mobile-cellular networks within the country"
54,"i1313wm","Fixed-to-mobile telephone traffic",,"minutes",190,"POL","Poland","2.150565651E9",2004,"","","Refers to total traffic from all fixed-telephone networks to all mobile-cellular networks within the country"
54,"i1313wm","Fixed-to-mobile telephone traffic",,"minutes",190,"POL","Poland","2.330360916E9",2005,"","","Refers to total traffic from all fixed-telephone networks to all mobile-cellular networks within the country"
54,"i1313wm","Fixed-to-mobile telephone traffic",,"minutes",190,"POL","Poland","2.08598696783E9",2006,"","","Refers to total traffic from all fixed-telephone networks to all mobile-cellular networks within the country"
54,"i1313wm","Fixed-to-mobile telephone traffic",,"minutes",190,"POL","Poland","2.22057774228E9",2007,"","Office of Electronic Communications","Refers to total traffic from all fixed-telephone networks to all mobile-cellular networks within the country"
54,"i1313wm","Fixed-to-mobile telephone traffic",,"minutes",190,"POL","Poland","2.230423447E9",2008,"","Office of Electronic Communications","Refers to total traffic from all fixed-telephone networks to all mobile-cellular networks within the country"
54,"i1313wm","Fixed-to-mobile telephone traffic",,"minutes",190,"POL","Poland","2.17885135E9",2009,"","Office of Electronic Communications","Refers to total traffic from all fixed-telephone networks to all mobile-cellular networks within the country"
54,"i1313wm","Fixed-to-mobile telephone traffic",,"minutes",190,"POL","Poland","2.255140475E9",2010,"","Office of Electronic Communications","Refers to total traffic from all fixed-telephone networks to all mobile-cellular networks within the country"
54,"i1313wm","Fixed-to-mobile telephone traffic",,"minutes",190,"POL","Poland","2.232144411E9",2011,"","Office of Electronic Communications","Refers to total traffic from all fixed-telephone networks to all mobile-cellular networks within the country"
54,"i1313wm","Fixed-to-mobile telephone traffic",,"minutes",190,"POL","Poland","2.17480984E9",2012,"","Office of Electronic Communications","Refers to total traffic from all fixed-telephone networks to all mobile-cellular networks within the country"
54,"i1313wm","Fixed-to-mobile telephone traffic",,"minutes",190,"POL","Poland","2.005042132E9",2013,"","Office of Electronic Communications","Refers to total traffic from all fixed-telephone networks to all mobile-cellular networks within the country"
54,"i1313wm","Fixed-to-mobile telephone traffic",,"minutes",190,"POL","Poland","2.019978554E9",2014,"","Office of Electronic Communications","Refers to total traffic from all fixed-telephone networks to all mobile-cellular networks within the country"
54,"i1313wm","Fixed-to-mobile telephone traffic",,"minutes",190,"POL","Poland","2.028387547E9",2015,"","Office of Electronic Communications","Refers to total traffic from all fixed-telephone networks to all mobile-cellular networks within the country"
54,"i1313wm","Fixed-to-mobile telephone traffic",,"minutes",190,"POL","Poland","1.886351544E9",2016,"","Office of Electronic Communications","Refers to total traffic from all fixed-telephone networks to all mobile-cellular networks within the country"
54,"i1313wm","Fixed-to-mobile telephone traffic",,"minutes",190,"POL","Poland","1.75135527E9",2017,"","Office of Electronic Communications","Refers to total traffic from all fixed-telephone networks to all mobile-cellular networks within the country"
54,"i1313wm","Fixed-to-mobile telephone traffic",,"minutes",190,"POL","Poland","1.585642809E9",2018,"","Office of Electronic Communications","Refers to total traffic from all fixed-telephone networks to all mobile-cellular networks within the country"
54,"i1313wm","Fixed-to-mobile telephone traffic",,"minutes",190,"POL","Poland","1.548512101E9",2019,"Excluding VoIP","Office of Electronic Communications","Refers to total traffic from all fixed-telephone networks to all mobile-cellular networks within the country"
54,"i1313wm","Fixed-to-mobile telephone traffic",,"minutes",190,"POL","Poland","1.73816514E9",2020,"Excluding VoIP","Office of Electronic Communications","Refers to total traffic from all fixed-telephone networks to all mobile-cellular networks within the country"
54,"i1313wm","Fixed-to-mobile telephone traffic",,"minutes",190,"POL","Poland","1.656918046E9",2021,"Excluding VoIP","Office of Electronic Communications","Refers to total traffic from all fixed-telephone networks to all mobile-cellular networks within the country"
54,"i1313wm","Fixed-to-mobile telephone traffic",,"minutes",191,"PRT","Portugal","1.317E9",2000,"","","Refers to total traffic from all fixed-telephone networks to all mobile-cellular networks within the country"
54,"i1313wm","Fixed-to-mobile telephone traffic",,"minutes",191,"PRT","Portugal","1.4E9",2001,"","","Refers to total traffic from all fixed-telephone networks to all mobile-cellular networks within the country"
54,"i1313wm","Fixed-to-mobile telephone traffic",,"minutes",191,"PRT","Portugal","1.455427822E9",2002,"","","Refers to total traffic from all fixed-telephone networks to all mobile-cellular networks within the country"
54,"i1313wm","Fixed-to-mobile telephone traffic",,"minutes",191,"PRT","Portugal","1.301530403E9",2003,"","","Refers to total traffic from all fixed-telephone networks to all mobile-cellular networks within the country"
54,"i1313wm","Fixed-to-mobile telephone traffic",,"minutes",191,"PRT","Portugal","1.253889947E9",2004,"","","Refers to total traffic from all fixed-telephone networks to all mobile-cellular networks within the country"
54,"i1313wm","Fixed-to-mobile telephone traffic",,"minutes",191,"PRT","Portugal","1.219520018E9",2005,"","","Refers to total traffic from all fixed-telephone networks to all mobile-cellular networks within the country"
54,"i1313wm","Fixed-to-mobile telephone traffic",,"minutes",191,"PRT","Portugal","1.154571627E9",2006,"","","Refers to total traffic from all fixed-telephone networks to all mobile-cellular networks within the country"
54,"i1313wm","Fixed-to-mobile telephone traffic",,"minutes",191,"PRT","Portugal","1.155174974E9",2007,"","ANACOM","Refers to total traffic from all fixed-telephone networks to all mobile-cellular networks within the country"
54,"i1313wm","Fixed-to-mobile telephone traffic",,"minutes",191,"PRT","Portugal","1.095034181E9",2008,"","Autoridade Nacional de Comunicaçőes","Refers to total traffic from all fixed-telephone networks to all mobile-cellular networks within the country"
54,"i1313wm","Fixed-to-mobile telephone traffic",,"minutes",191,"PRT","Portugal","9.92384607E8",2009,"","Autoridade Nacional de Comunicaçőes","Refers to total traffic from all fixed-telephone networks to all mobile-cellular networks within the country"
54,"i1313wm","Fixed-to-mobile telephone traffic",,"minutes",191,"PRT","Portugal","8.91988983E8",2010,"","Autoridade Nacional de Comunicaçőes","Refers to total traffic from all fixed-telephone networks to all mobile-cellular networks within the country"
54,"i1313wm","Fixed-to-mobile telephone traffic",,"minutes",191,"PRT","Portugal","7.81415121E8",2011,"","Autoridade Nacional de Comunicaçőes","Refers to total traffic from all fixed-telephone networks to all mobile-cellular networks within the country"
54,"i1313wm","Fixed-to-mobile telephone traffic",,"minutes",191,"PRT","Portugal","7.18440124E8",2012,"","Autoridade Nacional de Comunicaçőes","Refers to total traffic from all fixed-telephone networks to all mobile-cellular networks within the country"
54,"i1313wm","Fixed-to-mobile telephone traffic",,"minutes",191,"PRT","Portugal","6.7128995E8",2013,"","Autoridade Nacional de Comunicaçőes","Refers to total traffic from all fixed-telephone networks to all mobile-cellular networks within the country"
54,"i1313wm","Fixed-to-mobile telephone traffic",,"minutes",191,"PRT","Portugal","6.28078121E8",2014,"","Autoridade Nacional de Comunicaçőes","Refers to total traffic from all fixed-telephone networks to all mobile-cellular networks within the country"
54,"i1313wm","Fixed-to-mobile telephone traffic",,"minutes",191,"PRT","Portugal","5.12935131E8",2015,"","Autoridade Nacional de Comunicaçőes","Refers to total traffic from all fixed-telephone networks to all mobile-cellular networks within the country"
54,"i1313wm","Fixed-to-mobile telephone traffic",,"minutes",191,"PRT","Portugal","5.01652625E8",2016,"","ANACOM","Refers to total traffic from all fixed-telephone networks to all mobile-cellular networks within the country"
54,"i1313wm","Fixed-to-mobile telephone traffic",,"minutes",191,"PRT","Portugal","4.94112665E8",2017,"","ANACOM","Refers to total traffic from all fixed-telephone networks to all mobile-cellular networks within the country"
54,"i1313wm","Fixed-to-mobile telephone traffic",,"minutes",191,"PRT","Portugal","4.94354341E8",2018,"","ANACOM","Refers to total traffic from all fixed-telephone networks to all mobile-cellular networks within the country"
54,"i1313wm","Fixed-to-mobile telephone traffic",,"minutes",191,"PRT","Portugal","5.06470244E8",2019,"","Autoridade Nacional de Comunicaçőes","Refers to total traffic from all fixed-telephone networks to all mobile-cellular networks within the country"
54,"i1313wm","Fixed-to-mobile telephone traffic",,"minutes",191,"PRT","Portugal","6.20696748E8",2020,"Revised.","Autoridade Nacional de Comunicaçőes","Refers to total traffic from all fixed-telephone networks to all mobile-cellular networks within the country"
54,"i1313wm","Fixed-to-mobile telephone traffic",,"minutes",191,"PRT","Portugal","6.42499378E8",2021,"","Autoridade Nacional de Comunicaçőes","Refers to total traffic from all fixed-telephone networks to all mobile-cellular networks within the country"
54,"i1313wm","Fixed-to-mobile telephone traffic",,"minutes",192,"PRY","Paraguay","1.95401512E8",2006,"","","Refers to total traffic from all fixed-telephone networks to all mobile-cellular networks within the country"
54,"i1313wm","Fixed-to-mobile telephone traffic",,"minutes",192,"PRY","Paraguay","1.57354609E8",2007,"","Comisión Nacional de Telecomunicaciones CONATEL","Refers to total traffic from all fixed-telephone networks to all mobile-cellular networks within the country"
54,"i1313wm","Fixed-to-mobile telephone traffic",,"minutes",192,"PRY","Paraguay","1.11507333E8",2008,"","Comisión Nacional de Telecomunicaciones CONATEL","Refers to total traffic from all fixed-telephone networks to all mobile-cellular networks within the country"
54,"i1313wm","Fixed-to-mobile telephone traffic",,"minutes",192,"PRY","Paraguay","1.07155808E8",2009,"","Comisión Nacional de Telecomunicaciones CONATEL","Refers to total traffic from all fixed-telephone networks to all mobile-cellular networks within the country"
54,"i1313wm","Fixed-to-mobile telephone traffic",,"minutes",192,"PRY","Paraguay","1.11693827E8",2010,"","Comisión Nacional de Telecomunicaciones","Refers to total traffic from all fixed-telephone networks to all mobile-cellular networks within the country"
54,"i1313wm","Fixed-to-mobile telephone traffic",,"minutes",192,"PRY","Paraguay","1.12074793E8",2011,"","Comisión Nacional de Telecomunicaciones","Refers to total traffic from all fixed-telephone networks to all mobile-cellular networks within the country"
54,"i1313wm","Fixed-to-mobile telephone traffic",,"minutes",192,"PRY","Paraguay","1.08872066E8",2013,"","Comisión Nacional de Telecomunicaciones - CONATEL","Refers to total traffic from all fixed-telephone networks to all mobile-cellular networks within the country"
54,"i1313wm","Fixed-to-mobile telephone traffic",,"minutes",192,"PRY","Paraguay","1.06341159E8",2014,"","Comisión Nacional de Telecomunicaciones - CONATEL","Refers to total traffic from all fixed-telephone networks to all mobile-cellular networks within the country"
54,"i1313wm","Fixed-to-mobile telephone traffic",,"minutes",192,"PRY","Paraguay","9.2034029E7",2015,"","Comisión Nacional de Telecomunicaciones - CONATEL","Refers to total traffic from all fixed-telephone networks to all mobile-cellular networks within the country"
54,"i1313wm","Fixed-to-mobile telephone traffic",,"minutes",192,"PRY","Paraguay","2.9905355E7",2019,"","Comisión Nacional de Telecomunicaciones - CONATEL","Refers to total traffic from all fixed-telephone networks to all mobile-cellular networks within the country"
54,"i1313wm","Fixed-to-mobile telephone traffic",,"minutes",192,"PRY","Paraguay","2.1296289E7",2020,"","Comisión Nacional de Telecomunicaciones - CONATEL","Refers to total traffic from all fixed-telephone networks to all mobile-cellular networks within the country"
54,"i1313wm","Fixed-to-mobile telephone traffic",,"minutes",192,"PRY","Paraguay","1.7841675E7",2021,"","Comisión Nacional de Telecomunicaciones - CONATEL","Refers to total traffic from all fixed-telephone networks to all mobile-cellular networks within the country"
54,"i1313wm","Fixed-to-mobile telephone traffic",,"minutes",193,"PER","Peru","1.0370242E10",2002,"","","Refers to total traffic from all fixed-telephone networks to all mobile-cellular networks within the country"
54,"i1313wm","Fixed-to-mobile telephone traffic",,"minutes",193,"PER","Peru","1.2962287E10",2003,"","","Refers to total traffic from all fixed-telephone networks to all mobile-cellular networks within the country"
54,"i1313wm","Fixed-to-mobile telephone traffic",,"minutes",193,"PER","Peru","3.94606934E8",2004,"","","Refers to total traffic from all fixed-telephone networks to all mobile-cellular networks within the country"
54,"i1313wm","Fixed-to-mobile telephone traffic",,"minutes",193,"PER","Peru","3.80043517E8",2005,"","","Refers to total traffic from all fixed-telephone networks to all mobile-cellular networks within the country"
54,"i1313wm","Fixed-to-mobile telephone traffic",,"minutes",193,"PER","Peru","4.33490352E8",2006,"","","Refers to total traffic from all fixed-telephone networks to all mobile-cellular networks within the country"
54,"i1313wm","Fixed-to-mobile telephone traffic",,"minutes",193,"PER","Peru","9.43828725E8",2015,"","Ministerio de Transportes y Comunicaciones","Refers to total traffic from all fixed-telephone networks to all mobile-cellular networks within the country"
54,"i1313wm","Fixed-to-mobile telephone traffic",,"minutes",193,"PER","Peru","8.1521909E8",2019,"Tráfico facturado de fijo a móvl, corresponde al tiempo de comunicación de voz facturado expresado en minutos reales de comunicación, sin incluir cargo por establecimiento de llamada. Corresponde al número de minutos acumulados de la duración real de las llamadas, que fueron facturados y originados en la red fija de abonados de las empresas operadoras. Fuente - Osiptel.","Ministerio de Transportes y Comunicaciones","Refers to total traffic from all fixed-telephone networks to all mobile-cellular networks within the country"
54,"i1313wm","Fixed-to-mobile telephone traffic",,"minutes",193,"PER","Peru","9.88147511E8",2020,"Tráfico facturado de fijo a móvl, corresponde al tiempo de comunicación de voz facturado expresado en minutos reales de comunicación, sin incluir cargo por establecimiento de llamada. Corresponde al número de minutos acumulados de la duración real de las llamadas, que fueron facturados y originados en la red fija de abonados de las empresas operadoras. Fuente - Osiptel.","Ministerio de Transportes y Comunicaciones","Refers to total traffic from all fixed-telephone networks to all mobile-cellular networks within the country"
54,"i1313wm","Fixed-to-mobile telephone traffic",,"minutes",193,"PER","Peru","9.54537052E8",2021,"Tráfico facturado de fijo a móvl, corresponde al tiempo de comunicación de voz facturado expresado en minutos reales de comunicación, sin incluir cargo por establecimiento de llamada. Corresponde al número de minutos acumulados de la duración real de las llamadas, que fueron facturados y originados en la red fija de abonados de las empresas operadoras. Fuente - Osiptel.","Ministerio de Transportes y Comunicaciones","Refers to total traffic from all fixed-telephone networks to all mobile-cellular networks within the country"
54,"i1313wm","Fixed-to-mobile telephone traffic",,"minutes",196,"QAT","Qatar","6.8673919E7",2000,"","","Refers to total traffic from all fixed-telephone networks to all mobile-cellular networks within the country"
54,"i1313wm","Fixed-to-mobile telephone traffic",,"minutes",196,"QAT","Qatar","9.7099765E7",2001,"","","Refers to total traffic from all fixed-telephone networks to all mobile-cellular networks within the country"
54,"i1313wm","Fixed-to-mobile telephone traffic",,"minutes",196,"QAT","Qatar","1.10220071E8",2002,"","","Refers to total traffic from all fixed-telephone networks to all mobile-cellular networks within the country"
54,"i1313wm","Fixed-to-mobile telephone traffic",,"minutes",196,"QAT","Qatar","1.13582548E8",2003,"","","Refers to total traffic from all fixed-telephone networks to all mobile-cellular networks within the country"
54,"i1313wm","Fixed-to-mobile telephone traffic",,"minutes",196,"QAT","Qatar","3.52414022E8",2004,"","","Refers to total traffic from all fixed-telephone networks to all mobile-cellular networks within the country"
54,"i1313wm","Fixed-to-mobile telephone traffic",,"minutes",200,"ROU","Romania","8.138E8",2002,"","National Regulatory Authority for Communications.","Refers to total traffic from all fixed-telephone networks to all mobile-cellular networks within the country"
54,"i1313wm","Fixed-to-mobile telephone traffic",,"minutes",200,"ROU","Romania","8.1786768E8",2003,"","National Regulatory Authority for Communications.","Refers to total traffic from all fixed-telephone networks to all mobile-cellular networks within the country"
54,"i1313wm","Fixed-to-mobile telephone traffic",,"minutes",200,"ROU","Romania","7.93490767E8",2004,"","National Regulatory Authority for Communications.","Refers to total traffic from all fixed-telephone networks to all mobile-cellular networks within the country"
54,"i1313wm","Fixed-to-mobile telephone traffic",,"minutes",200,"ROU","Romania","7.80990367E8",2005,"","National Regulatory Authority for Communications.","Refers to total traffic from all fixed-telephone networks to all mobile-cellular networks within the country"
54,"i1313wm","Fixed-to-mobile telephone traffic",,"minutes",200,"ROU","Romania","9.64186546E8",2006,"","National Regulatory Authority for Communications.","Refers to total traffic from all fixed-telephone networks to all mobile-cellular networks within the country"
54,"i1313wm","Fixed-to-mobile telephone traffic",,"minutes",200,"ROU","Romania","1.134E9",2007,"","National Regulatory Authority for Communications.","Refers to total traffic from all fixed-telephone networks to all mobile-cellular networks within the country"
54,"i1313wm","Fixed-to-mobile telephone traffic",,"minutes",200,"ROU","Romania","1.354E9",2008,"","National Regulatory Authority for Communications.","Refers to total traffic from all fixed-telephone networks to all mobile-cellular networks within the country"
54,"i1313wm","Fixed-to-mobile telephone traffic",,"minutes",200,"ROU","Romania","1.064E9",2009,"","ANCOM","Refers to total traffic from all fixed-telephone networks to all mobile-cellular networks within the country"
54,"i1313wm","Fixed-to-mobile telephone traffic",,"minutes",200,"ROU","Romania","1.09E9",2010,"","National Authority for Management and Regulation in Communications of Romania","Refers to total traffic from all fixed-telephone networks to all mobile-cellular networks within the country"
54,"i1313wm","Fixed-to-mobile telephone traffic",,"minutes",200,"ROU","Romania","1.144E9",2011,"","National Authority for Management and Regulation in Communications of Romania","Refers to total traffic from all fixed-telephone networks to all mobile-cellular networks within the country"
54,"i1313wm","Fixed-to-mobile telephone traffic",,"minutes",200,"ROU","Romania","1.191E9",2012,"","National Authority for Management and Regulation in Communications of Romania","Refers to total traffic from all fixed-telephone networks to all mobile-cellular networks within the country"
54,"i1313wm","Fixed-to-mobile telephone traffic",,"minutes",200,"ROU","Romania","1.257E9",2013,"","National Authority for Management and Regulation in Communications of Romania","Refers to total traffic from all fixed-telephone networks to all mobile-cellular networks within the country"
54,"i1313wm","Fixed-to-mobile telephone traffic",,"minutes",200,"ROU","Romania","1.178E9",2014,"","National Authority for Management and Regulation in Communications of Romania","Refers to total traffic from all fixed-telephone networks to all mobile-cellular networks within the country"
54,"i1313wm","Fixed-to-mobile telephone traffic",,"minutes",200,"ROU","Romania","1.006E9",2015,"","National Authority for Management and Regulation in Communications","Refers to total traffic from all fixed-telephone networks to all mobile-cellular networks within the country"
54,"i1313wm","Fixed-to-mobile telephone traffic",,"minutes",200,"ROU","Romania","9.15E8",2016,"","National Authority for Management and Regulation in Communications","Refers to total traffic from all fixed-telephone networks to all mobile-cellular networks within the country"
54,"i1313wm","Fixed-to-mobile telephone traffic",,"minutes",200,"ROU","Romania","8.53E8",2017,"","ANCOM","Refers to total traffic from all fixed-telephone networks to all mobile-cellular networks within the country"
54,"i1313wm","Fixed-to-mobile telephone traffic",,"minutes",200,"ROU","Romania","7.66E8",2018,"","ANCOM","Refers to total traffic from all fixed-telephone networks to all mobile-cellular networks within the country"
54,"i1313wm","Fixed-to-mobile telephone traffic",,"minutes",200,"ROU","Romania","7.22E8",2019,"","National Authority for Management and Regulation in Communications","Refers to total traffic from all fixed-telephone networks to all mobile-cellular networks within the country"
54,"i1313wm","Fixed-to-mobile telephone traffic",,"minutes",200,"ROU","Romania","8.39E8",2020,"","National Authority for Management and Regulation in Communications","Refers to total traffic from all fixed-telephone networks to all mobile-cellular networks within the country"
54,"i1313wm","Fixed-to-mobile telephone traffic",,"minutes",200,"ROU","Romania","7.73E8",2021,"","National Authority for Management and Regulation in Communications","Refers to total traffic from all fixed-telephone networks to all mobile-cellular networks within the country"
54,"i1313wm","Fixed-to-mobile telephone traffic",,"minutes",201,"RWA","Rwanda","2.613828E7",2005,"","","Refers to total traffic from all fixed-telephone networks to all mobile-cellular networks within the country"
54,"i1313wm","Fixed-to-mobile telephone traffic",,"minutes",201,"RWA","Rwanda","8169232.0",2007,"","Rwanda Utlities Regulatory Agency","Refers to total traffic from all fixed-telephone networks to all mobile-cellular networks within the country"
54,"i1313wm","Fixed-to-mobile telephone traffic",,"minutes",201,"RWA","Rwanda","5844731.0",2008,"","Agence Rwandaise de Régulation des Services d'Utilité Publique (RURA)","Refers to total traffic from all fixed-telephone networks to all mobile-cellular networks within the country"
54,"i1313wm","Fixed-to-mobile telephone traffic",,"minutes",201,"RWA","Rwanda","1.1761331E7",2009,"","Agence Rwandaise de Régulation des Services d'Utilité Publique (RURA)","Refers to total traffic from all fixed-telephone networks to all mobile-cellular networks within the country"
54,"i1313wm","Fixed-to-mobile telephone traffic",,"minutes",201,"RWA","Rwanda","4278073.0",2010,"","Agence Rwandaise de Régulation des Services d'Utilité Publique (RURA)","Refers to total traffic from all fixed-telephone networks to all mobile-cellular networks within the country"
54,"i1313wm","Fixed-to-mobile telephone traffic",,"minutes",201,"RWA","Rwanda","1880245.0",2011,"","Rwanda Utilities Regulatory Agency (RURA)","Refers to total traffic from all fixed-telephone networks to all mobile-cellular networks within the country"
54,"i1313wm","Fixed-to-mobile telephone traffic",,"minutes",201,"RWA","Rwanda","5704059.0",2012,"","Rwanda Utilities Regulatory Authority (RURA)","Refers to total traffic from all fixed-telephone networks to all mobile-cellular networks within the country"
54,"i1313wm","Fixed-to-mobile telephone traffic",,"minutes",201,"RWA","Rwanda","4397336.0",2013,"","Rwanda Utilities Regulatory Authority (RURA)","Refers to total traffic from all fixed-telephone networks to all mobile-cellular networks within the country"
54,"i1313wm","Fixed-to-mobile telephone traffic",,"minutes",201,"RWA","Rwanda","4596117.0",2014,"","RURA","Refers to total traffic from all fixed-telephone networks to all mobile-cellular networks within the country"
54,"i1313wm","Fixed-to-mobile telephone traffic",,"minutes",201,"RWA","Rwanda","2483466.0",2015,"","Rwanda Utilities Regulatory Authority (RURA)","Refers to total traffic from all fixed-telephone networks to all mobile-cellular networks within the country"
54,"i1313wm","Fixed-to-mobile telephone traffic",,"minutes",201,"RWA","Rwanda","1899287.0",2016,"As the number of Fixed Telephones decreases traffic also follows.","Rwanda Utilities Regulatory Authority","Refers to total traffic from all fixed-telephone networks to all mobile-cellular networks within the country"
54,"i1313wm","Fixed-to-mobile telephone traffic",,"minutes",201,"RWA","Rwanda","1681554.0",2017,"These traffic were decreased compared to the previous year.","Rwanda Utilities Regulatory Authority (RURA)","Refers to total traffic from all fixed-telephone networks to all mobile-cellular networks within the country"
54,"i1313wm","Fixed-to-mobile telephone traffic",,"minutes",201,"RWA","Rwanda","1910860.0",2018,"","Rwanda Utilities Regulatory Authority (RURA)","Refers to total traffic from all fixed-telephone networks to all mobile-cellular networks within the country"
54,"i1313wm","Fixed-to-mobile telephone traffic",,"minutes",201,"RWA","Rwanda","1616328.0",2019,"","Rwanda Utilities Regulatory Authority (RURA)","Refers to total traffic from all fixed-telephone networks to all mobile-cellular networks within the country"
54,"i1313wm","Fixed-to-mobile telephone traffic",,"minutes",201,"RWA","Rwanda","1684358.0",2020,"","Rwanda Utilities Regulatory Authority (RURA)","Refers to total traffic from all fixed-telephone networks to all mobile-cellular networks within the country"
54,"i1313wm","Fixed-to-mobile telephone traffic",,"minutes",201,"RWA","Rwanda","1.974883E7",2021,"Minutes reported in this year increased compared to the previous years.","Rwanda Utilities Regulatory Authority (RURA)","Refers to total traffic from all fixed-telephone networks to all mobile-cellular networks within the country"
54,"i1313wm","Fixed-to-mobile telephone traffic",,"minutes",202,"RUS","Russian Federation","1.426823E10",2007,"","Ministry of Telecom and Mass Communications of the Russian Federation","Refers to total traffic from all fixed-telephone networks to all mobile-cellular networks within the country"
54,"i1313wm","Fixed-to-mobile telephone traffic",,"minutes",202,"RUS","Russian Federation","1.627124E10",2008,"","Ministry of Telecom and Mass Communications of the Russian Federation","Refers to total traffic from all fixed-telephone networks to all mobile-cellular networks within the country"
54,"i1313wm","Fixed-to-mobile telephone traffic",,"minutes",202,"RUS","Russian Federation","1.5880297E10",2009,"","Ministry of Telecom and Mass Communications of the Russian Federation","Refers to total traffic from all fixed-telephone networks to all mobile-cellular networks within the country"
54,"i1313wm","Fixed-to-mobile telephone traffic",,"minutes",202,"RUS","Russian Federation","1.6796688E10",2010,"","Ministry of Telecom and Mass Communications of the Russian Federation","Refers to total traffic from all fixed-telephone networks to all mobile-cellular networks within the country"
54,"i1313wm","Fixed-to-mobile telephone traffic",,"minutes",202,"RUS","Russian Federation","1.7054364E10",2011,"","Ministry of Telecom and Mass Communications of the Russian Federation","Refers to total traffic from all fixed-telephone networks to all mobile-cellular networks within the country"
54,"i1313wm","Fixed-to-mobile telephone traffic",,"minutes",202,"RUS","Russian Federation","2.0432115E10",2012,"","Ministry of Telecom and Mass Communications of the Russian Federation","Refers to total traffic from all fixed-telephone networks to all mobile-cellular networks within the country"
54,"i1313wm","Fixed-to-mobile telephone traffic",,"minutes",202,"RUS","Russian Federation","1.8435971E10",2013,"","Ministry of Telecom and Mass Communications of the Russian Federation","Refers to total traffic from all fixed-telephone networks to all mobile-cellular networks within the country"
54,"i1313wm","Fixed-to-mobile telephone traffic",,"minutes",202,"RUS","Russian Federation","1.6615466E10",2014,"","Ministry of Telecom and Mass Communications of the Russian Federation","Refers to total traffic from all fixed-telephone networks to all mobile-cellular networks within the country"
54,"i1313wm","Fixed-to-mobile telephone traffic",,"minutes",202,"RUS","Russian Federation","1.3958407E10",2015,"","Ministry of Telecom and Mass Communications of the Russian Federation","Refers to total traffic from all fixed-telephone networks to all mobile-cellular networks within the country"
54,"i1313wm","Fixed-to-mobile telephone traffic",,"minutes",202,"RUS","Russian Federation","1.3099623E10",2016,"","Ministry of Digital Development, Communications and Mass Media of the Russian Federation","Refers to total traffic from all fixed-telephone networks to all mobile-cellular networks within the country"
54,"i1313wm","Fixed-to-mobile telephone traffic",,"minutes",202,"RUS","Russian Federation","1.246237E10",2017,"","Ministry of Digital Development, Communictions and Mass Media of the Russian Federation","Refers to total traffic from all fixed-telephone networks to all mobile-cellular networks within the country"
54,"i1313wm","Fixed-to-mobile telephone traffic",,"minutes",202,"RUS","Russian Federation","1.2183309E10",2018,"","Ministry of Digital Development, Communictions and Mass Media of the Russian Federation Russian Federation","Refers to total traffic from all fixed-telephone networks to all mobile-cellular networks within the country"
54,"i1313wm","Fixed-to-mobile telephone traffic",,"minutes",202,"RUS","Russian Federation","1.2215597E10",2019,"","Ministry of Digital Development, Communictions and Mass Media of the Russian Federation","Refers to total traffic from all fixed-telephone networks to all mobile-cellular networks within the country"
54,"i1313wm","Fixed-to-mobile telephone traffic",,"minutes",202,"RUS","Russian Federation","1.2486875E10",2020,"","Ministry of Digital Development, Communictions and Mass Media of the Russian Federation","Refers to total traffic from all fixed-telephone networks to all mobile-cellular networks within the country"
54,"i1313wm","Fixed-to-mobile telephone traffic",,"minutes",202,"RUS","Russian Federation","1.3511091E10",2021,"","Ministry of Digital Development, Communictions and Mass Media of the Russian Federation","Refers to total traffic from all fixed-telephone networks to all mobile-cellular networks within the country"
54,"i1313wm","Fixed-to-mobile telephone traffic",,"minutes",203,"SWE","Sweden","2.533E9",2000,"","","Refers to total traffic from all fixed-telephone networks to all mobile-cellular networks within the country"
54,"i1313wm","Fixed-to-mobile telephone traffic",,"minutes",203,"SWE","Sweden","3.127E9",2001,"","","Refers to total traffic from all fixed-telephone networks to all mobile-cellular networks within the country"
54,"i1313wm","Fixed-to-mobile telephone traffic",,"minutes",203,"SWE","Sweden","3.412E9",2002,"","","Refers to total traffic from all fixed-telephone networks to all mobile-cellular networks within the country"
54,"i1313wm","Fixed-to-mobile telephone traffic",,"minutes",203,"SWE","Sweden","3.411E9",2003,"","","Refers to total traffic from all fixed-telephone networks to all mobile-cellular networks within the country"
54,"i1313wm","Fixed-to-mobile telephone traffic",,"minutes",203,"SWE","Sweden","3.728E9",2004,"","","Refers to total traffic from all fixed-telephone networks to all mobile-cellular networks within the country"
54,"i1313wm","Fixed-to-mobile telephone traffic",,"minutes",203,"SWE","Sweden","3.707E9",2005,"","","Refers to total traffic from all fixed-telephone networks to all mobile-cellular networks within the country"
54,"i1313wm","Fixed-to-mobile telephone traffic",,"minutes",203,"SWE","Sweden","3.729E9",2006,"","","Refers to total traffic from all fixed-telephone networks to all mobile-cellular networks within the country"
54,"i1313wm","Fixed-to-mobile telephone traffic",,"minutes",203,"SWE","Sweden","3.8264717E9",2007,"","Swedish Post and Telecom Agency (PTS).","Refers to total traffic from all fixed-telephone networks to all mobile-cellular networks within the country"
54,"i1313wm","Fixed-to-mobile telephone traffic",,"minutes",203,"SWE","Sweden","3.858871E9",2008,"","Swedish Post and Telecom Agency (PTS).","Refers to total traffic from all fixed-telephone networks to all mobile-cellular networks within the country"
54,"i1313wm","Fixed-to-mobile telephone traffic",,"minutes",203,"SWE","Sweden","3.7253884E9",2009,"","Swedish Post and Telecom Agency (PTS).","Refers to total traffic from all fixed-telephone networks to all mobile-cellular networks within the country"
54,"i1313wm","Fixed-to-mobile telephone traffic",,"minutes",203,"SWE","Sweden","3.6276457E9",2010,"","Swedish Post and Telecom Authority","Refers to total traffic from all fixed-telephone networks to all mobile-cellular networks within the country"
54,"i1313wm","Fixed-to-mobile telephone traffic",,"minutes",203,"SWE","Sweden","3.5387371E9",2011,"","Swedish Post and Telecom Authority","Refers to total traffic from all fixed-telephone networks to all mobile-cellular networks within the country"
54,"i1313wm","Fixed-to-mobile telephone traffic",,"minutes",203,"SWE","Sweden","3.341644E9",2012,"","Swedish Post and Telecom Authority","Refers to total traffic from all fixed-telephone networks to all mobile-cellular networks within the country"
54,"i1313wm","Fixed-to-mobile telephone traffic",,"minutes",203,"SWE","Sweden","3.0924097E9",2014,"","Swedish Post and Telecom Authority","Refers to total traffic from all fixed-telephone networks to all mobile-cellular networks within the country"
54,"i1313wm","Fixed-to-mobile telephone traffic",,"minutes",203,"SWE","Sweden","2.9501933E9",2015,"","Swedish Post and Telecom Authority","Refers to total traffic from all fixed-telephone networks to all mobile-cellular networks within the country"
54,"i1313wm","Fixed-to-mobile telephone traffic",,"minutes",203,"SWE","Sweden","2.7485035E9",2016,"","Swedish Post and Telecom Authority","Refers to total traffic from all fixed-telephone networks to all mobile-cellular networks within the country"
54,"i1313wm","Fixed-to-mobile telephone traffic",,"minutes",203,"SWE","Sweden","2.3846306E9",2017,"","Swedish Post and Telecom Authority (PTS)","Refers to total traffic from all fixed-telephone networks to all mobile-cellular networks within the country"
54,"i1313wm","Fixed-to-mobile telephone traffic",,"minutes",203,"SWE","Sweden","2.3339076E9",2018,"","Swedish Post and Telecom Authority (PTS)","Refers to total traffic from all fixed-telephone networks to all mobile-cellular networks within the country"
54,"i1313wm","Fixed-to-mobile telephone traffic",,"minutes",203,"SWE","Sweden","2.0677515E9",2019,"","Swedish Post and Telecom Authority","Refers to total traffic from all fixed-telephone networks to all mobile-cellular networks within the country"
54,"i1313wm","Fixed-to-mobile telephone traffic",,"minutes",203,"SWE","Sweden","2.0996237E9",2020,"","Swedish Post and Telecom Authority","Refers to total traffic from all fixed-telephone networks to all mobile-cellular networks within the country"
54,"i1313wm","Fixed-to-mobile telephone traffic",,"minutes",203,"SWE","Sweden","1.9431424E9",2021,"","Swedish Post and Telecom Authority","Refers to total traffic from all fixed-telephone networks to all mobile-cellular networks within the country"
54,"i1313wm","Fixed-to-mobile telephone traffic",,"minutes",204,"KNA","Saint Kitts and Nevis","4000000.0",2014,"based on ECTEL's research","National Telecommunications Regulatory Commission","Refers to total traffic from all fixed-telephone networks to all mobile-cellular networks within the country"
54,"i1313wm","Fixed-to-mobile telephone traffic",,"minutes",204,"KNA","Saint Kitts and Nevis","3648000.0",2015,"","ECTEL.","Refers to total traffic from all fixed-telephone networks to all mobile-cellular networks within the country"
54,"i1313wm","Fixed-to-mobile telephone traffic",,"minutes",204,"KNA","Saint Kitts and Nevis","3591000.0",2016,"","ECTEL.","Refers to total traffic from all fixed-telephone networks to all mobile-cellular networks within the country"
54,"i1313wm","Fixed-to-mobile telephone traffic",,"minutes",204,"KNA","Saint Kitts and Nevis","3365000.0",2017,"","ECTEL.","Refers to total traffic from all fixed-telephone networks to all mobile-cellular networks within the country"
54,"i1313wm","Fixed-to-mobile telephone traffic",,"minutes",205,"SDN","Sudan","5.2978E8",2005,"","","Refers to total traffic from all fixed-telephone networks to all mobile-cellular networks within the country"
54,"i1313wm","Fixed-to-mobile telephone traffic",,"minutes",205,"SDN","Sudan","2.17955441E8",2010,"","National Telecommunication Corporation (NTC)","Refers to total traffic from all fixed-telephone networks to all mobile-cellular networks within the country"
54,"i1313wm","Fixed-to-mobile telephone traffic",,"minutes",205,"SDN","Sudan","1.76173684E8",2011,"","National Telecommunication Corporation (NTC)","Refers to total traffic from all fixed-telephone networks to all mobile-cellular networks within the country"
54,"i1313wm","Fixed-to-mobile telephone traffic",,"minutes",205,"SDN","Sudan","1.40017876E8",2012,"","National Telecommunication Corporation (NTC)","Refers to total traffic from all fixed-telephone networks to all mobile-cellular networks within the country"
54,"i1313wm","Fixed-to-mobile telephone traffic",,"minutes",205,"SDN","Sudan","8.1165893E7",2016,"","Telecommunication and Post Regulatory Authority","Refers to total traffic from all fixed-telephone networks to all mobile-cellular networks within the country"
54,"i1313wm","Fixed-to-mobile telephone traffic",,"minutes",205,"SDN","Sudan","8.06047E7",2017,"","Telecommunication and Post Regulatory Authority","Refers to total traffic from all fixed-telephone networks to all mobile-cellular networks within the country"
54,"i1313wm","Fixed-to-mobile telephone traffic",,"minutes",206,"SEN","Senegal","2.22E8",2002,"","","Refers to total traffic from all fixed-telephone networks to all mobile-cellular networks within the country"
54,"i1313wm","Fixed-to-mobile telephone traffic",,"minutes",206,"SEN","Senegal","2.6E8",2003,"","","Refers to total traffic from all fixed-telephone networks to all mobile-cellular networks within the country"
54,"i1313wm","Fixed-to-mobile telephone traffic",,"minutes",206,"SEN","Senegal","3.34E8",2004,"","","Refers to total traffic from all fixed-telephone networks to all mobile-cellular networks within the country"
54,"i1313wm","Fixed-to-mobile telephone traffic",,"minutes",206,"SEN","Senegal","4.05E8",2005,"","","Refers to total traffic from all fixed-telephone networks to all mobile-cellular networks within the country"
54,"i1313wm","Fixed-to-mobile telephone traffic",,"minutes",206,"SEN","Senegal","4.31E8",2006,"","","Refers to total traffic from all fixed-telephone networks to all mobile-cellular networks within the country"
54,"i1313wm","Fixed-to-mobile telephone traffic",,"minutes",206,"SEN","Senegal","3.42E8",2007,"","ARTP Sénégal","Refers to total traffic from all fixed-telephone networks to all mobile-cellular networks within the country"
54,"i1313wm","Fixed-to-mobile telephone traffic",,"minutes",206,"SEN","Senegal","2.6E8",2008,"","ARTP Sénégal","Refers to total traffic from all fixed-telephone networks to all mobile-cellular networks within the country"
54,"i1313wm","Fixed-to-mobile telephone traffic",,"minutes",206,"SEN","Senegal","2.39E8",2009,"","ARTP Sénégal","Refers to total traffic from all fixed-telephone networks to all mobile-cellular networks within the country"
54,"i1313wm","Fixed-to-mobile telephone traffic",,"minutes",206,"SEN","Senegal","2.35E8",2010,"","Agence de Régulation des Télécommunications et des Postes (ARTP)","Refers to total traffic from all fixed-telephone networks to all mobile-cellular networks within the country"
54,"i1313wm","Fixed-to-mobile telephone traffic",,"minutes",206,"SEN","Senegal","2.33E8",2011,"","","Refers to total traffic from all fixed-telephone networks to all mobile-cellular networks within the country"
54,"i1313wm","Fixed-to-mobile telephone traffic",,"minutes",206,"SEN","Senegal","2.42097104E8",2012,"","Autorité de Régulation des Télécommunications et des Postes (ARTP)","Refers to total traffic from all fixed-telephone networks to all mobile-cellular networks within the country"
54,"i1313wm","Fixed-to-mobile telephone traffic",,"minutes",206,"SEN","Senegal","2.10050223E8",2013,"","Autorité de Régulation des Télécommunications et des Postes (ARTP)","Refers to total traffic from all fixed-telephone networks to all mobile-cellular networks within the country"
54,"i1313wm","Fixed-to-mobile telephone traffic",,"minutes",206,"SEN","Senegal","1.8125576E8",2014,"","Autorité de Régulation des Télécommunications et des Postes (ARTP)","Refers to total traffic from all fixed-telephone networks to all mobile-cellular networks within the country"
54,"i1313wm","Fixed-to-mobile telephone traffic",,"minutes",206,"SEN","Senegal","1.63042474E8",2015,"","Autorité de Régulation des Télécommunications et des Postes (ARTP)","Refers to total traffic from all fixed-telephone networks to all mobile-cellular networks within the country"
54,"i1313wm","Fixed-to-mobile telephone traffic",,"minutes",206,"SEN","Senegal","1.57299545E8",2016,"","ARTP","Refers to total traffic from all fixed-telephone networks to all mobile-cellular networks within the country"
54,"i1313wm","Fixed-to-mobile telephone traffic",,"minutes",206,"SEN","Senegal","1.40735901E8",2017,"","ARTP","Refers to total traffic from all fixed-telephone networks to all mobile-cellular networks within the country"
54,"i1313wm","Fixed-to-mobile telephone traffic",,"minutes",206,"SEN","Senegal","1.08960733E8",2018,"","ARTP","Refers to total traffic from all fixed-telephone networks to all mobile-cellular networks within the country"
54,"i1313wm","Fixed-to-mobile telephone traffic",,"minutes",206,"SEN","Senegal","1.29825596E8",2019,"","Autorité de Régulation des Télécommunications et des Postes (ARTP)","Refers to total traffic from all fixed-telephone networks to all mobile-cellular networks within the country"
54,"i1313wm","Fixed-to-mobile telephone traffic",,"minutes",206,"SEN","Senegal","1.20886142E8",2020,"","Autorité de Régulation des Télécommunications et des Postes (ARTP)","Refers to total traffic from all fixed-telephone networks to all mobile-cellular networks within the country"
54,"i1313wm","Fixed-to-mobile telephone traffic",,"minutes",206,"SEN","Senegal","1.13898906E8",2021,"","Autorité de Régulation des Télécommunications et des Postes (ARTP)","Refers to total traffic from all fixed-telephone networks to all mobile-cellular networks within the country"
54,"i1313wm","Fixed-to-mobile telephone traffic",,"minutes",208,"SHN","St. Helena","594977.0",2016,"","Sure South Atlantic Ltd.","Refers to total traffic from all fixed-telephone networks to all mobile-cellular networks within the country"
54,"i1313wm","Fixed-to-mobile telephone traffic",,"minutes",210,"SLV","El Salvador","4.0571299E7",2003,"","","Refers to total traffic from all fixed-telephone networks to all mobile-cellular networks within the country"
54,"i1313wm","Fixed-to-mobile telephone traffic",,"minutes",210,"SLV","El Salvador","1.7401575E7",2004,"","","Refers to total traffic from all fixed-telephone networks to all mobile-cellular networks within the country"
54,"i1313wm","Fixed-to-mobile telephone traffic",,"minutes",210,"SLV","El Salvador","9.065759E7",2005,"","","Refers to total traffic from all fixed-telephone networks to all mobile-cellular networks within the country"
54,"i1313wm","Fixed-to-mobile telephone traffic",,"minutes",210,"SLV","El Salvador","1.58340818E8",2006,"","","Refers to total traffic from all fixed-telephone networks to all mobile-cellular networks within the country"
54,"i1313wm","Fixed-to-mobile telephone traffic",,"minutes",210,"SLV","El Salvador","8.476728985E7",2007,"","","Refers to total traffic from all fixed-telephone networks to all mobile-cellular networks within the country"
54,"i1313wm","Fixed-to-mobile telephone traffic",,"minutes",210,"SLV","El Salvador","3.660983505E8",2011,"","Superintendencia General de Electricidad y Telecomunicaciones","Refers to total traffic from all fixed-telephone networks to all mobile-cellular networks within the country"
54,"i1313wm","Fixed-to-mobile telephone traffic",,"minutes",210,"SLV","El Salvador","3.187085897E8",2014,"","Superintendencia General de Electricidad y Telecomunicaciones","Refers to total traffic from all fixed-telephone networks to all mobile-cellular networks within the country"
54,"i1313wm","Fixed-to-mobile telephone traffic",,"minutes",210,"SLV","El Salvador","2.936416359E8",2015,"","Superintendencia General de Electricidad y Telecomunicaciones","Refers to total traffic from all fixed-telephone networks to all mobile-cellular networks within the country"
54,"i1313wm","Fixed-to-mobile telephone traffic",,"minutes",210,"SLV","El Salvador","2.3087256211E8",2016,"","Superintendencia General de Electricidad y Telecomunicaciones","Refers to total traffic from all fixed-telephone networks to all mobile-cellular networks within the country"
54,"i1313wm","Fixed-to-mobile telephone traffic",,"minutes",212,"WSM","Samoa","1.1760121E7",2015,"","Office of the Regulator","Refers to total traffic from all fixed-telephone networks to all mobile-cellular networks within the country"
54,"i1313wm","Fixed-to-mobile telephone traffic",,"minutes",212,"WSM","Samoa","5224535.0",2016,"","Office of the Regulator","Refers to total traffic from all fixed-telephone networks to all mobile-cellular networks within the country"
54,"i1313wm","Fixed-to-mobile telephone traffic",,"minutes",212,"WSM","Samoa","267721.47",2017,"Digicel only","Office of the Regulator","Refers to total traffic from all fixed-telephone networks to all mobile-cellular networks within the country"
54,"i1313wm","Fixed-to-mobile telephone traffic",,"minutes",217,"SLE","Sierra Leone","1500.0",2016,"","National Telecommunications Commission ","Refers to total traffic from all fixed-telephone networks to all mobile-cellular networks within the country"
54,"i1313wm","Fixed-to-mobile telephone traffic",,"minutes",217,"SLE","Sierra Leone","5881.0",2018,"","National Telecommunications Commission ","Refers to total traffic from all fixed-telephone networks to all mobile-cellular networks within the country"
54,"i1313wm","Fixed-to-mobile telephone traffic",,"minutes",217,"SLE","Sierra Leone","5457.0",2019,"","National Telecommunications Commission ","Refers to total traffic from all fixed-telephone networks to all mobile-cellular networks within the country"
54,"i1313wm","Fixed-to-mobile telephone traffic",,"minutes",217,"SLE","Sierra Leone","5729.0",2020,"","National Telecommunications Commission ","Refers to total traffic from all fixed-telephone networks to all mobile-cellular networks within the country"
54,"i1313wm","Fixed-to-mobile telephone traffic",,"minutes",217,"SLE","Sierra Leone","6002.0",2021,"","National Telecommunications Commission ","Refers to total traffic from all fixed-telephone networks to all mobile-cellular networks within the country"
54,"i1313wm","Fixed-to-mobile telephone traffic",,"minutes",218,"STP","Sao Tome and Principe","6700000.0",2005,"","","Refers to total traffic from all fixed-telephone networks to all mobile-cellular networks within the country"
54,"i1313wm","Fixed-to-mobile telephone traffic",,"minutes",218,"STP","Sao Tome and Principe","8000000.0",2006,"","","Refers to total traffic from all fixed-telephone networks to all mobile-cellular networks within the country"
54,"i1313wm","Fixed-to-mobile telephone traffic",,"minutes",218,"STP","Sao Tome and Principe","8000000.0",2007,"","","Refers to total traffic from all fixed-telephone networks to all mobile-cellular networks within the country"
54,"i1313wm","Fixed-to-mobile telephone traffic",,"minutes",218,"STP","Sao Tome and Principe","6645410.0",2012,"","Autoridade Geral de Regulação","Refers to total traffic from all fixed-telephone networks to all mobile-cellular networks within the country"
54,"i1313wm","Fixed-to-mobile telephone traffic",,"minutes",218,"STP","Sao Tome and Principe","6614125.0",2016,"","AGER - Autoridade Geral de Regulação","Refers to total traffic from all fixed-telephone networks to all mobile-cellular networks within the country"
54,"i1313wm","Fixed-to-mobile telephone traffic",,"minutes",218,"STP","Sao Tome and Principe","6264165.0",2017,"","AGER - Autoridade Geral de Regulação","Refers to total traffic from all fixed-telephone networks to all mobile-cellular networks within the country"
54,"i1313wm","Fixed-to-mobile telephone traffic",,"minutes",218,"STP","Sao Tome and Principe","5425566.0",2018,"","Autoridade Geral de Regulação - AGER","Refers to total traffic from all fixed-telephone networks to all mobile-cellular networks within the country"
54,"i1313wm","Fixed-to-mobile telephone traffic",,"minutes",218,"STP","Sao Tome and Principe","3985802.0",2019,"","Autoridade Geral de Regulação","Refers to total traffic from all fixed-telephone networks to all mobile-cellular networks within the country"
54,"i1313wm","Fixed-to-mobile telephone traffic",,"minutes",218,"STP","Sao Tome and Principe","3298615.0",2020,"","Autoridade Geral de Regulação","Refers to total traffic from all fixed-telephone networks to all mobile-cellular networks within the country"
54,"i1313wm","Fixed-to-mobile telephone traffic",,"minutes",218,"STP","Sao Tome and Principe","2894632.0",2021,"","Autoridade Geral de Regulação","Refers to total traffic from all fixed-telephone networks to all mobile-cellular networks within the country"
54,"i1313wm","Fixed-to-mobile telephone traffic",,"minutes",219,"CHE","Switzerland","1.544E9",2000,"","","Refers to total traffic from all fixed-telephone networks to all mobile-cellular networks within the country"
54,"i1313wm","Fixed-to-mobile telephone traffic",,"minutes",219,"CHE","Switzerland","2.032E9",2001,"","","Refers to total traffic from all fixed-telephone networks to all mobile-cellular networks within the country"
54,"i1313wm","Fixed-to-mobile telephone traffic",,"minutes",219,"CHE","Switzerland","2.205E9",2002,"","","Refers to total traffic from all fixed-telephone networks to all mobile-cellular networks within the country"
54,"i1313wm","Fixed-to-mobile telephone traffic",,"minutes",219,"CHE","Switzerland","2.365E9",2003,"","","Refers to total traffic from all fixed-telephone networks to all mobile-cellular networks within the country"
54,"i1313wm","Fixed-to-mobile telephone traffic",,"minutes",219,"CHE","Switzerland","2.422E9",2004,"","","Refers to total traffic from all fixed-telephone networks to all mobile-cellular networks within the country"
54,"i1313wm","Fixed-to-mobile telephone traffic",,"minutes",219,"CHE","Switzerland","2.506E9",2005,"","","Refers to total traffic from all fixed-telephone networks to all mobile-cellular networks within the country"
54,"i1313wm","Fixed-to-mobile telephone traffic",,"minutes",219,"CHE","Switzerland","2.473E9",2006,"","","Refers to total traffic from all fixed-telephone networks to all mobile-cellular networks within the country"
54,"i1313wm","Fixed-to-mobile telephone traffic",,"minutes",219,"CHE","Switzerland","2.234E9",2007,"","OFCOM","Refers to total traffic from all fixed-telephone networks to all mobile-cellular networks within the country"
54,"i1313wm","Fixed-to-mobile telephone traffic",,"minutes",219,"CHE","Switzerland","1.992E9",2008,"","OFCOM","Refers to total traffic from all fixed-telephone networks to all mobile-cellular networks within the country"
54,"i1313wm","Fixed-to-mobile telephone traffic",,"minutes",219,"CHE","Switzerland","1.934E9",2009,"","Office Fédéral de la Communication","Refers to total traffic from all fixed-telephone networks to all mobile-cellular networks within the country"
54,"i1313wm","Fixed-to-mobile telephone traffic",,"minutes",219,"CHE","Switzerland","1.856E9",2010,"","Office Fédéral de la Communication","Refers to total traffic from all fixed-telephone networks to all mobile-cellular networks within the country"
54,"i1313wm","Fixed-to-mobile telephone traffic",,"minutes",219,"CHE","Switzerland","2.152E9",2011,"","Office Fédéral de la Communication","Refers to total traffic from all fixed-telephone networks to all mobile-cellular networks within the country"
54,"i1313wm","Fixed-to-mobile telephone traffic",,"minutes",219,"CHE","Switzerland","2.248E9",2012,"","Office Fédéral de la Communication","Refers to total traffic from all fixed-telephone networks to all mobile-cellular networks within the country"
54,"i1313wm","Fixed-to-mobile telephone traffic",,"minutes",219,"CHE","Switzerland","1.966E9",2013,"Provisional data.","Office Fédéral de la Communication","Refers to total traffic from all fixed-telephone networks to all mobile-cellular networks within the country"
54,"i1313wm","Fixed-to-mobile telephone traffic",,"minutes",219,"CHE","Switzerland","1.04E9",2014,"Estimates.","Office Fédéral de la Communication","Refers to total traffic from all fixed-telephone networks to all mobile-cellular networks within the country"
54,"i1313wm","Fixed-to-mobile telephone traffic",,"minutes",219,"CHE","Switzerland","1.748E9",2015,"","Office Fédéral de la Communication","Refers to total traffic from all fixed-telephone networks to all mobile-cellular networks within the country"
54,"i1313wm","Fixed-to-mobile telephone traffic",,"minutes",219,"CHE","Switzerland","2.254E9",2016,"Telecommunications statistics 2016","OFCOM","Refers to total traffic from all fixed-telephone networks to all mobile-cellular networks within the country"
54,"i1313wm","Fixed-to-mobile telephone traffic",,"minutes",219,"CHE","Switzerland","2.134E9",2017,"Telecommunications statistics 2017","Office Fédéral de la Communication","Refers to total traffic from all fixed-telephone networks to all mobile-cellular networks within the country"
54,"i1313wm","Fixed-to-mobile telephone traffic",,"minutes",219,"CHE","Switzerland","1.764E9",2018,"Telecommunications statistics 2018","OFCOM","Refers to total traffic from all fixed-telephone networks to all mobile-cellular networks within the country"
54,"i1313wm","Fixed-to-mobile telephone traffic",,"minutes",219,"CHE","Switzerland","1.678E9",2019,"Telecommunications statistics 2019","Office Fédéral de la Communication","Refers to total traffic from all fixed-telephone networks to all mobile-cellular networks within the country"
54,"i1313wm","Fixed-to-mobile telephone traffic",,"minutes",219,"CHE","Switzerland","2.044E9",2020,"Telecommunications statistics 2020","Office Fédéral de la Communication","Refers to total traffic from all fixed-telephone networks to all mobile-cellular networks within the country"
54,"i1313wm","Fixed-to-mobile telephone traffic",,"minutes",219,"CHE","Switzerland","1.887E9",2021,"Telecommunications statistics 2021 / provisory results","Office Fédéral de la Communication","Refers to total traffic from all fixed-telephone networks to all mobile-cellular networks within the country"
54,"i1313wm","Fixed-to-mobile telephone traffic",,"minutes",220,"SUR","Suriname","9.9876537E7",2005,"","Telecommunications Authority Suriname (TAS)","Refers to total traffic from all fixed-telephone networks to all mobile-cellular networks within the country"
54,"i1313wm","Fixed-to-mobile telephone traffic",,"minutes",220,"SUR","Suriname","8.0582762E7",2008,"","Telecommunications Authority Suriname (TAS)","Refers to total traffic from all fixed-telephone networks to all mobile-cellular networks within the country"
54,"i1313wm","Fixed-to-mobile telephone traffic",,"minutes",220,"SUR","Suriname","6.9181051E7",2009,"","Telecommunications Authority Suriname (TAS)","Refers to total traffic from all fixed-telephone networks to all mobile-cellular networks within the country"
54,"i1313wm","Fixed-to-mobile telephone traffic",,"minutes",220,"SUR","Suriname","8.4980886E7",2010,"","Telecommunications Authority Suriname (TAS)","Refers to total traffic from all fixed-telephone networks to all mobile-cellular networks within the country"
54,"i1313wm","Fixed-to-mobile telephone traffic",,"minutes",220,"SUR","Suriname","1.16800164E8",2011,"","Telecommunications Authority Suriname (TAS)","Refers to total traffic from all fixed-telephone networks to all mobile-cellular networks within the country"
54,"i1313wm","Fixed-to-mobile telephone traffic",,"minutes",220,"SUR","Suriname","6.8357044E7",2012,"","Telecommunications Authority Suriname (TAS)","Refers to total traffic from all fixed-telephone networks to all mobile-cellular networks within the country"
54,"i1313wm","Fixed-to-mobile telephone traffic",,"minutes",220,"SUR","Suriname","6.1155619E7",2013,"","Telecommunications Authority Suriname (TAS)","Refers to total traffic from all fixed-telephone networks to all mobile-cellular networks within the country"
54,"i1313wm","Fixed-to-mobile telephone traffic",,"minutes",220,"SUR","Suriname","7.0053766E7",2016,"","Telecommunication Authority Suriname","Refers to total traffic from all fixed-telephone networks to all mobile-cellular networks within the country"
54,"i1313wm","Fixed-to-mobile telephone traffic",,"minutes",220,"SUR","Suriname","3.6049818E7",2018,"","Telecommunication Authority Suriname","Refers to total traffic from all fixed-telephone networks to all mobile-cellular networks within the country"
54,"i1313wm","Fixed-to-mobile telephone traffic",,"minutes",220,"SUR","Suriname","2.9807741E7",2019,"","Telecommunications Authority Suriname (TAS)","Refers to total traffic from all fixed-telephone networks to all mobile-cellular networks within the country"
54,"i1313wm","Fixed-to-mobile telephone traffic",,"minutes",220,"SUR","Suriname","2.6636444E7",2020,"","Telecommunications Authority Suriname (TAS)","Refers to total traffic from all fixed-telephone networks to all mobile-cellular networks within the country"
54,"i1313wm","Fixed-to-mobile telephone traffic",,"minutes",220,"SUR","Suriname","2.2596064E7",2021,"","Telecommunications Authority Suriname (TAS)","Refers to total traffic from all fixed-telephone networks to all mobile-cellular networks within the country"
54,"i1313wm","Fixed-to-mobile telephone traffic",,"minutes",221,"SVN","Slovenia","1.83E8",2003,"","","Refers to total traffic from all fixed-telephone networks to all mobile-cellular networks within the country"
54,"i1313wm","Fixed-to-mobile telephone traffic",,"minutes",221,"SVN","Slovenia","1.54927E8",2005,"","","Refers to total traffic from all fixed-telephone networks to all mobile-cellular networks within the country"
54,"i1313wm","Fixed-to-mobile telephone traffic",,"minutes",221,"SVN","Slovenia","1.4402E8",2006,"","","Refers to total traffic from all fixed-telephone networks to all mobile-cellular networks within the country"
54,"i1313wm","Fixed-to-mobile telephone traffic",,"minutes",221,"SVN","Slovenia","1.38111E8",2007,"","APEK","Refers to total traffic from all fixed-telephone networks to all mobile-cellular networks within the country"
54,"i1313wm","Fixed-to-mobile telephone traffic",,"minutes",221,"SVN","Slovenia","1.4374265E8",2008,"","Post and Electronic Communications Agency of the Republic of Slovenia","Refers to total traffic from all fixed-telephone networks to all mobile-cellular networks within the country"
54,"i1313wm","Fixed-to-mobile telephone traffic",,"minutes",221,"SVN","Slovenia","1.3167878E8",2009,"","APEK","Refers to total traffic from all fixed-telephone networks to all mobile-cellular networks within the country"
54,"i1313wm","Fixed-to-mobile telephone traffic",,"minutes",221,"SVN","Slovenia","1.28984395E8",2010,"","Post and Electronic Communications Agency of the Republic of Slovenia","Refers to total traffic from all fixed-telephone networks to all mobile-cellular networks within the country"
54,"i1313wm","Fixed-to-mobile telephone traffic",,"minutes",221,"SVN","Slovenia","9.5752356E7",2011,"","Post and Electronic Communications Agency of the Republic of Slovenia","Refers to total traffic from all fixed-telephone networks to all mobile-cellular networks within the country"
54,"i1313wm","Fixed-to-mobile telephone traffic",,"minutes",221,"SVN","Slovenia","6.1239852E7",2012,"","Post and Electronic Communications Agency of the Republic of Slovenia","Refers to total traffic from all fixed-telephone networks to all mobile-cellular networks within the country"
54,"i1313wm","Fixed-to-mobile telephone traffic",,"minutes",221,"SVN","Slovenia","6.6808246E7",2013,"","Agency for Communication Networks and Services of the Republic of Slovenia","Refers to total traffic from all fixed-telephone networks to all mobile-cellular networks within the country"
54,"i1313wm","Fixed-to-mobile telephone traffic",,"minutes",221,"SVN","Slovenia","6.8273527E7",2014,"","Agency for Communication Networks and Services of the Republic of Slovenia","Refers to total traffic from all fixed-telephone networks to all mobile-cellular networks within the country"
54,"i1313wm","Fixed-to-mobile telephone traffic",,"minutes",221,"SVN","Slovenia","6.6688071E7",2015,"","Agency for Communication Networks and Services of the Republic of Slovenia","Refers to total traffic from all fixed-telephone networks to all mobile-cellular networks within the country"
54,"i1313wm","Fixed-to-mobile telephone traffic",,"minutes",221,"SVN","Slovenia","5.2305733E7",2016,"","AKOS","Refers to total traffic from all fixed-telephone networks to all mobile-cellular networks within the country"
54,"i1313wm","Fixed-to-mobile telephone traffic",,"minutes",221,"SVN","Slovenia","5.0661177E7",2017,"","AKOS","Refers to total traffic from all fixed-telephone networks to all mobile-cellular networks within the country"
54,"i1313wm","Fixed-to-mobile telephone traffic",,"minutes",221,"SVN","Slovenia","5.1036638E7",2018,"","AKOS","Refers to total traffic from all fixed-telephone networks to all mobile-cellular networks within the country"
54,"i1313wm","Fixed-to-mobile telephone traffic",,"minutes",221,"SVN","Slovenia","4.9607162E7",2019,"","Agency for Communication Networks and Services of the Republic of Slovenia","Refers to total traffic from all fixed-telephone networks to all mobile-cellular networks within the country"
54,"i1313wm","Fixed-to-mobile telephone traffic",,"minutes",221,"SVN","Slovenia","7.0407897E7",2020,"","Agency for Communication Networks and Services of the Republic of Slovenia","Refers to total traffic from all fixed-telephone networks to all mobile-cellular networks within the country"
54,"i1313wm","Fixed-to-mobile telephone traffic",,"minutes",221,"SVN","Slovenia","7.7203999E7",2021,"","Agency for Communication Networks and Services of the Republic of Slovenia","Refers to total traffic from all fixed-telephone networks to all mobile-cellular networks within the country"
54,"i1313wm","Fixed-to-mobile telephone traffic",,"minutes",223,"SWZ","Eswatini","7.5E7",2002,"","","Refers to total traffic from all fixed-telephone networks to all mobile-cellular networks within the country"
54,"i1313wm","Fixed-to-mobile telephone traffic",,"minutes",223,"SWZ","Eswatini","2.19E8",2003,"","","Refers to total traffic from all fixed-telephone networks to all mobile-cellular networks within the country"
54,"i1313wm","Fixed-to-mobile telephone traffic",,"minutes",223,"SWZ","Eswatini","2.20844E8",2009,"Billing system","Swaziland Posts and Telecommunications Corporation","Refers to total traffic from all fixed-telephone networks to all mobile-cellular networks within the country"
54,"i1313wm","Fixed-to-mobile telephone traffic",,"minutes",223,"SWZ","Eswatini","2.27867E8",2010,"Billing system","Swaziland Posts and Telecommunications Corporation","Refers to total traffic from all fixed-telephone networks to all mobile-cellular networks within the country"
54,"i1313wm","Fixed-to-mobile telephone traffic",,"minutes",223,"SWZ","Eswatini","2.15787E8",2011,"Billing system","Swaziland Posts and Telecommunications Corporation","Refers to total traffic from all fixed-telephone networks to all mobile-cellular networks within the country"
54,"i1313wm","Fixed-to-mobile telephone traffic",,"minutes",223,"SWZ","Eswatini","3.57907131E8",2012,"","Swaziland Posts and Telecommunications Corporation","Refers to total traffic from all fixed-telephone networks to all mobile-cellular networks within the country"
54,"i1313wm","Fixed-to-mobile telephone traffic",,"minutes",224,"SYR","Syrian Arab Republic","1.66E8",2001,"","","Refers to total traffic from all fixed-telephone networks to all mobile-cellular networks within the country"
54,"i1313wm","Fixed-to-mobile telephone traffic",,"minutes",224,"SYR","Syrian Arab Republic","2.42E8",2002,"","","Refers to total traffic from all fixed-telephone networks to all mobile-cellular networks within the country"
54,"i1313wm","Fixed-to-mobile telephone traffic",,"minutes",224,"SYR","Syrian Arab Republic","3.93E8",2003,"","","Refers to total traffic from all fixed-telephone networks to all mobile-cellular networks within the country"
54,"i1313wm","Fixed-to-mobile telephone traffic",,"minutes",224,"SYR","Syrian Arab Republic","4.02E8",2004,"","","Refers to total traffic from all fixed-telephone networks to all mobile-cellular networks within the country"
54,"i1313wm","Fixed-to-mobile telephone traffic",,"minutes",224,"SYR","Syrian Arab Republic","4.15E8",2005,"","","Refers to total traffic from all fixed-telephone networks to all mobile-cellular networks within the country"
54,"i1313wm","Fixed-to-mobile telephone traffic",,"minutes",224,"SYR","Syrian Arab Republic","3.5E8",2006,"","","Refers to total traffic from all fixed-telephone networks to all mobile-cellular networks within the country"
54,"i1313wm","Fixed-to-mobile telephone traffic",,"minutes",224,"SYR","Syrian Arab Republic","3.38E8",2007,"","Syrian telecom","Refers to total traffic from all fixed-telephone networks to all mobile-cellular networks within the country"
54,"i1313wm","Fixed-to-mobile telephone traffic",,"minutes",224,"SYR","Syrian Arab Republic","6.71E8",2008,"","Syrian Telecommunication Establishment","Refers to total traffic from all fixed-telephone networks to all mobile-cellular networks within the country"
54,"i1313wm","Fixed-to-mobile telephone traffic",,"minutes",224,"SYR","Syrian Arab Republic","6.92E8",2009,"","Syrian Telecommunication Establishment","Refers to total traffic from all fixed-telephone networks to all mobile-cellular networks within the country"
54,"i1313wm","Fixed-to-mobile telephone traffic",,"minutes",224,"SYR","Syrian Arab Republic","6.43E8",2010,"","Syrian Telecommunication Establishment","Refers to total traffic from all fixed-telephone networks to all mobile-cellular networks within the country"
54,"i1313wm","Fixed-to-mobile telephone traffic",,"minutes",224,"SYR","Syrian Arab Republic","5.9E8",2011,"","Syrian Telecommunication Regulatory Authority","Refers to total traffic from all fixed-telephone networks to all mobile-cellular networks within the country"
54,"i1313wm","Fixed-to-mobile telephone traffic",,"minutes",224,"SYR","Syrian Arab Republic","6.66E8",2012,"","Syrian Telecommunication Regulatory Authority","Refers to total traffic from all fixed-telephone networks to all mobile-cellular networks within the country"
54,"i1313wm","Fixed-to-mobile telephone traffic",,"minutes",224,"SYR","Syrian Arab Republic","4.82033179E8",2013,"","Syrian Telecommunication Regulatory Authority","Refers to total traffic from all fixed-telephone networks to all mobile-cellular networks within the country"
54,"i1313wm","Fixed-to-mobile telephone traffic",,"minutes",224,"SYR","Syrian Arab Republic","2.58230524E8",2015,"","Syrian Telecommunication Regulatory Authority","Refers to total traffic from all fixed-telephone networks to all mobile-cellular networks within the country"
54,"i1313wm","Fixed-to-mobile telephone traffic",,"minutes",224,"SYR","Syrian Arab Republic","2.22206835E8",2016,"","SyTRA","Refers to total traffic from all fixed-telephone networks to all mobile-cellular networks within the country"
54,"i1313wm","Fixed-to-mobile telephone traffic",,"minutes",224,"SYR","Syrian Arab Republic","1.96442135E8",2017,"","SYTPRA","Refers to total traffic from all fixed-telephone networks to all mobile-cellular networks within the country"
54,"i1313wm","Fixed-to-mobile telephone traffic",,"minutes",224,"SYR","Syrian Arab Republic","1.55671681E8",2018,"","SY-TPRA","Refers to total traffic from all fixed-telephone networks to all mobile-cellular networks within the country"
54,"i1313wm","Fixed-to-mobile telephone traffic",,"minutes",224,"SYR","Syrian Arab Republic","1.40805365E8",2019,"","Syrian Telecommunication Regulatory Authority","Refers to total traffic from all fixed-telephone networks to all mobile-cellular networks within the country"
54,"i1313wm","Fixed-to-mobile telephone traffic",,"minutes",224,"SYR","Syrian Arab Republic","1.66490958E8",2020,"","Syrian Telecommunication Regulatory Authority","Refers to total traffic from all fixed-telephone networks to all mobile-cellular networks within the country"
54,"i1313wm","Fixed-to-mobile telephone traffic",,"minutes",224,"SYR","Syrian Arab Republic","1.65993983E8",2021,"","Syrian Telecommunication Regulatory Authority","Refers to total traffic from all fixed-telephone networks to all mobile-cellular networks within the country"
54,"i1313wm","Fixed-to-mobile telephone traffic",,"minutes",226,"TCD","Chad","2.7828687E7",2011,"","Office Tchadien de Régulation des Télécommunications","Refers to total traffic from all fixed-telephone networks to all mobile-cellular networks within the country"
54,"i1313wm","Fixed-to-mobile telephone traffic",,"minutes",226,"TCD","Chad","4.0302122E7",2012,"","Office Tchadien de Régulation des Télécommunications","Refers to total traffic from all fixed-telephone networks to all mobile-cellular networks within the country"
54,"i1313wm","Fixed-to-mobile telephone traffic",,"minutes",226,"TCD","Chad","1.8352812E7",2013,"","Office Tchadien de Régulation des Télécommunications","Refers to total traffic from all fixed-telephone networks to all mobile-cellular networks within the country"
54,"i1313wm","Fixed-to-mobile telephone traffic",,"minutes",226,"TCD","Chad","1.6875732E7",2014,"","Autorité de Régulation des Communications Électroniques et des Postes","Refers to total traffic from all fixed-telephone networks to all mobile-cellular networks within the country"
54,"i1313wm","Fixed-to-mobile telephone traffic",,"minutes",226,"TCD","Chad","1.7820272E7",2015,"","Autorité de Régulation des Communications Électroniques et des Postes","Refers to total traffic from all fixed-telephone networks to all mobile-cellular networks within the country"
54,"i1313wm","Fixed-to-mobile telephone traffic",,"minutes",226,"TCD","Chad","2.1178186E7",2016,"","ARCEP Tchad","Refers to total traffic from all fixed-telephone networks to all mobile-cellular networks within the country"
54,"i1313wm","Fixed-to-mobile telephone traffic",,"minutes",226,"TCD","Chad","1.5990108E7",2017,"","Autorité de Régulation des Communications Électroniques et des Postes","Refers to total traffic from all fixed-telephone networks to all mobile-cellular networks within the country"
54,"i1313wm","Fixed-to-mobile telephone traffic",,"minutes",226,"TCD","Chad","7514394.0",2018,"","Autorité de Régulation des Communications Électroniques et des Postes","Refers to total traffic from all fixed-telephone networks to all mobile-cellular networks within the country"
54,"i1313wm","Fixed-to-mobile telephone traffic",,"minutes",226,"TCD","Chad","3966661.0",2019,"","Autorité de Régulation des Communications Électroniques et des Postes","Refers to total traffic from all fixed-telephone networks to all mobile-cellular networks within the country"
54,"i1313wm","Fixed-to-mobile telephone traffic",,"minutes",226,"TCD","Chad","6474414.0",2020,"","Autorité de Régulation des Communications Électroniques et des Postes","Refers to total traffic from all fixed-telephone networks to all mobile-cellular networks within the country"
54,"i1313wm","Fixed-to-mobile telephone traffic",,"minutes",226,"TCD","Chad","1175338.0",2021,"","Autorité de Régulation des Communications Électroniques et des Postes","Refers to total traffic from all fixed-telephone networks to all mobile-cellular networks within the country"
54,"i1313wm","Fixed-to-mobile telephone traffic",,"minutes",227,"CZE","Czech Republic","6.87861E8",2002,"","","Refers to total traffic from all fixed-telephone networks to all mobile-cellular networks within the country"
54,"i1313wm","Fixed-to-mobile telephone traffic",,"minutes",227,"CZE","Czech Republic","6.60781E8",2003,"","","Refers to total traffic from all fixed-telephone networks to all mobile-cellular networks within the country"
54,"i1313wm","Fixed-to-mobile telephone traffic",,"minutes",227,"CZE","Czech Republic","6.37255E8",2004,"","","Refers to total traffic from all fixed-telephone networks to all mobile-cellular networks within the country"
54,"i1313wm","Fixed-to-mobile telephone traffic",,"minutes",227,"CZE","Czech Republic","5.39008902E8",2005,"","","Refers to total traffic from all fixed-telephone networks to all mobile-cellular networks within the country"
54,"i1313wm","Fixed-to-mobile telephone traffic",,"minutes",227,"CZE","Czech Republic","4.8417775E8",2006,"","","Refers to total traffic from all fixed-telephone networks to all mobile-cellular networks within the country"
54,"i1313wm","Fixed-to-mobile telephone traffic",,"minutes",227,"CZE","Czech Republic","4.7859E8",2007,"","","Refers to total traffic from all fixed-telephone networks to all mobile-cellular networks within the country"
54,"i1313wm","Fixed-to-mobile telephone traffic",,"minutes",227,"CZE","Czech Republic","5.64E8",2008,"","Czech Telecommunication Office","Refers to total traffic from all fixed-telephone networks to all mobile-cellular networks within the country"
54,"i1313wm","Fixed-to-mobile telephone traffic",,"minutes",227,"CZE","Czech Republic","4.925E8",2009,"","Czech Telecommunication Office","Refers to total traffic from all fixed-telephone networks to all mobile-cellular networks within the country"
54,"i1313wm","Fixed-to-mobile telephone traffic",,"minutes",227,"CZE","Czech Republic","5.1E8",2010,"","Czech Telecommunication Office","Refers to total traffic from all fixed-telephone networks to all mobile-cellular networks within the country"
54,"i1313wm","Fixed-to-mobile telephone traffic",,"minutes",227,"CZE","Czech Republic","3.77E8",2011,"","Czech Telecommunication Office","Refers to total traffic from all fixed-telephone networks to all mobile-cellular networks within the country"
54,"i1313wm","Fixed-to-mobile telephone traffic",,"minutes",227,"CZE","Czech Republic","3.79E8",2012,"","Czech Telecommunication Office","Refers to total traffic from all fixed-telephone networks to all mobile-cellular networks within the country"
54,"i1313wm","Fixed-to-mobile telephone traffic",,"minutes",227,"CZE","Czech Republic","3.58E8",2013,"","Czech Telecommunication Office","Refers to total traffic from all fixed-telephone networks to all mobile-cellular networks within the country"
54,"i1313wm","Fixed-to-mobile telephone traffic",,"minutes",227,"CZE","Czech Republic","4.8E8",2014,"","Czech Telecommunication Office","Refers to total traffic from all fixed-telephone networks to all mobile-cellular networks within the country"
54,"i1313wm","Fixed-to-mobile telephone traffic",,"minutes",227,"CZE","Czech Republic","4.14876104E8",2015,"","Czech Telecommunication Office","Refers to total traffic from all fixed-telephone networks to all mobile-cellular networks within the country"
54,"i1313wm","Fixed-to-mobile telephone traffic",,"minutes",227,"CZE","Czech Republic","5.15245742E8",2016,"","Czech Telecommunication Office","Refers to total traffic from all fixed-telephone networks to all mobile-cellular networks within the country"
54,"i1313wm","Fixed-to-mobile telephone traffic",,"minutes",227,"CZE","Czech Republic","6.1201259286E8",2017,"","Czech Telecommunication Office","Refers to total traffic from all fixed-telephone networks to all mobile-cellular networks within the country"
54,"i1313wm","Fixed-to-mobile telephone traffic",,"minutes",227,"CZE","Czech Republic","6.471299308E8",2018,"","Czech Telecommunication Office","Refers to total traffic from all fixed-telephone networks to all mobile-cellular networks within the country"
54,"i1313wm","Fixed-to-mobile telephone traffic",,"minutes",227,"CZE","Czech Republic","6.66175101E8",2019,"","Czech Telecommunication Office","Refers to total traffic from all fixed-telephone networks to all mobile-cellular networks within the country"
54,"i1313wm","Fixed-to-mobile telephone traffic",,"minutes",227,"CZE","Czech Republic","6.990695639E8",2020,"","Czech Telecommunication Office","Refers to total traffic from all fixed-telephone networks to all mobile-cellular networks within the country"
54,"i1313wm","Fixed-to-mobile telephone traffic",,"minutes",227,"CZE","Czech Republic","6.8477271883E8",2021,"","Czech Telecommunication Office","Refers to total traffic from all fixed-telephone networks to all mobile-cellular networks within the country"
54,"i1313wm","Fixed-to-mobile telephone traffic",,"minutes",228,"TGO","Togo","2.7104325E7",2001,"","","Refers to total traffic from all fixed-telephone networks to all mobile-cellular networks within the country"
54,"i1313wm","Fixed-to-mobile telephone traffic",,"minutes",228,"TGO","Togo","2.870047E7",2002,"","","Refers to total traffic from all fixed-telephone networks to all mobile-cellular networks within the country"
54,"i1313wm","Fixed-to-mobile telephone traffic",,"minutes",228,"TGO","Togo","4.0880067E7",2003,"","","Refers to total traffic from all fixed-telephone networks to all mobile-cellular networks within the country"
54,"i1313wm","Fixed-to-mobile telephone traffic",,"minutes",228,"TGO","Togo","5.1162722E7",2004,"","","Refers to total traffic from all fixed-telephone networks to all mobile-cellular networks within the country"
54,"i1313wm","Fixed-to-mobile telephone traffic",,"minutes",228,"TGO","Togo","4.343797E7",2005,"","","Refers to total traffic from all fixed-telephone networks to all mobile-cellular networks within the country"
54,"i1313wm","Fixed-to-mobile telephone traffic",,"minutes",228,"TGO","Togo","4.1023155E7",2006,"","","Refers to total traffic from all fixed-telephone networks to all mobile-cellular networks within the country"
54,"i1313wm","Fixed-to-mobile telephone traffic",,"minutes",228,"TGO","Togo","6.5226324E7",2007,"","","Refers to total traffic from all fixed-telephone networks to all mobile-cellular networks within the country"
54,"i1313wm","Fixed-to-mobile telephone traffic",,"minutes",228,"TGO","Togo","4.3495241E7",2010,"","Autorité de Règlementation des secteurs de postes et télécommunications","Refers to total traffic from all fixed-telephone networks to all mobile-cellular networks within the country"
54,"i1313wm","Fixed-to-mobile telephone traffic",,"minutes",228,"TGO","Togo","3.9145717E7",2011,"","Autorité de Règlementation des secteurs de Postes et Télécommunications","Refers to total traffic from all fixed-telephone networks to all mobile-cellular networks within the country"
54,"i1313wm","Fixed-to-mobile telephone traffic",,"minutes",228,"TGO","Togo","3.6678466E7",2012,"","Autorité de Règlementation des secteurs de Postes et Télécommunications","Refers to total traffic from all fixed-telephone networks to all mobile-cellular networks within the country"
54,"i1313wm","Fixed-to-mobile telephone traffic",,"minutes",228,"TGO","Togo","3.0909328E7",2014,"","Autorité de Règlementation des secteurs de Postes et de Télécommunications","Refers to total traffic from all fixed-telephone networks to all mobile-cellular networks within the country"
54,"i1313wm","Fixed-to-mobile telephone traffic",,"minutes",228,"TGO","Togo","2.0903808E7",2015,"","Autorité de Règlementation des secteurs de Postes et de Télécommunications","Refers to total traffic from all fixed-telephone networks to all mobile-cellular networks within the country"
54,"i1313wm","Fixed-to-mobile telephone traffic",,"minutes",228,"TGO","Togo","2.3550949E7",2016,"","Autorité de Règlementation des secteurs de Postes et de Télécommunications","Refers to total traffic from all fixed-telephone networks to all mobile-cellular networks within the country"
54,"i1313wm","Fixed-to-mobile telephone traffic",,"minutes",228,"TGO","Togo","1.9974297E7",2017,"","Autorité de Règlementation des secteurs de Postes et de Télécommunications","Refers to total traffic from all fixed-telephone networks to all mobile-cellular networks within the country"
54,"i1313wm","Fixed-to-mobile telephone traffic",,"minutes",228,"TGO","Togo","1.3726133E7",2018,"","Autorité de Règlementation des secteurs de Postes et de Télécommunications","Refers to total traffic from all fixed-telephone networks to all mobile-cellular networks within the country"
54,"i1313wm","Fixed-to-mobile telephone traffic",,"minutes",228,"TGO","Togo","9838854.0",2019,"Trafic en minutes de Togo Telecom vers les opérateurs mobile Togocel et Moov","Autorité de Régulation des Communications Electroniques et des Postes (ARCEP)","Refers to total traffic from all fixed-telephone networks to all mobile-cellular networks within the country"
54,"i1313wm","Fixed-to-mobile telephone traffic",,"minutes",228,"TGO","Togo","9153972.0",2020,"","Autorité de Régulation des Communications Electroniques et des Postes (ARCEP)","Refers to total traffic from all fixed-telephone networks to all mobile-cellular networks within the country"
54,"i1313wm","Fixed-to-mobile telephone traffic",,"minutes",228,"TGO","Togo","6677186.0",2021,"Trafic en minutes de Togo Telecom vers les opérateurs mobile Togocel et Moov","Autorité de Régulation des Communications Electroniques et des Postes (ARCEP)","Refers to total traffic from all fixed-telephone networks to all mobile-cellular networks within the country"
54,"i1313wm","Fixed-to-mobile telephone traffic",,"minutes",229,"THA","Thailand","1.537630643E9",2009,"","MICT","Refers to total traffic from all fixed-telephone networks to all mobile-cellular networks within the country"
54,"i1313wm","Fixed-to-mobile telephone traffic",,"minutes",229,"THA","Thailand","7.885E9",2010,"From Interconnection Charge Report","Ministry of Information and Communication Technology","Refers to total traffic from all fixed-telephone networks to all mobile-cellular networks within the country"
54,"i1313wm","Fixed-to-mobile telephone traffic",,"minutes",229,"THA","Thailand","5.187E9",2011,"From Interconnection Charge Report","Ministry of Information and Communication Technology","Refers to total traffic from all fixed-telephone networks to all mobile-cellular networks within the country"
54,"i1313wm","Fixed-to-mobile telephone traffic",,"minutes",229,"THA","Thailand","2.8E9",2012,"From Interconnection Charge Report","Ministry of Information and Communication Technology","Refers to total traffic from all fixed-telephone networks to all mobile-cellular networks within the country"
54,"i1313wm","Fixed-to-mobile telephone traffic",,"minutes",229,"THA","Thailand","2.676E9",2013,"From Interconnection Charge Report","Ministry of Information and Communication Technology","Refers to total traffic from all fixed-telephone networks to all mobile-cellular networks within the country"
54,"i1313wm","Fixed-to-mobile telephone traffic",,"minutes",229,"THA","Thailand","1.525E9",2014,"From Interconnection Charge Report","Ministry of Information and Communication Technology","Refers to total traffic from all fixed-telephone networks to all mobile-cellular networks within the country"
54,"i1313wm","Fixed-to-mobile telephone traffic",,"minutes",229,"THA","Thailand","9.25E8",2015,"NBTC (From Interconnection Charge Report)","Ministry of Information and Communication Technology","Refers to total traffic from all fixed-telephone networks to all mobile-cellular networks within the country"
54,"i1313wm","Fixed-to-mobile telephone traffic",,"minutes",229,"THA","Thailand","8.28E8",2016,"1. From Interconnection Charge Report##2. NBTC updated 2014 = 2'232'000'000##3. NBTC updated 2015 = 983'000'000","The National Broadcasting and Telecommunications Commission","Refers to total traffic from all fixed-telephone networks to all mobile-cellular networks within the country"
54,"i1313wm","Fixed-to-mobile telephone traffic",,"minutes",229,"THA","Thailand","7.25E8",2017,"From Interconnection Charge Report","Office of the National Broadcasting and Telecommunications Commission","Refers to total traffic from all fixed-telephone networks to all mobile-cellular networks within the country"
54,"i1313wm","Fixed-to-mobile telephone traffic",,"minutes",229,"THA","Thailand","7.14605E8",2018,"From Interconnection Charge Report","Office of The National Broadcasting and Telecommunications Commission (NBTC)","Refers to total traffic from all fixed-telephone networks to all mobile-cellular networks within the country"
54,"i1313wm","Fixed-to-mobile telephone traffic",,"minutes",229,"THA","Thailand","6.39263E8",2019,"","The National Broadcasting and Telecommunications Commission","Refers to total traffic from all fixed-telephone networks to all mobile-cellular networks within the country"
54,"i1313wm","Fixed-to-mobile telephone traffic",,"minutes",229,"THA","Thailand","5.81633E8",2020,"","The National Broadcasting and Telecommunications Commission","Refers to total traffic from all fixed-telephone networks to all mobile-cellular networks within the country"
54,"i1313wm","Fixed-to-mobile telephone traffic",,"minutes",229,"THA","Thailand","7.76727E8",2021,"1) From Interconnection Charge Report Only.","The National Broadcasting and Telecommunications Commission","Refers to total traffic from all fixed-telephone networks to all mobile-cellular networks within the country"
54,"i1313wm","Fixed-to-mobile telephone traffic",,"minutes",232,"TON","Tonga","4133024.0",2018,"","MEIDECC","Refers to total traffic from all fixed-telephone networks to all mobile-cellular networks within the country"
54,"i1313wm","Fixed-to-mobile telephone traffic",,"minutes",234,"TTO","Trinidad and Tobago","4.61289776E8",2003,"","","Refers to total traffic from all fixed-telephone networks to all mobile-cellular networks within the country"
54,"i1313wm","Fixed-to-mobile telephone traffic",,"minutes",234,"TTO","Trinidad and Tobago","7.99488162E8",2004,"","","Refers to total traffic from all fixed-telephone networks to all mobile-cellular networks within the country"
54,"i1313wm","Fixed-to-mobile telephone traffic",,"minutes",234,"TTO","Trinidad and Tobago","7.3E8",2007,"","Telecommunications Authority of Trinidad and Tobago","Refers to total traffic from all fixed-telephone networks to all mobile-cellular networks within the country"
54,"i1313wm","Fixed-to-mobile telephone traffic",,"minutes",234,"TTO","Trinidad and Tobago","6.82666103E8",2008,"","Telecommunications Authority of Trinidad and Tobago","Refers to total traffic from all fixed-telephone networks to all mobile-cellular networks within the country"
54,"i1313wm","Fixed-to-mobile telephone traffic",,"minutes",234,"TTO","Trinidad and Tobago","6.13422373E8",2009,"","Telecommunications Authority of Trinidad and Tobago","Refers to total traffic from all fixed-telephone networks to all mobile-cellular networks within the country"
54,"i1313wm","Fixed-to-mobile telephone traffic",,"minutes",234,"TTO","Trinidad and Tobago","5.66619331E8",2010,"","Telecommunications Authority of Trinidad and Tobago (TATT)","Refers to total traffic from all fixed-telephone networks to all mobile-cellular networks within the country"
54,"i1313wm","Fixed-to-mobile telephone traffic",,"minutes",234,"TTO","Trinidad and Tobago","5.26067143E8",2011,"","Telecommunications Authority of Trinidad and Tobago (TATT)","Refers to total traffic from all fixed-telephone networks to all mobile-cellular networks within the country"
54,"i1313wm","Fixed-to-mobile telephone traffic",,"minutes",234,"TTO","Trinidad and Tobago","5.17273105E8",2012,"","Telecommunications Authority of Trinidad and Tobago (TATT)","Refers to total traffic from all fixed-telephone networks to all mobile-cellular networks within the country"
54,"i1313wm","Fixed-to-mobile telephone traffic",,"minutes",234,"TTO","Trinidad and Tobago","5.09255549E8",2013,"","Telecommunications Authority of Trinidad and Tobago (TATT)","Refers to total traffic from all fixed-telephone networks to all mobile-cellular networks within the country"
54,"i1313wm","Fixed-to-mobile telephone traffic",,"minutes",234,"TTO","Trinidad and Tobago","5.0218362E8",2014,"","Telecommunications Authority of Trinidad and Tobago (TATT)","Refers to total traffic from all fixed-telephone networks to all mobile-cellular networks within the country"
54,"i1313wm","Fixed-to-mobile telephone traffic",,"minutes",234,"TTO","Trinidad and Tobago","4.95545914E8",2015,"","Telecommunications Authority of Trinidad and Tobago (TATT)","Refers to total traffic from all fixed-telephone networks to all mobile-cellular networks within the country"
54,"i1313wm","Fixed-to-mobile telephone traffic",,"minutes",234,"TTO","Trinidad and Tobago","4.1019171E8",2016,"","Telecommunications Authority of Trinidad and Tobago","Refers to total traffic from all fixed-telephone networks to all mobile-cellular networks within the country"
54,"i1313wm","Fixed-to-mobile telephone traffic",,"minutes",234,"TTO","Trinidad and Tobago","3.72833357E8",2017,"","Telecommunications Authority of Trinidad and Tobago","Refers to total traffic from all fixed-telephone networks to all mobile-cellular networks within the country"
54,"i1313wm","Fixed-to-mobile telephone traffic",,"minutes",234,"TTO","Trinidad and Tobago","3.63448221E8",2018,"","Telecommunications Authority of Trinidad and Tobago","Refers to total traffic from all fixed-telephone networks to all mobile-cellular networks within the country"
54,"i1313wm","Fixed-to-mobile telephone traffic",,"minutes",234,"TTO","Trinidad and Tobago","3.08163162E8",2019,"","Telecommunications Authority of Trinidad and Tobago","Refers to total traffic from all fixed-telephone networks to all mobile-cellular networks within the country"
54,"i1313wm","Fixed-to-mobile telephone traffic",,"minutes",234,"TTO","Trinidad and Tobago","2.07607635E8",2020,"","Telecommunications Authority of Trinidad and Tobago","Refers to total traffic from all fixed-telephone networks to all mobile-cellular networks within the country"
54,"i1313wm","Fixed-to-mobile telephone traffic",,"minutes",234,"TTO","Trinidad and Tobago","2.24568588E8",2021,"","","Refers to total traffic from all fixed-telephone networks to all mobile-cellular networks within the country"
54,"i1313wm","Fixed-to-mobile telephone traffic",,"minutes",235,"TUN","Tunisia","9.30765E8",2008,"","Ministère des Technologies de la Communication","Refers to total traffic from all fixed-telephone networks to all mobile-cellular networks within the country"
54,"i1313wm","Fixed-to-mobile telephone traffic",,"minutes",235,"TUN","Tunisia","9.3721E8",2009,"","Ministère des Technologies de la Communication","Refers to total traffic from all fixed-telephone networks to all mobile-cellular networks within the country"
54,"i1313wm","Fixed-to-mobile telephone traffic",,"minutes",235,"TUN","Tunisia","6.1248299E8",2012,"","Ministère des Technologies de l'Information et de la Communication","Refers to total traffic from all fixed-telephone networks to all mobile-cellular networks within the country"
54,"i1313wm","Fixed-to-mobile telephone traffic",,"minutes",235,"TUN","Tunisia","6.83035047E8",2013,"","Ministère des Technologies de l'Information et de la Communication","Refers to total traffic from all fixed-telephone networks to all mobile-cellular networks within the country"
54,"i1313wm","Fixed-to-mobile telephone traffic",,"minutes",235,"TUN","Tunisia","7.76858638E8",2014,"","Ministère des Technologies de la Communication et de l'Economie Numérique","Refers to total traffic from all fixed-telephone networks to all mobile-cellular networks within the country"
54,"i1313wm","Fixed-to-mobile telephone traffic",,"minutes",235,"TUN","Tunisia","7.08244774E8",2015,"","Instance Nationale des Télécommunications","Refers to total traffic from all fixed-telephone networks to all mobile-cellular networks within the country"
54,"i1313wm","Fixed-to-mobile telephone traffic",,"minutes",235,"TUN","Tunisia","6.01198737E8",2016,"","Instance Nationale des Télécommunications","Refers to total traffic from all fixed-telephone networks to all mobile-cellular networks within the country"
54,"i1313wm","Fixed-to-mobile telephone traffic",,"minutes",235,"TUN","Tunisia","5.22474989E8",2017,"","Instance Nationale des Télécommunications de Tunisie","Refers to total traffic from all fixed-telephone networks to all mobile-cellular networks within the country"
54,"i1313wm","Fixed-to-mobile telephone traffic",,"minutes",235,"TUN","Tunisia","4.73474883E8",2018,"","Instance Nationale des Télécommunications de Tunisie","Refers to total traffic from all fixed-telephone networks to all mobile-cellular networks within the country"
54,"i1313wm","Fixed-to-mobile telephone traffic",,"minutes",235,"TUN","Tunisia","4.43543138E8",2019,"","Instance Nationale des Télécommunications","Refers to total traffic from all fixed-telephone networks to all mobile-cellular networks within the country"
54,"i1313wm","Fixed-to-mobile telephone traffic",,"minutes",235,"TUN","Tunisia","3.79722231E8",2020,"","Instance Nationale des Télécommunications","Refers to total traffic from all fixed-telephone networks to all mobile-cellular networks within the country"
54,"i1313wm","Fixed-to-mobile telephone traffic",,"minutes",235,"TUN","Tunisia","3.54912154E8",2021,"","Instance Nationale des Télécommunications","Refers to total traffic from all fixed-telephone networks to all mobile-cellular networks within the country"
54,"i1313wm","Fixed-to-mobile telephone traffic",,"minutes",236,"TUR","Türkiye","3.42121232E9",2001,"","","Refers to total traffic from all fixed-telephone networks to all mobile-cellular networks within the country"
54,"i1313wm","Fixed-to-mobile telephone traffic",,"minutes",236,"TUR","Türkiye","3.008455939E9",2002,"","","Refers to total traffic from all fixed-telephone networks to all mobile-cellular networks within the country"
54,"i1313wm","Fixed-to-mobile telephone traffic",,"minutes",236,"TUR","Türkiye","2.72557068E9",2003,"","","Refers to total traffic from all fixed-telephone networks to all mobile-cellular networks within the country"
54,"i1313wm","Fixed-to-mobile telephone traffic",,"minutes",236,"TUR","Türkiye","2.686785E9",2004,"","","Refers to total traffic from all fixed-telephone networks to all mobile-cellular networks within the country"
54,"i1313wm","Fixed-to-mobile telephone traffic",,"minutes",236,"TUR","Türkiye","2.615418969E9",2005,"","","Refers to total traffic from all fixed-telephone networks to all mobile-cellular networks within the country"
54,"i1313wm","Fixed-to-mobile telephone traffic",,"minutes",236,"TUR","Türkiye","2.411450986E9",2006,"","","Refers to total traffic from all fixed-telephone networks to all mobile-cellular networks within the country"
54,"i1313wm","Fixed-to-mobile telephone traffic",,"minutes",236,"TUR","Türkiye","2.79895063E9",2007,"","Information and Communication Technologies Authority","Refers to total traffic from all fixed-telephone networks to all mobile-cellular networks within the country"
54,"i1313wm","Fixed-to-mobile telephone traffic",,"minutes",236,"TUR","Türkiye","3.01626711E9",2008,"","Information and Communication Technologies Authority","Refers to total traffic from all fixed-telephone networks to all mobile-cellular networks within the country"
54,"i1313wm","Fixed-to-mobile telephone traffic",,"minutes",236,"TUR","Türkiye","2.598943147E9",2009,"","Information and Communication Technologies Authority","Refers to total traffic from all fixed-telephone networks to all mobile-cellular networks within the country"
54,"i1313wm","Fixed-to-mobile telephone traffic",,"minutes",236,"TUR","Türkiye","3.485E9",2010,"","Information and Communication Technologies Authority (ICTA)","Refers to total traffic from all fixed-telephone networks to all mobile-cellular networks within the country"
54,"i1313wm","Fixed-to-mobile telephone traffic",,"minutes",236,"TUR","Türkiye","3.236205425E9",2011,"","Information and Communication Technologies Authority (ICTA)","Refers to total traffic from all fixed-telephone networks to all mobile-cellular networks within the country"
54,"i1313wm","Fixed-to-mobile telephone traffic",,"minutes",236,"TUR","Türkiye","3.549E9",2012,"","Information and Communication Technologies Authority (ICTA)","Refers to total traffic from all fixed-telephone networks to all mobile-cellular networks within the country"
54,"i1313wm","Fixed-to-mobile telephone traffic",,"minutes",236,"TUR","Türkiye","4.080591E9",2013,"","Information and Communication Technologies Authority (ICTA)","Refers to total traffic from all fixed-telephone networks to all mobile-cellular networks within the country"
54,"i1313wm","Fixed-to-mobile telephone traffic",,"minutes",236,"TUR","Türkiye","4.091085E9",2014,"","Information and Communication Technologies Authority (ICTA)","Refers to total traffic from all fixed-telephone networks to all mobile-cellular networks within the country"
54,"i1313wm","Fixed-to-mobile telephone traffic",,"minutes",236,"TUR","Türkiye","3.446623758E9",2016,"","Information and Communication Technologies Authority (ICTA) of Turkey","Refers to total traffic from all fixed-telephone networks to all mobile-cellular networks within the country"
54,"i1313wm","Fixed-to-mobile telephone traffic",,"minutes",236,"TUR","Türkiye","3.363727007E9",2017,"","Information and Communication Technologies Authority (ICTA) of Turkey","Refers to total traffic from all fixed-telephone networks to all mobile-cellular networks within the country"
54,"i1313wm","Fixed-to-mobile telephone traffic",,"minutes",236,"TUR","Türkiye","3.237603764E9",2018,"","Information and Communication Technologies Authority of Turkey","Refers to total traffic from all fixed-telephone networks to all mobile-cellular networks within the country"
54,"i1313wm","Fixed-to-mobile telephone traffic",,"minutes",236,"TUR","Türkiye","3.629518341E9",2019,"","Information and Communication Technologies Authority (ICTA)","Refers to total traffic from all fixed-telephone networks to all mobile-cellular networks within the country"
54,"i1313wm","Fixed-to-mobile telephone traffic",,"minutes",236,"TUR","Türkiye","3.274331245E9",2020,"","Information and Communication Technologies Authority (ICTA)","Refers to total traffic from all fixed-telephone networks to all mobile-cellular networks within the country"
54,"i1313wm","Fixed-to-mobile telephone traffic",,"minutes",236,"TUR","Türkiye","3.279394677E9",2021,"","Information and Communication Technologies Authority (ICTA)","Refers to total traffic from all fixed-telephone networks to all mobile-cellular networks within the country"
54,"i1313wm","Fixed-to-mobile telephone traffic",,"minutes",238,"TZA","Tanzania","2026000.0",2000,"","","Refers to total traffic from all fixed-telephone networks to all mobile-cellular networks within the country"
54,"i1313wm","Fixed-to-mobile telephone traffic",,"minutes",238,"TZA","Tanzania","1839000.0",2001,"","","Refers to total traffic from all fixed-telephone networks to all mobile-cellular networks within the country"
54,"i1313wm","Fixed-to-mobile telephone traffic",,"minutes",238,"TZA","Tanzania","2652000.0",2002,"","","Refers to total traffic from all fixed-telephone networks to all mobile-cellular networks within the country"
54,"i1313wm","Fixed-to-mobile telephone traffic",,"minutes",238,"TZA","Tanzania","4798000.0",2003,"","","Refers to total traffic from all fixed-telephone networks to all mobile-cellular networks within the country"
54,"i1313wm","Fixed-to-mobile telephone traffic",,"minutes",238,"TZA","Tanzania","5111000.0",2004,"","","Refers to total traffic from all fixed-telephone networks to all mobile-cellular networks within the country"
54,"i1313wm","Fixed-to-mobile telephone traffic",,"minutes",238,"TZA","Tanzania","6024000.0",2005,"","","Refers to total traffic from all fixed-telephone networks to all mobile-cellular networks within the country"
54,"i1313wm","Fixed-to-mobile telephone traffic",,"minutes",238,"TZA","Tanzania","6937000.0",2006,"","","Refers to total traffic from all fixed-telephone networks to all mobile-cellular networks within the country"
54,"i1313wm","Fixed-to-mobile telephone traffic",,"minutes",238,"TZA","Tanzania","7850000.0",2007,"","","Refers to total traffic from all fixed-telephone networks to all mobile-cellular networks within the country"
54,"i1313wm","Fixed-to-mobile telephone traffic",,"minutes",238,"TZA","Tanzania","8763000.0",2008,"","Tanzania Communications Regulatory Authority (TCRA)","Refers to total traffic from all fixed-telephone networks to all mobile-cellular networks within the country"
54,"i1313wm","Fixed-to-mobile telephone traffic",,"minutes",238,"TZA","Tanzania","9676000.0",2009,"","Tanzania Communications Regulatory Authority (TCRA)","Refers to total traffic from all fixed-telephone networks to all mobile-cellular networks within the country"
54,"i1313wm","Fixed-to-mobile telephone traffic",,"minutes",238,"TZA","Tanzania","2.1804484E7",2010,"","Tanzania Communications Regulatory Authority (TCRA)","Refers to total traffic from all fixed-telephone networks to all mobile-cellular networks within the country"
54,"i1313wm","Fixed-to-mobile telephone traffic",,"minutes",238,"TZA","Tanzania","5.8713081E7",2011,"","Tanzania Communications Regulatory Authority (TCRA)","Refers to total traffic from all fixed-telephone networks to all mobile-cellular networks within the country"
54,"i1313wm","Fixed-to-mobile telephone traffic",,"minutes",238,"TZA","Tanzania","5.2494809E7",2012,"","Tanzania Communications Regulatory Authority (TCRA)","Refers to total traffic from all fixed-telephone networks to all mobile-cellular networks within the country"
54,"i1313wm","Fixed-to-mobile telephone traffic",,"minutes",238,"TZA","Tanzania","4.3179233E7",2013,"","Tanzania Communications Regulatory Authority (TCRA)","Refers to total traffic from all fixed-telephone networks to all mobile-cellular networks within the country"
54,"i1313wm","Fixed-to-mobile telephone traffic",,"minutes",238,"TZA","Tanzania","5277232.0",2014,"","Tanzania Communications Regulatory Authority (TCRA)","Refers to total traffic from all fixed-telephone networks to all mobile-cellular networks within the country"
54,"i1313wm","Fixed-to-mobile telephone traffic",,"minutes",238,"TZA","Tanzania","3.0203452E7",2015,"","Tanzania Communications Regulatory Authority (TCRA)","Refers to total traffic from all fixed-telephone networks to all mobile-cellular networks within the country"
54,"i1313wm","Fixed-to-mobile telephone traffic",,"minutes",238,"TZA","Tanzania","4.061334E7",2016,"","Tanzania Communications Regulatory Authority (TCRA)","Refers to total traffic from all fixed-telephone networks to all mobile-cellular networks within the country"
54,"i1313wm","Fixed-to-mobile telephone traffic",,"minutes",238,"TZA","Tanzania","4.2650077E7",2017,"","Tanzania Communications Regulatory Authority (TCRA)","Refers to total traffic from all fixed-telephone networks to all mobile-cellular networks within the country"
54,"i1313wm","Fixed-to-mobile telephone traffic",,"minutes",238,"TZA","Tanzania","6.643295E7",2018,"","Tanzania Communications Regulatory Authority","Refers to total traffic from all fixed-telephone networks to all mobile-cellular networks within the country"
54,"i1313wm","Fixed-to-mobile telephone traffic",,"minutes",238,"TZA","Tanzania","1.43138895E8",2019,"","Tanzania Communications Regulatory Authority (TCRA)","Refers to total traffic from all fixed-telephone networks to all mobile-cellular networks within the country"
54,"i1313wm","Fixed-to-mobile telephone traffic",,"minutes",238,"TZA","Tanzania","3.53094712E8",2020,"","Tanzania Communications Regulatory Authority (TCRA)","Refers to total traffic from all fixed-telephone networks to all mobile-cellular networks within the country"
54,"i1313wm","Fixed-to-mobile telephone traffic",,"minutes",238,"TZA","Tanzania","9.5709311E7",2021,"","Tanzania Communications Regulatory Authority (TCRA)","Refers to total traffic from all fixed-telephone networks to all mobile-cellular networks within the country"
54,"i1313wm","Fixed-to-mobile telephone traffic",,"minutes",239,"ARE","United Arab Emirates","3.007126798E9",2008,"","Telecommunications Regulatory Authority (TRA)","Refers to total traffic from all fixed-telephone networks to all mobile-cellular networks within the country"
54,"i1313wm","Fixed-to-mobile telephone traffic",,"minutes",239,"ARE","United Arab Emirates","3.247423137E9",2009,"","Telecommunications Regulatory Authority (TRA)","Refers to total traffic from all fixed-telephone networks to all mobile-cellular networks within the country"
54,"i1313wm","Fixed-to-mobile telephone traffic",,"minutes",239,"ARE","United Arab Emirates","2.784099875E9",2010,"","Telecommunications Regulatory Authority (TRA)","Refers to total traffic from all fixed-telephone networks to all mobile-cellular networks within the country"
54,"i1313wm","Fixed-to-mobile telephone traffic",,"minutes",239,"ARE","United Arab Emirates","2.720224498E9",2011,"","Telecommunications Regulatory Authority (TRA)","Refers to total traffic from all fixed-telephone networks to all mobile-cellular networks within the country"
54,"i1313wm","Fixed-to-mobile telephone traffic",,"minutes",239,"ARE","United Arab Emirates","2.503587562E9",2012,"","Telecommunications Regulatory Authority (TRA)","Refers to total traffic from all fixed-telephone networks to all mobile-cellular networks within the country"
54,"i1313wm","Fixed-to-mobile telephone traffic",,"minutes",239,"ARE","United Arab Emirates","2.452692983E9",2013,"","Telecommunications Regulatory Authority (TRA)","Refers to total traffic from all fixed-telephone networks to all mobile-cellular networks within the country"
54,"i1313wm","Fixed-to-mobile telephone traffic",,"minutes",239,"ARE","United Arab Emirates","2.457055701E9",2014,"","Telecommunications Regulatory Authority (TRA)","Refers to total traffic from all fixed-telephone networks to all mobile-cellular networks within the country"
54,"i1313wm","Fixed-to-mobile telephone traffic",,"minutes",239,"ARE","United Arab Emirates","2.53611035E9",2015,"","Telecommunications Regulatory Authority (TRA)","Refers to total traffic from all fixed-telephone networks to all mobile-cellular networks within the country"
54,"i1313wm","Fixed-to-mobile telephone traffic",,"minutes",239,"ARE","United Arab Emirates","2.386550161E9",2016,"","Telecommunications  Regulatory Authority","Refers to total traffic from all fixed-telephone networks to all mobile-cellular networks within the country"
54,"i1313wm","Fixed-to-mobile telephone traffic",,"minutes",239,"ARE","United Arab Emirates","2.139274829E9",2017,"","Telecommunications  Regulatory Authority","Refers to total traffic from all fixed-telephone networks to all mobile-cellular networks within the country"
54,"i1313wm","Fixed-to-mobile telephone traffic",,"minutes",239,"ARE","United Arab Emirates","2.19336501828E9",2018,"","Telecommunications and Digital Government Regulatory Authority","Refers to total traffic from all fixed-telephone networks to all mobile-cellular networks within the country"
54,"i1313wm","Fixed-to-mobile telephone traffic",,"minutes",239,"ARE","United Arab Emirates","2.0000606028E9",2019,"","Telecommunications Regulatory Authority ","Refers to total traffic from all fixed-telephone networks to all mobile-cellular networks within the country"
54,"i1313wm","Fixed-to-mobile telephone traffic",,"minutes",239,"ARE","United Arab Emirates","1.757917965E9",2020,"","Telecommunications Regulatory Authority ","Refers to total traffic from all fixed-telephone networks to all mobile-cellular networks within the country"
54,"i1313wm","Fixed-to-mobile telephone traffic",,"minutes",239,"ARE","United Arab Emirates","1.624397301E9",2021,"","Telecommunications Regulatory Authority ","Refers to total traffic from all fixed-telephone networks to all mobile-cellular networks within the country"
54,"i1313wm","Fixed-to-mobile telephone traffic",,"minutes",240,"UGA","Uganda","7.9648533E7",2008,"","UCC.","Refers to total traffic from all fixed-telephone networks to all mobile-cellular networks within the country"
54,"i1313wm","Fixed-to-mobile telephone traffic",,"minutes",240,"UGA","Uganda","1.59297065E8",2009,"","UCC.","Refers to total traffic from all fixed-telephone networks to all mobile-cellular networks within the country"
54,"i1313wm","Fixed-to-mobile telephone traffic",,"minutes",240,"UGA","Uganda","1.70832492E8",2010,"","Uganda Communications Commission","Refers to total traffic from all fixed-telephone networks to all mobile-cellular networks within the country"
54,"i1313wm","Fixed-to-mobile telephone traffic",,"minutes",240,"UGA","Uganda","1.7652431E8",2011,"","Uganda Communications Commission","Refers to total traffic from all fixed-telephone networks to all mobile-cellular networks within the country"
54,"i1313wm","Fixed-to-mobile telephone traffic",,"minutes",240,"UGA","Uganda","1.50955554E8",2012,"Dec","Uganda Communications Commission","Refers to total traffic from all fixed-telephone networks to all mobile-cellular networks within the country"
54,"i1313wm","Fixed-to-mobile telephone traffic",,"minutes",240,"UGA","Uganda","1.06588871E8",2014,"Dec","Uganda Communications Commission","Refers to total traffic from all fixed-telephone networks to all mobile-cellular networks within the country"
54,"i1313wm","Fixed-to-mobile telephone traffic",,"minutes",240,"UGA","Uganda","1.01486213E8",2015,"December","Uganda Communications Commission","Refers to total traffic from all fixed-telephone networks to all mobile-cellular networks within the country"
54,"i1313wm","Fixed-to-mobile telephone traffic",,"minutes",240,"UGA","Uganda","2.242746513E9",2020,"","Uganda Communications Commission","Refers to total traffic from all fixed-telephone networks to all mobile-cellular networks within the country"
54,"i1313wm","Fixed-to-mobile telephone traffic",,"minutes",240,"UGA","Uganda","2.602430448E9",2021,"","Uganda Communications Commission","Refers to total traffic from all fixed-telephone networks to all mobile-cellular networks within the country"
54,"i1313wm","Fixed-to-mobile telephone traffic",,"minutes",241,"UKR","Ukraine","5.9584743E8",2019,"","State Service of Special Communications and Information Protection of Ukraine","Refers to total traffic from all fixed-telephone networks to all mobile-cellular networks within the country"
54,"i1313wm","Fixed-to-mobile telephone traffic",,"minutes",241,"UKR","Ukraine","5.7336589E8",2020,"","State Service of Special Communications and Information Protection of Ukraine","Refers to total traffic from all fixed-telephone networks to all mobile-cellular networks within the country"
54,"i1313wm","Fixed-to-mobile telephone traffic",,"minutes",241,"UKR","Ukraine","1.17985211E9",2021,"","State Service of Special Communications and Information Protection of Ukraine","Refers to total traffic from all fixed-telephone networks to all mobile-cellular networks within the country"
54,"i1313wm","Fixed-to-mobile telephone traffic",,"minutes",242,"URY","Uruguay","2.95E8",2000,"","","Refers to total traffic from all fixed-telephone networks to all mobile-cellular networks within the country"
54,"i1313wm","Fixed-to-mobile telephone traffic",,"minutes",242,"URY","Uruguay","2.8E8",2001,"","","Refers to total traffic from all fixed-telephone networks to all mobile-cellular networks within the country"
54,"i1313wm","Fixed-to-mobile telephone traffic",,"minutes",242,"URY","Uruguay","2.16E8",2002,"","","Refers to total traffic from all fixed-telephone networks to all mobile-cellular networks within the country"
54,"i1313wm","Fixed-to-mobile telephone traffic",,"minutes",242,"URY","Uruguay","1.64E8",2003,"","","Refers to total traffic from all fixed-telephone networks to all mobile-cellular networks within the country"
54,"i1313wm","Fixed-to-mobile telephone traffic",,"minutes",242,"URY","Uruguay","1.74E8",2004,"","","Refers to total traffic from all fixed-telephone networks to all mobile-cellular networks within the country"
54,"i1313wm","Fixed-to-mobile telephone traffic",,"minutes",242,"URY","Uruguay","2.87E8",2005,"","","Refers to total traffic from all fixed-telephone networks to all mobile-cellular networks within the country"
54,"i1313wm","Fixed-to-mobile telephone traffic",,"minutes",242,"URY","Uruguay","3.88E8",2006,"","","Refers to total traffic from all fixed-telephone networks to all mobile-cellular networks within the country"
54,"i1313wm","Fixed-to-mobile telephone traffic",,"minutes",242,"URY","Uruguay","4.60643922E8",2007,"","URSEC","Refers to total traffic from all fixed-telephone networks to all mobile-cellular networks within the country"
54,"i1313wm","Fixed-to-mobile telephone traffic",,"minutes",242,"URY","Uruguay","4.70842113E8",2008,"","URSEC","Refers to total traffic from all fixed-telephone networks to all mobile-cellular networks within the country"
54,"i1313wm","Fixed-to-mobile telephone traffic",,"minutes",242,"URY","Uruguay","4.47642695E8",2009,"","URSEC","Refers to total traffic from all fixed-telephone networks to all mobile-cellular networks within the country"
54,"i1313wm","Fixed-to-mobile telephone traffic",,"minutes",242,"URY","Uruguay","4.34688127E8",2010,"","Unidad Reguladora de Servicios de Comunicaciones","Refers to total traffic from all fixed-telephone networks to all mobile-cellular networks within the country"
54,"i1313wm","Fixed-to-mobile telephone traffic",,"minutes",242,"URY","Uruguay","4.50003331E8",2011,"","Unidad Reguladora de Servicios de Comunicaciones","Refers to total traffic from all fixed-telephone networks to all mobile-cellular networks within the country"
54,"i1313wm","Fixed-to-mobile telephone traffic",,"minutes",242,"URY","Uruguay","4.68816667E8",2012,"","Unidad Reguladora de Servicios de Comunicaciones","Refers to total traffic from all fixed-telephone networks to all mobile-cellular networks within the country"
54,"i1313wm","Fixed-to-mobile telephone traffic",,"minutes",242,"URY","Uruguay","4.50611149E8",2013,"","Unidad Reguladora de Servicios de Comunicaciones","Refers to total traffic from all fixed-telephone networks to all mobile-cellular networks within the country"
54,"i1313wm","Fixed-to-mobile telephone traffic",,"minutes",242,"URY","Uruguay","4.50351652E8",2014,"","Unidad Reguladora de Servicios de Comunicaciones","Refers to total traffic from all fixed-telephone networks to all mobile-cellular networks within the country"
54,"i1313wm","Fixed-to-mobile telephone traffic",,"minutes",242,"URY","Uruguay","4.13111369E8",2015,"","Unidad Reguladora de Servicios de Comunicaciones","Refers to total traffic from all fixed-telephone networks to all mobile-cellular networks within the country"
54,"i1313wm","Fixed-to-mobile telephone traffic",,"minutes",242,"URY","Uruguay","3.73374045E8",2016,"","Unidad Reguladora de Servicios de Comunicaciones","Refers to total traffic from all fixed-telephone networks to all mobile-cellular networks within the country"
54,"i1313wm","Fixed-to-mobile telephone traffic",,"minutes",242,"URY","Uruguay","3.18476286E8",2017,"","Unidad Reguladora de Servicios de Comunicaciones","Refers to total traffic from all fixed-telephone networks to all mobile-cellular networks within the country"
54,"i1313wm","Fixed-to-mobile telephone traffic",,"minutes",242,"URY","Uruguay","2.42967067E8",2018,"minutos##","URSEC","Refers to total traffic from all fixed-telephone networks to all mobile-cellular networks within the country"
54,"i1313wm","Fixed-to-mobile telephone traffic",,"minutes",242,"URY","Uruguay","2.02525281E8",2019,"minutos","Unidad Reguladora de Servicios de Comunicaciones","Refers to total traffic from all fixed-telephone networks to all mobile-cellular networks within the country"
54,"i1313wm","Fixed-to-mobile telephone traffic",,"minutes",242,"URY","Uruguay","2.067716E8",2020,"minutos","Unidad Reguladora de Servicios de Comunicaciones","Refers to total traffic from all fixed-telephone networks to all mobile-cellular networks within the country"
54,"i1313wm","Fixed-to-mobile telephone traffic",,"minutes",242,"URY","Uruguay","2.13595459E8",2021,"minutos","Unidad Reguladora de Servicios de Comunicaciones","Refers to total traffic from all fixed-telephone networks to all mobile-cellular networks within the country"
54,"i1313wm","Fixed-to-mobile telephone traffic",,"minutes",244,"USA","United States","7.50839519097E11",2009,"From CTIA’s Wireless Industry Indices:  Semi-Annual Data Survey Results:  A Comprehensive Report  from CTIA Analyzing the U.S. Wireless Industry,” various dates.","Federal Communications Commission","Refers to total traffic from all fixed-telephone networks to all mobile-cellular networks within the country"
54,"i1313wm","Fixed-to-mobile telephone traffic",,"minutes",245,"UZB","Uzbekistan","4.156519E8",2012,"","State Committee for Communications, Informatization and Telecommunication Technologies","Refers to total traffic from all fixed-telephone networks to all mobile-cellular networks within the country"
54,"i1313wm","Fixed-to-mobile telephone traffic",,"minutes",245,"UZB","Uzbekistan","4.347325637E9",2014,"","State Committee for Communications, Informatization and Telecommunication Technologies ","Refers to total traffic from all fixed-telephone networks to all mobile-cellular networks within the country"
54,"i1313wm","Fixed-to-mobile telephone traffic",,"minutes",245,"UZB","Uzbekistan","9.61105988E8",2017,"","Ministry for Development of Information Technologies and Communications of the Republic of Uzbekistan","Refers to total traffic from all fixed-telephone networks to all mobile-cellular networks within the country"
54,"i1313wm","Fixed-to-mobile telephone traffic",,"minutes",245,"UZB","Uzbekistan","1.824414452E9",2018,"","Ministry of Development of the Information Technologies and Communications of the Republic of Uzbekistan","Refers to total traffic from all fixed-telephone networks to all mobile-cellular networks within the country"
54,"i1313wm","Fixed-to-mobile telephone traffic",,"minutes",245,"UZB","Uzbekistan","2.723526498E9",2019,"","Ministry for Development of Information Technologies and Communications of the Republic of Uzbekistan","Refers to total traffic from all fixed-telephone networks to all mobile-cellular networks within the country"
54,"i1313wm","Fixed-to-mobile telephone traffic",,"minutes",245,"UZB","Uzbekistan","2.76868441E9",2020,"","Ministry for Development of Information Technologies and Communications of the Republic of Uzbekistan","Refers to total traffic from all fixed-telephone networks to all mobile-cellular networks within the country"
54,"i1313wm","Fixed-to-mobile telephone traffic",,"minutes",245,"UZB","Uzbekistan","5.575552033E9",2021,"","Ministry for Development of Information Technologies and Communications of the Republic of Uzbekistan","Refers to total traffic from all fixed-telephone networks to all mobile-cellular networks within the country"
54,"i1313wm","Fixed-to-mobile telephone traffic",,"minutes",246,"VCT","Saint Vincent and the Grenadines","6000000.0",2013,"","National Telecommunications Regulatory Commission","Refers to total traffic from all fixed-telephone networks to all mobile-cellular networks within the country"
54,"i1313wm","Fixed-to-mobile telephone traffic",,"minutes",246,"VCT","Saint Vincent and the Grenadines","6249253.17",2014,"","National Telecommunications Regulatory Commission","Refers to total traffic from all fixed-telephone networks to all mobile-cellular networks within the country"
54,"i1313wm","Fixed-to-mobile telephone traffic",,"minutes",246,"VCT","Saint Vincent and the Grenadines","7426435.0",2017,"","National Telecommunications Regulatory Commission","Refers to total traffic from all fixed-telephone networks to all mobile-cellular networks within the country"
54,"i1313wm","Fixed-to-mobile telephone traffic",,"minutes",246,"VCT","Saint Vincent and the Grenadines","7426435.0",2018,"Data up to March 2019","National Telecommunications Regulatory Commission","Refers to total traffic from all fixed-telephone networks to all mobile-cellular networks within the country"
54,"i1313wm","Fixed-to-mobile telephone traffic",,"minutes",246,"VCT","Saint Vincent and the Grenadines","5295976.0",2019,"","National Telecommunications Regulatory Commission","Refers to total traffic from all fixed-telephone networks to all mobile-cellular networks within the country"
54,"i1313wm","Fixed-to-mobile telephone traffic",,"minutes",246,"VCT","Saint Vincent and the Grenadines","989406.0",2020,"","National Telecommunications Regulatory Commission","Refers to total traffic from all fixed-telephone networks to all mobile-cellular networks within the country"
54,"i1313wm","Fixed-to-mobile telephone traffic",,"minutes",249,"VGB","British Virgin Islands","2.0449E7",2009,"","Telecommunications Regulatory Commission","Refers to total traffic from all fixed-telephone networks to all mobile-cellular networks within the country"
54,"i1313wm","Fixed-to-mobile telephone traffic",,"minutes",249,"VGB","British Virgin Islands","1.1574E7",2010,"","Telecommunications Regulatory Commission","Refers to total traffic from all fixed-telephone networks to all mobile-cellular networks within the country"
54,"i1313wm","Fixed-to-mobile telephone traffic",,"minutes",249,"VGB","British Virgin Islands","4662000.0",2013,"","Telecommunications Regulatory Commission","Refers to total traffic from all fixed-telephone networks to all mobile-cellular networks within the country"
54,"i1313wm","Fixed-to-mobile telephone traffic",,"minutes",249,"VGB","British Virgin Islands","6379000.0",2014,"","Telecommunications Regulatory Commission","Refers to total traffic from all fixed-telephone networks to all mobile-cellular networks within the country"
54,"i1313wm","Fixed-to-mobile telephone traffic",,"minutes",249,"VGB","British Virgin Islands","5437000.0",2016,"","Telecommunications Regulatory Commission","Refers to total traffic from all fixed-telephone networks to all mobile-cellular networks within the country"
54,"i1313wm","Fixed-to-mobile telephone traffic",,"minutes",249,"VGB","British Virgin Islands","4637000.0",2017,"","TRC","Refers to total traffic from all fixed-telephone networks to all mobile-cellular networks within the country"
54,"i1313wm","Fixed-to-mobile telephone traffic",,"minutes",249,"VGB","British Virgin Islands","3837000.0",2018,"Based on forecast","TRC","Refers to total traffic from all fixed-telephone networks to all mobile-cellular networks within the country"
54,"i1313wm","Fixed-to-mobile telephone traffic",,"minutes",250,"VNM","Viet Nam","803350.0",2002,"","","Refers to total traffic from all fixed-telephone networks to all mobile-cellular networks within the country"
54,"i1313wm","Fixed-to-mobile telephone traffic",,"minutes",250,"VNM","Viet Nam","1.747897606E9",2019,"","Ministry of Information and Communications","Refers to total traffic from all fixed-telephone networks to all mobile-cellular networks within the country"
54,"i1313wm","Fixed-to-mobile telephone traffic",,"minutes",250,"VNM","Viet Nam","1.242369927E9",2020,"","Ministry of Information and Communications","Refers to total traffic from all fixed-telephone networks to all mobile-cellular networks within the country"
54,"i1313wm","Fixed-to-mobile telephone traffic",,"minutes",250,"VNM","Viet Nam","1.098929114E9",2021,"","Ministry of Information and Communications","Refers to total traffic from all fixed-telephone networks to all mobile-cellular networks within the country"
54,"i1313wm","Fixed-to-mobile telephone traffic",,"minutes",251,"VUT","Vanuatu","7763213.0",2010,"","Office of the Vanuatu Telecom Regulator","Refers to total traffic from all fixed-telephone networks to all mobile-cellular networks within the country"
54,"i1313wm","Fixed-to-mobile telephone traffic",,"minutes",251,"VUT","Vanuatu","7856059.0",2011,"","Office of the Vanuatu Telecom Regulator","Refers to total traffic from all fixed-telephone networks to all mobile-cellular networks within the country"
54,"i1313wm","Fixed-to-mobile telephone traffic",,"minutes",251,"VUT","Vanuatu","7856059.0",2012,"","Telecommunications & Radiocommunications Regulator","Refers to total traffic from all fixed-telephone networks to all mobile-cellular networks within the country"
54,"i1313wm","Fixed-to-mobile telephone traffic",,"minutes",251,"VUT","Vanuatu","9130251.0",2015,"","Office of the Telecommunications & Radiocommunications Regulator","Refers to total traffic from all fixed-telephone networks to all mobile-cellular networks within the country"
54,"i1313wm","Fixed-to-mobile telephone traffic",,"minutes",251,"VUT","Vanuatu","8860291.0",2016,"","TRBR","Refers to total traffic from all fixed-telephone networks to all mobile-cellular networks within the country"
54,"i1313wm","Fixed-to-mobile telephone traffic",,"minutes",251,"VUT","Vanuatu","8146228.0",2017,"","Telecommunications, Radiocommunications and Broadcasting Regulator","Refers to total traffic from all fixed-telephone networks to all mobile-cellular networks within the country"
54,"i1313wm","Fixed-to-mobile telephone traffic",,"minutes",251,"VUT","Vanuatu","7043636.0",2018,"","Telecommunications, Radiocommunications and Broadcasting Regulator","Refers to total traffic from all fixed-telephone networks to all mobile-cellular networks within the country"
54,"i1313wm","Fixed-to-mobile telephone traffic",,"minutes",251,"VUT","Vanuatu","9806198.0",2019,"","Office of the Telecommunications, Radiocommunications & Broadcasting Regulator","Refers to total traffic from all fixed-telephone networks to all mobile-cellular networks within the country"
54,"i1313wm","Fixed-to-mobile telephone traffic",,"minutes",251,"VUT","Vanuatu","7403793.0",2021,"","Office of the Telecommunications, Radiocommunications & Broadcasting Regulator","Refers to total traffic from all fixed-telephone networks to all mobile-cellular networks within the country"
54,"i1313wm","Fixed-to-mobile telephone traffic",,"minutes",256,"SRB","Serbia","1.560054794E9",2004,"","Republic Telecommunication Agency RATEL.","Refers to total traffic from all fixed-telephone networks to all mobile-cellular networks within the country"
54,"i1313wm","Fixed-to-mobile telephone traffic",,"minutes",256,"SRB","Serbia","1.617743E9",2005,"","Republic Telecommunication Agency RATEL.","Refers to total traffic from all fixed-telephone networks to all mobile-cellular networks within the country"
54,"i1313wm","Fixed-to-mobile telephone traffic",,"minutes",256,"SRB","Serbia","1.280315653E9",2006,"","Republic Telecommunication Agency RATEL.","Refers to total traffic from all fixed-telephone networks to all mobile-cellular networks within the country"
54,"i1313wm","Fixed-to-mobile telephone traffic",,"minutes",256,"SRB","Serbia","1.238092115E9",2007,"","Republic Telecommunication Agency RATEL.","Refers to total traffic from all fixed-telephone networks to all mobile-cellular networks within the country"
54,"i1313wm","Fixed-to-mobile telephone traffic",,"minutes",256,"SRB","Serbia","1.302645302E9",2008,"","Republic Agency for Electronic Communications (RATEL)","Refers to total traffic from all fixed-telephone networks to all mobile-cellular networks within the country"
54,"i1313wm","Fixed-to-mobile telephone traffic",,"minutes",256,"SRB","Serbia","1.143949162E9",2009,"","Republic Telecommunication Agency RATEL","Refers to total traffic from all fixed-telephone networks to all mobile-cellular networks within the country"
54,"i1313wm","Fixed-to-mobile telephone traffic",,"minutes",256,"SRB","Serbia","7.01225302E8",2010,"","Republic Agency for Electronic Communications (RATEL)","Refers to total traffic from all fixed-telephone networks to all mobile-cellular networks within the country"
54,"i1313wm","Fixed-to-mobile telephone traffic",,"minutes",256,"SRB","Serbia","8.09893619E8",2011,"","Republic Agency for Electronic Communications (RATEL)","Refers to total traffic from all fixed-telephone networks to all mobile-cellular networks within the country"
54,"i1313wm","Fixed-to-mobile telephone traffic",,"minutes",256,"SRB","Serbia","7.03287801E8",2012,"","Republic Agency for Electronic Communications (RATEL)","Refers to total traffic from all fixed-telephone networks to all mobile-cellular networks within the country"
54,"i1313wm","Fixed-to-mobile telephone traffic",,"minutes",256,"SRB","Serbia","5.23960243E8",2013,"","Regulatory  Agency for Electronic Communications and Postal Services (RATEL)","Refers to total traffic from all fixed-telephone networks to all mobile-cellular networks within the country"
54,"i1313wm","Fixed-to-mobile telephone traffic",,"minutes",256,"SRB","Serbia","5.31259463E8",2014,"","Regulatory  Agency for Electronic Communications and Postal Services (RATEL)","Refers to total traffic from all fixed-telephone networks to all mobile-cellular networks within the country"
54,"i1313wm","Fixed-to-mobile telephone traffic",,"minutes",256,"SRB","Serbia","4.64500959E8",2015,"","Regulatory  Agency for Electronic Communications and Postal Services (RATEL)","Refers to total traffic from all fixed-telephone networks to all mobile-cellular networks within the country"
54,"i1313wm","Fixed-to-mobile telephone traffic",,"minutes",256,"SRB","Serbia","3.74190371E8",2016,"","Regulatory Agency for Electronic Communications and Postal Services","Refers to total traffic from all fixed-telephone networks to all mobile-cellular networks within the country"
54,"i1313wm","Fixed-to-mobile telephone traffic",,"minutes",256,"SRB","Serbia","2.97362392E8",2017,"","Regulatory Agency for Electronic Communications and Postal Services","Refers to total traffic from all fixed-telephone networks to all mobile-cellular networks within the country"
54,"i1313wm","Fixed-to-mobile telephone traffic",,"minutes",256,"SRB","Serbia","2.64677331E8",2018,"","Regulatory Agency for Electronic Communications and Postal Services","Refers to total traffic from all fixed-telephone networks to all mobile-cellular networks within the country"
54,"i1313wm","Fixed-to-mobile telephone traffic",,"minutes",256,"SRB","Serbia","2.22820132E8",2019,"","Regulatory  Agency for Electronic Communications and Postal Services (RATEL)","Refers to total traffic from all fixed-telephone networks to all mobile-cellular networks within the country"
54,"i1313wm","Fixed-to-mobile telephone traffic",,"minutes",256,"SRB","Serbia","2.28265021E8",2020,"","Regulatory  Agency for Electronic Communications and Postal Services (RATEL)","Refers to total traffic from all fixed-telephone networks to all mobile-cellular networks within the country"
54,"i1313wm","Fixed-to-mobile telephone traffic",,"minutes",256,"SRB","Serbia","2.15674332E8",2021,"","Regulatory  Agency for Electronic Communications and Postal Services (RATEL)","Refers to total traffic from all fixed-telephone networks to all mobile-cellular networks within the country"
54,"i1313wm","Fixed-to-mobile telephone traffic",,"minutes",257,"COD","Dem. Rep. of the Congo","3314941.09",2004,"","","Refers to total traffic from all fixed-telephone networks to all mobile-cellular networks within the country"
54,"i1313wm","Fixed-to-mobile telephone traffic",,"minutes",257,"COD","Dem. Rep. of the Congo","965130.32",2005,"","","Refers to total traffic from all fixed-telephone networks to all mobile-cellular networks within the country"
54,"i1313wm","Fixed-to-mobile telephone traffic",,"minutes",257,"COD","Dem. Rep. of the Congo","1335709.82",2010,"","Autorité de Régulation de la Poste et des Télécommunications","Refers to total traffic from all fixed-telephone networks to all mobile-cellular networks within the country"
54,"i1313wm","Fixed-to-mobile telephone traffic",,"minutes",257,"COD","Dem. Rep. of the Congo","839749.0",2011,"","Autorité de Régulation de la Poste et des Télécommunications","Refers to total traffic from all fixed-telephone networks to all mobile-cellular networks within the country"
54,"i1313wm","Fixed-to-mobile telephone traffic",,"minutes",257,"COD","Dem. Rep. of the Congo","768870.0",2012,"","Autorité de Régulation de la Poste et des Télécommunications","Refers to total traffic from all fixed-telephone networks to all mobile-cellular networks within the country"
54,"i1313wm","Fixed-to-mobile telephone traffic",,"minutes",259,"ZMB","Zambia","1.1718659E7",2011,"Source: ZICTA","Zambia Information & Communications Technology Authority (ZICTA)","Refers to total traffic from all fixed-telephone networks to all mobile-cellular networks within the country"
54,"i1313wm","Fixed-to-mobile telephone traffic",,"minutes",259,"ZMB","Zambia","1.4817461E7",2012,"Source: ZICTA","Zambia Information & Communications Technology Authority (ZICTA)","Refers to total traffic from all fixed-telephone networks to all mobile-cellular networks within the country"
54,"i1313wm","Fixed-to-mobile telephone traffic",,"minutes",259,"ZMB","Zambia","4.0844728E7",2013,"","Zambia Information & Communications Technology Authority (ZICTA)","Refers to total traffic from all fixed-telephone networks to all mobile-cellular networks within the country"
54,"i1313wm","Fixed-to-mobile telephone traffic",,"minutes",259,"ZMB","Zambia","6.0603947E7",2014,"","Zambia Information & Communications Technology Authority (ZICTA)","Refers to total traffic from all fixed-telephone networks to all mobile-cellular networks within the country"
54,"i1313wm","Fixed-to-mobile telephone traffic",,"minutes",259,"ZMB","Zambia","3.9704356E7",2015,"","Zambia Information & Communications Technology Authority (ZICTA)","Refers to total traffic from all fixed-telephone networks to all mobile-cellular networks within the country"
54,"i1313wm","Fixed-to-mobile telephone traffic",,"minutes",259,"ZMB","Zambia","5.029096E7",2016,"","Zambia Information & Communications Technology Authority","Refers to total traffic from all fixed-telephone networks to all mobile-cellular networks within the country"
54,"i1313wm","Fixed-to-mobile telephone traffic",,"minutes",259,"ZMB","Zambia","5.5926806E7",2017,"","Zambia Information & Communications Technology Authority (ZICTA)","Refers to total traffic from all fixed-telephone networks to all mobile-cellular networks within the country"
54,"i1313wm","Fixed-to-mobile telephone traffic",,"minutes",259,"ZMB","Zambia","3.4654381E7",2018,"","Zambia Information & Communications Technology Authority (ZICTA)","Refers to total traffic from all fixed-telephone networks to all mobile-cellular networks within the country"
54,"i1313wm","Fixed-to-mobile telephone traffic",,"minutes",259,"ZMB","Zambia","1.9303782E7",2019,"","Zambia Information & Communications Technology Authority (ZICTA)","Refers to total traffic from all fixed-telephone networks to all mobile-cellular networks within the country"
54,"i1313wm","Fixed-to-mobile telephone traffic",,"minutes",259,"ZMB","Zambia","1.9266034E7",2020,"","Zambia Information & Communications Technology Authority (ZICTA)","Refers to total traffic from all fixed-telephone networks to all mobile-cellular networks within the country"
54,"i1313wm","Fixed-to-mobile telephone traffic",,"minutes",259,"ZMB","Zambia","1.1716122E7",2021,"","Zambia Information & Communications Technology Authority (ZICTA)","Refers to total traffic from all fixed-telephone networks to all mobile-cellular networks within the country"
54,"i1313wm","Fixed-to-mobile telephone traffic",,"minutes",260,"ZWE","Zimbabwe","2.49E8",2000,"","","Refers to total traffic from all fixed-telephone networks to all mobile-cellular networks within the country"
54,"i1313wm","Fixed-to-mobile telephone traffic",,"minutes",260,"ZWE","Zimbabwe","3.08E8",2001,"","","Refers to total traffic from all fixed-telephone networks to all mobile-cellular networks within the country"
54,"i1313wm","Fixed-to-mobile telephone traffic",,"minutes",260,"ZWE","Zimbabwe","3.51E8",2002,"","","Refers to total traffic from all fixed-telephone networks to all mobile-cellular networks within the country"
54,"i1313wm","Fixed-to-mobile telephone traffic",,"minutes",260,"ZWE","Zimbabwe","4.21E8",2003,"","","Refers to total traffic from all fixed-telephone networks to all mobile-cellular networks within the country"
54,"i1313wm","Fixed-to-mobile telephone traffic",,"minutes",260,"ZWE","Zimbabwe","4.92541926E8",2004,"","","Refers to total traffic from all fixed-telephone networks to all mobile-cellular networks within the country"
54,"i1313wm","Fixed-to-mobile telephone traffic",,"minutes",260,"ZWE","Zimbabwe","4.75625234E8",2005,"","","Refers to total traffic from all fixed-telephone networks to all mobile-cellular networks within the country"
54,"i1313wm","Fixed-to-mobile telephone traffic",,"minutes",260,"ZWE","Zimbabwe","4.06241E8",2006,"","","Refers to total traffic from all fixed-telephone networks to all mobile-cellular networks within the country"
54,"i1313wm","Fixed-to-mobile telephone traffic",,"minutes",260,"ZWE","Zimbabwe","5.06E8",2009,"","Postal and Telecommunications Regulatory Authority","Refers to total traffic from all fixed-telephone networks to all mobile-cellular networks within the country"
54,"i1313wm","Fixed-to-mobile telephone traffic",,"minutes",260,"ZWE","Zimbabwe","5.45598E8",2010,"","Postal and Telecommunications Regulatory Authority","Refers to total traffic from all fixed-telephone networks to all mobile-cellular networks within the country"
54,"i1313wm","Fixed-to-mobile telephone traffic",,"minutes",260,"ZWE","Zimbabwe","2.81839639E8",2011,"","Postal and Telecommunications Regulatory Authority","Refers to total traffic from all fixed-telephone networks to all mobile-cellular networks within the country"
54,"i1313wm","Fixed-to-mobile telephone traffic",,"minutes",260,"ZWE","Zimbabwe","3.20523396E8",2012,"","Postal and Telecommunications Regulatory Authority","Refers to total traffic from all fixed-telephone networks to all mobile-cellular networks within the country"
54,"i1313wm","Fixed-to-mobile telephone traffic",,"minutes",260,"ZWE","Zimbabwe","3.30661924E8",2013,"","Postal and Telecommunications Regulatory Authority","Refers to total traffic from all fixed-telephone networks to all mobile-cellular networks within the country"
54,"i1313wm","Fixed-to-mobile telephone traffic",,"minutes",260,"ZWE","Zimbabwe","3.15815052E8",2014,"","Postal and Telecommunications Regulatory Authority","Refers to total traffic from all fixed-telephone networks to all mobile-cellular networks within the country"
54,"i1313wm","Fixed-to-mobile telephone traffic",,"minutes",260,"ZWE","Zimbabwe","2.74775868E8",2015,"","Postal and Telecommunications Regulatory Authority","Refers to total traffic from all fixed-telephone networks to all mobile-cellular networks within the country"
54,"i1313wm","Fixed-to-mobile telephone traffic",,"minutes",260,"ZWE","Zimbabwe","2.72876951E8",2016,"","POTRAZ","Refers to total traffic from all fixed-telephone networks to all mobile-cellular networks within the country"
54,"i1313wm","Fixed-to-mobile telephone traffic",,"minutes",260,"ZWE","Zimbabwe","2.64478803E8",2017,"","POTRAZ","Refers to total traffic from all fixed-telephone networks to all mobile-cellular networks within the country"
54,"i1313wm","Fixed-to-mobile telephone traffic",,"minutes",260,"ZWE","Zimbabwe","2.70878282E8",2018,"","POTRAZ","Refers to total traffic from all fixed-telephone networks to all mobile-cellular networks within the country"
54,"i1313wm","Fixed-to-mobile telephone traffic",,"minutes",260,"ZWE","Zimbabwe","3.09906692E8",2019,"","Postal and Telecommunications Regulatory Authority","Refers to total traffic from all fixed-telephone networks to all mobile-cellular networks within the country"
54,"i1313wm","Fixed-to-mobile telephone traffic",,"minutes",260,"ZWE","Zimbabwe","2.75578966E8",2021,"","Postal and Telecommunications Regulatory Authority","Refers to total traffic from all fixed-telephone networks to all mobile-cellular networks within the country"
54,"i1313wm","Fixed-to-mobile telephone traffic",,"minutes",274,"MDA","Moldova","5.6988E7",2002,"","","Refers to total traffic from all fixed-telephone networks to all mobile-cellular networks within the country"
54,"i1313wm","Fixed-to-mobile telephone traffic",,"minutes",274,"MDA","Moldova","7.5621E7",2003,"","","Refers to total traffic from all fixed-telephone networks to all mobile-cellular networks within the country"
54,"i1313wm","Fixed-to-mobile telephone traffic",,"minutes",274,"MDA","Moldova","1.03644E8",2004,"","","Refers to total traffic from all fixed-telephone networks to all mobile-cellular networks within the country"
54,"i1313wm","Fixed-to-mobile telephone traffic",,"minutes",274,"MDA","Moldova","1.38388E8",2005,"","","Refers to total traffic from all fixed-telephone networks to all mobile-cellular networks within the country"
54,"i1313wm","Fixed-to-mobile telephone traffic",,"minutes",274,"MDA","Moldova","1.67205E8",2006,"","","Refers to total traffic from all fixed-telephone networks to all mobile-cellular networks within the country"
54,"i1313wm","Fixed-to-mobile telephone traffic",,"minutes",274,"MDA","Moldova","2.7683086E8",2007,"","National Regulatory Agency for Electronic Communications and Information Technology","Refers to total traffic from all fixed-telephone networks to all mobile-cellular networks within the country"
54,"i1313wm","Fixed-to-mobile telephone traffic",,"minutes",274,"MDA","Moldova","3.0243979E8",2008,"","National Regulatory Agency for Electronic Communications and Information Technology","Refers to total traffic from all fixed-telephone networks to all mobile-cellular networks within the country"
54,"i1313wm","Fixed-to-mobile telephone traffic",,"minutes",274,"MDA","Moldova","2.8001267E8",2009,"","National Regulatory Agency for Electronic Communications and Information Technology","Refers to total traffic from all fixed-telephone networks to all mobile-cellular networks within the country"
54,"i1313wm","Fixed-to-mobile telephone traffic",,"minutes",274,"MDA","Moldova","2.1260624E8",2010,"","National Regulatory Agency for Electronic Communications and Information Technology","Refers to total traffic from all fixed-telephone networks to all mobile-cellular networks within the country"
54,"i1313wm","Fixed-to-mobile telephone traffic",,"minutes",274,"MDA","Moldova","1.2007292E8",2011,"","National Regulatory Agency for Electronic Communications and Information Technology","Refers to total traffic from all fixed-telephone networks to all mobile-cellular networks within the country"
54,"i1313wm","Fixed-to-mobile telephone traffic",,"minutes",274,"MDA","Moldova","1.18715E8",2012,"","National Regulatory Agency for Electronic Communications and Information Technology","Refers to total traffic from all fixed-telephone networks to all mobile-cellular networks within the country"
54,"i1313wm","Fixed-to-mobile telephone traffic",,"minutes",274,"MDA","Moldova","1.13017E8",2013,"","National Regulatory Agency for Electronic Communications and Information Technology","Refers to total traffic from all fixed-telephone networks to all mobile-cellular networks within the country"
54,"i1313wm","Fixed-to-mobile telephone traffic",,"minutes",274,"MDA","Moldova","9.8279E7",2014,"","National Regulatory Agency for Electronic Communications and Information Technology","Refers to total traffic from all fixed-telephone networks to all mobile-cellular networks within the country"
54,"i1313wm","Fixed-to-mobile telephone traffic",,"minutes",274,"MDA","Moldova","8.7235E7",2015,"","National Regulatory Agency for Electronic Communications and Information Technology","Refers to total traffic from all fixed-telephone networks to all mobile-cellular networks within the country"
54,"i1313wm","Fixed-to-mobile telephone traffic",,"minutes",274,"MDA","Moldova","7.8287E7",2016,"","National Regulatory Agency for Electronic Communications and Information Technology (ANRCETI)","Refers to total traffic from all fixed-telephone networks to all mobile-cellular networks within the country"
54,"i1313wm","Fixed-to-mobile telephone traffic",,"minutes",274,"MDA","Moldova","6.7882E7",2017,"","National Regulatory Agency for Electronic Communications and Information Technology (ANRCETI)","Refers to total traffic from all fixed-telephone networks to all mobile-cellular networks within the country"
54,"i1313wm","Fixed-to-mobile telephone traffic",,"minutes",274,"MDA","Moldova","6.0443E7",2018,"","National Regulatory Agency for Electronic Communications and Information Technology","Refers to total traffic from all fixed-telephone networks to all mobile-cellular networks within the country"
54,"i1313wm","Fixed-to-mobile telephone traffic",,"minutes",274,"MDA","Moldova","5.4209E7",2019,"","National Regulatory Agency for Electronic Communications and Information Technology","Refers to total traffic from all fixed-telephone networks to all mobile-cellular networks within the country"
54,"i1313wm","Fixed-to-mobile telephone traffic",,"minutes",274,"MDA","Moldova","5.0887E7",2020,"","National Regulatory Agency for Electronic Communications and Information Technology","Refers to total traffic from all fixed-telephone networks to all mobile-cellular networks within the country"
54,"i1313wm","Fixed-to-mobile telephone traffic",,"minutes",274,"MDA","Moldova","4.8892E7",2021,"","National Regulatory Agency for Electronic Communications and Information Technology","Refers to total traffic from all fixed-telephone networks to all mobile-cellular networks within the country"
54,"i1313wm","Fixed-to-mobile telephone traffic",,"minutes",275,"BIH","Bosnia and Herzegovina","7.40168267E8",2007,"","Communication Regulatory Agency","Refers to total traffic from all fixed-telephone networks to all mobile-cellular networks within the country"
54,"i1313wm","Fixed-to-mobile telephone traffic",,"minutes",275,"BIH","Bosnia and Herzegovina","7.45486888E8",2009,"","Communication Regulatory Agency","Refers to total traffic from all fixed-telephone networks to all mobile-cellular networks within the country"
54,"i1313wm","Fixed-to-mobile telephone traffic",,"minutes",275,"BIH","Bosnia and Herzegovina","6.96229359E8",2010,"","Communications Regulatory Agency B & H","Refers to total traffic from all fixed-telephone networks to all mobile-cellular networks within the country"
54,"i1313wm","Fixed-to-mobile telephone traffic",,"minutes",275,"BIH","Bosnia and Herzegovina","5.90887662E8",2011,"","Communications Regulatory Agency B & H","Refers to total traffic from all fixed-telephone networks to all mobile-cellular networks within the country"
54,"i1313wm","Fixed-to-mobile telephone traffic",,"minutes",275,"BIH","Bosnia and Herzegovina","5.99412124E8",2012,"","Communications Regulatory Agency B & H","Refers to total traffic from all fixed-telephone networks to all mobile-cellular networks within the country"
54,"i1313wm","Fixed-to-mobile telephone traffic",,"minutes",275,"BIH","Bosnia and Herzegovina","4.24146428E8",2013,"","Communications Regulatory Agency B & H","Refers to total traffic from all fixed-telephone networks to all mobile-cellular networks within the country"
54,"i1313wm","Fixed-to-mobile telephone traffic",,"minutes",275,"BIH","Bosnia and Herzegovina","4.01463609E8",2014,"","Communications Regulatory Agency B & H","Refers to total traffic from all fixed-telephone networks to all mobile-cellular networks within the country"
54,"i1313wm","Fixed-to-mobile telephone traffic",,"minutes",275,"BIH","Bosnia and Herzegovina","3.17656393E8",2015,"","Communications Regulatory Agency B & H","Refers to total traffic from all fixed-telephone networks to all mobile-cellular networks within the country"
54,"i1313wm","Fixed-to-mobile telephone traffic",,"minutes",275,"BIH","Bosnia and Herzegovina","3.09287347E8",2016,"","Communications Regulatory Agency","Refers to total traffic from all fixed-telephone networks to all mobile-cellular networks within the country"
54,"i1313wm","Fixed-to-mobile telephone traffic",,"minutes",275,"BIH","Bosnia and Herzegovina","2.76289751E8",2017,"","Communications Regulatory Agency","Refers to total traffic from all fixed-telephone networks to all mobile-cellular networks within the country"
54,"i1313wm","Fixed-to-mobile telephone traffic",,"minutes",275,"BIH","Bosnia and Herzegovina","1.95958496E8",2018,"","Communications Regulatory Agency","Refers to total traffic from all fixed-telephone networks to all mobile-cellular networks within the country"
54,"i1313wm","Fixed-to-mobile telephone traffic",,"minutes",275,"BIH","Bosnia and Herzegovina","1.77056893E8",2019,"","Communications Regulatory Agency B & H","Refers to total traffic from all fixed-telephone networks to all mobile-cellular networks within the country"
54,"i1313wm","Fixed-to-mobile telephone traffic",,"minutes",275,"BIH","Bosnia and Herzegovina","1.48435072E8",2020,"","Communications Regulatory Agency B & H","Refers to total traffic from all fixed-telephone networks to all mobile-cellular networks within the country"
54,"i1313wm","Fixed-to-mobile telephone traffic",,"minutes",275,"BIH","Bosnia and Herzegovina","1.45631941E8",2021,"","Communications Regulatory Agency B & H","Refers to total traffic from all fixed-telephone networks to all mobile-cellular networks within the country"
54,"i1313wm","Fixed-to-mobile telephone traffic",,"minutes",276,"GEO","Georgia","2.1782484E8",2009,"","Georgian National Communications Commission","Refers to total traffic from all fixed-telephone networks to all mobile-cellular networks within the country"
54,"i1313wm","Fixed-to-mobile telephone traffic",,"minutes",276,"GEO","Georgia","2.01089822E8",2010,"","Ministry of Economy and Sustainable Development of Georgia","Refers to total traffic from all fixed-telephone networks to all mobile-cellular networks within the country"
54,"i1313wm","Fixed-to-mobile telephone traffic",,"minutes",276,"GEO","Georgia","1.846330369E8",2011,"","Georgian National Communications Commission","Refers to total traffic from all fixed-telephone networks to all mobile-cellular networks within the country"
54,"i1313wm","Fixed-to-mobile telephone traffic",,"minutes",276,"GEO","Georgia","1.7759031E8",2012,"","Georgian National Communications Commission","Refers to total traffic from all fixed-telephone networks to all mobile-cellular networks within the country"
54,"i1313wm","Fixed-to-mobile telephone traffic",,"minutes",276,"GEO","Georgia","1.71276238E8",2013,"","Georgian National Communications Commission","Refers to total traffic from all fixed-telephone networks to all mobile-cellular networks within the country"
54,"i1313wm","Fixed-to-mobile telephone traffic",,"minutes",276,"GEO","Georgia","1.57526204E8",2014,"","Georgian National Communications Commission","Refers to total traffic from all fixed-telephone networks to all mobile-cellular networks within the country"
54,"i1313wm","Fixed-to-mobile telephone traffic",,"minutes",276,"GEO","Georgia","1.23176719E8",2015,"","Georgian National Communications Commission","Refers to total traffic from all fixed-telephone networks to all mobile-cellular networks within the country"
54,"i1313wm","Fixed-to-mobile telephone traffic",,"minutes",276,"GEO","Georgia","1.5617688E8",2016,"","GNCC","Refers to total traffic from all fixed-telephone networks to all mobile-cellular networks within the country"
54,"i1313wm","Fixed-to-mobile telephone traffic",,"minutes",276,"GEO","Georgia","1.71605534E8",2017,"","Georgian National Communications Commission","Refers to total traffic from all fixed-telephone networks to all mobile-cellular networks within the country"
54,"i1313wm","Fixed-to-mobile telephone traffic",,"minutes",276,"GEO","Georgia","1.5425997047E8",2018,"","Georgian National Communications Commission","Refers to total traffic from all fixed-telephone networks to all mobile-cellular networks within the country"
54,"i1313wm","Fixed-to-mobile telephone traffic",,"minutes",276,"GEO","Georgia","1.4494781141E8",2019,"","Communications Comission","Refers to total traffic from all fixed-telephone networks to all mobile-cellular networks within the country"
54,"i1313wm","Fixed-to-mobile telephone traffic",,"minutes",276,"GEO","Georgia","1.5298226729E8",2020,"","Communications Comission","Refers to total traffic from all fixed-telephone networks to all mobile-cellular networks within the country"
54,"i1313wm","Fixed-to-mobile telephone traffic",,"minutes",276,"GEO","Georgia","1.57617715E8",2021,"","Communications Comission","Refers to total traffic from all fixed-telephone networks to all mobile-cellular networks within the country"
54,"i1313wm","Fixed-to-mobile telephone traffic",,"minutes",277,"KAZ","Kazakhstan","4.87455412E8",2006,"","","Refers to total traffic from all fixed-telephone networks to all mobile-cellular networks within the country"
54,"i1313wm","Fixed-to-mobile telephone traffic",,"minutes",277,"KAZ","Kazakhstan","5.22372105E8",2007,"","Ministry of the Republic of Kazakhstan for Communications and Information","Refers to total traffic from all fixed-telephone networks to all mobile-cellular networks within the country"
54,"i1313wm","Fixed-to-mobile telephone traffic",,"minutes",277,"KAZ","Kazakhstan","4.37499E8",2009,"","Ministry of the Republic of Kazakhstan for Communications and Information","Refers to total traffic from all fixed-telephone networks to all mobile-cellular networks within the country"
54,"i1313wm","Fixed-to-mobile telephone traffic",,"minutes",277,"KAZ","Kazakhstan","4.60155E8",2010,"","Ministry for Communications and Information of Republic of Kazakhstan ","Refers to total traffic from all fixed-telephone networks to all mobile-cellular networks within the country"
54,"i1313wm","Fixed-to-mobile telephone traffic",,"minutes",277,"KAZ","Kazakhstan","5.121E8",2011,"","Ministry of Transport and Communications of the Republic of Kazakhstan ","Refers to total traffic from all fixed-telephone networks to all mobile-cellular networks within the country"
54,"i1313wm","Fixed-to-mobile telephone traffic",,"minutes",277,"KAZ","Kazakhstan","5.319E8",2012,"","Ministry of Transport and Communications of the Republic of Kazakhstan ","Refers to total traffic from all fixed-telephone networks to all mobile-cellular networks within the country"
54,"i1313wm","Fixed-to-mobile telephone traffic",,"minutes",277,"KAZ","Kazakhstan","3.307E8",2013,"","The Committee for Communication, informatization and information of the Ministry for Investment and Development of the Republic of Kazakhstan","Refers to total traffic from all fixed-telephone networks to all mobile-cellular networks within the country"
54,"i1313wm","Fixed-to-mobile telephone traffic",,"minutes",277,"KAZ","Kazakhstan","3.642E8",2014,"","The Committee for Communication, informatization and information of the Ministry for Investment and Development of the Republic of Kazakhstan","Refers to total traffic from all fixed-telephone networks to all mobile-cellular networks within the country"
54,"i1313wm","Fixed-to-mobile telephone traffic",,"minutes",277,"KAZ","Kazakhstan","2.574E8",2015,"","Ministry of Information and Communication of the Republic of Kazakhstan","Refers to total traffic from all fixed-telephone networks to all mobile-cellular networks within the country"
54,"i1313wm","Fixed-to-mobile telephone traffic",,"minutes",277,"KAZ","Kazakhstan","5.301E8",2016,"","Ministry of Digital Development Innovation and Aerospace","Refers to total traffic from all fixed-telephone networks to all mobile-cellular networks within the country"
54,"i1313wm","Fixed-to-mobile telephone traffic",,"minutes",277,"KAZ","Kazakhstan","2.063E8",2017,"","Ministry of digital development, innovation and aerospace industry of the Republic of Kazakhstan","Refers to total traffic from all fixed-telephone networks to all mobile-cellular networks within the country"
54,"i1313wm","Fixed-to-mobile telephone traffic",,"minutes",277,"KAZ","Kazakhstan","2.319E8",2018,"","Ministry of Digital Development Innovation and Aerospace Industry of the Republic of Kazakhstan","Refers to total traffic from all fixed-telephone networks to all mobile-cellular networks within the country"
54,"i1313wm","Fixed-to-mobile telephone traffic",,"minutes",277,"KAZ","Kazakhstan","1.906E8",2019,"","Ministry of digital development, defense and aerospace industry of the Republic of Kazakhstan","Refers to total traffic from all fixed-telephone networks to all mobile-cellular networks within the country"
54,"i1313wm","Fixed-to-mobile telephone traffic",,"minutes",277,"KAZ","Kazakhstan","1.711E8",2020,"","Ministry of digital development, defense and aerospace industry of the Republic of Kazakhstan","Refers to total traffic from all fixed-telephone networks to all mobile-cellular networks within the country"
54,"i1313wm","Fixed-to-mobile telephone traffic",,"minutes",277,"KAZ","Kazakhstan","1.286E8",2021,"","Ministry of digital development, defense and aerospace industry of the Republic of Kazakhstan","Refers to total traffic from all fixed-telephone networks to all mobile-cellular networks within the country"
54,"i1313wm","Fixed-to-mobile telephone traffic",,"minutes",280,"KGZ","Kyrgyzstan","1.20517522E8",2005,"","National Communications Agency.","Refers to total traffic from all fixed-telephone networks to all mobile-cellular networks within the country"
54,"i1313wm","Fixed-to-mobile telephone traffic",,"minutes",280,"KGZ","Kyrgyzstan","1.31225888E8",2009,"","State Communications Agency under the Governmet of the Kyrgyz Republic","Refers to total traffic from all fixed-telephone networks to all mobile-cellular networks within the country"
54,"i1313wm","Fixed-to-mobile telephone traffic",,"minutes",280,"KGZ","Kyrgyzstan","1.05933392E8",2010,"","State Communications Agency under the Governmet of the Kyrgyz Republic","Refers to total traffic from all fixed-telephone networks to all mobile-cellular networks within the country"
54,"i1313wm","Fixed-to-mobile telephone traffic",,"minutes",280,"KGZ","Kyrgyzstan","8.1849567E7",2011,"","State Communications Agency under the Governmet of the Kyrgyz Republic","Refers to total traffic from all fixed-telephone networks to all mobile-cellular networks within the country"
54,"i1313wm","Fixed-to-mobile telephone traffic",,"minutes",280,"KGZ","Kyrgyzstan","6.5787218E7",2012,"","State Communications Agency under the Governmet of the Kyrgyz Republic","Refers to total traffic from all fixed-telephone networks to all mobile-cellular networks within the country"
54,"i1313wm","Fixed-to-mobile telephone traffic",,"minutes",280,"KGZ","Kyrgyzstan","4.7232223E7",2013,"","State Communications Agency under the Governmet of the Kyrgyz Republic","Refers to total traffic from all fixed-telephone networks to all mobile-cellular networks within the country"
54,"i1313wm","Fixed-to-mobile telephone traffic",,"minutes",280,"KGZ","Kyrgyzstan","1.7563736E7",2016,"","State Communications Agency under the State Committee for IT and Communications of the Kyrgyz Republic","Refers to total traffic from all fixed-telephone networks to all mobile-cellular networks within the country"
54,"i1313wm","Fixed-to-mobile telephone traffic",,"minutes",280,"KGZ","Kyrgyzstan","1.7487291E7",2017,"","State Communications Agency under the State Committee for IT and Communications of the Kyrgyz Republic","Refers to total traffic from all fixed-telephone networks to all mobile-cellular networks within the country"
54,"i1313wm","Fixed-to-mobile telephone traffic",,"minutes",280,"KGZ","Kyrgyzstan","1.5215518E7",2018,"","State Communications Agency under the State Committee for IT and Communications of the Kyrgyz Republic","Refers to total traffic from all fixed-telephone networks to all mobile-cellular networks within the country"
54,"i1313wm","Fixed-to-mobile telephone traffic",,"minutes",280,"KGZ","Kyrgyzstan","1.1018358E7",2019,"","State Communications Agency under the State Committee for IT and Communications of the Kyrgyz Republic","Refers to total traffic from all fixed-telephone networks to all mobile-cellular networks within the country"
54,"i1313wm","Fixed-to-mobile telephone traffic",,"minutes",281,"SVK","Slovakia","2.24847627E8",2002,"","","Refers to total traffic from all fixed-telephone networks to all mobile-cellular networks within the country"
54,"i1313wm","Fixed-to-mobile telephone traffic",,"minutes",281,"SVK","Slovakia","6.29744648E8",2003,"","","Refers to total traffic from all fixed-telephone networks to all mobile-cellular networks within the country"
54,"i1313wm","Fixed-to-mobile telephone traffic",,"minutes",281,"SVK","Slovakia","3.64175001E8",2004,"","","Refers to total traffic from all fixed-telephone networks to all mobile-cellular networks within the country"
54,"i1313wm","Fixed-to-mobile telephone traffic",,"minutes",281,"SVK","Slovakia","3.10707038E8",2005,"","","Refers to total traffic from all fixed-telephone networks to all mobile-cellular networks within the country"
54,"i1313wm","Fixed-to-mobile telephone traffic",,"minutes",281,"SVK","Slovakia","2.53231119E8",2006,"","","Refers to total traffic from all fixed-telephone networks to all mobile-cellular networks within the country"
54,"i1313wm","Fixed-to-mobile telephone traffic",,"minutes",281,"SVK","Slovakia","2.29075532E8",2007,"","Ministry of Transport, Posts and Telecommunications SR","Refers to total traffic from all fixed-telephone networks to all mobile-cellular networks within the country"
54,"i1313wm","Fixed-to-mobile telephone traffic",,"minutes",281,"SVK","Slovakia","2.25956311E8",2008,"","Ministry of Transport, Posts and Telecommunications SR","Refers to total traffic from all fixed-telephone networks to all mobile-cellular networks within the country"
54,"i1313wm","Fixed-to-mobile telephone traffic",,"minutes",281,"SVK","Slovakia","2.19218703E8",2009,"","Ministry of Transport, Posts and Telecommunications SR","Refers to total traffic from all fixed-telephone networks to all mobile-cellular networks within the country"
54,"i1313wm","Fixed-to-mobile telephone traffic",,"minutes",281,"SVK","Slovakia","2.27531249E8",2010,"","Ministry of Transport, Construction and Regional Development of the Slovak Republic  ","Refers to total traffic from all fixed-telephone networks to all mobile-cellular networks within the country"
54,"i1313wm","Fixed-to-mobile telephone traffic",,"minutes",281,"SVK","Slovakia","1.96974601E8",2011,"","Ministry of Transport, Construction and Regional Development of the Slovak Republic  ","Refers to total traffic from all fixed-telephone networks to all mobile-cellular networks within the country"
54,"i1313wm","Fixed-to-mobile telephone traffic",,"minutes",281,"SVK","Slovakia","2.15860611E8",2012,"","Ministry of Transport, Construction and Regional Development of the Slovak Republic  ","Refers to total traffic from all fixed-telephone networks to all mobile-cellular networks within the country"
54,"i1313wm","Fixed-to-mobile telephone traffic",,"minutes",281,"SVK","Slovakia","2.2695981E8",2013,"","Ministry of Transport, Construction and Regional Development of the Slovak Republic  ","Refers to total traffic from all fixed-telephone networks to all mobile-cellular networks within the country"
54,"i1313wm","Fixed-to-mobile telephone traffic",,"minutes",281,"SVK","Slovakia","2.05370172E8",2014,"","Ministry of Transport, Construction and Regional Development of the Slovak Republic  ","Refers to total traffic from all fixed-telephone networks to all mobile-cellular networks within the country"
54,"i1313wm","Fixed-to-mobile telephone traffic",,"minutes",281,"SVK","Slovakia","2.30237363E8",2015,"","Ministry of Transport, Construction and Regional Development of the Slovak Republic  ","Refers to total traffic from all fixed-telephone networks to all mobile-cellular networks within the country"
54,"i1313wm","Fixed-to-mobile telephone traffic",,"minutes",281,"SVK","Slovakia","2.59910777E8",2016,"","Ministry of Transport and Construction of the Slovak Republic","Refers to total traffic from all fixed-telephone networks to all mobile-cellular networks within the country"
54,"i1313wm","Fixed-to-mobile telephone traffic",,"minutes",281,"SVK","Slovakia","2.70453991E8",2017,"","Ministry of Transport and Construction of the Slovak Republic","Refers to total traffic from all fixed-telephone networks to all mobile-cellular networks within the country"
54,"i1313wm","Fixed-to-mobile telephone traffic",,"minutes",281,"SVK","Slovakia","2.46989715E8",2018,"","Ministry of Transport and Construction of the Slovak Republic","Refers to total traffic from all fixed-telephone networks to all mobile-cellular networks within the country"
54,"i1313wm","Fixed-to-mobile telephone traffic",,"minutes",281,"SVK","Slovakia","2.43667216E8",2019,"","Ministry of Transport and Construction of the Slovak Republic  ","Refers to total traffic from all fixed-telephone networks to all mobile-cellular networks within the country"
54,"i1313wm","Fixed-to-mobile telephone traffic",,"minutes",281,"SVK","Slovakia","2.69613726E8",2020,"","Ministry of Transport and Construction of the Slovak Republic  ","Refers to total traffic from all fixed-telephone networks to all mobile-cellular networks within the country"
54,"i1313wm","Fixed-to-mobile telephone traffic",,"minutes",281,"SVK","Slovakia","2.59247277E8",2021,"","Ministry of Transport and Construction of the Slovak Republic  ","Refers to total traffic from all fixed-telephone networks to all mobile-cellular networks within the country"
54,"i1313wm","Fixed-to-mobile telephone traffic",,"minutes",283,"MKD","North Macedonia","7.21E7",2005,"","","Refers to total traffic from all fixed-telephone networks to all mobile-cellular networks within the country"
54,"i1313wm","Fixed-to-mobile telephone traffic",,"minutes",283,"MKD","North Macedonia","1.298E8",2006,"","","Refers to total traffic from all fixed-telephone networks to all mobile-cellular networks within the country"
54,"i1313wm","Fixed-to-mobile telephone traffic",,"minutes",283,"MKD","North Macedonia","1.12551398E8",2007,"","Agency for Electronic Communications","Refers to total traffic from all fixed-telephone networks to all mobile-cellular networks within the country"
54,"i1313wm","Fixed-to-mobile telephone traffic",,"minutes",283,"MKD","North Macedonia","9.2363834E7",2008,"","Agency for Electronic Communications","Refers to total traffic from all fixed-telephone networks to all mobile-cellular networks within the country"
54,"i1313wm","Fixed-to-mobile telephone traffic",,"minutes",283,"MKD","North Macedonia","7.7488681E7",2009,"","Agency for Electronic Communications","Refers to total traffic from all fixed-telephone networks to all mobile-cellular networks within the country"
54,"i1313wm","Fixed-to-mobile telephone traffic",,"minutes",283,"MKD","North Macedonia","6.6233208E7",2010,"","Agency for Electronic Communications","Refers to total traffic from all fixed-telephone networks to all mobile-cellular networks within the country"
54,"i1313wm","Fixed-to-mobile telephone traffic",,"minutes",283,"MKD","North Macedonia","5.6192908E7",2011,"","Agency for Electronic Communications","Refers to total traffic from all fixed-telephone networks to all mobile-cellular networks within the country"
54,"i1313wm","Fixed-to-mobile telephone traffic",,"minutes",283,"MKD","North Macedonia","4.7171873E7",2012,"Corrected number","Agency for Electronic Communications","Refers to total traffic from all fixed-telephone networks to all mobile-cellular networks within the country"
54,"i1313wm","Fixed-to-mobile telephone traffic",,"minutes",283,"MKD","North Macedonia","3.859645E7",2013,"","Agency for Electronic Communications","Refers to total traffic from all fixed-telephone networks to all mobile-cellular networks within the country"
54,"i1313wm","Fixed-to-mobile telephone traffic",,"minutes",283,"MKD","North Macedonia","3.2397366E7",2014,"","Agency for Electronic Communications","Refers to total traffic from all fixed-telephone networks to all mobile-cellular networks within the country"
54,"i1313wm","Fixed-to-mobile telephone traffic",,"minutes",283,"MKD","North Macedonia","2.8490327E7",2015,"","","Refers to total traffic from all fixed-telephone networks to all mobile-cellular networks within the country"
54,"i1313wm","Fixed-to-mobile telephone traffic",,"minutes",283,"MKD","North Macedonia","2.745449E7",2016,"","AEK","Refers to total traffic from all fixed-telephone networks to all mobile-cellular networks within the country"
54,"i1313wm","Fixed-to-mobile telephone traffic",,"minutes",283,"MKD","North Macedonia","3.1467875E7",2017,"","AEK","Refers to total traffic from all fixed-telephone networks to all mobile-cellular networks within the country"
54,"i1313wm","Fixed-to-mobile telephone traffic",,"minutes",283,"MKD","North Macedonia","4.6219815E7",2018,"","Agency for Electronic Communication","Refers to total traffic from all fixed-telephone networks to all mobile-cellular networks within the country"
54,"i1313wm","Fixed-to-mobile telephone traffic",,"minutes",283,"MKD","North Macedonia","4.987554E7",2019,"","Agency for Electronic Communications","Refers to total traffic from all fixed-telephone networks to all mobile-cellular networks within the country"
54,"i1313wm","Fixed-to-mobile telephone traffic",,"minutes",283,"MKD","North Macedonia","4.9798279E7",2020,"","Agency for Electronic Communications","Refers to total traffic from all fixed-telephone networks to all mobile-cellular networks within the country"
54,"i1313wm","Fixed-to-mobile telephone traffic",,"minutes",283,"MKD","North Macedonia","4.8118953E7",2021,"","Agency for Electronic Communications","Refers to total traffic from all fixed-telephone networks to all mobile-cellular networks within the country"
54,"i1313wm","Fixed-to-mobile telephone traffic",,"minutes",285,"ERI","Eritrea","0.0",2000,"","","Refers to total traffic from all fixed-telephone networks to all mobile-cellular networks within the country"
54,"i1313wm","Fixed-to-mobile telephone traffic",,"minutes",285,"ERI","Eritrea","0.0",2001,"","","Refers to total traffic from all fixed-telephone networks to all mobile-cellular networks within the country"
54,"i1313wm","Fixed-to-mobile telephone traffic",,"minutes",285,"ERI","Eritrea","0.0",2002,"","","Refers to total traffic from all fixed-telephone networks to all mobile-cellular networks within the country"
54,"i1313wm","Fixed-to-mobile telephone traffic",,"minutes",285,"ERI","Eritrea","0.0",2003,"","","Refers to total traffic from all fixed-telephone networks to all mobile-cellular networks within the country"
54,"i1313wm","Fixed-to-mobile telephone traffic",,"minutes",285,"ERI","Eritrea","1.2605256E8",2009,"","EriTel","Refers to total traffic from all fixed-telephone networks to all mobile-cellular networks within the country"
54,"i1313wm","Fixed-to-mobile telephone traffic",,"minutes",285,"ERI","Eritrea","1.5549924E8",2010,"","EriTel","Refers to total traffic from all fixed-telephone networks to all mobile-cellular networks within the country"
54,"i1313wm","Fixed-to-mobile telephone traffic",,"minutes",285,"ERI","Eritrea","1.93579496E8",2011,"","EriTel","Refers to total traffic from all fixed-telephone networks to all mobile-cellular networks within the country"
54,"i1313wm","Fixed-to-mobile telephone traffic",,"minutes",285,"ERI","Eritrea","7.190646E7",2012,"","EriTel","Refers to total traffic from all fixed-telephone networks to all mobile-cellular networks within the country"
54,"i1313wm","Fixed-to-mobile telephone traffic",,"minutes",285,"ERI","Eritrea","6.728736E7",2013,"","EriTel","Refers to total traffic from all fixed-telephone networks to all mobile-cellular networks within the country"
54,"i1313wm","Fixed-to-mobile telephone traffic",,"minutes",288,"ASC","Ascension","0.0",2007,"","Cable & Wireless","Refers to total traffic from all fixed-telephone networks to all mobile-cellular networks within the country"
54,"i1313wm","Fixed-to-mobile telephone traffic",,"minutes",288,"ASC","Ascension","0.0",2008,"","Cable & Wireless","Refers to total traffic from all fixed-telephone networks to all mobile-cellular networks within the country"
54,"i1313wm","Fixed-to-mobile telephone traffic",,"minutes",288,"ASC","Ascension","0.0",2009,"","Cable & Wireless","Refers to total traffic from all fixed-telephone networks to all mobile-cellular networks within the country"
54,"i1313wm","Fixed-to-mobile telephone traffic",,"minutes",288,"ASC","Ascension","0.0",2010,"","Cable & Wireless South Atlantic Ltd","Refers to total traffic from all fixed-telephone networks to all mobile-cellular networks within the country"
54,"i1313wm","Fixed-to-mobile telephone traffic",,"minutes",288,"ASC","Ascension","0.0",2011,"C&W SA Ltd","Cable & Wireless South Atlantic Ltd","Refers to total traffic from all fixed-telephone networks to all mobile-cellular networks within the country"
54,"i1313wm","Fixed-to-mobile telephone traffic",,"minutes",288,"ASC","Ascension","120000.0",2016,"","Sure South Atlantic Ltd","Refers to total traffic from all fixed-telephone networks to all mobile-cellular networks within the country"
54,"i1313wm","Fixed-to-mobile telephone traffic",,"minutes",291,"FRO","Faroe Islands","1053367.0",2015,"","Post and Telecom Authority","Refers to total traffic from all fixed-telephone networks to all mobile-cellular networks within the country"
54,"i1313wm","Fixed-to-mobile telephone traffic",,"minutes",291,"FRO","Faroe Islands","1.118976E7",2016,"","Fjarskiftiseftirlitið (NRA)","Refers to total traffic from all fixed-telephone networks to all mobile-cellular networks within the country"
54,"i1313wm","Fixed-to-mobile telephone traffic",,"minutes",291,"FRO","Faroe Islands","9568540.0",2017,"","Fjarskiftiseftirlitið (NRA)","Refers to total traffic from all fixed-telephone networks to all mobile-cellular networks within the country"
54,"i1313wm","Fixed-to-mobile telephone traffic",,"minutes",291,"FRO","Faroe Islands","8281000.0",2018,"","Fjarskiftiseftirlitið - National Regulator Authority - Telecoms","Refers to total traffic from all fixed-telephone networks to all mobile-cellular networks within the country"
54,"i1313wm","Fixed-to-mobile telephone traffic",,"minutes",291,"FRO","Faroe Islands","7919000.0",2019,"","Fjarskiftiseftirlitið - National Regulator Authority - Telecoms","Refers to total traffic from all fixed-telephone networks to all mobile-cellular networks within the country"
54,"i1313wm","Fixed-to-mobile telephone traffic",,"minutes",291,"FRO","Faroe Islands","9361000.0",2020,"","Fjarskiftiseftirlitið - National Regulator Authority - Telecoms","Refers to total traffic from all fixed-telephone networks to all mobile-cellular networks within the country"
54,"i1313wm","Fixed-to-mobile telephone traffic",,"minutes",298,"TWN","Taiwan, Province of China","6.684414753E9",2000,"","","Refers to total traffic from all fixed-telephone networks to all mobile-cellular networks within the country"
54,"i1313wm","Fixed-to-mobile telephone traffic",,"minutes",298,"TWN","Taiwan, Province of China","7.220600281E9",2001,"","","Refers to total traffic from all fixed-telephone networks to all mobile-cellular networks within the country"
54,"i1313wm","Fixed-to-mobile telephone traffic",,"minutes",298,"TWN","Taiwan, Province of China","6.919930908E9",2002,"","","Refers to total traffic from all fixed-telephone networks to all mobile-cellular networks within the country"
54,"i1313wm","Fixed-to-mobile telephone traffic",,"minutes",298,"TWN","Taiwan, Province of China","6.399521152E9",2003,"","","Refers to total traffic from all fixed-telephone networks to all mobile-cellular networks within the country"
54,"i1313wm","Fixed-to-mobile telephone traffic",,"minutes",298,"TWN","Taiwan, Province of China","7.981448384E9",2004,"","","Refers to total traffic from all fixed-telephone networks to all mobile-cellular networks within the country"
54,"i1313wm","Fixed-to-mobile telephone traffic",,"minutes",298,"TWN","Taiwan, Province of China","3.175572372E9",2005,"","","Refers to total traffic from all fixed-telephone networks to all mobile-cellular networks within the country"
54,"i1313wm","Fixed-to-mobile telephone traffic",,"minutes",298,"TWN","Taiwan, Province of China","2.514383226E9",2006,"","","Refers to total traffic from all fixed-telephone networks to all mobile-cellular networks within the country"
54,"i1313wm","Fixed-to-mobile telephone traffic",,"minutes",298,"TWN","Taiwan, Province of China","2.973420651E9",2007,"","National Communications Commission","Refers to total traffic from all fixed-telephone networks to all mobile-cellular networks within the country"
54,"i1313wm","Fixed-to-mobile telephone traffic",,"minutes",298,"TWN","Taiwan, Province of China","2.629504342E9",2008,"","National Communications Commission","Refers to total traffic from all fixed-telephone networks to all mobile-cellular networks within the country"
54,"i1313wm","Fixed-to-mobile telephone traffic",,"minutes",298,"TWN","Taiwan, Province of China","2.32641719E9",2009,"","National Communications Commission","Refers to total traffic from all fixed-telephone networks to all mobile-cellular networks within the country"
54,"i1313wm","Fixed-to-mobile telephone traffic",,"minutes",298,"TWN","Taiwan, Province of China","2.451985129E9",2010,"","National Communications Commission","Refers to total traffic from all fixed-telephone networks to all mobile-cellular networks within the country"
54,"i1313wm","Fixed-to-mobile telephone traffic",,"minutes",298,"TWN","Taiwan, Province of China","2.472512372E9",2011,"","National Communications Commission","Refers to total traffic from all fixed-telephone networks to all mobile-cellular networks within the country"
54,"i1313wm","Fixed-to-mobile telephone traffic",,"minutes",298,"TWN","Taiwan, Province of China","2.424553487E9",2012,"","National Communications Commission","Refers to total traffic from all fixed-telephone networks to all mobile-cellular networks within the country"
54,"i1313wm","Fixed-to-mobile telephone traffic",,"minutes",298,"TWN","Taiwan, Province of China","1.898582809E9",2013,"","National Communications Commission","Refers to total traffic from all fixed-telephone networks to all mobile-cellular networks within the country"
54,"i1313wm","Fixed-to-mobile telephone traffic",,"minutes",298,"TWN","Taiwan, Province of China","1.851661236E9",2014,"","National Communications Commission","Refers to total traffic from all fixed-telephone networks to all mobile-cellular networks within the country"
54,"i1313wm","Fixed-to-mobile telephone traffic",,"minutes",298,"TWN","Taiwan, Province of China","2.434894129E9",2015,"","National Communications Commission","Refers to total traffic from all fixed-telephone networks to all mobile-cellular networks within the country"
54,"i1313wm","Fixed-to-mobile telephone traffic",,"minutes",298,"TWN","Taiwan, Province of China","2.220541323E9",2016,"","National Communications Commission","Refers to total traffic from all fixed-telephone networks to all mobile-cellular networks within the country"
54,"i1313wm","Fixed-to-mobile telephone traffic",,"minutes",298,"TWN","Taiwan, Province of China","1.97096595E9",2017,"","National Communications Commission","Refers to total traffic from all fixed-telephone networks to all mobile-cellular networks within the country"
54,"i1313wm","Fixed-to-mobile telephone traffic",,"minutes",298,"TWN","Taiwan, Province of China","1.891847227E9",2018,"","National Communications Commission","Refers to total traffic from all fixed-telephone networks to all mobile-cellular networks within the country"
54,"i1313wm","Fixed-to-mobile telephone traffic",,"minutes",298,"TWN","Taiwan, Province of China","1.575720757E9",2019,"","National Communications Commission","Refers to total traffic from all fixed-telephone networks to all mobile-cellular networks within the country"
54,"i1313wm","Fixed-to-mobile telephone traffic",,"minutes",298,"TWN","Taiwan, Province of China","1.448219393E9",2020,"","National Communications Commission","Refers to total traffic from all fixed-telephone networks to all mobile-cellular networks within the country"
54,"i1313wm","Fixed-to-mobile telephone traffic",,"minutes",298,"TWN","Taiwan, Province of China","1.440260831E9",2021,"","National Communications Commission","Refers to total traffic from all fixed-telephone networks to all mobile-cellular networks within the country"
54,"i1313wm","Fixed-to-mobile telephone traffic",,"minutes",302,"TLS","Timor-Leste","1882000.0",2003,"","","Refers to total traffic from all fixed-telephone networks to all mobile-cellular networks within the country"
54,"i1313wm","Fixed-to-mobile telephone traffic",,"minutes",302,"TLS","Timor-Leste","3921409.0",2004,"","","Refers to total traffic from all fixed-telephone networks to all mobile-cellular networks within the country"
54,"i1313wm","Fixed-to-mobile telephone traffic",,"minutes",302,"TLS","Timor-Leste","6005706.0",2005,"","","Refers to total traffic from all fixed-telephone networks to all mobile-cellular networks within the country"
54,"i1313wm","Fixed-to-mobile telephone traffic",,"minutes",302,"TLS","Timor-Leste","8638756.0",2006,"","","Refers to total traffic from all fixed-telephone networks to all mobile-cellular networks within the country"
54,"i1313wm","Fixed-to-mobile telephone traffic",,"minutes",302,"TLS","Timor-Leste","8728000.0",2007,"","","Refers to total traffic from all fixed-telephone networks to all mobile-cellular networks within the country"
54,"i1313wm","Fixed-to-mobile telephone traffic",,"minutes",302,"TLS","Timor-Leste","1.0011E7",2008,"","","Refers to total traffic from all fixed-telephone networks to all mobile-cellular networks within the country"
54,"i1313wm","Fixed-to-mobile telephone traffic",,"minutes",302,"TLS","Timor-Leste","1.16E7",2009,"","","Refers to total traffic from all fixed-telephone networks to all mobile-cellular networks within the country"
54,"i1313wm","Fixed-to-mobile telephone traffic",,"minutes",302,"TLS","Timor-Leste","3932000.0",2014,"","National Communications Authority ","Refers to total traffic from all fixed-telephone networks to all mobile-cellular networks within the country"
54,"i1313wm","Fixed-to-mobile telephone traffic",,"minutes",302,"TLS","Timor-Leste","618000.0",2016,"","Autoridade Nacional de Comunicações","Refers to total traffic from all fixed-telephone networks to all mobile-cellular networks within the country"
54,"i1313wm","Fixed-to-mobile telephone traffic",,"minutes",302,"TLS","Timor-Leste","414000.0",2017,"414'000.00","Autoridade Nacional de Comunicações","Refers to total traffic from all fixed-telephone networks to all mobile-cellular networks within the country"
54,"i1313wm","Fixed-to-mobile telephone traffic",,"minutes",302,"TLS","Timor-Leste","368000.0",2018,"368'000.00","Autoridade Nacional de Comunicações","Refers to total traffic from all fixed-telephone networks to all mobile-cellular networks within the country"
54,"i1313wm","Fixed-to-mobile telephone traffic",,"minutes",302,"TLS","Timor-Leste","300000.0",2019,"300'000.00","National Communications Authority ","Refers to total traffic from all fixed-telephone networks to all mobile-cellular networks within the country"
54,"i1313wm","Fixed-to-mobile telephone traffic",,"minutes",302,"TLS","Timor-Leste","233000.0",2020,"","National Communications Authority ","Refers to total traffic from all fixed-telephone networks to all mobile-cellular networks within the country"
54,"i1313wm","Fixed-to-mobile telephone traffic",,"minutes",302,"TLS","Timor-Leste","184000.0",2021,"","National Communications Authority ","Refers to total traffic from all fixed-telephone networks to all mobile-cellular networks within the country"
54,"i1313wm","Fixed-to-mobile telephone traffic",,"minutes",308,"PSE","State of Palestine","1.40147172E8",2000,"","","Refers to total traffic from all fixed-telephone networks to all mobile-cellular networks within the country"
54,"i1313wm","Fixed-to-mobile telephone traffic",,"minutes",308,"PSE","State of Palestine","1.63030448E8",2001,"","","Refers to total traffic from all fixed-telephone networks to all mobile-cellular networks within the country"
54,"i1313wm","Fixed-to-mobile telephone traffic",,"minutes",308,"PSE","State of Palestine","1.53163298E8",2002,"","","Refers to total traffic from all fixed-telephone networks to all mobile-cellular networks within the country"
54,"i1313wm","Fixed-to-mobile telephone traffic",,"minutes",308,"PSE","State of Palestine","1.35613486E8",2003,"","","Refers to total traffic from all fixed-telephone networks to all mobile-cellular networks within the country"
54,"i1313wm","Fixed-to-mobile telephone traffic",,"minutes",308,"PSE","State of Palestine","1.27512465E8",2004,"","","Refers to total traffic from all fixed-telephone networks to all mobile-cellular networks within the country"
54,"i1313wm","Fixed-to-mobile telephone traffic",,"minutes",308,"PSE","State of Palestine","1.12620735E8",2005,"","","Refers to total traffic from all fixed-telephone networks to all mobile-cellular networks within the country"
54,"i1313wm","Fixed-to-mobile telephone traffic",,"minutes",308,"PSE","State of Palestine","1.01020435E8",2006,"","","Refers to total traffic from all fixed-telephone networks to all mobile-cellular networks within the country"
54,"i1313wm","Fixed-to-mobile telephone traffic",,"minutes",308,"PSE","State of Palestine","8.9973077E7",2007,"","","Refers to total traffic from all fixed-telephone networks to all mobile-cellular networks within the country"
54,"i1313wm","Fixed-to-mobile telephone traffic",,"minutes",308,"PSE","State of Palestine","1.46421534E8",2016,"","Ministry of Telecom and IT","Refers to total traffic from all fixed-telephone networks to all mobile-cellular networks within the country"
54,"i1313wm","Fixed-to-mobile telephone traffic",,"minutes",308,"PSE","State of Palestine","9.5855337E7",2017,"","Ministry of Telecom and IT","Refers to total traffic from all fixed-telephone networks to all mobile-cellular networks within the country"
54,"i1313wm","Fixed-to-mobile telephone traffic",,"minutes",308,"PSE","State of Palestine","9.2898482E7",2018,"","Ministry of Telecom and IT","Refers to total traffic from all fixed-telephone networks to all mobile-cellular networks within the country"
54,"i1313wm","Fixed-to-mobile telephone traffic",,"minutes",308,"PSE","State of Palestine","7.7604164E7",2019,"","Ministry of Telecommunication and IT","Refers to total traffic from all fixed-telephone networks to all mobile-cellular networks within the country"
54,"i1313wm","Fixed-to-mobile telephone traffic",,"minutes",308,"PSE","State of Palestine","7.0436848E7",2020,"","Ministry of Telecommunication and IT","Refers to total traffic from all fixed-telephone networks to all mobile-cellular networks within the country"
54,"i1313wm","Fixed-to-mobile telephone traffic",,"minutes",308,"PSE","State of Palestine","6.3516917E7",2021,"","Ministry of Telecommunication and IT","Refers to total traffic from all fixed-telephone networks to all mobile-cellular networks within the country"
54,"i1313wm","Fixed-to-mobile telephone traffic",,"minutes",308,"PSE","State of Palestine","4.4132305252E7",2023,"","Ministry of Telecommunications and Digital Economy","Refers to total traffic from all fixed-telephone networks to all mobile-cellular networks within the country"
54,"i1313wm","Fixed-to-mobile telephone traffic",,"minutes",316,"MNE","Montenegro","2409947.0",2004,"","","Refers to total traffic from all fixed-telephone networks to all mobile-cellular networks within the country"
54,"i1313wm","Fixed-to-mobile telephone traffic",,"minutes",316,"MNE","Montenegro","3.6859784E7",2005,"","","Refers to total traffic from all fixed-telephone networks to all mobile-cellular networks within the country"
54,"i1313wm","Fixed-to-mobile telephone traffic",,"minutes",316,"MNE","Montenegro","1.574657E7",2014,"","Agency for Electronic Communications and Postal Services","Refers to total traffic from all fixed-telephone networks to all mobile-cellular networks within the country"
54,"i1313wm","Fixed-to-mobile telephone traffic",,"minutes",316,"MNE","Montenegro","2.2790633E7",2015,"","Agency for Electronic Communications and Postal Services","Refers to total traffic from all fixed-telephone networks to all mobile-cellular networks within the country"
54,"i1313wm","Fixed-to-mobile telephone traffic",,"minutes",316,"MNE","Montenegro","2.8531564E7",2016,"","Agency for electronic communications and postal sevices Montenegro","Refers to total traffic from all fixed-telephone networks to all mobile-cellular networks within the country"
54,"i1313wm","Fixed-to-mobile telephone traffic",,"minutes",316,"MNE","Montenegro","3.0271206E7",2017,"","Agency for electronic communications and postal sevices Montenegro","Refers to total traffic from all fixed-telephone networks to all mobile-cellular networks within the country"
54,"i1313wm","Fixed-to-mobile telephone traffic",,"minutes",316,"MNE","Montenegro","3.207115E7",2018,"","Agency for Electronic Communications and Postal Services","Refers to total traffic from all fixed-telephone networks to all mobile-cellular networks within the country"
54,"i1313wm","Fixed-to-mobile telephone traffic",,"minutes",316,"MNE","Montenegro","3.1095565E7",2019,"","Agency for Electronic Communications and Postal Services","Refers to total traffic from all fixed-telephone networks to all mobile-cellular networks within the country"
54,"i1313wm","Fixed-to-mobile telephone traffic",,"minutes",316,"MNE","Montenegro","3.2828771E7",2020,"","Agency for Electronic Communications and Postal Services","Refers to total traffic from all fixed-telephone networks to all mobile-cellular networks within the country"
54,"i1313wm","Fixed-to-mobile telephone traffic",,"minutes",316,"MNE","Montenegro","3.1254748E7",2021,"","Agency for Electronic Communications and Postal Services","Refers to total traffic from all fixed-telephone networks to all mobile-cellular networks within the country"
54,"i1313wm","Fixed-to-mobile telephone traffic",,"minutes",317,"YUG","Serbia and Montenegro","1.100687535E9",2002,"","","Refers to total traffic from all fixed-telephone networks to all mobile-cellular networks within the country"
54,"i1313wm","Fixed-to-mobile telephone traffic",,"minutes",317,"YUG","Serbia and Montenegro","1.433820111E9",2003,"","","Refers to total traffic from all fixed-telephone networks to all mobile-cellular networks within the country"
54,"i1313wm","Fixed-to-mobile telephone traffic",,"minutes",317,"YUG","Serbia and Montenegro","1.560054794E9",2004,"","","Refers to total traffic from all fixed-telephone networks to all mobile-cellular networks within the country"
54,"i1313wm","Fixed-to-mobile telephone traffic",,"minutes",321,"SSD","South Sudan","0.0",2015,"No fixed telephone services","Ministry of Telecommunications & Postal Services","Refers to total traffic from all fixed-telephone networks to all mobile-cellular networks within the country"
54,"i1313wm","Fixed-to-mobile telephone traffic",,"minutes",321,"SSD","South Sudan","0.0",2016,"No fixed telephone services","National Communication Authority, NCA","Refers to total traffic from all fixed-telephone networks to all mobile-cellular networks within the country"
54,"i1313wm","Fixed-to-mobile telephone traffic",,"minutes",321,"SSD","South Sudan","0.0",2017,"No fixed telephone services","National Communication Authority, NCA","Refers to total traffic from all fixed-telephone networks to all mobile-cellular networks within the country"
54,"i1313wm","Fixed-to-mobile telephone traffic",,"minutes",321,"SSD","South Sudan","0.0",2018,"No fixed telephone services","National Communication Authority, NCA","Refers to total traffic from all fixed-telephone networks to all mobile-cellular networks within the country"
54,"i1313wm","Fixed-to-mobile telephone traffic",,"minutes",321,"SSD","South Sudan","0.0",2019,"No fixed telephone services","National Communication Authority, NCA.","Refers to total traffic from all fixed-telephone networks to all mobile-cellular networks within the country"