"seriesID","seriesCode","seriesName","seriesParent","seriesUnits","entityID","entityIso","entityName","dataValue","dataYear","dataNote","dataSource","seriesDescription"
5328,"tpTelecom_Price_Retail_Fixed_NationalVoice","Price regulation of retail national long distance voice services",,,6,"AFG","Afghanistan","Without price control",2012,"","","National retail long distance voice"
5328,"tpTelecom_Price_Retail_Fixed_NationalVoice","Price regulation of retail national long distance voice services",,,6,"AFG","Afghanistan","Without price control",2018,"","","National retail long distance voice"
5328,"tpTelecom_Price_Retail_Fixed_NationalVoice","Price regulation of retail national long distance voice services",,,6,"AFG","Afghanistan","Without price control",2019,"","","National retail long distance voice"
5328,"tpTelecom_Price_Retail_Fixed_NationalVoice","Price regulation of retail national long distance voice services",,,6,"AFG","Afghanistan","Without price control",2020,"","","National retail long distance voice"
5328,"tpTelecom_Price_Retail_Fixed_NationalVoice","Price regulation of retail national long distance voice services",,,6,"AFG","Afghanistan","Without price control",2021,"","","National retail long distance voice"
5328,"tpTelecom_Price_Retail_Fixed_NationalVoice","Price regulation of retail national long distance voice services",,,6,"AFG","Afghanistan","With price control",2024,"","","National retail long distance voice"
5328,"tpTelecom_Price_Retail_Fixed_NationalVoice","Price regulation of retail national long distance voice services",,,7,"ZAF","South Africa","Without price control",2012,"","","National retail long distance voice"
5328,"tpTelecom_Price_Retail_Fixed_NationalVoice","Price regulation of retail national long distance voice services",,,7,"ZAF","South Africa","Without price control",2013,"","","National retail long distance voice"
5328,"tpTelecom_Price_Retail_Fixed_NationalVoice","Price regulation of retail national long distance voice services",,,7,"ZAF","South Africa","Without price control",2015,"","","National retail long distance voice"
5328,"tpTelecom_Price_Retail_Fixed_NationalVoice","Price regulation of retail national long distance voice services",,,7,"ZAF","South Africa","Without price control",2017,"","","National retail long distance voice"
5328,"tpTelecom_Price_Retail_Fixed_NationalVoice","Price regulation of retail national long distance voice services",,,7,"ZAF","South Africa","Without price control",2018,"","","National retail long distance voice"
5328,"tpTelecom_Price_Retail_Fixed_NationalVoice","Price regulation of retail national long distance voice services",,,7,"ZAF","South Africa","Without price control",2019,"","","National retail long distance voice"
5328,"tpTelecom_Price_Retail_Fixed_NationalVoice","Price regulation of retail national long distance voice services",,,7,"ZAF","South Africa","Without price control",2021,"","","National retail long distance voice"
5328,"tpTelecom_Price_Retail_Fixed_NationalVoice","Price regulation of retail national long distance voice services",,,7,"ZAF","South Africa","Without price control",2022,"","","National retail long distance voice"
5328,"tpTelecom_Price_Retail_Fixed_NationalVoice","Price regulation of retail national long distance voice services",,,7,"ZAF","South Africa","Without price control",2023,"","","National retail long distance voice"
5328,"tpTelecom_Price_Retail_Fixed_NationalVoice","Price regulation of retail national long distance voice services",,,7,"ZAF","South Africa","Without price control",2024,"","","National retail long distance voice"
5328,"tpTelecom_Price_Retail_Fixed_NationalVoice","Price regulation of retail national long distance voice services",,,8,"AGO","Angola","With price control",2012,"","","National retail long distance voice"
5328,"tpTelecom_Price_Retail_Fixed_NationalVoice","Price regulation of retail national long distance voice services",,,8,"AGO","Angola","With price control",2018,"","","National retail long distance voice"
5328,"tpTelecom_Price_Retail_Fixed_NationalVoice","Price regulation of retail national long distance voice services",,,8,"AGO","Angola","With price control",2020,"","","National retail long distance voice"
5328,"tpTelecom_Price_Retail_Fixed_NationalVoice","Price regulation of retail national long distance voice services",,,8,"AGO","Angola","With price control",2021,"","","National retail long distance voice"
5328,"tpTelecom_Price_Retail_Fixed_NationalVoice","Price regulation of retail national long distance voice services",,,8,"AGO","Angola","With price control",2023,"","","National retail long distance voice"
5328,"tpTelecom_Price_Retail_Fixed_NationalVoice","Price regulation of retail national long distance voice services",,,10,"ALB","Albania","With price control",2013,"","","National retail long distance voice"
5328,"tpTelecom_Price_Retail_Fixed_NationalVoice","Price regulation of retail national long distance voice services",,,10,"ALB","Albania","Without price control",2014,"","","National retail long distance voice"
5328,"tpTelecom_Price_Retail_Fixed_NationalVoice","Price regulation of retail national long distance voice services",,,10,"ALB","Albania","Without price control",2015,"","","National retail long distance voice"
5328,"tpTelecom_Price_Retail_Fixed_NationalVoice","Price regulation of retail national long distance voice services",,,10,"ALB","Albania","Without price control",2016,"","","National retail long distance voice"
5328,"tpTelecom_Price_Retail_Fixed_NationalVoice","Price regulation of retail national long distance voice services",,,10,"ALB","Albania","Without price control",2017,"","","National retail long distance voice"
5328,"tpTelecom_Price_Retail_Fixed_NationalVoice","Price regulation of retail national long distance voice services",,,10,"ALB","Albania","Without price control",2018,"","","National retail long distance voice"
5328,"tpTelecom_Price_Retail_Fixed_NationalVoice","Price regulation of retail national long distance voice services",,,10,"ALB","Albania","Without price control",2019,"","","National retail long distance voice"
5328,"tpTelecom_Price_Retail_Fixed_NationalVoice","Price regulation of retail national long distance voice services",,,10,"ALB","Albania","Without price control",2020,"","","National retail long distance voice"
5328,"tpTelecom_Price_Retail_Fixed_NationalVoice","Price regulation of retail national long distance voice services",,,10,"ALB","Albania","Without price control",2021,"","","National retail long distance voice"
5328,"tpTelecom_Price_Retail_Fixed_NationalVoice","Price regulation of retail national long distance voice services",,,10,"ALB","Albania","Without price control",2022,"","","National retail long distance voice"
5328,"tpTelecom_Price_Retail_Fixed_NationalVoice","Price regulation of retail national long distance voice services",,,10,"ALB","Albania","Without price control",2023,"","","National retail long distance voice"
5328,"tpTelecom_Price_Retail_Fixed_NationalVoice","Price regulation of retail national long distance voice services",,,10,"ALB","Albania","Without price control",2024,"","","National retail long distance voice"
5328,"tpTelecom_Price_Retail_Fixed_NationalVoice","Price regulation of retail national long distance voice services",,,11,"DZA","Algeria","With price control",2009,"","","National retail long distance voice"
5328,"tpTelecom_Price_Retail_Fixed_NationalVoice","Price regulation of retail national long distance voice services",,,11,"DZA","Algeria","Without price control",2010,"","","National retail long distance voice"
5328,"tpTelecom_Price_Retail_Fixed_NationalVoice","Price regulation of retail national long distance voice services",,,11,"DZA","Algeria","Without price control",2011,"","","National retail long distance voice"
5328,"tpTelecom_Price_Retail_Fixed_NationalVoice","Price regulation of retail national long distance voice services",,,11,"DZA","Algeria","Without price control",2012,"","","National retail long distance voice"
5328,"tpTelecom_Price_Retail_Fixed_NationalVoice","Price regulation of retail national long distance voice services",,,11,"DZA","Algeria","Without price control",2013,"","","National retail long distance voice"
5328,"tpTelecom_Price_Retail_Fixed_NationalVoice","Price regulation of retail national long distance voice services",,,11,"DZA","Algeria","Without price control",2014,"","","National retail long distance voice"
5328,"tpTelecom_Price_Retail_Fixed_NationalVoice","Price regulation of retail national long distance voice services",,,11,"DZA","Algeria","Without price control",2015,"","","National retail long distance voice"
5328,"tpTelecom_Price_Retail_Fixed_NationalVoice","Price regulation of retail national long distance voice services",,,11,"DZA","Algeria","Without price control",2016,"","","National retail long distance voice"
5328,"tpTelecom_Price_Retail_Fixed_NationalVoice","Price regulation of retail national long distance voice services",,,11,"DZA","Algeria","Without price control",2017,"","","National retail long distance voice"
5328,"tpTelecom_Price_Retail_Fixed_NationalVoice","Price regulation of retail national long distance voice services",,,11,"DZA","Algeria","Without price control",2018,"","","National retail long distance voice"
5328,"tpTelecom_Price_Retail_Fixed_NationalVoice","Price regulation of retail national long distance voice services",,,11,"DZA","Algeria","Without price control",2021,"","","National retail long distance voice"
5328,"tpTelecom_Price_Retail_Fixed_NationalVoice","Price regulation of retail national long distance voice services",,,11,"DZA","Algeria","Without price control",2022,"","","National retail long distance voice"
5328,"tpTelecom_Price_Retail_Fixed_NationalVoice","Price regulation of retail national long distance voice services",,,11,"DZA","Algeria","Without price control",2023,"","","National retail long distance voice"
5328,"tpTelecom_Price_Retail_Fixed_NationalVoice","Price regulation of retail national long distance voice services",,,11,"DZA","Algeria","Without price control",2024,"","","National retail long distance voice"
5328,"tpTelecom_Price_Retail_Fixed_NationalVoice","Price regulation of retail national long distance voice services",,,14,"AND","Andorra","With price control",2011,"","","National retail long distance voice"
5328,"tpTelecom_Price_Retail_Fixed_NationalVoice","Price regulation of retail national long distance voice services",,,14,"AND","Andorra","With price control",2012,"","","National retail long distance voice"
5328,"tpTelecom_Price_Retail_Fixed_NationalVoice","Price regulation of retail national long distance voice services",,,14,"AND","Andorra","Without price control",2013,"","","National retail long distance voice"
5328,"tpTelecom_Price_Retail_Fixed_NationalVoice","Price regulation of retail national long distance voice services",,,14,"AND","Andorra","Without price control",2014,"","","National retail long distance voice"
5328,"tpTelecom_Price_Retail_Fixed_NationalVoice","Price regulation of retail national long distance voice services",,,14,"AND","Andorra","Without price control",2015,"","","National retail long distance voice"
5328,"tpTelecom_Price_Retail_Fixed_NationalVoice","Price regulation of retail national long distance voice services",,,14,"AND","Andorra","Without price control",2016,"","","National retail long distance voice"
5328,"tpTelecom_Price_Retail_Fixed_NationalVoice","Price regulation of retail national long distance voice services",,,14,"AND","Andorra","Without price control",2017,"","","National retail long distance voice"
5328,"tpTelecom_Price_Retail_Fixed_NationalVoice","Price regulation of retail national long distance voice services",,,14,"AND","Andorra","Without price control",2018,"","","National retail long distance voice"
5328,"tpTelecom_Price_Retail_Fixed_NationalVoice","Price regulation of retail national long distance voice services",,,14,"AND","Andorra","With price control",2021,"","","National retail long distance voice"
5328,"tpTelecom_Price_Retail_Fixed_NationalVoice","Price regulation of retail national long distance voice services",,,14,"AND","Andorra","With price control",2022,"","","National retail long distance voice"
5328,"tpTelecom_Price_Retail_Fixed_NationalVoice","Price regulation of retail national long distance voice services",,,14,"AND","Andorra","With price control",2023,"","","National retail long distance voice"
5328,"tpTelecom_Price_Retail_Fixed_NationalVoice","Price regulation of retail national long distance voice services",,,14,"AND","Andorra","With price control",2024,"","","National retail long distance voice"
5328,"tpTelecom_Price_Retail_Fixed_NationalVoice","Price regulation of retail national long distance voice services",,,16,"ARG","Argentina","With price control",2009,"","","National retail long distance voice"
5328,"tpTelecom_Price_Retail_Fixed_NationalVoice","Price regulation of retail national long distance voice services",,,16,"ARG","Argentina","With price control",2010,"","","National retail long distance voice"
5328,"tpTelecom_Price_Retail_Fixed_NationalVoice","Price regulation of retail national long distance voice services",,,16,"ARG","Argentina","Without price control",2011,"","","National retail long distance voice"
5328,"tpTelecom_Price_Retail_Fixed_NationalVoice","Price regulation of retail national long distance voice services",,,16,"ARG","Argentina","Without price control",2012,"","","National retail long distance voice"
5328,"tpTelecom_Price_Retail_Fixed_NationalVoice","Price regulation of retail national long distance voice services",,,16,"ARG","Argentina","With price control",2013,"","","National retail long distance voice"
5328,"tpTelecom_Price_Retail_Fixed_NationalVoice","Price regulation of retail national long distance voice services",,,16,"ARG","Argentina","With price control",2014,"","","National retail long distance voice"
5328,"tpTelecom_Price_Retail_Fixed_NationalVoice","Price regulation of retail national long distance voice services",,,16,"ARG","Argentina","With price control",2015,"","","National retail long distance voice"
5328,"tpTelecom_Price_Retail_Fixed_NationalVoice","Price regulation of retail national long distance voice services",,,16,"ARG","Argentina","Without price control",2016,"","","National retail long distance voice"
5328,"tpTelecom_Price_Retail_Fixed_NationalVoice","Price regulation of retail national long distance voice services",,,16,"ARG","Argentina","Without price control",2017,"","","National retail long distance voice"
5328,"tpTelecom_Price_Retail_Fixed_NationalVoice","Price regulation of retail national long distance voice services",,,16,"ARG","Argentina","Without price control",2018,"","","National retail long distance voice"
5328,"tpTelecom_Price_Retail_Fixed_NationalVoice","Price regulation of retail national long distance voice services",,,16,"ARG","Argentina","Without price control",2019,"","","National retail long distance voice"
5328,"tpTelecom_Price_Retail_Fixed_NationalVoice","Price regulation of retail national long distance voice services",,,16,"ARG","Argentina","Without price control",2020,"","","National retail long distance voice"
5328,"tpTelecom_Price_Retail_Fixed_NationalVoice","Price regulation of retail national long distance voice services",,,16,"ARG","Argentina","With price control",2021,"","","National retail long distance voice"
5328,"tpTelecom_Price_Retail_Fixed_NationalVoice","Price regulation of retail national long distance voice services",,,16,"ARG","Argentina","With price control",2022,"","","National retail long distance voice"
5328,"tpTelecom_Price_Retail_Fixed_NationalVoice","Price regulation of retail national long distance voice services",,,16,"ARG","Argentina","With price control",2023,"","","National retail long distance voice"
5328,"tpTelecom_Price_Retail_Fixed_NationalVoice","Price regulation of retail national long distance voice services",,,16,"ARG","Argentina","Without price control",2024,"","","National retail long distance voice"
5328,"tpTelecom_Price_Retail_Fixed_NationalVoice","Price regulation of retail national long distance voice services",,,17,"ARM","Armenia","With price control",2009,"","","National retail long distance voice"
5328,"tpTelecom_Price_Retail_Fixed_NationalVoice","Price regulation of retail national long distance voice services",,,17,"ARM","Armenia","With price control",2010,"","","National retail long distance voice"
5328,"tpTelecom_Price_Retail_Fixed_NationalVoice","Price regulation of retail national long distance voice services",,,17,"ARM","Armenia","With price control",2011,"","","National retail long distance voice"
5328,"tpTelecom_Price_Retail_Fixed_NationalVoice","Price regulation of retail national long distance voice services",,,17,"ARM","Armenia","With price control",2012,"","","National retail long distance voice"
5328,"tpTelecom_Price_Retail_Fixed_NationalVoice","Price regulation of retail national long distance voice services",,,17,"ARM","Armenia","With price control",2013,"","","National retail long distance voice"
5328,"tpTelecom_Price_Retail_Fixed_NationalVoice","Price regulation of retail national long distance voice services",,,17,"ARM","Armenia","With price control",2014,"","","National retail long distance voice"
5328,"tpTelecom_Price_Retail_Fixed_NationalVoice","Price regulation of retail national long distance voice services",,,17,"ARM","Armenia","With price control",2015,"","","National retail long distance voice"
5328,"tpTelecom_Price_Retail_Fixed_NationalVoice","Price regulation of retail national long distance voice services",,,17,"ARM","Armenia","With price control",2016,"","","National retail long distance voice"
5328,"tpTelecom_Price_Retail_Fixed_NationalVoice","Price regulation of retail national long distance voice services",,,17,"ARM","Armenia","With price control",2017,"","","National retail long distance voice"
5328,"tpTelecom_Price_Retail_Fixed_NationalVoice","Price regulation of retail national long distance voice services",,,17,"ARM","Armenia","With price control",2018,"","","National retail long distance voice"
5328,"tpTelecom_Price_Retail_Fixed_NationalVoice","Price regulation of retail national long distance voice services",,,17,"ARM","Armenia","With price control",2019,"","","National retail long distance voice"
5328,"tpTelecom_Price_Retail_Fixed_NationalVoice","Price regulation of retail national long distance voice services",,,17,"ARM","Armenia","With price control",2020,"","","National retail long distance voice"
5328,"tpTelecom_Price_Retail_Fixed_NationalVoice","Price regulation of retail national long distance voice services",,,17,"ARM","Armenia","With price control",2021,"","","National retail long distance voice"
5328,"tpTelecom_Price_Retail_Fixed_NationalVoice","Price regulation of retail national long distance voice services",,,17,"ARM","Armenia","With price control",2022,"","","National retail long distance voice"
5328,"tpTelecom_Price_Retail_Fixed_NationalVoice","Price regulation of retail national long distance voice services",,,17,"ARM","Armenia","With price control",2023,"","","National retail long distance voice"
5328,"tpTelecom_Price_Retail_Fixed_NationalVoice","Price regulation of retail national long distance voice services",,,17,"ARM","Armenia","With price control",2024,"","","National retail long distance voice"
5328,"tpTelecom_Price_Retail_Fixed_NationalVoice","Price regulation of retail national long distance voice services",,,18,"SAU","Saudi Arabia","With price control",2010,"","","National retail long distance voice"
5328,"tpTelecom_Price_Retail_Fixed_NationalVoice","Price regulation of retail national long distance voice services",,,18,"SAU","Saudi Arabia","With price control",2011,"","","National retail long distance voice"
5328,"tpTelecom_Price_Retail_Fixed_NationalVoice","Price regulation of retail national long distance voice services",,,18,"SAU","Saudi Arabia","With price control",2012,"","","National retail long distance voice"
5328,"tpTelecom_Price_Retail_Fixed_NationalVoice","Price regulation of retail national long distance voice services",,,18,"SAU","Saudi Arabia","With price control",2015,"","","National retail long distance voice"
5328,"tpTelecom_Price_Retail_Fixed_NationalVoice","Price regulation of retail national long distance voice services",,,18,"SAU","Saudi Arabia","With price control",2016,"","","National retail long distance voice"
5328,"tpTelecom_Price_Retail_Fixed_NationalVoice","Price regulation of retail national long distance voice services",,,18,"SAU","Saudi Arabia","With price control",2017,"","","National retail long distance voice"
5328,"tpTelecom_Price_Retail_Fixed_NationalVoice","Price regulation of retail national long distance voice services",,,18,"SAU","Saudi Arabia","With price control",2018,"","","National retail long distance voice"
5328,"tpTelecom_Price_Retail_Fixed_NationalVoice","Price regulation of retail national long distance voice services",,,18,"SAU","Saudi Arabia","With price control",2019,"","","National retail long distance voice"
5328,"tpTelecom_Price_Retail_Fixed_NationalVoice","Price regulation of retail national long distance voice services",,,18,"SAU","Saudi Arabia","With price control",2020,"","","National retail long distance voice"
5328,"tpTelecom_Price_Retail_Fixed_NationalVoice","Price regulation of retail national long distance voice services",,,18,"SAU","Saudi Arabia","With price control",2021,"","","National retail long distance voice"
5328,"tpTelecom_Price_Retail_Fixed_NationalVoice","Price regulation of retail national long distance voice services",,,18,"SAU","Saudi Arabia","With price control",2022,"","","National retail long distance voice"
5328,"tpTelecom_Price_Retail_Fixed_NationalVoice","Price regulation of retail national long distance voice services",,,18,"SAU","Saudi Arabia","With price control",2023,"","","National retail long distance voice"
5328,"tpTelecom_Price_Retail_Fixed_NationalVoice","Price regulation of retail national long distance voice services",,,20,"ATG","Antigua and Barbuda","Without price control",2012,"","","National retail long distance voice"
5328,"tpTelecom_Price_Retail_Fixed_NationalVoice","Price regulation of retail national long distance voice services",,,20,"ATG","Antigua and Barbuda","Without price control",2013,"","","National retail long distance voice"
5328,"tpTelecom_Price_Retail_Fixed_NationalVoice","Price regulation of retail national long distance voice services",,,20,"ATG","Antigua and Barbuda","Without price control",2014,"","","National retail long distance voice"
5328,"tpTelecom_Price_Retail_Fixed_NationalVoice","Price regulation of retail national long distance voice services",,,23,"AUS","Australia","With price control",2011,"","","National retail long distance voice"
5328,"tpTelecom_Price_Retail_Fixed_NationalVoice","Price regulation of retail national long distance voice services",,,23,"AUS","Australia","With price control",2012,"","","National retail long distance voice"
5328,"tpTelecom_Price_Retail_Fixed_NationalVoice","Price regulation of retail national long distance voice services",,,23,"AUS","Australia","Without price control",2013,"","","National retail long distance voice"
5328,"tpTelecom_Price_Retail_Fixed_NationalVoice","Price regulation of retail national long distance voice services",,,23,"AUS","Australia","With price control",2014,"","","National retail long distance voice"
5328,"tpTelecom_Price_Retail_Fixed_NationalVoice","Price regulation of retail national long distance voice services",,,23,"AUS","Australia","Without price control",2015,"","","National retail long distance voice"
5328,"tpTelecom_Price_Retail_Fixed_NationalVoice","Price regulation of retail national long distance voice services",,,23,"AUS","Australia","Without price control",2016,"","","National retail long distance voice"
5328,"tpTelecom_Price_Retail_Fixed_NationalVoice","Price regulation of retail national long distance voice services",,,23,"AUS","Australia","Without price control",2017,"","","National retail long distance voice"
5328,"tpTelecom_Price_Retail_Fixed_NationalVoice","Price regulation of retail national long distance voice services",,,23,"AUS","Australia","Without price control",2018,"","","National retail long distance voice"
5328,"tpTelecom_Price_Retail_Fixed_NationalVoice","Price regulation of retail national long distance voice services",,,23,"AUS","Australia","Without price control",2019,"","","National retail long distance voice"
5328,"tpTelecom_Price_Retail_Fixed_NationalVoice","Price regulation of retail national long distance voice services",,,23,"AUS","Australia","Without price control",2020,"","","National retail long distance voice"
5328,"tpTelecom_Price_Retail_Fixed_NationalVoice","Price regulation of retail national long distance voice services",,,23,"AUS","Australia","Without price control",2021,"","","National retail long distance voice"
5328,"tpTelecom_Price_Retail_Fixed_NationalVoice","Price regulation of retail national long distance voice services",,,23,"AUS","Australia","Without price control",2022,"","","National retail long distance voice"
5328,"tpTelecom_Price_Retail_Fixed_NationalVoice","Price regulation of retail national long distance voice services",,,23,"AUS","Australia","Without price control",2023,"","","National retail long distance voice"
5328,"tpTelecom_Price_Retail_Fixed_NationalVoice","Price regulation of retail national long distance voice services",,,23,"AUS","Australia","Without price control",2024,"","","National retail long distance voice"
5328,"tpTelecom_Price_Retail_Fixed_NationalVoice","Price regulation of retail national long distance voice services",,,24,"AUT","Austria","With price control",2009,"","","National retail long distance voice"
5328,"tpTelecom_Price_Retail_Fixed_NationalVoice","Price regulation of retail national long distance voice services",,,24,"AUT","Austria","Without price control",2010,"","","National retail long distance voice"
5328,"tpTelecom_Price_Retail_Fixed_NationalVoice","Price regulation of retail national long distance voice services",,,24,"AUT","Austria","Without price control",2011,"","","National retail long distance voice"
5328,"tpTelecom_Price_Retail_Fixed_NationalVoice","Price regulation of retail national long distance voice services",,,24,"AUT","Austria","With price control",2012,"","","National retail long distance voice"
5328,"tpTelecom_Price_Retail_Fixed_NationalVoice","Price regulation of retail national long distance voice services",,,24,"AUT","Austria","Without price control",2013,"","","National retail long distance voice"
5328,"tpTelecom_Price_Retail_Fixed_NationalVoice","Price regulation of retail national long distance voice services",,,24,"AUT","Austria","Without price control",2015,"","","National retail long distance voice"
5328,"tpTelecom_Price_Retail_Fixed_NationalVoice","Price regulation of retail national long distance voice services",,,24,"AUT","Austria","Without price control",2016,"","","National retail long distance voice"
5328,"tpTelecom_Price_Retail_Fixed_NationalVoice","Price regulation of retail national long distance voice services",,,24,"AUT","Austria","Without price control",2017,"","","National retail long distance voice"
5328,"tpTelecom_Price_Retail_Fixed_NationalVoice","Price regulation of retail national long distance voice services",,,24,"AUT","Austria","Without price control",2018,"","","National retail long distance voice"
5328,"tpTelecom_Price_Retail_Fixed_NationalVoice","Price regulation of retail national long distance voice services",,,24,"AUT","Austria","Without price control",2019,"","","National retail long distance voice"
5328,"tpTelecom_Price_Retail_Fixed_NationalVoice","Price regulation of retail national long distance voice services",,,24,"AUT","Austria","Without price control",2020,"","","National retail long distance voice"
5328,"tpTelecom_Price_Retail_Fixed_NationalVoice","Price regulation of retail national long distance voice services",,,24,"AUT","Austria","Without price control",2021,"","","National retail long distance voice"
5328,"tpTelecom_Price_Retail_Fixed_NationalVoice","Price regulation of retail national long distance voice services",,,24,"AUT","Austria","Without price control",2022,"","","National retail long distance voice"
5328,"tpTelecom_Price_Retail_Fixed_NationalVoice","Price regulation of retail national long distance voice services",,,24,"AUT","Austria","Without price control",2023,"","","National retail long distance voice"
5328,"tpTelecom_Price_Retail_Fixed_NationalVoice","Price regulation of retail national long distance voice services",,,24,"AUT","Austria","Without price control",2024,"","","National retail long distance voice"
5328,"tpTelecom_Price_Retail_Fixed_NationalVoice","Price regulation of retail national long distance voice services",,,25,"AZE","Azerbaijan","With price control",2009,"","","National retail long distance voice"
5328,"tpTelecom_Price_Retail_Fixed_NationalVoice","Price regulation of retail national long distance voice services",,,25,"AZE","Azerbaijan","With price control",2010,"","","National retail long distance voice"
5328,"tpTelecom_Price_Retail_Fixed_NationalVoice","Price regulation of retail national long distance voice services",,,25,"AZE","Azerbaijan","With price control",2011,"","","National retail long distance voice"
5328,"tpTelecom_Price_Retail_Fixed_NationalVoice","Price regulation of retail national long distance voice services",,,25,"AZE","Azerbaijan","With price control",2012,"","","National retail long distance voice"
5328,"tpTelecom_Price_Retail_Fixed_NationalVoice","Price regulation of retail national long distance voice services",,,25,"AZE","Azerbaijan","With price control",2013,"","","National retail long distance voice"
5328,"tpTelecom_Price_Retail_Fixed_NationalVoice","Price regulation of retail national long distance voice services",,,25,"AZE","Azerbaijan","With price control",2014,"","","National retail long distance voice"
5328,"tpTelecom_Price_Retail_Fixed_NationalVoice","Price regulation of retail national long distance voice services",,,25,"AZE","Azerbaijan","With price control",2015,"","","National retail long distance voice"
5328,"tpTelecom_Price_Retail_Fixed_NationalVoice","Price regulation of retail national long distance voice services",,,25,"AZE","Azerbaijan","With price control",2016,"","","National retail long distance voice"
5328,"tpTelecom_Price_Retail_Fixed_NationalVoice","Price regulation of retail national long distance voice services",,,25,"AZE","Azerbaijan","With price control",2017,"","","National retail long distance voice"
5328,"tpTelecom_Price_Retail_Fixed_NationalVoice","Price regulation of retail national long distance voice services",,,25,"AZE","Azerbaijan","With price control",2018,"","","National retail long distance voice"
5328,"tpTelecom_Price_Retail_Fixed_NationalVoice","Price regulation of retail national long distance voice services",,,25,"AZE","Azerbaijan","With price control",2019,"","","National retail long distance voice"
5328,"tpTelecom_Price_Retail_Fixed_NationalVoice","Price regulation of retail national long distance voice services",,,25,"AZE","Azerbaijan","With price control",2020,"","","National retail long distance voice"
5328,"tpTelecom_Price_Retail_Fixed_NationalVoice","Price regulation of retail national long distance voice services",,,25,"AZE","Azerbaijan","With price control",2022,"","","National retail long distance voice"
5328,"tpTelecom_Price_Retail_Fixed_NationalVoice","Price regulation of retail national long distance voice services",,,25,"AZE","Azerbaijan","With price control",2023,"","","National retail long distance voice"
5328,"tpTelecom_Price_Retail_Fixed_NationalVoice","Price regulation of retail national long distance voice services",,,25,"AZE","Azerbaijan","With price control",2024,"","","National retail long distance voice"
5328,"tpTelecom_Price_Retail_Fixed_NationalVoice","Price regulation of retail national long distance voice services",,,27,"BRA","Brazil","With price control",2009,"","","National retail long distance voice"
5328,"tpTelecom_Price_Retail_Fixed_NationalVoice","Price regulation of retail national long distance voice services",,,27,"BRA","Brazil","With price control",2010,"","","National retail long distance voice"
5328,"tpTelecom_Price_Retail_Fixed_NationalVoice","Price regulation of retail national long distance voice services",,,27,"BRA","Brazil","With price control",2011,"","","National retail long distance voice"
5328,"tpTelecom_Price_Retail_Fixed_NationalVoice","Price regulation of retail national long distance voice services",,,27,"BRA","Brazil","With price control",2012,"","","National retail long distance voice"
5328,"tpTelecom_Price_Retail_Fixed_NationalVoice","Price regulation of retail national long distance voice services",,,27,"BRA","Brazil","With price control",2013,"","","National retail long distance voice"
5328,"tpTelecom_Price_Retail_Fixed_NationalVoice","Price regulation of retail national long distance voice services",,,27,"BRA","Brazil","With price control",2014,"","","National retail long distance voice"
5328,"tpTelecom_Price_Retail_Fixed_NationalVoice","Price regulation of retail national long distance voice services",,,27,"BRA","Brazil","With price control",2015,"","","National retail long distance voice"
5328,"tpTelecom_Price_Retail_Fixed_NationalVoice","Price regulation of retail national long distance voice services",,,27,"BRA","Brazil","With price control",2017,"","","National retail long distance voice"
5328,"tpTelecom_Price_Retail_Fixed_NationalVoice","Price regulation of retail national long distance voice services",,,27,"BRA","Brazil","With price control",2018,"","","National retail long distance voice"
5328,"tpTelecom_Price_Retail_Fixed_NationalVoice","Price regulation of retail national long distance voice services",,,27,"BRA","Brazil","With price control",2019,"","","National retail long distance voice"
5328,"tpTelecom_Price_Retail_Fixed_NationalVoice","Price regulation of retail national long distance voice services",,,27,"BRA","Brazil","Without price control",2020,"","","National retail long distance voice"
5328,"tpTelecom_Price_Retail_Fixed_NationalVoice","Price regulation of retail national long distance voice services",,,27,"BRA","Brazil","Without price control",2021,"","","National retail long distance voice"
5328,"tpTelecom_Price_Retail_Fixed_NationalVoice","Price regulation of retail national long distance voice services",,,27,"BRA","Brazil","Without price control",2022,"","","National retail long distance voice"
5328,"tpTelecom_Price_Retail_Fixed_NationalVoice","Price regulation of retail national long distance voice services",,,28,"BHS","Bahamas","Without price control",2011,"","","National retail long distance voice"
5328,"tpTelecom_Price_Retail_Fixed_NationalVoice","Price regulation of retail national long distance voice services",,,28,"BHS","Bahamas","With price control",2012,"","","National retail long distance voice"
5328,"tpTelecom_Price_Retail_Fixed_NationalVoice","Price regulation of retail national long distance voice services",,,28,"BHS","Bahamas","With price control",2013,"","","National retail long distance voice"
5328,"tpTelecom_Price_Retail_Fixed_NationalVoice","Price regulation of retail national long distance voice services",,,28,"BHS","Bahamas","With price control",2014,"","","National retail long distance voice"
5328,"tpTelecom_Price_Retail_Fixed_NationalVoice","Price regulation of retail national long distance voice services",,,28,"BHS","Bahamas","With price control",2015,"","","National retail long distance voice"
5328,"tpTelecom_Price_Retail_Fixed_NationalVoice","Price regulation of retail national long distance voice services",,,28,"BHS","Bahamas","With price control",2017,"","","National retail long distance voice"
5328,"tpTelecom_Price_Retail_Fixed_NationalVoice","Price regulation of retail national long distance voice services",,,28,"BHS","Bahamas","With price control",2018,"","","National retail long distance voice"
5328,"tpTelecom_Price_Retail_Fixed_NationalVoice","Price regulation of retail national long distance voice services",,,28,"BHS","Bahamas","With price control",2019,"","","National retail long distance voice"
5328,"tpTelecom_Price_Retail_Fixed_NationalVoice","Price regulation of retail national long distance voice services",,,28,"BHS","Bahamas","With price control",2021,"","","National retail long distance voice"
5328,"tpTelecom_Price_Retail_Fixed_NationalVoice","Price regulation of retail national long distance voice services",,,28,"BHS","Bahamas","With price control",2022,"","","National retail long distance voice"
5328,"tpTelecom_Price_Retail_Fixed_NationalVoice","Price regulation of retail national long distance voice services",,,28,"BHS","Bahamas","With price control",2023,"","","National retail long distance voice"
5328,"tpTelecom_Price_Retail_Fixed_NationalVoice","Price regulation of retail national long distance voice services",,,28,"BHS","Bahamas","With price control",2024,"","","National retail long distance voice"
5328,"tpTelecom_Price_Retail_Fixed_NationalVoice","Price regulation of retail national long distance voice services",,,29,"BDI","Burundi","Without price control",2009,"","","National retail long distance voice"
5328,"tpTelecom_Price_Retail_Fixed_NationalVoice","Price regulation of retail national long distance voice services",,,29,"BDI","Burundi","Without price control",2010,"","","National retail long distance voice"
5328,"tpTelecom_Price_Retail_Fixed_NationalVoice","Price regulation of retail national long distance voice services",,,29,"BDI","Burundi","With price control",2011,"","","National retail long distance voice"
5328,"tpTelecom_Price_Retail_Fixed_NationalVoice","Price regulation of retail national long distance voice services",,,29,"BDI","Burundi","Without price control",2012,"","","National retail long distance voice"
5328,"tpTelecom_Price_Retail_Fixed_NationalVoice","Price regulation of retail national long distance voice services",,,29,"BDI","Burundi","Without price control",2013,"","","National retail long distance voice"
5328,"tpTelecom_Price_Retail_Fixed_NationalVoice","Price regulation of retail national long distance voice services",,,29,"BDI","Burundi","Without price control",2014,"","","National retail long distance voice"
5328,"tpTelecom_Price_Retail_Fixed_NationalVoice","Price regulation of retail national long distance voice services",,,29,"BDI","Burundi","Without price control",2015,"","","National retail long distance voice"
5328,"tpTelecom_Price_Retail_Fixed_NationalVoice","Price regulation of retail national long distance voice services",,,29,"BDI","Burundi","With price control",2018,"","","National retail long distance voice"
5328,"tpTelecom_Price_Retail_Fixed_NationalVoice","Price regulation of retail national long distance voice services",,,29,"BDI","Burundi","With price control",2019,"","","National retail long distance voice"
5328,"tpTelecom_Price_Retail_Fixed_NationalVoice","Price regulation of retail national long distance voice services",,,29,"BDI","Burundi","With price control",2020,"","","National retail long distance voice"
5328,"tpTelecom_Price_Retail_Fixed_NationalVoice","Price regulation of retail national long distance voice services",,,29,"BDI","Burundi","With price control",2021,"","","National retail long distance voice"
5328,"tpTelecom_Price_Retail_Fixed_NationalVoice","Price regulation of retail national long distance voice services",,,29,"BDI","Burundi","With price control",2022,"","","National retail long distance voice"
5328,"tpTelecom_Price_Retail_Fixed_NationalVoice","Price regulation of retail national long distance voice services",,,29,"BDI","Burundi","With price control",2023,"","","National retail long distance voice"
5328,"tpTelecom_Price_Retail_Fixed_NationalVoice","Price regulation of retail national long distance voice services",,,29,"BDI","Burundi","With price control",2024,"","","National retail long distance voice"
5328,"tpTelecom_Price_Retail_Fixed_NationalVoice","Price regulation of retail national long distance voice services",,,30,"BEL","Belgium","Without price control",2011,"","","National retail long distance voice"
5328,"tpTelecom_Price_Retail_Fixed_NationalVoice","Price regulation of retail national long distance voice services",,,30,"BEL","Belgium","With price control",2013,"","","National retail long distance voice"
5328,"tpTelecom_Price_Retail_Fixed_NationalVoice","Price regulation of retail national long distance voice services",,,30,"BEL","Belgium","Without price control",2014,"","","National retail long distance voice"
5328,"tpTelecom_Price_Retail_Fixed_NationalVoice","Price regulation of retail national long distance voice services",,,30,"BEL","Belgium","Without price control",2015,"","","National retail long distance voice"
5328,"tpTelecom_Price_Retail_Fixed_NationalVoice","Price regulation of retail national long distance voice services",,,30,"BEL","Belgium","Without price control",2016,"","","National retail long distance voice"
5328,"tpTelecom_Price_Retail_Fixed_NationalVoice","Price regulation of retail national long distance voice services",,,30,"BEL","Belgium","With price control",2017,"","","National retail long distance voice"
5328,"tpTelecom_Price_Retail_Fixed_NationalVoice","Price regulation of retail national long distance voice services",,,30,"BEL","Belgium","With price control",2019,"","","National retail long distance voice"
5328,"tpTelecom_Price_Retail_Fixed_NationalVoice","Price regulation of retail national long distance voice services",,,30,"BEL","Belgium","With price control",2020,"","","National retail long distance voice"
5328,"tpTelecom_Price_Retail_Fixed_NationalVoice","Price regulation of retail national long distance voice services",,,30,"BEL","Belgium","With price control",2021,"","","National retail long distance voice"
5328,"tpTelecom_Price_Retail_Fixed_NationalVoice","Price regulation of retail national long distance voice services",,,30,"BEL","Belgium","With price control",2022,"","","National retail long distance voice"
5328,"tpTelecom_Price_Retail_Fixed_NationalVoice","Price regulation of retail national long distance voice services",,,30,"BEL","Belgium","With price control",2023,"","","National retail long distance voice"
5328,"tpTelecom_Price_Retail_Fixed_NationalVoice","Price regulation of retail national long distance voice services",,,30,"BEL","Belgium","Without price control",2024,"","","National retail long distance voice"
5328,"tpTelecom_Price_Retail_Fixed_NationalVoice","Price regulation of retail national long distance voice services",,,31,"BEN","Benin","With price control",2009,"","","National retail long distance voice"
5328,"tpTelecom_Price_Retail_Fixed_NationalVoice","Price regulation of retail national long distance voice services",,,31,"BEN","Benin","With price control",2010,"","","National retail long distance voice"
5328,"tpTelecom_Price_Retail_Fixed_NationalVoice","Price regulation of retail national long distance voice services",,,31,"BEN","Benin","Without price control",2011,"","","National retail long distance voice"
5328,"tpTelecom_Price_Retail_Fixed_NationalVoice","Price regulation of retail national long distance voice services",,,31,"BEN","Benin","With price control",2012,"","","National retail long distance voice"
5328,"tpTelecom_Price_Retail_Fixed_NationalVoice","Price regulation of retail national long distance voice services",,,31,"BEN","Benin","With price control",2013,"","","National retail long distance voice"
5328,"tpTelecom_Price_Retail_Fixed_NationalVoice","Price regulation of retail national long distance voice services",,,31,"BEN","Benin","With price control",2014,"","","National retail long distance voice"
5328,"tpTelecom_Price_Retail_Fixed_NationalVoice","Price regulation of retail national long distance voice services",,,31,"BEN","Benin","With price control",2015,"","","National retail long distance voice"
5328,"tpTelecom_Price_Retail_Fixed_NationalVoice","Price regulation of retail national long distance voice services",,,31,"BEN","Benin","With price control",2016,"","","National retail long distance voice"
5328,"tpTelecom_Price_Retail_Fixed_NationalVoice","Price regulation of retail national long distance voice services",,,31,"BEN","Benin","With price control",2017,"","","National retail long distance voice"
5328,"tpTelecom_Price_Retail_Fixed_NationalVoice","Price regulation of retail national long distance voice services",,,31,"BEN","Benin","With price control",2019,"","","National retail long distance voice"
5328,"tpTelecom_Price_Retail_Fixed_NationalVoice","Price regulation of retail national long distance voice services",,,31,"BEN","Benin","With price control",2020,"","","National retail long distance voice"
5328,"tpTelecom_Price_Retail_Fixed_NationalVoice","Price regulation of retail national long distance voice services",,,31,"BEN","Benin","Without price control",2021,"","","National retail long distance voice"
5328,"tpTelecom_Price_Retail_Fixed_NationalVoice","Price regulation of retail national long distance voice services",,,31,"BEN","Benin","Without price control",2022,"","","National retail long distance voice"
5328,"tpTelecom_Price_Retail_Fixed_NationalVoice","Price regulation of retail national long distance voice services",,,31,"BEN","Benin","Without price control",2023,"","","National retail long distance voice"
5328,"tpTelecom_Price_Retail_Fixed_NationalVoice","Price regulation of retail national long distance voice services",,,31,"BEN","Benin","Without price control",2024,"","","National retail long distance voice"
5328,"tpTelecom_Price_Retail_Fixed_NationalVoice","Price regulation of retail national long distance voice services",,,33,"BFA","Burkina Faso","With price control",2009,"","","National retail long distance voice"
5328,"tpTelecom_Price_Retail_Fixed_NationalVoice","Price regulation of retail national long distance voice services",,,33,"BFA","Burkina Faso","With price control",2011,"","","National retail long distance voice"
5328,"tpTelecom_Price_Retail_Fixed_NationalVoice","Price regulation of retail national long distance voice services",,,33,"BFA","Burkina Faso","With price control",2012,"","","National retail long distance voice"
5328,"tpTelecom_Price_Retail_Fixed_NationalVoice","Price regulation of retail national long distance voice services",,,33,"BFA","Burkina Faso","Without price control",2017,"","","National retail long distance voice"
5328,"tpTelecom_Price_Retail_Fixed_NationalVoice","Price regulation of retail national long distance voice services",,,33,"BFA","Burkina Faso","Without price control",2018,"","","National retail long distance voice"
5328,"tpTelecom_Price_Retail_Fixed_NationalVoice","Price regulation of retail national long distance voice services",,,33,"BFA","Burkina Faso","Without price control",2019,"","","National retail long distance voice"
5328,"tpTelecom_Price_Retail_Fixed_NationalVoice","Price regulation of retail national long distance voice services",,,33,"BFA","Burkina Faso","Without price control",2020,"","","National retail long distance voice"
5328,"tpTelecom_Price_Retail_Fixed_NationalVoice","Price regulation of retail national long distance voice services",,,33,"BFA","Burkina Faso","Without price control",2021,"","","National retail long distance voice"
5328,"tpTelecom_Price_Retail_Fixed_NationalVoice","Price regulation of retail national long distance voice services",,,33,"BFA","Burkina Faso","Without price control",2022,"","","National retail long distance voice"
5328,"tpTelecom_Price_Retail_Fixed_NationalVoice","Price regulation of retail national long distance voice services",,,33,"BFA","Burkina Faso","Without price control",2023,"","","National retail long distance voice"
5328,"tpTelecom_Price_Retail_Fixed_NationalVoice","Price regulation of retail national long distance voice services",,,34,"BGD","Bangladesh","With price control",2012,"","","National retail long distance voice"
5328,"tpTelecom_Price_Retail_Fixed_NationalVoice","Price regulation of retail national long distance voice services",,,34,"BGD","Bangladesh","With price control",2013,"","","National retail long distance voice"
5328,"tpTelecom_Price_Retail_Fixed_NationalVoice","Price regulation of retail national long distance voice services",,,34,"BGD","Bangladesh","Without price control",2014,"","","National retail long distance voice"
5328,"tpTelecom_Price_Retail_Fixed_NationalVoice","Price regulation of retail national long distance voice services",,,34,"BGD","Bangladesh","With price control",2022,"","","National retail long distance voice"
5328,"tpTelecom_Price_Retail_Fixed_NationalVoice","Price regulation of retail national long distance voice services",,,35,"BHR","Bahrain","With price control",2011,"","","National retail long distance voice"
5328,"tpTelecom_Price_Retail_Fixed_NationalVoice","Price regulation of retail national long distance voice services",,,35,"BHR","Bahrain","Without price control",2021,"","","National retail long distance voice"
5328,"tpTelecom_Price_Retail_Fixed_NationalVoice","Price regulation of retail national long distance voice services",,,35,"BHR","Bahrain","Without price control",2022,"","","National retail long distance voice"
5328,"tpTelecom_Price_Retail_Fixed_NationalVoice","Price regulation of retail national long distance voice services",,,35,"BHR","Bahrain","Without price control",2023,"","","National retail long distance voice"
5328,"tpTelecom_Price_Retail_Fixed_NationalVoice","Price regulation of retail national long distance voice services",,,35,"BHR","Bahrain","Without price control",2024,"","","National retail long distance voice"
5328,"tpTelecom_Price_Retail_Fixed_NationalVoice","Price regulation of retail national long distance voice services",,,37,"BLR","Belarus","With price control",2011,"","","National retail long distance voice"
5328,"tpTelecom_Price_Retail_Fixed_NationalVoice","Price regulation of retail national long distance voice services",,,37,"BLR","Belarus","With price control",2012,"","","National retail long distance voice"
5328,"tpTelecom_Price_Retail_Fixed_NationalVoice","Price regulation of retail national long distance voice services",,,37,"BLR","Belarus","With price control",2013,"","","National retail long distance voice"
5328,"tpTelecom_Price_Retail_Fixed_NationalVoice","Price regulation of retail national long distance voice services",,,37,"BLR","Belarus","With price control",2014,"","","National retail long distance voice"
5328,"tpTelecom_Price_Retail_Fixed_NationalVoice","Price regulation of retail national long distance voice services",,,37,"BLR","Belarus","With price control",2015,"","","National retail long distance voice"
5328,"tpTelecom_Price_Retail_Fixed_NationalVoice","Price regulation of retail national long distance voice services",,,37,"BLR","Belarus","With price control",2016,"","","National retail long distance voice"
5328,"tpTelecom_Price_Retail_Fixed_NationalVoice","Price regulation of retail national long distance voice services",,,37,"BLR","Belarus","With price control",2017,"","","National retail long distance voice"
5328,"tpTelecom_Price_Retail_Fixed_NationalVoice","Price regulation of retail national long distance voice services",,,37,"BLR","Belarus","With price control",2018,"","","National retail long distance voice"
5328,"tpTelecom_Price_Retail_Fixed_NationalVoice","Price regulation of retail national long distance voice services",,,37,"BLR","Belarus","With price control",2020,"","","National retail long distance voice"
5328,"tpTelecom_Price_Retail_Fixed_NationalVoice","Price regulation of retail national long distance voice services",,,37,"BLR","Belarus","With price control",2021,"","","National retail long distance voice"
5328,"tpTelecom_Price_Retail_Fixed_NationalVoice","Price regulation of retail national long distance voice services",,,37,"BLR","Belarus","With price control",2023,"","","National retail long distance voice"
5328,"tpTelecom_Price_Retail_Fixed_NationalVoice","Price regulation of retail national long distance voice services",,,37,"BLR","Belarus","With price control",2024,"","","National retail long distance voice"
5328,"tpTelecom_Price_Retail_Fixed_NationalVoice","Price regulation of retail national long distance voice services",,,38,"BLZ","Belize","With price control",2014,"","","National retail long distance voice"
5328,"tpTelecom_Price_Retail_Fixed_NationalVoice","Price regulation of retail national long distance voice services",,,38,"BLZ","Belize","Without price control",2015,"","","National retail long distance voice"
5328,"tpTelecom_Price_Retail_Fixed_NationalVoice","Price regulation of retail national long distance voice services",,,38,"BLZ","Belize","Without price control",2018,"","","National retail long distance voice"
5328,"tpTelecom_Price_Retail_Fixed_NationalVoice","Price regulation of retail national long distance voice services",,,38,"BLZ","Belize","Without price control",2023,"","","National retail long distance voice"
5328,"tpTelecom_Price_Retail_Fixed_NationalVoice","Price regulation of retail national long distance voice services",,,39,"BOL","Bolivia (Plurinational State of)","With price control",2010,"","","National retail long distance voice"
5328,"tpTelecom_Price_Retail_Fixed_NationalVoice","Price regulation of retail national long distance voice services",,,39,"BOL","Bolivia (Plurinational State of)","With price control",2011,"","","National retail long distance voice"
5328,"tpTelecom_Price_Retail_Fixed_NationalVoice","Price regulation of retail national long distance voice services",,,39,"BOL","Bolivia (Plurinational State of)","With price control",2013,"","","National retail long distance voice"
5328,"tpTelecom_Price_Retail_Fixed_NationalVoice","Price regulation of retail national long distance voice services",,,39,"BOL","Bolivia (Plurinational State of)","With price control",2015,"","","National retail long distance voice"
5328,"tpTelecom_Price_Retail_Fixed_NationalVoice","Price regulation of retail national long distance voice services",,,39,"BOL","Bolivia (Plurinational State of)","With price control",2016,"","","National retail long distance voice"
5328,"tpTelecom_Price_Retail_Fixed_NationalVoice","Price regulation of retail national long distance voice services",,,39,"BOL","Bolivia (Plurinational State of)","With price control",2017,"","","National retail long distance voice"
5328,"tpTelecom_Price_Retail_Fixed_NationalVoice","Price regulation of retail national long distance voice services",,,39,"BOL","Bolivia (Plurinational State of)","With price control",2018,"","","National retail long distance voice"
5328,"tpTelecom_Price_Retail_Fixed_NationalVoice","Price regulation of retail national long distance voice services",,,39,"BOL","Bolivia (Plurinational State of)","With price control",2020,"","","National retail long distance voice"
5328,"tpTelecom_Price_Retail_Fixed_NationalVoice","Price regulation of retail national long distance voice services",,,39,"BOL","Bolivia (Plurinational State of)","With price control",2021,"","","National retail long distance voice"
5328,"tpTelecom_Price_Retail_Fixed_NationalVoice","Price regulation of retail national long distance voice services",,,39,"BOL","Bolivia (Plurinational State of)","With price control",2022,"","","National retail long distance voice"
5328,"tpTelecom_Price_Retail_Fixed_NationalVoice","Price regulation of retail national long distance voice services",,,39,"BOL","Bolivia (Plurinational State of)","With price control",2023,"","","National retail long distance voice"
5328,"tpTelecom_Price_Retail_Fixed_NationalVoice","Price regulation of retail national long distance voice services",,,39,"BOL","Bolivia (Plurinational State of)","With price control",2024,"","","National retail long distance voice"
5328,"tpTelecom_Price_Retail_Fixed_NationalVoice","Price regulation of retail national long distance voice services",,,40,"BWA","Botswana","With price control",2009,"","","National retail long distance voice"
5328,"tpTelecom_Price_Retail_Fixed_NationalVoice","Price regulation of retail national long distance voice services",,,40,"BWA","Botswana","With price control",2010,"","","National retail long distance voice"
5328,"tpTelecom_Price_Retail_Fixed_NationalVoice","Price regulation of retail national long distance voice services",,,40,"BWA","Botswana","With price control",2011,"","","National retail long distance voice"
5328,"tpTelecom_Price_Retail_Fixed_NationalVoice","Price regulation of retail national long distance voice services",,,40,"BWA","Botswana","With price control",2012,"","","National retail long distance voice"
5328,"tpTelecom_Price_Retail_Fixed_NationalVoice","Price regulation of retail national long distance voice services",,,40,"BWA","Botswana","With price control",2013,"","","National retail long distance voice"
5328,"tpTelecom_Price_Retail_Fixed_NationalVoice","Price regulation of retail national long distance voice services",,,40,"BWA","Botswana","With price control",2014,"","","National retail long distance voice"
5328,"tpTelecom_Price_Retail_Fixed_NationalVoice","Price regulation of retail national long distance voice services",,,40,"BWA","Botswana","With price control",2015,"","","National retail long distance voice"
5328,"tpTelecom_Price_Retail_Fixed_NationalVoice","Price regulation of retail national long distance voice services",,,40,"BWA","Botswana","With price control",2016,"","","National retail long distance voice"
5328,"tpTelecom_Price_Retail_Fixed_NationalVoice","Price regulation of retail national long distance voice services",,,40,"BWA","Botswana","With price control",2017,"","","National retail long distance voice"
5328,"tpTelecom_Price_Retail_Fixed_NationalVoice","Price regulation of retail national long distance voice services",,,40,"BWA","Botswana","With price control",2019,"","","National retail long distance voice"
5328,"tpTelecom_Price_Retail_Fixed_NationalVoice","Price regulation of retail national long distance voice services",,,40,"BWA","Botswana","With price control",2020,"","","National retail long distance voice"
5328,"tpTelecom_Price_Retail_Fixed_NationalVoice","Price regulation of retail national long distance voice services",,,40,"BWA","Botswana","With price control",2021,"","","National retail long distance voice"
5328,"tpTelecom_Price_Retail_Fixed_NationalVoice","Price regulation of retail national long distance voice services",,,40,"BWA","Botswana","With price control",2022,"","","National retail long distance voice"
5328,"tpTelecom_Price_Retail_Fixed_NationalVoice","Price regulation of retail national long distance voice services",,,40,"BWA","Botswana","With price control",2023,"","","National retail long distance voice"
5328,"tpTelecom_Price_Retail_Fixed_NationalVoice","Price regulation of retail national long distance voice services",,,40,"BWA","Botswana","With price control",2024,"","","National retail long distance voice"
5328,"tpTelecom_Price_Retail_Fixed_NationalVoice","Price regulation of retail national long distance voice services",,,41,"BRB","Barbados","With price control",2011,"","","National retail long distance voice"
5328,"tpTelecom_Price_Retail_Fixed_NationalVoice","Price regulation of retail national long distance voice services",,,41,"BRB","Barbados","With price control",2012,"","","National retail long distance voice"
5328,"tpTelecom_Price_Retail_Fixed_NationalVoice","Price regulation of retail national long distance voice services",,,41,"BRB","Barbados","Without price control",2018,"","","National retail long distance voice"
5328,"tpTelecom_Price_Retail_Fixed_NationalVoice","Price regulation of retail national long distance voice services",,,41,"BRB","Barbados","Without price control",2022,"","","National retail long distance voice"
5328,"tpTelecom_Price_Retail_Fixed_NationalVoice","Price regulation of retail national long distance voice services",,,41,"BRB","Barbados","Without price control",2023,"","","National retail long distance voice"
5328,"tpTelecom_Price_Retail_Fixed_NationalVoice","Price regulation of retail national long distance voice services",,,42,"MMR","Myanmar","With price control",2011,"","","National retail long distance voice"
5328,"tpTelecom_Price_Retail_Fixed_NationalVoice","Price regulation of retail national long distance voice services",,,42,"MMR","Myanmar","Without price control",2013,"","","National retail long distance voice"
5328,"tpTelecom_Price_Retail_Fixed_NationalVoice","Price regulation of retail national long distance voice services",,,42,"MMR","Myanmar","With price control",2017,"","","National retail long distance voice"
5328,"tpTelecom_Price_Retail_Fixed_NationalVoice","Price regulation of retail national long distance voice services",,,42,"MMR","Myanmar","With price control",2018,"","","National retail long distance voice"
5328,"tpTelecom_Price_Retail_Fixed_NationalVoice","Price regulation of retail national long distance voice services",,,42,"MMR","Myanmar","With price control",2019,"","","National retail long distance voice"
5328,"tpTelecom_Price_Retail_Fixed_NationalVoice","Price regulation of retail national long distance voice services",,,42,"MMR","Myanmar","With price control",2020,"","","National retail long distance voice"
5328,"tpTelecom_Price_Retail_Fixed_NationalVoice","Price regulation of retail national long distance voice services",,,42,"MMR","Myanmar","With price control",2021,"","","National retail long distance voice"
5328,"tpTelecom_Price_Retail_Fixed_NationalVoice","Price regulation of retail national long distance voice services",,,42,"MMR","Myanmar","With price control",2022,"","","National retail long distance voice"
5328,"tpTelecom_Price_Retail_Fixed_NationalVoice","Price regulation of retail national long distance voice services",,,42,"MMR","Myanmar","With price control",2023,"","","National retail long distance voice"
5328,"tpTelecom_Price_Retail_Fixed_NationalVoice","Price regulation of retail national long distance voice services",,,42,"MMR","Myanmar","With price control",2024,"","","National retail long distance voice"
5328,"tpTelecom_Price_Retail_Fixed_NationalVoice","Price regulation of retail national long distance voice services",,,43,"BRN","Brunei Darussalam","With price control",2012,"","","National retail long distance voice"
5328,"tpTelecom_Price_Retail_Fixed_NationalVoice","Price regulation of retail national long distance voice services",,,43,"BRN","Brunei Darussalam","With price control",2013,"","","National retail long distance voice"
5328,"tpTelecom_Price_Retail_Fixed_NationalVoice","Price regulation of retail national long distance voice services",,,43,"BRN","Brunei Darussalam","With price control",2014,"","","National retail long distance voice"
5328,"tpTelecom_Price_Retail_Fixed_NationalVoice","Price regulation of retail national long distance voice services",,,43,"BRN","Brunei Darussalam","Without price control",2015,"","","National retail long distance voice"
5328,"tpTelecom_Price_Retail_Fixed_NationalVoice","Price regulation of retail national long distance voice services",,,43,"BRN","Brunei Darussalam","With price control",2016,"","","National retail long distance voice"
5328,"tpTelecom_Price_Retail_Fixed_NationalVoice","Price regulation of retail national long distance voice services",,,43,"BRN","Brunei Darussalam","With price control",2017,"","","National retail long distance voice"
5328,"tpTelecom_Price_Retail_Fixed_NationalVoice","Price regulation of retail national long distance voice services",,,43,"BRN","Brunei Darussalam","Without price control",2018,"","","National retail long distance voice"
5328,"tpTelecom_Price_Retail_Fixed_NationalVoice","Price regulation of retail national long distance voice services",,,43,"BRN","Brunei Darussalam","Without price control",2019,"","","National retail long distance voice"
5328,"tpTelecom_Price_Retail_Fixed_NationalVoice","Price regulation of retail national long distance voice services",,,43,"BRN","Brunei Darussalam","With price control",2020,"","","National retail long distance voice"
5328,"tpTelecom_Price_Retail_Fixed_NationalVoice","Price regulation of retail national long distance voice services",,,43,"BRN","Brunei Darussalam","With price control",2021,"","","National retail long distance voice"
5328,"tpTelecom_Price_Retail_Fixed_NationalVoice","Price regulation of retail national long distance voice services",,,43,"BRN","Brunei Darussalam","With price control",2022,"","","National retail long distance voice"
5328,"tpTelecom_Price_Retail_Fixed_NationalVoice","Price regulation of retail national long distance voice services",,,43,"BRN","Brunei Darussalam","Without price control",2023,"","","National retail long distance voice"
5328,"tpTelecom_Price_Retail_Fixed_NationalVoice","Price regulation of retail national long distance voice services",,,43,"BRN","Brunei Darussalam","Without price control",2024,"","","National retail long distance voice"
5328,"tpTelecom_Price_Retail_Fixed_NationalVoice","Price regulation of retail national long distance voice services",,,45,"BGR","Bulgaria","With price control",2009,"","","National retail long distance voice"
5328,"tpTelecom_Price_Retail_Fixed_NationalVoice","Price regulation of retail national long distance voice services",,,45,"BGR","Bulgaria","With price control",2010,"","","National retail long distance voice"
5328,"tpTelecom_Price_Retail_Fixed_NationalVoice","Price regulation of retail national long distance voice services",,,45,"BGR","Bulgaria","With price control",2011,"","","National retail long distance voice"
5328,"tpTelecom_Price_Retail_Fixed_NationalVoice","Price regulation of retail national long distance voice services",,,45,"BGR","Bulgaria","With price control",2012,"","","National retail long distance voice"
5328,"tpTelecom_Price_Retail_Fixed_NationalVoice","Price regulation of retail national long distance voice services",,,45,"BGR","Bulgaria","With price control",2013,"","","National retail long distance voice"
5328,"tpTelecom_Price_Retail_Fixed_NationalVoice","Price regulation of retail national long distance voice services",,,45,"BGR","Bulgaria","Without price control",2014,"","","National retail long distance voice"
5328,"tpTelecom_Price_Retail_Fixed_NationalVoice","Price regulation of retail national long distance voice services",,,45,"BGR","Bulgaria","Without price control",2015,"","","National retail long distance voice"
5328,"tpTelecom_Price_Retail_Fixed_NationalVoice","Price regulation of retail national long distance voice services",,,45,"BGR","Bulgaria","Without price control",2016,"","","National retail long distance voice"
5328,"tpTelecom_Price_Retail_Fixed_NationalVoice","Price regulation of retail national long distance voice services",,,45,"BGR","Bulgaria","Without price control",2017,"","","National retail long distance voice"
5328,"tpTelecom_Price_Retail_Fixed_NationalVoice","Price regulation of retail national long distance voice services",,,45,"BGR","Bulgaria","Without price control",2018,"","","National retail long distance voice"
5328,"tpTelecom_Price_Retail_Fixed_NationalVoice","Price regulation of retail national long distance voice services",,,45,"BGR","Bulgaria","Without price control",2019,"","","National retail long distance voice"
5328,"tpTelecom_Price_Retail_Fixed_NationalVoice","Price regulation of retail national long distance voice services",,,45,"BGR","Bulgaria","Without price control",2020,"","","National retail long distance voice"
5328,"tpTelecom_Price_Retail_Fixed_NationalVoice","Price regulation of retail national long distance voice services",,,45,"BGR","Bulgaria","Without price control",2021,"","","National retail long distance voice"
5328,"tpTelecom_Price_Retail_Fixed_NationalVoice","Price regulation of retail national long distance voice services",,,45,"BGR","Bulgaria","Without price control",2022,"","","National retail long distance voice"
5328,"tpTelecom_Price_Retail_Fixed_NationalVoice","Price regulation of retail national long distance voice services",,,45,"BGR","Bulgaria","Without price control",2023,"","","National retail long distance voice"
5328,"tpTelecom_Price_Retail_Fixed_NationalVoice","Price regulation of retail national long distance voice services",,,45,"BGR","Bulgaria","Without price control",2024,"","","National retail long distance voice"
5328,"tpTelecom_Price_Retail_Fixed_NationalVoice","Price regulation of retail national long distance voice services",,,46,"CAF","Central African Rep.","With price control",2010,"","","National retail long distance voice"
5328,"tpTelecom_Price_Retail_Fixed_NationalVoice","Price regulation of retail national long distance voice services",,,47,"CAN","Canada","Without price control",2011,"","","National retail long distance voice"
5328,"tpTelecom_Price_Retail_Fixed_NationalVoice","Price regulation of retail national long distance voice services",,,47,"CAN","Canada","Without price control",2012,"","","National retail long distance voice"
5328,"tpTelecom_Price_Retail_Fixed_NationalVoice","Price regulation of retail national long distance voice services",,,47,"CAN","Canada","Without price control",2013,"","","National retail long distance voice"
5328,"tpTelecom_Price_Retail_Fixed_NationalVoice","Price regulation of retail national long distance voice services",,,47,"CAN","Canada","Without price control",2015,"","","National retail long distance voice"
5328,"tpTelecom_Price_Retail_Fixed_NationalVoice","Price regulation of retail national long distance voice services",,,47,"CAN","Canada","Without price control",2016,"","","National retail long distance voice"
5328,"tpTelecom_Price_Retail_Fixed_NationalVoice","Price regulation of retail national long distance voice services",,,47,"CAN","Canada","Without price control",2017,"","","National retail long distance voice"
5328,"tpTelecom_Price_Retail_Fixed_NationalVoice","Price regulation of retail national long distance voice services",,,47,"CAN","Canada","Without price control",2018,"","","National retail long distance voice"
5328,"tpTelecom_Price_Retail_Fixed_NationalVoice","Price regulation of retail national long distance voice services",,,47,"CAN","Canada","Without price control",2020,"","","National retail long distance voice"
5328,"tpTelecom_Price_Retail_Fixed_NationalVoice","Price regulation of retail national long distance voice services",,,47,"CAN","Canada","Without price control",2022,"","","National retail long distance voice"
5328,"tpTelecom_Price_Retail_Fixed_NationalVoice","Price regulation of retail national long distance voice services",,,47,"CAN","Canada","Without price control",2024,"","","National retail long distance voice"
5328,"tpTelecom_Price_Retail_Fixed_NationalVoice","Price regulation of retail national long distance voice services",,,48,"KHM","Cambodia","Without price control",2011,"","","National retail long distance voice"
5328,"tpTelecom_Price_Retail_Fixed_NationalVoice","Price regulation of retail national long distance voice services",,,48,"KHM","Cambodia","Without price control",2012,"","","National retail long distance voice"
5328,"tpTelecom_Price_Retail_Fixed_NationalVoice","Price regulation of retail national long distance voice services",,,48,"KHM","Cambodia","With price control",2014,"","","National retail long distance voice"
5328,"tpTelecom_Price_Retail_Fixed_NationalVoice","Price regulation of retail national long distance voice services",,,48,"KHM","Cambodia","Without price control",2015,"","","National retail long distance voice"
5328,"tpTelecom_Price_Retail_Fixed_NationalVoice","Price regulation of retail national long distance voice services",,,48,"KHM","Cambodia","With price control",2016,"","","National retail long distance voice"
5328,"tpTelecom_Price_Retail_Fixed_NationalVoice","Price regulation of retail national long distance voice services",,,48,"KHM","Cambodia","With price control",2017,"","","National retail long distance voice"
5328,"tpTelecom_Price_Retail_Fixed_NationalVoice","Price regulation of retail national long distance voice services",,,48,"KHM","Cambodia","With price control",2018,"","","National retail long distance voice"
5328,"tpTelecom_Price_Retail_Fixed_NationalVoice","Price regulation of retail national long distance voice services",,,48,"KHM","Cambodia","With price control",2019,"","","National retail long distance voice"
5328,"tpTelecom_Price_Retail_Fixed_NationalVoice","Price regulation of retail national long distance voice services",,,48,"KHM","Cambodia","With price control",2020,"","","National retail long distance voice"
5328,"tpTelecom_Price_Retail_Fixed_NationalVoice","Price regulation of retail national long distance voice services",,,48,"KHM","Cambodia","With price control",2021,"","","National retail long distance voice"
5328,"tpTelecom_Price_Retail_Fixed_NationalVoice","Price regulation of retail national long distance voice services",,,48,"KHM","Cambodia","With price control",2022,"","","National retail long distance voice"
5328,"tpTelecom_Price_Retail_Fixed_NationalVoice","Price regulation of retail national long distance voice services",,,48,"KHM","Cambodia","With price control",2023,"","","National retail long distance voice"
5328,"tpTelecom_Price_Retail_Fixed_NationalVoice","Price regulation of retail national long distance voice services",,,48,"KHM","Cambodia","With price control",2024,"","","National retail long distance voice"
5328,"tpTelecom_Price_Retail_Fixed_NationalVoice","Price regulation of retail national long distance voice services",,,49,"CHL","Chile","Without price control",2010,"","","National retail long distance voice"
5328,"tpTelecom_Price_Retail_Fixed_NationalVoice","Price regulation of retail national long distance voice services",,,49,"CHL","Chile","Without price control",2011,"","","National retail long distance voice"
5328,"tpTelecom_Price_Retail_Fixed_NationalVoice","Price regulation of retail national long distance voice services",,,49,"CHL","Chile","Without price control",2012,"","","National retail long distance voice"
5328,"tpTelecom_Price_Retail_Fixed_NationalVoice","Price regulation of retail national long distance voice services",,,49,"CHL","Chile","Without price control",2013,"","","National retail long distance voice"
5328,"tpTelecom_Price_Retail_Fixed_NationalVoice","Price regulation of retail national long distance voice services",,,49,"CHL","Chile","With price control",2014,"","","National retail long distance voice"
5328,"tpTelecom_Price_Retail_Fixed_NationalVoice","Price regulation of retail national long distance voice services",,,49,"CHL","Chile","Without price control",2015,"","","National retail long distance voice"
5328,"tpTelecom_Price_Retail_Fixed_NationalVoice","Price regulation of retail national long distance voice services",,,49,"CHL","Chile","Without price control",2016,"","","National retail long distance voice"
5328,"tpTelecom_Price_Retail_Fixed_NationalVoice","Price regulation of retail national long distance voice services",,,49,"CHL","Chile","Without price control",2017,"","","National retail long distance voice"
5328,"tpTelecom_Price_Retail_Fixed_NationalVoice","Price regulation of retail national long distance voice services",,,49,"CHL","Chile","Without price control",2018,"","","National retail long distance voice"
5328,"tpTelecom_Price_Retail_Fixed_NationalVoice","Price regulation of retail national long distance voice services",,,49,"CHL","Chile","Without price control",2019,"","","National retail long distance voice"
5328,"tpTelecom_Price_Retail_Fixed_NationalVoice","Price regulation of retail national long distance voice services",,,49,"CHL","Chile","Without price control",2020,"","","National retail long distance voice"
5328,"tpTelecom_Price_Retail_Fixed_NationalVoice","Price regulation of retail national long distance voice services",,,49,"CHL","Chile","Without price control",2021,"","","National retail long distance voice"
5328,"tpTelecom_Price_Retail_Fixed_NationalVoice","Price regulation of retail national long distance voice services",,,49,"CHL","Chile","Without price control",2022,"","","National retail long distance voice"
5328,"tpTelecom_Price_Retail_Fixed_NationalVoice","Price regulation of retail national long distance voice services",,,49,"CHL","Chile","Without price control",2023,"","","National retail long distance voice"
5328,"tpTelecom_Price_Retail_Fixed_NationalVoice","Price regulation of retail national long distance voice services",,,49,"CHL","Chile","Without price control",2024,"","","National retail long distance voice"
5328,"tpTelecom_Price_Retail_Fixed_NationalVoice","Price regulation of retail national long distance voice services",,,50,"CHN","China","With price control",2010,"","","National retail long distance voice"
5328,"tpTelecom_Price_Retail_Fixed_NationalVoice","Price regulation of retail national long distance voice services",,,50,"CHN","China","With price control",2011,"","","National retail long distance voice"
5328,"tpTelecom_Price_Retail_Fixed_NationalVoice","Price regulation of retail national long distance voice services",,,50,"CHN","China","Without price control",2013,"","","National retail long distance voice"
5328,"tpTelecom_Price_Retail_Fixed_NationalVoice","Price regulation of retail national long distance voice services",,,50,"CHN","China","Without price control",2014,"","","National retail long distance voice"
5328,"tpTelecom_Price_Retail_Fixed_NationalVoice","Price regulation of retail national long distance voice services",,,50,"CHN","China","Without price control",2015,"","","National retail long distance voice"
5328,"tpTelecom_Price_Retail_Fixed_NationalVoice","Price regulation of retail national long distance voice services",,,50,"CHN","China","Without price control",2016,"","","National retail long distance voice"
5328,"tpTelecom_Price_Retail_Fixed_NationalVoice","Price regulation of retail national long distance voice services",,,50,"CHN","China","Without price control",2017,"","","National retail long distance voice"
5328,"tpTelecom_Price_Retail_Fixed_NationalVoice","Price regulation of retail national long distance voice services",,,50,"CHN","China","Without price control",2021,"","","National retail long distance voice"
5328,"tpTelecom_Price_Retail_Fixed_NationalVoice","Price regulation of retail national long distance voice services",,,50,"CHN","China","Without price control",2022,"","","National retail long distance voice"
5328,"tpTelecom_Price_Retail_Fixed_NationalVoice","Price regulation of retail national long distance voice services",,,50,"CHN","China","Without price control",2023,"","","National retail long distance voice"
5328,"tpTelecom_Price_Retail_Fixed_NationalVoice","Price regulation of retail national long distance voice services",,,53,"COL","Colombia","Without price control",2009,"","","National retail long distance voice"
5328,"tpTelecom_Price_Retail_Fixed_NationalVoice","Price regulation of retail national long distance voice services",,,53,"COL","Colombia","Without price control",2010,"","","National retail long distance voice"
5328,"tpTelecom_Price_Retail_Fixed_NationalVoice","Price regulation of retail national long distance voice services",,,53,"COL","Colombia","Without price control",2012,"","","National retail long distance voice"
5328,"tpTelecom_Price_Retail_Fixed_NationalVoice","Price regulation of retail national long distance voice services",,,53,"COL","Colombia","Without price control",2013,"","","National retail long distance voice"
5328,"tpTelecom_Price_Retail_Fixed_NationalVoice","Price regulation of retail national long distance voice services",,,53,"COL","Colombia","Without price control",2014,"","","National retail long distance voice"
5328,"tpTelecom_Price_Retail_Fixed_NationalVoice","Price regulation of retail national long distance voice services",,,53,"COL","Colombia","Without price control",2015,"","","National retail long distance voice"
5328,"tpTelecom_Price_Retail_Fixed_NationalVoice","Price regulation of retail national long distance voice services",,,53,"COL","Colombia","Without price control",2016,"","","National retail long distance voice"
5328,"tpTelecom_Price_Retail_Fixed_NationalVoice","Price regulation of retail national long distance voice services",,,53,"COL","Colombia","Without price control",2017,"","","National retail long distance voice"
5328,"tpTelecom_Price_Retail_Fixed_NationalVoice","Price regulation of retail national long distance voice services",,,53,"COL","Colombia","Without price control",2018,"","","National retail long distance voice"
5328,"tpTelecom_Price_Retail_Fixed_NationalVoice","Price regulation of retail national long distance voice services",,,53,"COL","Colombia","Without price control",2019,"","","National retail long distance voice"
5328,"tpTelecom_Price_Retail_Fixed_NationalVoice","Price regulation of retail national long distance voice services",,,53,"COL","Colombia","Without price control",2020,"","","National retail long distance voice"
5328,"tpTelecom_Price_Retail_Fixed_NationalVoice","Price regulation of retail national long distance voice services",,,53,"COL","Colombia","Without price control",2021,"","","National retail long distance voice"
5328,"tpTelecom_Price_Retail_Fixed_NationalVoice","Price regulation of retail national long distance voice services",,,53,"COL","Colombia","Without price control",2022,"","","National retail long distance voice"
5328,"tpTelecom_Price_Retail_Fixed_NationalVoice","Price regulation of retail national long distance voice services",,,53,"COL","Colombia","Without price control",2023,"","","National retail long distance voice"
5328,"tpTelecom_Price_Retail_Fixed_NationalVoice","Price regulation of retail national long distance voice services",,,53,"COL","Colombia","Without price control",2024,"","","National retail long distance voice"
5328,"tpTelecom_Price_Retail_Fixed_NationalVoice","Price regulation of retail national long distance voice services",,,54,"LKA","Sri Lanka","With price control",2011,"","","National retail long distance voice"
5328,"tpTelecom_Price_Retail_Fixed_NationalVoice","Price regulation of retail national long distance voice services",,,54,"LKA","Sri Lanka","With price control",2012,"","","National retail long distance voice"
5328,"tpTelecom_Price_Retail_Fixed_NationalVoice","Price regulation of retail national long distance voice services",,,54,"LKA","Sri Lanka","With price control",2013,"","","National retail long distance voice"
5328,"tpTelecom_Price_Retail_Fixed_NationalVoice","Price regulation of retail national long distance voice services",,,54,"LKA","Sri Lanka","With price control",2014,"","","National retail long distance voice"
5328,"tpTelecom_Price_Retail_Fixed_NationalVoice","Price regulation of retail national long distance voice services",,,54,"LKA","Sri Lanka","With price control",2016,"","","National retail long distance voice"
5328,"tpTelecom_Price_Retail_Fixed_NationalVoice","Price regulation of retail national long distance voice services",,,54,"LKA","Sri Lanka","With price control",2017,"","","National retail long distance voice"
5328,"tpTelecom_Price_Retail_Fixed_NationalVoice","Price regulation of retail national long distance voice services",,,54,"LKA","Sri Lanka","With price control",2019,"","","National retail long distance voice"
5328,"tpTelecom_Price_Retail_Fixed_NationalVoice","Price regulation of retail national long distance voice services",,,54,"LKA","Sri Lanka","With price control",2020,"","","National retail long distance voice"
5328,"tpTelecom_Price_Retail_Fixed_NationalVoice","Price regulation of retail national long distance voice services",,,54,"LKA","Sri Lanka","With price control",2021,"","","National retail long distance voice"
5328,"tpTelecom_Price_Retail_Fixed_NationalVoice","Price regulation of retail national long distance voice services",,,54,"LKA","Sri Lanka","With price control",2022,"","","National retail long distance voice"
5328,"tpTelecom_Price_Retail_Fixed_NationalVoice","Price regulation of retail national long distance voice services",,,55,"CMR","Cameroon","Without price control",2010,"","","National retail long distance voice"
5328,"tpTelecom_Price_Retail_Fixed_NationalVoice","Price regulation of retail national long distance voice services",,,55,"CMR","Cameroon","Without price control",2011,"","","National retail long distance voice"
5328,"tpTelecom_Price_Retail_Fixed_NationalVoice","Price regulation of retail national long distance voice services",,,55,"CMR","Cameroon","Without price control",2012,"","","National retail long distance voice"
5328,"tpTelecom_Price_Retail_Fixed_NationalVoice","Price regulation of retail national long distance voice services",,,55,"CMR","Cameroon","Without price control",2014,"","","National retail long distance voice"
5328,"tpTelecom_Price_Retail_Fixed_NationalVoice","Price regulation of retail national long distance voice services",,,55,"CMR","Cameroon","Without price control",2017,"","","National retail long distance voice"
5328,"tpTelecom_Price_Retail_Fixed_NationalVoice","Price regulation of retail national long distance voice services",,,55,"CMR","Cameroon","Without price control",2018,"","","National retail long distance voice"
5328,"tpTelecom_Price_Retail_Fixed_NationalVoice","Price regulation of retail national long distance voice services",,,55,"CMR","Cameroon","With price control",2021,"","","National retail long distance voice"
5328,"tpTelecom_Price_Retail_Fixed_NationalVoice","Price regulation of retail national long distance voice services",,,55,"CMR","Cameroon","With price control",2022,"","","National retail long distance voice"
5328,"tpTelecom_Price_Retail_Fixed_NationalVoice","Price regulation of retail national long distance voice services",,,57,"COG","Congo (Rep. of the)","Without price control",2010,"","","National retail long distance voice"
5328,"tpTelecom_Price_Retail_Fixed_NationalVoice","Price regulation of retail national long distance voice services",,,57,"COG","Congo (Rep. of the)","With price control",2011,"","","National retail long distance voice"
5328,"tpTelecom_Price_Retail_Fixed_NationalVoice","Price regulation of retail national long distance voice services",,,57,"COG","Congo (Rep. of the)","With price control",2012,"","","National retail long distance voice"
5328,"tpTelecom_Price_Retail_Fixed_NationalVoice","Price regulation of retail national long distance voice services",,,57,"COG","Congo (Rep. of the)","With price control",2013,"","","National retail long distance voice"
5328,"tpTelecom_Price_Retail_Fixed_NationalVoice","Price regulation of retail national long distance voice services",,,57,"COG","Congo (Rep. of the)","With price control",2014,"","","National retail long distance voice"
5328,"tpTelecom_Price_Retail_Fixed_NationalVoice","Price regulation of retail national long distance voice services",,,57,"COG","Congo (Rep. of the)","With price control",2015,"","","National retail long distance voice"
5328,"tpTelecom_Price_Retail_Fixed_NationalVoice","Price regulation of retail national long distance voice services",,,57,"COG","Congo (Rep. of the)","With price control",2017,"","","National retail long distance voice"
5328,"tpTelecom_Price_Retail_Fixed_NationalVoice","Price regulation of retail national long distance voice services",,,57,"COG","Congo (Rep. of the)","With price control",2018,"","","National retail long distance voice"
5328,"tpTelecom_Price_Retail_Fixed_NationalVoice","Price regulation of retail national long distance voice services",,,57,"COG","Congo (Rep. of the)","With price control",2019,"","","National retail long distance voice"
5328,"tpTelecom_Price_Retail_Fixed_NationalVoice","Price regulation of retail national long distance voice services",,,57,"COG","Congo (Rep. of the)","With price control",2020,"","","National retail long distance voice"
5328,"tpTelecom_Price_Retail_Fixed_NationalVoice","Price regulation of retail national long distance voice services",,,57,"COG","Congo (Rep. of the)","With price control",2021,"","","National retail long distance voice"
5328,"tpTelecom_Price_Retail_Fixed_NationalVoice","Price regulation of retail national long distance voice services",,,57,"COG","Congo (Rep. of the)","With price control",2022,"","","National retail long distance voice"
5328,"tpTelecom_Price_Retail_Fixed_NationalVoice","Price regulation of retail national long distance voice services",,,57,"COG","Congo (Rep. of the)","With price control",2023,"","","National retail long distance voice"
5328,"tpTelecom_Price_Retail_Fixed_NationalVoice","Price regulation of retail national long distance voice services",,,57,"COG","Congo (Rep. of the)","With price control",2024,"","","National retail long distance voice"
5328,"tpTelecom_Price_Retail_Fixed_NationalVoice","Price regulation of retail national long distance voice services",,,58,"COM","Comoros","With price control",2009,"","","National retail long distance voice"
5328,"tpTelecom_Price_Retail_Fixed_NationalVoice","Price regulation of retail national long distance voice services",,,58,"COM","Comoros","Without price control",2010,"","","National retail long distance voice"
5328,"tpTelecom_Price_Retail_Fixed_NationalVoice","Price regulation of retail national long distance voice services",,,58,"COM","Comoros","With price control",2011,"","","National retail long distance voice"
5328,"tpTelecom_Price_Retail_Fixed_NationalVoice","Price regulation of retail national long distance voice services",,,59,"CPV","Cabo Verde","With price control",2010,"","","National retail long distance voice"
5328,"tpTelecom_Price_Retail_Fixed_NationalVoice","Price regulation of retail national long distance voice services",,,59,"CPV","Cabo Verde","With price control",2011,"","","National retail long distance voice"
5328,"tpTelecom_Price_Retail_Fixed_NationalVoice","Price regulation of retail national long distance voice services",,,59,"CPV","Cabo Verde","With price control",2013,"","","National retail long distance voice"
5328,"tpTelecom_Price_Retail_Fixed_NationalVoice","Price regulation of retail national long distance voice services",,,59,"CPV","Cabo Verde","Without price control",2014,"","","National retail long distance voice"
5328,"tpTelecom_Price_Retail_Fixed_NationalVoice","Price regulation of retail national long distance voice services",,,59,"CPV","Cabo Verde","With price control",2015,"","","National retail long distance voice"
5328,"tpTelecom_Price_Retail_Fixed_NationalVoice","Price regulation of retail national long distance voice services",,,59,"CPV","Cabo Verde","With price control",2017,"","","National retail long distance voice"
5328,"tpTelecom_Price_Retail_Fixed_NationalVoice","Price regulation of retail national long distance voice services",,,59,"CPV","Cabo Verde","With price control",2018,"","","National retail long distance voice"
5328,"tpTelecom_Price_Retail_Fixed_NationalVoice","Price regulation of retail national long distance voice services",,,59,"CPV","Cabo Verde","With price control",2019,"","","National retail long distance voice"
5328,"tpTelecom_Price_Retail_Fixed_NationalVoice","Price regulation of retail national long distance voice services",,,59,"CPV","Cabo Verde","With price control",2020,"","","National retail long distance voice"
5328,"tpTelecom_Price_Retail_Fixed_NationalVoice","Price regulation of retail national long distance voice services",,,59,"CPV","Cabo Verde","With price control",2021,"","","National retail long distance voice"
5328,"tpTelecom_Price_Retail_Fixed_NationalVoice","Price regulation of retail national long distance voice services",,,61,"CIV","Côte d'Ivoire","Without price control",2010,"","","National retail long distance voice"
5328,"tpTelecom_Price_Retail_Fixed_NationalVoice","Price regulation of retail national long distance voice services",,,61,"CIV","Côte d'Ivoire","Without price control",2012,"","","National retail long distance voice"
5328,"tpTelecom_Price_Retail_Fixed_NationalVoice","Price regulation of retail national long distance voice services",,,61,"CIV","Côte d'Ivoire","Without price control",2013,"","","National retail long distance voice"
5328,"tpTelecom_Price_Retail_Fixed_NationalVoice","Price regulation of retail national long distance voice services",,,61,"CIV","Côte d'Ivoire","Without price control",2014,"","","National retail long distance voice"
5328,"tpTelecom_Price_Retail_Fixed_NationalVoice","Price regulation of retail national long distance voice services",,,61,"CIV","Côte d'Ivoire","Without price control",2015,"","","National retail long distance voice"
5328,"tpTelecom_Price_Retail_Fixed_NationalVoice","Price regulation of retail national long distance voice services",,,61,"CIV","Côte d'Ivoire","With price control",2016,"","","National retail long distance voice"
5328,"tpTelecom_Price_Retail_Fixed_NationalVoice","Price regulation of retail national long distance voice services",,,61,"CIV","Côte d'Ivoire","Without price control",2017,"","","National retail long distance voice"
5328,"tpTelecom_Price_Retail_Fixed_NationalVoice","Price regulation of retail national long distance voice services",,,61,"CIV","Côte d'Ivoire","Without price control",2018,"","","National retail long distance voice"
5328,"tpTelecom_Price_Retail_Fixed_NationalVoice","Price regulation of retail national long distance voice services",,,61,"CIV","Côte d'Ivoire","Without price control",2019,"","","National retail long distance voice"
5328,"tpTelecom_Price_Retail_Fixed_NationalVoice","Price regulation of retail national long distance voice services",,,61,"CIV","Côte d'Ivoire","Without price control",2020,"","","National retail long distance voice"
5328,"tpTelecom_Price_Retail_Fixed_NationalVoice","Price regulation of retail national long distance voice services",,,61,"CIV","Côte d'Ivoire","Without price control",2021,"","","National retail long distance voice"
5328,"tpTelecom_Price_Retail_Fixed_NationalVoice","Price regulation of retail national long distance voice services",,,61,"CIV","Côte d'Ivoire","Without price control",2022,"","","National retail long distance voice"
5328,"tpTelecom_Price_Retail_Fixed_NationalVoice","Price regulation of retail national long distance voice services",,,62,"CRI","Costa Rica","With price control",2009,"","","National retail long distance voice"
5328,"tpTelecom_Price_Retail_Fixed_NationalVoice","Price regulation of retail national long distance voice services",,,62,"CRI","Costa Rica","With price control",2010,"","","National retail long distance voice"
5328,"tpTelecom_Price_Retail_Fixed_NationalVoice","Price regulation of retail national long distance voice services",,,62,"CRI","Costa Rica","With price control",2011,"","","National retail long distance voice"
5328,"tpTelecom_Price_Retail_Fixed_NationalVoice","Price regulation of retail national long distance voice services",,,62,"CRI","Costa Rica","With price control",2012,"","","National retail long distance voice"
5328,"tpTelecom_Price_Retail_Fixed_NationalVoice","Price regulation of retail national long distance voice services",,,62,"CRI","Costa Rica","With price control",2013,"","","National retail long distance voice"
5328,"tpTelecom_Price_Retail_Fixed_NationalVoice","Price regulation of retail national long distance voice services",,,62,"CRI","Costa Rica","With price control",2014,"","","National retail long distance voice"
5328,"tpTelecom_Price_Retail_Fixed_NationalVoice","Price regulation of retail national long distance voice services",,,62,"CRI","Costa Rica","With price control",2015,"","","National retail long distance voice"
5328,"tpTelecom_Price_Retail_Fixed_NationalVoice","Price regulation of retail national long distance voice services",,,62,"CRI","Costa Rica","Without price control",2023,"","","National retail long distance voice"
5328,"tpTelecom_Price_Retail_Fixed_NationalVoice","Price regulation of retail national long distance voice services",,,62,"CRI","Costa Rica","Without price control",2024,"","","National retail long distance voice"
5328,"tpTelecom_Price_Retail_Fixed_NationalVoice","Price regulation of retail national long distance voice services",,,63,"CUB","Cuba","With price control",2009,"","","National retail long distance voice"
5328,"tpTelecom_Price_Retail_Fixed_NationalVoice","Price regulation of retail national long distance voice services",,,63,"CUB","Cuba","With price control",2010,"","","National retail long distance voice"
5328,"tpTelecom_Price_Retail_Fixed_NationalVoice","Price regulation of retail national long distance voice services",,,63,"CUB","Cuba","With price control",2011,"","","National retail long distance voice"
5328,"tpTelecom_Price_Retail_Fixed_NationalVoice","Price regulation of retail national long distance voice services",,,63,"CUB","Cuba","With price control",2013,"","","National retail long distance voice"
5328,"tpTelecom_Price_Retail_Fixed_NationalVoice","Price regulation of retail national long distance voice services",,,63,"CUB","Cuba","With price control",2014,"","","National retail long distance voice"
5328,"tpTelecom_Price_Retail_Fixed_NationalVoice","Price regulation of retail national long distance voice services",,,63,"CUB","Cuba","With price control",2016,"","","National retail long distance voice"
5328,"tpTelecom_Price_Retail_Fixed_NationalVoice","Price regulation of retail national long distance voice services",,,63,"CUB","Cuba","With price control",2017,"","","National retail long distance voice"
5328,"tpTelecom_Price_Retail_Fixed_NationalVoice","Price regulation of retail national long distance voice services",,,63,"CUB","Cuba","With price control",2018,"","","National retail long distance voice"
5328,"tpTelecom_Price_Retail_Fixed_NationalVoice","Price regulation of retail national long distance voice services",,,63,"CUB","Cuba","With price control",2019,"","","National retail long distance voice"
5328,"tpTelecom_Price_Retail_Fixed_NationalVoice","Price regulation of retail national long distance voice services",,,63,"CUB","Cuba","With price control",2020,"","","National retail long distance voice"
5328,"tpTelecom_Price_Retail_Fixed_NationalVoice","Price regulation of retail national long distance voice services",,,63,"CUB","Cuba","With price control",2021,"","","National retail long distance voice"
5328,"tpTelecom_Price_Retail_Fixed_NationalVoice","Price regulation of retail national long distance voice services",,,63,"CUB","Cuba","With price control",2022,"","","National retail long distance voice"
5328,"tpTelecom_Price_Retail_Fixed_NationalVoice","Price regulation of retail national long distance voice services",,,63,"CUB","Cuba","With price control",2023,"","","National retail long distance voice"
5328,"tpTelecom_Price_Retail_Fixed_NationalVoice","Price regulation of retail national long distance voice services",,,63,"CUB","Cuba","With price control",2024,"","","National retail long distance voice"
5328,"tpTelecom_Price_Retail_Fixed_NationalVoice","Price regulation of retail national long distance voice services",,,66,"CYP","Cyprus","With price control",2011,"","","National retail long distance voice"
5328,"tpTelecom_Price_Retail_Fixed_NationalVoice","Price regulation of retail national long distance voice services",,,66,"CYP","Cyprus","With price control",2012,"","","National retail long distance voice"
5328,"tpTelecom_Price_Retail_Fixed_NationalVoice","Price regulation of retail national long distance voice services",,,66,"CYP","Cyprus","With price control",2013,"","","National retail long distance voice"
5328,"tpTelecom_Price_Retail_Fixed_NationalVoice","Price regulation of retail national long distance voice services",,,66,"CYP","Cyprus","With price control",2014,"","","National retail long distance voice"
5328,"tpTelecom_Price_Retail_Fixed_NationalVoice","Price regulation of retail national long distance voice services",,,66,"CYP","Cyprus","With price control",2015,"","","National retail long distance voice"
5328,"tpTelecom_Price_Retail_Fixed_NationalVoice","Price regulation of retail national long distance voice services",,,66,"CYP","Cyprus","Without price control",2016,"","","National retail long distance voice"
5328,"tpTelecom_Price_Retail_Fixed_NationalVoice","Price regulation of retail national long distance voice services",,,66,"CYP","Cyprus","Without price control",2017,"","","National retail long distance voice"
5328,"tpTelecom_Price_Retail_Fixed_NationalVoice","Price regulation of retail national long distance voice services",,,66,"CYP","Cyprus","Without price control",2018,"","","National retail long distance voice"
5328,"tpTelecom_Price_Retail_Fixed_NationalVoice","Price regulation of retail national long distance voice services",,,66,"CYP","Cyprus","Without price control",2019,"","","National retail long distance voice"
5328,"tpTelecom_Price_Retail_Fixed_NationalVoice","Price regulation of retail national long distance voice services",,,66,"CYP","Cyprus","Without price control",2020,"","","National retail long distance voice"
5328,"tpTelecom_Price_Retail_Fixed_NationalVoice","Price regulation of retail national long distance voice services",,,66,"CYP","Cyprus","Without price control",2021,"","","National retail long distance voice"
5328,"tpTelecom_Price_Retail_Fixed_NationalVoice","Price regulation of retail national long distance voice services",,,66,"CYP","Cyprus","Without price control",2022,"","","National retail long distance voice"
5328,"tpTelecom_Price_Retail_Fixed_NationalVoice","Price regulation of retail national long distance voice services",,,66,"CYP","Cyprus","Without price control",2023,"","","National retail long distance voice"
5328,"tpTelecom_Price_Retail_Fixed_NationalVoice","Price regulation of retail national long distance voice services",,,66,"CYP","Cyprus","Without price control",2024,"","","National retail long distance voice"
5328,"tpTelecom_Price_Retail_Fixed_NationalVoice","Price regulation of retail national long distance voice services",,,67,"DEU","Germany","Without price control",2009,"","","National retail long distance voice"
5328,"tpTelecom_Price_Retail_Fixed_NationalVoice","Price regulation of retail national long distance voice services",,,67,"DEU","Germany","Without price control",2010,"","","National retail long distance voice"
5328,"tpTelecom_Price_Retail_Fixed_NationalVoice","Price regulation of retail national long distance voice services",,,67,"DEU","Germany","Without price control",2011,"","","National retail long distance voice"
5328,"tpTelecom_Price_Retail_Fixed_NationalVoice","Price regulation of retail national long distance voice services",,,67,"DEU","Germany","Without price control",2012,"","","National retail long distance voice"
5328,"tpTelecom_Price_Retail_Fixed_NationalVoice","Price regulation of retail national long distance voice services",,,67,"DEU","Germany","Without price control",2013,"","","National retail long distance voice"
5328,"tpTelecom_Price_Retail_Fixed_NationalVoice","Price regulation of retail national long distance voice services",,,67,"DEU","Germany","Without price control",2014,"","","National retail long distance voice"
5328,"tpTelecom_Price_Retail_Fixed_NationalVoice","Price regulation of retail national long distance voice services",,,67,"DEU","Germany","Without price control",2015,"","","National retail long distance voice"
5328,"tpTelecom_Price_Retail_Fixed_NationalVoice","Price regulation of retail national long distance voice services",,,67,"DEU","Germany","Without price control",2016,"","","National retail long distance voice"
5328,"tpTelecom_Price_Retail_Fixed_NationalVoice","Price regulation of retail national long distance voice services",,,67,"DEU","Germany","Without price control",2017,"","","National retail long distance voice"
5328,"tpTelecom_Price_Retail_Fixed_NationalVoice","Price regulation of retail national long distance voice services",,,67,"DEU","Germany","Without price control",2018,"","","National retail long distance voice"
5328,"tpTelecom_Price_Retail_Fixed_NationalVoice","Price regulation of retail national long distance voice services",,,67,"DEU","Germany","Without price control",2019,"","","National retail long distance voice"
5328,"tpTelecom_Price_Retail_Fixed_NationalVoice","Price regulation of retail national long distance voice services",,,67,"DEU","Germany","Without price control",2020,"","","National retail long distance voice"
5328,"tpTelecom_Price_Retail_Fixed_NationalVoice","Price regulation of retail national long distance voice services",,,67,"DEU","Germany","Without price control",2021,"","","National retail long distance voice"
5328,"tpTelecom_Price_Retail_Fixed_NationalVoice","Price regulation of retail national long distance voice services",,,67,"DEU","Germany","Without price control",2022,"","","National retail long distance voice"
5328,"tpTelecom_Price_Retail_Fixed_NationalVoice","Price regulation of retail national long distance voice services",,,67,"DEU","Germany","Without price control",2023,"","","National retail long distance voice"
5328,"tpTelecom_Price_Retail_Fixed_NationalVoice","Price regulation of retail national long distance voice services",,,69,"DJI","Djibouti","Without price control",2009,"","","National retail long distance voice"
5328,"tpTelecom_Price_Retail_Fixed_NationalVoice","Price regulation of retail national long distance voice services",,,69,"DJI","Djibouti","With price control",2010,"","","National retail long distance voice"
5328,"tpTelecom_Price_Retail_Fixed_NationalVoice","Price regulation of retail national long distance voice services",,,69,"DJI","Djibouti","With price control",2011,"","","National retail long distance voice"
5328,"tpTelecom_Price_Retail_Fixed_NationalVoice","Price regulation of retail national long distance voice services",,,69,"DJI","Djibouti","With price control",2018,"","","National retail long distance voice"
5328,"tpTelecom_Price_Retail_Fixed_NationalVoice","Price regulation of retail national long distance voice services",,,70,"DMA","Dominica","With price control",2024,"","","National retail long distance voice"
5328,"tpTelecom_Price_Retail_Fixed_NationalVoice","Price regulation of retail national long distance voice services",,,71,"DNK","Denmark","Without price control",2012,"","","National retail long distance voice"
5328,"tpTelecom_Price_Retail_Fixed_NationalVoice","Price regulation of retail national long distance voice services",,,72,"DOM","Dominican Rep.","Without price control",2009,"","","National retail long distance voice"
5328,"tpTelecom_Price_Retail_Fixed_NationalVoice","Price regulation of retail national long distance voice services",,,72,"DOM","Dominican Rep.","Without price control",2010,"","","National retail long distance voice"
5328,"tpTelecom_Price_Retail_Fixed_NationalVoice","Price regulation of retail national long distance voice services",,,72,"DOM","Dominican Rep.","Without price control",2011,"","","National retail long distance voice"
5328,"tpTelecom_Price_Retail_Fixed_NationalVoice","Price regulation of retail national long distance voice services",,,72,"DOM","Dominican Rep.","Without price control",2012,"","","National retail long distance voice"
5328,"tpTelecom_Price_Retail_Fixed_NationalVoice","Price regulation of retail national long distance voice services",,,72,"DOM","Dominican Rep.","Without price control",2013,"","","National retail long distance voice"
5328,"tpTelecom_Price_Retail_Fixed_NationalVoice","Price regulation of retail national long distance voice services",,,72,"DOM","Dominican Rep.","Without price control",2014,"","","National retail long distance voice"
5328,"tpTelecom_Price_Retail_Fixed_NationalVoice","Price regulation of retail national long distance voice services",,,72,"DOM","Dominican Rep.","Without price control",2017,"","","National retail long distance voice"
5328,"tpTelecom_Price_Retail_Fixed_NationalVoice","Price regulation of retail national long distance voice services",,,72,"DOM","Dominican Rep.","Without price control",2018,"","","National retail long distance voice"
5328,"tpTelecom_Price_Retail_Fixed_NationalVoice","Price regulation of retail national long distance voice services",,,72,"DOM","Dominican Rep.","Without price control",2019,"","","National retail long distance voice"
5328,"tpTelecom_Price_Retail_Fixed_NationalVoice","Price regulation of retail national long distance voice services",,,72,"DOM","Dominican Rep.","Without price control",2020,"","","National retail long distance voice"
5328,"tpTelecom_Price_Retail_Fixed_NationalVoice","Price regulation of retail national long distance voice services",,,72,"DOM","Dominican Rep.","Without price control",2021,"","","National retail long distance voice"
5328,"tpTelecom_Price_Retail_Fixed_NationalVoice","Price regulation of retail national long distance voice services",,,72,"DOM","Dominican Rep.","Without price control",2022,"","","National retail long distance voice"
5328,"tpTelecom_Price_Retail_Fixed_NationalVoice","Price regulation of retail national long distance voice services",,,72,"DOM","Dominican Rep.","Without price control",2023,"","","National retail long distance voice"
5328,"tpTelecom_Price_Retail_Fixed_NationalVoice","Price regulation of retail national long distance voice services",,,72,"DOM","Dominican Rep.","Without price control",2024,"","","National retail long distance voice"
5328,"tpTelecom_Price_Retail_Fixed_NationalVoice","Price regulation of retail national long distance voice services",,,73,"ESP","Spain","Without price control",2009,"","","National retail long distance voice"
5328,"tpTelecom_Price_Retail_Fixed_NationalVoice","Price regulation of retail national long distance voice services",,,73,"ESP","Spain","Without price control",2010,"","","National retail long distance voice"
5328,"tpTelecom_Price_Retail_Fixed_NationalVoice","Price regulation of retail national long distance voice services",,,73,"ESP","Spain","Without price control",2011,"","","National retail long distance voice"
5328,"tpTelecom_Price_Retail_Fixed_NationalVoice","Price regulation of retail national long distance voice services",,,73,"ESP","Spain","Without price control",2012,"","","National retail long distance voice"
5328,"tpTelecom_Price_Retail_Fixed_NationalVoice","Price regulation of retail national long distance voice services",,,73,"ESP","Spain","Without price control",2013,"","","National retail long distance voice"
5328,"tpTelecom_Price_Retail_Fixed_NationalVoice","Price regulation of retail national long distance voice services",,,73,"ESP","Spain","Without price control",2014,"","","National retail long distance voice"
5328,"tpTelecom_Price_Retail_Fixed_NationalVoice","Price regulation of retail national long distance voice services",,,73,"ESP","Spain","Without price control",2015,"","","National retail long distance voice"
5328,"tpTelecom_Price_Retail_Fixed_NationalVoice","Price regulation of retail national long distance voice services",,,73,"ESP","Spain","Without price control",2016,"","","National retail long distance voice"
5328,"tpTelecom_Price_Retail_Fixed_NationalVoice","Price regulation of retail national long distance voice services",,,73,"ESP","Spain","Without price control",2017,"","","National retail long distance voice"
5328,"tpTelecom_Price_Retail_Fixed_NationalVoice","Price regulation of retail national long distance voice services",,,73,"ESP","Spain","Without price control",2018,"","","National retail long distance voice"
5328,"tpTelecom_Price_Retail_Fixed_NationalVoice","Price regulation of retail national long distance voice services",,,73,"ESP","Spain","Without price control",2019,"","","National retail long distance voice"
5328,"tpTelecom_Price_Retail_Fixed_NationalVoice","Price regulation of retail national long distance voice services",,,73,"ESP","Spain","Without price control",2020,"","","National retail long distance voice"
5328,"tpTelecom_Price_Retail_Fixed_NationalVoice","Price regulation of retail national long distance voice services",,,73,"ESP","Spain","Without price control",2021,"","","National retail long distance voice"
5328,"tpTelecom_Price_Retail_Fixed_NationalVoice","Price regulation of retail national long distance voice services",,,73,"ESP","Spain","Without price control",2022,"","","National retail long distance voice"
5328,"tpTelecom_Price_Retail_Fixed_NationalVoice","Price regulation of retail national long distance voice services",,,73,"ESP","Spain","Without price control",2023,"","","National retail long distance voice"
5328,"tpTelecom_Price_Retail_Fixed_NationalVoice","Price regulation of retail national long distance voice services",,,73,"ESP","Spain","Without price control",2024,"","","National retail long distance voice"
5328,"tpTelecom_Price_Retail_Fixed_NationalVoice","Price regulation of retail national long distance voice services",,,74,"EGY","Egypt","With price control",2014,"","","National retail long distance voice"
5328,"tpTelecom_Price_Retail_Fixed_NationalVoice","Price regulation of retail national long distance voice services",,,74,"EGY","Egypt","With price control",2020,"","","National retail long distance voice"
5328,"tpTelecom_Price_Retail_Fixed_NationalVoice","Price regulation of retail national long distance voice services",,,74,"EGY","Egypt","With price control",2021,"","","National retail long distance voice"
5328,"tpTelecom_Price_Retail_Fixed_NationalVoice","Price regulation of retail national long distance voice services",,,74,"EGY","Egypt","With price control",2023,"","","National retail long distance voice"
5328,"tpTelecom_Price_Retail_Fixed_NationalVoice","Price regulation of retail national long distance voice services",,,74,"EGY","Egypt","With price control",2024,"","","National retail long distance voice"
5328,"tpTelecom_Price_Retail_Fixed_NationalVoice","Price regulation of retail national long distance voice services",,,75,"ECU","Ecuador","With price control",2009,"","","National retail long distance voice"
5328,"tpTelecom_Price_Retail_Fixed_NationalVoice","Price regulation of retail national long distance voice services",,,75,"ECU","Ecuador","With price control",2010,"","","National retail long distance voice"
5328,"tpTelecom_Price_Retail_Fixed_NationalVoice","Price regulation of retail national long distance voice services",,,75,"ECU","Ecuador","With price control",2011,"","","National retail long distance voice"
5328,"tpTelecom_Price_Retail_Fixed_NationalVoice","Price regulation of retail national long distance voice services",,,75,"ECU","Ecuador","With price control",2018,"","","National retail long distance voice"
5328,"tpTelecom_Price_Retail_Fixed_NationalVoice","Price regulation of retail national long distance voice services",,,75,"ECU","Ecuador","With price control",2019,"","","National retail long distance voice"
5328,"tpTelecom_Price_Retail_Fixed_NationalVoice","Price regulation of retail national long distance voice services",,,75,"ECU","Ecuador","With price control",2021,"","","National retail long distance voice"
5328,"tpTelecom_Price_Retail_Fixed_NationalVoice","Price regulation of retail national long distance voice services",,,75,"ECU","Ecuador","With price control",2022,"","","National retail long distance voice"
5328,"tpTelecom_Price_Retail_Fixed_NationalVoice","Price regulation of retail national long distance voice services",,,75,"ECU","Ecuador","With price control",2023,"","","National retail long distance voice"
5328,"tpTelecom_Price_Retail_Fixed_NationalVoice","Price regulation of retail national long distance voice services",,,76,"EST","Estonia","Without price control",2013,"","","National retail long distance voice"
5328,"tpTelecom_Price_Retail_Fixed_NationalVoice","Price regulation of retail national long distance voice services",,,76,"EST","Estonia","Without price control",2014,"","","National retail long distance voice"
5328,"tpTelecom_Price_Retail_Fixed_NationalVoice","Price regulation of retail national long distance voice services",,,76,"EST","Estonia","Without price control",2016,"","","National retail long distance voice"
5328,"tpTelecom_Price_Retail_Fixed_NationalVoice","Price regulation of retail national long distance voice services",,,76,"EST","Estonia","Without price control",2017,"","","National retail long distance voice"
5328,"tpTelecom_Price_Retail_Fixed_NationalVoice","Price regulation of retail national long distance voice services",,,76,"EST","Estonia","Without price control",2021,"","","National retail long distance voice"
5328,"tpTelecom_Price_Retail_Fixed_NationalVoice","Price regulation of retail national long distance voice services",,,77,"ETH","Ethiopia","With price control",2010,"","","National retail long distance voice"
5328,"tpTelecom_Price_Retail_Fixed_NationalVoice","Price regulation of retail national long distance voice services",,,77,"ETH","Ethiopia","With price control",2014,"","","National retail long distance voice"
5328,"tpTelecom_Price_Retail_Fixed_NationalVoice","Price regulation of retail national long distance voice services",,,77,"ETH","Ethiopia","With price control",2016,"","","National retail long distance voice"
5328,"tpTelecom_Price_Retail_Fixed_NationalVoice","Price regulation of retail national long distance voice services",,,78,"FRA","France","Without price control",2010,"","","National retail long distance voice"
5328,"tpTelecom_Price_Retail_Fixed_NationalVoice","Price regulation of retail national long distance voice services",,,78,"FRA","France","Without price control",2011,"","","National retail long distance voice"
5328,"tpTelecom_Price_Retail_Fixed_NationalVoice","Price regulation of retail national long distance voice services",,,78,"FRA","France","Without price control",2012,"","","National retail long distance voice"
5328,"tpTelecom_Price_Retail_Fixed_NationalVoice","Price regulation of retail national long distance voice services",,,78,"FRA","France","Without price control",2013,"","","National retail long distance voice"
5328,"tpTelecom_Price_Retail_Fixed_NationalVoice","Price regulation of retail national long distance voice services",,,78,"FRA","France","Without price control",2014,"","","National retail long distance voice"
5328,"tpTelecom_Price_Retail_Fixed_NationalVoice","Price regulation of retail national long distance voice services",,,78,"FRA","France","Without price control",2016,"","","National retail long distance voice"
5328,"tpTelecom_Price_Retail_Fixed_NationalVoice","Price regulation of retail national long distance voice services",,,78,"FRA","France","Without price control",2017,"","","National retail long distance voice"
5328,"tpTelecom_Price_Retail_Fixed_NationalVoice","Price regulation of retail national long distance voice services",,,78,"FRA","France","Without price control",2018,"","","National retail long distance voice"
5328,"tpTelecom_Price_Retail_Fixed_NationalVoice","Price regulation of retail national long distance voice services",,,78,"FRA","France","Without price control",2019,"","","National retail long distance voice"
5328,"tpTelecom_Price_Retail_Fixed_NationalVoice","Price regulation of retail national long distance voice services",,,78,"FRA","France","Without price control",2020,"","","National retail long distance voice"
5328,"tpTelecom_Price_Retail_Fixed_NationalVoice","Price regulation of retail national long distance voice services",,,78,"FRA","France","Without price control",2021,"","","National retail long distance voice"
5328,"tpTelecom_Price_Retail_Fixed_NationalVoice","Price regulation of retail national long distance voice services",,,78,"FRA","France","Without price control",2022,"","","National retail long distance voice"
5328,"tpTelecom_Price_Retail_Fixed_NationalVoice","Price regulation of retail national long distance voice services",,,78,"FRA","France","Without price control",2023,"","","National retail long distance voice"
5328,"tpTelecom_Price_Retail_Fixed_NationalVoice","Price regulation of retail national long distance voice services",,,78,"FRA","France","Without price control",2024,"","","National retail long distance voice"
5328,"tpTelecom_Price_Retail_Fixed_NationalVoice","Price regulation of retail national long distance voice services",,,79,"FJI","Fiji","Without price control",2012,"","","National retail long distance voice"
5328,"tpTelecom_Price_Retail_Fixed_NationalVoice","Price regulation of retail national long distance voice services",,,79,"FJI","Fiji","With price control",2014,"","","National retail long distance voice"
5328,"tpTelecom_Price_Retail_Fixed_NationalVoice","Price regulation of retail national long distance voice services",,,79,"FJI","Fiji","With price control",2021,"","","National retail long distance voice"
5328,"tpTelecom_Price_Retail_Fixed_NationalVoice","Price regulation of retail national long distance voice services",,,79,"FJI","Fiji","With price control",2022,"","","National retail long distance voice"
5328,"tpTelecom_Price_Retail_Fixed_NationalVoice","Price regulation of retail national long distance voice services",,,81,"FIN","Finland","Without price control",2016,"","","National retail long distance voice"
5328,"tpTelecom_Price_Retail_Fixed_NationalVoice","Price regulation of retail national long distance voice services",,,81,"FIN","Finland","Without price control",2017,"","","National retail long distance voice"
5328,"tpTelecom_Price_Retail_Fixed_NationalVoice","Price regulation of retail national long distance voice services",,,81,"FIN","Finland","Without price control",2018,"","","National retail long distance voice"
5328,"tpTelecom_Price_Retail_Fixed_NationalVoice","Price regulation of retail national long distance voice services",,,81,"FIN","Finland","Without price control",2019,"","","National retail long distance voice"
5328,"tpTelecom_Price_Retail_Fixed_NationalVoice","Price regulation of retail national long distance voice services",,,81,"FIN","Finland","Without price control",2021,"","","National retail long distance voice"
5328,"tpTelecom_Price_Retail_Fixed_NationalVoice","Price regulation of retail national long distance voice services",,,81,"FIN","Finland","Without price control",2022,"","","National retail long distance voice"
5328,"tpTelecom_Price_Retail_Fixed_NationalVoice","Price regulation of retail national long distance voice services",,,81,"FIN","Finland","Without price control",2023,"","","National retail long distance voice"
5328,"tpTelecom_Price_Retail_Fixed_NationalVoice","Price regulation of retail national long distance voice services",,,81,"FIN","Finland","Without price control",2024,"","","National retail long distance voice"
5328,"tpTelecom_Price_Retail_Fixed_NationalVoice","Price regulation of retail national long distance voice services",,,83,"FSM","Micronesia","With price control",2014,"","","National retail long distance voice"
5328,"tpTelecom_Price_Retail_Fixed_NationalVoice","Price regulation of retail national long distance voice services",,,83,"FSM","Micronesia","Without price control",2023,"","","National retail long distance voice"
5328,"tpTelecom_Price_Retail_Fixed_NationalVoice","Price regulation of retail national long distance voice services",,,84,"GBR","United Kingdom","Without price control",2018,"","","National retail long distance voice"
5328,"tpTelecom_Price_Retail_Fixed_NationalVoice","Price regulation of retail national long distance voice services",,,84,"GBR","United Kingdom","Without price control",2021,"","","National retail long distance voice"
5328,"tpTelecom_Price_Retail_Fixed_NationalVoice","Price regulation of retail national long distance voice services",,,85,"GAB","Gabon","With price control",2013,"","","National retail long distance voice"
5328,"tpTelecom_Price_Retail_Fixed_NationalVoice","Price regulation of retail national long distance voice services",,,85,"GAB","Gabon","Without price control",2015,"","","National retail long distance voice"
5328,"tpTelecom_Price_Retail_Fixed_NationalVoice","Price regulation of retail national long distance voice services",,,85,"GAB","Gabon","Without price control",2018,"","","National retail long distance voice"
5328,"tpTelecom_Price_Retail_Fixed_NationalVoice","Price regulation of retail national long distance voice services",,,85,"GAB","Gabon","Without price control",2019,"","","National retail long distance voice"
5328,"tpTelecom_Price_Retail_Fixed_NationalVoice","Price regulation of retail national long distance voice services",,,85,"GAB","Gabon","Without price control",2021,"","","National retail long distance voice"
5328,"tpTelecom_Price_Retail_Fixed_NationalVoice","Price regulation of retail national long distance voice services",,,85,"GAB","Gabon","Without price control",2023,"","","National retail long distance voice"
5328,"tpTelecom_Price_Retail_Fixed_NationalVoice","Price regulation of retail national long distance voice services",,,85,"GAB","Gabon","Without price control",2024,"","","National retail long distance voice"
5328,"tpTelecom_Price_Retail_Fixed_NationalVoice","Price regulation of retail national long distance voice services",,,90,"GHA","Ghana","Without price control",2010,"","","National retail long distance voice"
5328,"tpTelecom_Price_Retail_Fixed_NationalVoice","Price regulation of retail national long distance voice services",,,90,"GHA","Ghana","Without price control",2011,"","","National retail long distance voice"
5328,"tpTelecom_Price_Retail_Fixed_NationalVoice","Price regulation of retail national long distance voice services",,,90,"GHA","Ghana","Without price control",2012,"","","National retail long distance voice"
5328,"tpTelecom_Price_Retail_Fixed_NationalVoice","Price regulation of retail national long distance voice services",,,90,"GHA","Ghana","Without price control",2013,"","","National retail long distance voice"
5328,"tpTelecom_Price_Retail_Fixed_NationalVoice","Price regulation of retail national long distance voice services",,,90,"GHA","Ghana","Without price control",2014,"","","National retail long distance voice"
5328,"tpTelecom_Price_Retail_Fixed_NationalVoice","Price regulation of retail national long distance voice services",,,90,"GHA","Ghana","Without price control",2015,"","","National retail long distance voice"
5328,"tpTelecom_Price_Retail_Fixed_NationalVoice","Price regulation of retail national long distance voice services",,,90,"GHA","Ghana","Without price control",2016,"","","National retail long distance voice"
5328,"tpTelecom_Price_Retail_Fixed_NationalVoice","Price regulation of retail national long distance voice services",,,90,"GHA","Ghana","Without price control",2017,"","","National retail long distance voice"
5328,"tpTelecom_Price_Retail_Fixed_NationalVoice","Price regulation of retail national long distance voice services",,,90,"GHA","Ghana","Without price control",2018,"","","National retail long distance voice"
5328,"tpTelecom_Price_Retail_Fixed_NationalVoice","Price regulation of retail national long distance voice services",,,90,"GHA","Ghana","Without price control",2019,"","","National retail long distance voice"
5328,"tpTelecom_Price_Retail_Fixed_NationalVoice","Price regulation of retail national long distance voice services",,,90,"GHA","Ghana","Without price control",2020,"","","National retail long distance voice"
5328,"tpTelecom_Price_Retail_Fixed_NationalVoice","Price regulation of retail national long distance voice services",,,90,"GHA","Ghana","Without price control",2021,"","","National retail long distance voice"
5328,"tpTelecom_Price_Retail_Fixed_NationalVoice","Price regulation of retail national long distance voice services",,,90,"GHA","Ghana","Without price control",2022,"","","National retail long distance voice"
5328,"tpTelecom_Price_Retail_Fixed_NationalVoice","Price regulation of retail national long distance voice services",,,90,"GHA","Ghana","Without price control",2023,"","","National retail long distance voice"
5328,"tpTelecom_Price_Retail_Fixed_NationalVoice","Price regulation of retail national long distance voice services",,,90,"GHA","Ghana","Without price control",2024,"","","National retail long distance voice"
5328,"tpTelecom_Price_Retail_Fixed_NationalVoice","Price regulation of retail national long distance voice services",,,92,"GMB","Gambia","With price control",2009,"","","National retail long distance voice"
5328,"tpTelecom_Price_Retail_Fixed_NationalVoice","Price regulation of retail national long distance voice services",,,92,"GMB","Gambia","With price control",2012,"","","National retail long distance voice"
5328,"tpTelecom_Price_Retail_Fixed_NationalVoice","Price regulation of retail national long distance voice services",,,92,"GMB","Gambia","With price control",2013,"","","National retail long distance voice"
5328,"tpTelecom_Price_Retail_Fixed_NationalVoice","Price regulation of retail national long distance voice services",,,92,"GMB","Gambia","Without price control",2014,"","","National retail long distance voice"
5328,"tpTelecom_Price_Retail_Fixed_NationalVoice","Price regulation of retail national long distance voice services",,,92,"GMB","Gambia","With price control",2016,"","","National retail long distance voice"
5328,"tpTelecom_Price_Retail_Fixed_NationalVoice","Price regulation of retail national long distance voice services",,,92,"GMB","Gambia","With price control",2017,"","","National retail long distance voice"
5328,"tpTelecom_Price_Retail_Fixed_NationalVoice","Price regulation of retail national long distance voice services",,,92,"GMB","Gambia","With price control",2018,"","","National retail long distance voice"
5328,"tpTelecom_Price_Retail_Fixed_NationalVoice","Price regulation of retail national long distance voice services",,,92,"GMB","Gambia","With price control",2020,"","","National retail long distance voice"
5328,"tpTelecom_Price_Retail_Fixed_NationalVoice","Price regulation of retail national long distance voice services",,,92,"GMB","Gambia","With price control",2021,"","","National retail long distance voice"
5328,"tpTelecom_Price_Retail_Fixed_NationalVoice","Price regulation of retail national long distance voice services",,,92,"GMB","Gambia","With price control",2022,"","","National retail long distance voice"
5328,"tpTelecom_Price_Retail_Fixed_NationalVoice","Price regulation of retail national long distance voice services",,,92,"GMB","Gambia","With price control",2023,"","","National retail long distance voice"
5328,"tpTelecom_Price_Retail_Fixed_NationalVoice","Price regulation of retail national long distance voice services",,,92,"GMB","Gambia","With price control",2024,"","","National retail long distance voice"
5328,"tpTelecom_Price_Retail_Fixed_NationalVoice","Price regulation of retail national long distance voice services",,,93,"GNB","Guinea-Bissau","With price control",2010,"","","National retail long distance voice"
5328,"tpTelecom_Price_Retail_Fixed_NationalVoice","Price regulation of retail national long distance voice services",,,93,"GNB","Guinea-Bissau","Without price control",2014,"","","National retail long distance voice"
5328,"tpTelecom_Price_Retail_Fixed_NationalVoice","Price regulation of retail national long distance voice services",,,93,"GNB","Guinea-Bissau","Without price control",2019,"","","National retail long distance voice"
5328,"tpTelecom_Price_Retail_Fixed_NationalVoice","Price regulation of retail national long distance voice services",,,93,"GNB","Guinea-Bissau","Without price control",2020,"","","National retail long distance voice"
5328,"tpTelecom_Price_Retail_Fixed_NationalVoice","Price regulation of retail national long distance voice services",,,93,"GNB","Guinea-Bissau","Without price control",2021,"","","National retail long distance voice"
5328,"tpTelecom_Price_Retail_Fixed_NationalVoice","Price regulation of retail national long distance voice services",,,93,"GNB","Guinea-Bissau","Without price control",2022,"","","National retail long distance voice"
5328,"tpTelecom_Price_Retail_Fixed_NationalVoice","Price regulation of retail national long distance voice services",,,93,"GNB","Guinea-Bissau","Without price control",2023,"","","National retail long distance voice"
5328,"tpTelecom_Price_Retail_Fixed_NationalVoice","Price regulation of retail national long distance voice services",,,93,"GNB","Guinea-Bissau","Without price control",2024,"","","National retail long distance voice"
5328,"tpTelecom_Price_Retail_Fixed_NationalVoice","Price regulation of retail national long distance voice services",,,94,"GNQ","Equatorial Guinea","With price control",2009,"","","National retail long distance voice"
5328,"tpTelecom_Price_Retail_Fixed_NationalVoice","Price regulation of retail national long distance voice services",,,94,"GNQ","Equatorial Guinea","With price control",2014,"","","National retail long distance voice"
5328,"tpTelecom_Price_Retail_Fixed_NationalVoice","Price regulation of retail national long distance voice services",,,94,"GNQ","Equatorial Guinea","With price control",2015,"","","National retail long distance voice"
5328,"tpTelecom_Price_Retail_Fixed_NationalVoice","Price regulation of retail national long distance voice services",,,94,"GNQ","Equatorial Guinea","Without price control",2017,"","","National retail long distance voice"
5328,"tpTelecom_Price_Retail_Fixed_NationalVoice","Price regulation of retail national long distance voice services",,,94,"GNQ","Equatorial Guinea","Without price control",2018,"","","National retail long distance voice"
5328,"tpTelecom_Price_Retail_Fixed_NationalVoice","Price regulation of retail national long distance voice services",,,94,"GNQ","Equatorial Guinea","With price control",2021,"","","National retail long distance voice"
5328,"tpTelecom_Price_Retail_Fixed_NationalVoice","Price regulation of retail national long distance voice services",,,94,"GNQ","Equatorial Guinea","Without price control",2022,"","","National retail long distance voice"
5328,"tpTelecom_Price_Retail_Fixed_NationalVoice","Price regulation of retail national long distance voice services",,,94,"GNQ","Equatorial Guinea","Without price control",2023,"","","National retail long distance voice"
5328,"tpTelecom_Price_Retail_Fixed_NationalVoice","Price regulation of retail national long distance voice services",,,95,"GRC","Greece","With price control",2011,"","","National retail long distance voice"
5328,"tpTelecom_Price_Retail_Fixed_NationalVoice","Price regulation of retail national long distance voice services",,,95,"GRC","Greece","With price control",2012,"","","National retail long distance voice"
5328,"tpTelecom_Price_Retail_Fixed_NationalVoice","Price regulation of retail national long distance voice services",,,95,"GRC","Greece","With price control",2013,"","","National retail long distance voice"
5328,"tpTelecom_Price_Retail_Fixed_NationalVoice","Price regulation of retail national long distance voice services",,,95,"GRC","Greece","Without price control",2014,"","","National retail long distance voice"
5328,"tpTelecom_Price_Retail_Fixed_NationalVoice","Price regulation of retail national long distance voice services",,,95,"GRC","Greece","Without price control",2015,"","","National retail long distance voice"
5328,"tpTelecom_Price_Retail_Fixed_NationalVoice","Price regulation of retail national long distance voice services",,,95,"GRC","Greece","Without price control",2016,"","","National retail long distance voice"
5328,"tpTelecom_Price_Retail_Fixed_NationalVoice","Price regulation of retail national long distance voice services",,,95,"GRC","Greece","Without price control",2017,"","","National retail long distance voice"
5328,"tpTelecom_Price_Retail_Fixed_NationalVoice","Price regulation of retail national long distance voice services",,,95,"GRC","Greece","Without price control",2018,"","","National retail long distance voice"
5328,"tpTelecom_Price_Retail_Fixed_NationalVoice","Price regulation of retail national long distance voice services",,,95,"GRC","Greece","Without price control",2019,"","","National retail long distance voice"
5328,"tpTelecom_Price_Retail_Fixed_NationalVoice","Price regulation of retail national long distance voice services",,,95,"GRC","Greece","Without price control",2020,"","","National retail long distance voice"
5328,"tpTelecom_Price_Retail_Fixed_NationalVoice","Price regulation of retail national long distance voice services",,,95,"GRC","Greece","Without price control",2021,"","","National retail long distance voice"
5328,"tpTelecom_Price_Retail_Fixed_NationalVoice","Price regulation of retail national long distance voice services",,,95,"GRC","Greece","Without price control",2022,"","","National retail long distance voice"
5328,"tpTelecom_Price_Retail_Fixed_NationalVoice","Price regulation of retail national long distance voice services",,,95,"GRC","Greece","Without price control",2023,"","","National retail long distance voice"
5328,"tpTelecom_Price_Retail_Fixed_NationalVoice","Price regulation of retail national long distance voice services",,,95,"GRC","Greece","Without price control",2024,"","","National retail long distance voice"
5328,"tpTelecom_Price_Retail_Fixed_NationalVoice","Price regulation of retail national long distance voice services",,,96,"GRD","Grenada","With price control",2018,"","","National retail long distance voice"
5328,"tpTelecom_Price_Retail_Fixed_NationalVoice","Price regulation of retail national long distance voice services",,,96,"GRD","Grenada","With price control",2019,"","","National retail long distance voice"
5328,"tpTelecom_Price_Retail_Fixed_NationalVoice","Price regulation of retail national long distance voice services",,,96,"GRD","Grenada","With price control",2020,"","","National retail long distance voice"
5328,"tpTelecom_Price_Retail_Fixed_NationalVoice","Price regulation of retail national long distance voice services",,,96,"GRD","Grenada","With price control",2021,"","","National retail long distance voice"
5328,"tpTelecom_Price_Retail_Fixed_NationalVoice","Price regulation of retail national long distance voice services",,,96,"GRD","Grenada","With price control",2022,"","","National retail long distance voice"
5328,"tpTelecom_Price_Retail_Fixed_NationalVoice","Price regulation of retail national long distance voice services",,,98,"GTM","Guatemala","Without price control",2009,"","","National retail long distance voice"
5328,"tpTelecom_Price_Retail_Fixed_NationalVoice","Price regulation of retail national long distance voice services",,,98,"GTM","Guatemala","Without price control",2010,"","","National retail long distance voice"
5328,"tpTelecom_Price_Retail_Fixed_NationalVoice","Price regulation of retail national long distance voice services",,,98,"GTM","Guatemala","Without price control",2011,"","","National retail long distance voice"
5328,"tpTelecom_Price_Retail_Fixed_NationalVoice","Price regulation of retail national long distance voice services",,,98,"GTM","Guatemala","Without price control",2012,"","","National retail long distance voice"
5328,"tpTelecom_Price_Retail_Fixed_NationalVoice","Price regulation of retail national long distance voice services",,,98,"GTM","Guatemala","Without price control",2013,"","","National retail long distance voice"
5328,"tpTelecom_Price_Retail_Fixed_NationalVoice","Price regulation of retail national long distance voice services",,,98,"GTM","Guatemala","Without price control",2017,"","","National retail long distance voice"
5328,"tpTelecom_Price_Retail_Fixed_NationalVoice","Price regulation of retail national long distance voice services",,,98,"GTM","Guatemala","Without price control",2018,"","","National retail long distance voice"
5328,"tpTelecom_Price_Retail_Fixed_NationalVoice","Price regulation of retail national long distance voice services",,,98,"GTM","Guatemala","Without price control",2019,"","","National retail long distance voice"
5328,"tpTelecom_Price_Retail_Fixed_NationalVoice","Price regulation of retail national long distance voice services",,,98,"GTM","Guatemala","Without price control",2020,"","","National retail long distance voice"
5328,"tpTelecom_Price_Retail_Fixed_NationalVoice","Price regulation of retail national long distance voice services",,,98,"GTM","Guatemala","Without price control",2021,"","","National retail long distance voice"
5328,"tpTelecom_Price_Retail_Fixed_NationalVoice","Price regulation of retail national long distance voice services",,,98,"GTM","Guatemala","Without price control",2022,"","","National retail long distance voice"
5328,"tpTelecom_Price_Retail_Fixed_NationalVoice","Price regulation of retail national long distance voice services",,,98,"GTM","Guatemala","Without price control",2023,"","","National retail long distance voice"
5328,"tpTelecom_Price_Retail_Fixed_NationalVoice","Price regulation of retail national long distance voice services",,,98,"GTM","Guatemala","Without price control",2024,"","","National retail long distance voice"
5328,"tpTelecom_Price_Retail_Fixed_NationalVoice","Price regulation of retail national long distance voice services",,,100,"GIN","Guinea","With price control",2015,"","","National retail long distance voice"
5328,"tpTelecom_Price_Retail_Fixed_NationalVoice","Price regulation of retail national long distance voice services",,,102,"GUY","Guyana","With price control",2018,"","","National retail long distance voice"
5328,"tpTelecom_Price_Retail_Fixed_NationalVoice","Price regulation of retail national long distance voice services",,,102,"GUY","Guyana","With price control",2019,"","","National retail long distance voice"
5328,"tpTelecom_Price_Retail_Fixed_NationalVoice","Price regulation of retail national long distance voice services",,,102,"GUY","Guyana","With price control",2020,"","","National retail long distance voice"
5328,"tpTelecom_Price_Retail_Fixed_NationalVoice","Price regulation of retail national long distance voice services",,,102,"GUY","Guyana","With price control",2021,"","","National retail long distance voice"
5328,"tpTelecom_Price_Retail_Fixed_NationalVoice","Price regulation of retail national long distance voice services",,,103,"HKG","Hong Kong, China","Without price control",2011,"","","National retail long distance voice"
5328,"tpTelecom_Price_Retail_Fixed_NationalVoice","Price regulation of retail national long distance voice services",,,103,"HKG","Hong Kong, China","Without price control",2012,"","","National retail long distance voice"
5328,"tpTelecom_Price_Retail_Fixed_NationalVoice","Price regulation of retail national long distance voice services",,,103,"HKG","Hong Kong, China","Without price control",2013,"","","National retail long distance voice"
5328,"tpTelecom_Price_Retail_Fixed_NationalVoice","Price regulation of retail national long distance voice services",,,103,"HKG","Hong Kong, China","Without price control",2014,"","","National retail long distance voice"
5328,"tpTelecom_Price_Retail_Fixed_NationalVoice","Price regulation of retail national long distance voice services",,,103,"HKG","Hong Kong, China","Without price control",2015,"","","National retail long distance voice"
5328,"tpTelecom_Price_Retail_Fixed_NationalVoice","Price regulation of retail national long distance voice services",,,103,"HKG","Hong Kong, China","Without price control",2016,"","","National retail long distance voice"
5328,"tpTelecom_Price_Retail_Fixed_NationalVoice","Price regulation of retail national long distance voice services",,,103,"HKG","Hong Kong, China","Without price control",2017,"","","National retail long distance voice"
5328,"tpTelecom_Price_Retail_Fixed_NationalVoice","Price regulation of retail national long distance voice services",,,103,"HKG","Hong Kong, China","Without price control",2018,"","","National retail long distance voice"
5328,"tpTelecom_Price_Retail_Fixed_NationalVoice","Price regulation of retail national long distance voice services",,,103,"HKG","Hong Kong, China","Without price control",2019,"","","National retail long distance voice"
5328,"tpTelecom_Price_Retail_Fixed_NationalVoice","Price regulation of retail national long distance voice services",,,103,"HKG","Hong Kong, China","Without price control",2020,"","","National retail long distance voice"
5328,"tpTelecom_Price_Retail_Fixed_NationalVoice","Price regulation of retail national long distance voice services",,,103,"HKG","Hong Kong, China","Without price control",2021,"","","National retail long distance voice"
5328,"tpTelecom_Price_Retail_Fixed_NationalVoice","Price regulation of retail national long distance voice services",,,103,"HKG","Hong Kong, China","Without price control",2022,"","","National retail long distance voice"
5328,"tpTelecom_Price_Retail_Fixed_NationalVoice","Price regulation of retail national long distance voice services",,,103,"HKG","Hong Kong, China","Without price control",2023,"","","National retail long distance voice"
5328,"tpTelecom_Price_Retail_Fixed_NationalVoice","Price regulation of retail national long distance voice services",,,103,"HKG","Hong Kong, China","Without price control",2024,"","","National retail long distance voice"
5328,"tpTelecom_Price_Retail_Fixed_NationalVoice","Price regulation of retail national long distance voice services",,,104,"HND","Honduras","With price control",2010,"","","National retail long distance voice"
5328,"tpTelecom_Price_Retail_Fixed_NationalVoice","Price regulation of retail national long distance voice services",,,104,"HND","Honduras","With price control",2011,"","","National retail long distance voice"
5328,"tpTelecom_Price_Retail_Fixed_NationalVoice","Price regulation of retail national long distance voice services",,,104,"HND","Honduras","With price control",2012,"","","National retail long distance voice"
5328,"tpTelecom_Price_Retail_Fixed_NationalVoice","Price regulation of retail national long distance voice services",,,104,"HND","Honduras","With price control",2013,"","","National retail long distance voice"
5328,"tpTelecom_Price_Retail_Fixed_NationalVoice","Price regulation of retail national long distance voice services",,,104,"HND","Honduras","With price control",2014,"","","National retail long distance voice"
5328,"tpTelecom_Price_Retail_Fixed_NationalVoice","Price regulation of retail national long distance voice services",,,104,"HND","Honduras","With price control",2015,"","","National retail long distance voice"
5328,"tpTelecom_Price_Retail_Fixed_NationalVoice","Price regulation of retail national long distance voice services",,,104,"HND","Honduras","With price control",2016,"","","National retail long distance voice"
5328,"tpTelecom_Price_Retail_Fixed_NationalVoice","Price regulation of retail national long distance voice services",,,104,"HND","Honduras","With price control",2017,"","","National retail long distance voice"
5328,"tpTelecom_Price_Retail_Fixed_NationalVoice","Price regulation of retail national long distance voice services",,,104,"HND","Honduras","With price control",2018,"","","National retail long distance voice"
5328,"tpTelecom_Price_Retail_Fixed_NationalVoice","Price regulation of retail national long distance voice services",,,104,"HND","Honduras","With price control",2019,"","","National retail long distance voice"
5328,"tpTelecom_Price_Retail_Fixed_NationalVoice","Price regulation of retail national long distance voice services",,,104,"HND","Honduras","With price control",2020,"","","National retail long distance voice"
5328,"tpTelecom_Price_Retail_Fixed_NationalVoice","Price regulation of retail national long distance voice services",,,104,"HND","Honduras","With price control",2021,"","","National retail long distance voice"
5328,"tpTelecom_Price_Retail_Fixed_NationalVoice","Price regulation of retail national long distance voice services",,,104,"HND","Honduras","With price control",2022,"","","National retail long distance voice"
5328,"tpTelecom_Price_Retail_Fixed_NationalVoice","Price regulation of retail national long distance voice services",,,104,"HND","Honduras","With price control",2023,"","","National retail long distance voice"
5328,"tpTelecom_Price_Retail_Fixed_NationalVoice","Price regulation of retail national long distance voice services",,,104,"HND","Honduras","With price control",2024,"","","National retail long distance voice"
5328,"tpTelecom_Price_Retail_Fixed_NationalVoice","Price regulation of retail national long distance voice services",,,105,"HUN","Hungary","Without price control",2016,"","","National retail long distance voice"
5328,"tpTelecom_Price_Retail_Fixed_NationalVoice","Price regulation of retail national long distance voice services",,,105,"HUN","Hungary","Without price control",2017,"","","National retail long distance voice"
5328,"tpTelecom_Price_Retail_Fixed_NationalVoice","Price regulation of retail national long distance voice services",,,105,"HUN","Hungary","Without price control",2018,"","","National retail long distance voice"
5328,"tpTelecom_Price_Retail_Fixed_NationalVoice","Price regulation of retail national long distance voice services",,,105,"HUN","Hungary","Without price control",2019,"","","National retail long distance voice"
5328,"tpTelecom_Price_Retail_Fixed_NationalVoice","Price regulation of retail national long distance voice services",,,105,"HUN","Hungary","Without price control",2020,"","","National retail long distance voice"
5328,"tpTelecom_Price_Retail_Fixed_NationalVoice","Price regulation of retail national long distance voice services",,,105,"HUN","Hungary","Without price control",2021,"","","National retail long distance voice"
5328,"tpTelecom_Price_Retail_Fixed_NationalVoice","Price regulation of retail national long distance voice services",,,105,"HUN","Hungary","Without price control",2022,"","","National retail long distance voice"
5328,"tpTelecom_Price_Retail_Fixed_NationalVoice","Price regulation of retail national long distance voice services",,,105,"HUN","Hungary","Without price control",2023,"","","National retail long distance voice"
5328,"tpTelecom_Price_Retail_Fixed_NationalVoice","Price regulation of retail national long distance voice services",,,106,"NLD","Netherlands","Without price control",2016,"","","National retail long distance voice"
5328,"tpTelecom_Price_Retail_Fixed_NationalVoice","Price regulation of retail national long distance voice services",,,106,"NLD","Netherlands","Without price control",2021,"","","National retail long distance voice"
5328,"tpTelecom_Price_Retail_Fixed_NationalVoice","Price regulation of retail national long distance voice services",,,107,"HRV","Croatia","With price control",2009,"","","National retail long distance voice"
5328,"tpTelecom_Price_Retail_Fixed_NationalVoice","Price regulation of retail national long distance voice services",,,107,"HRV","Croatia","With price control",2011,"","","National retail long distance voice"
5328,"tpTelecom_Price_Retail_Fixed_NationalVoice","Price regulation of retail national long distance voice services",,,107,"HRV","Croatia","With price control",2012,"","","National retail long distance voice"
5328,"tpTelecom_Price_Retail_Fixed_NationalVoice","Price regulation of retail national long distance voice services",,,107,"HRV","Croatia","With price control",2013,"","","National retail long distance voice"
5328,"tpTelecom_Price_Retail_Fixed_NationalVoice","Price regulation of retail national long distance voice services",,,107,"HRV","Croatia","Without price control",2014,"","","National retail long distance voice"
5328,"tpTelecom_Price_Retail_Fixed_NationalVoice","Price regulation of retail national long distance voice services",,,107,"HRV","Croatia","Without price control",2015,"","","National retail long distance voice"
5328,"tpTelecom_Price_Retail_Fixed_NationalVoice","Price regulation of retail national long distance voice services",,,107,"HRV","Croatia","Without price control",2016,"","","National retail long distance voice"
5328,"tpTelecom_Price_Retail_Fixed_NationalVoice","Price regulation of retail national long distance voice services",,,107,"HRV","Croatia","Without price control",2017,"","","National retail long distance voice"
5328,"tpTelecom_Price_Retail_Fixed_NationalVoice","Price regulation of retail national long distance voice services",,,107,"HRV","Croatia","Without price control",2018,"","","National retail long distance voice"
5328,"tpTelecom_Price_Retail_Fixed_NationalVoice","Price regulation of retail national long distance voice services",,,107,"HRV","Croatia","Without price control",2019,"","","National retail long distance voice"
5328,"tpTelecom_Price_Retail_Fixed_NationalVoice","Price regulation of retail national long distance voice services",,,107,"HRV","Croatia","Without price control",2020,"","","National retail long distance voice"
5328,"tpTelecom_Price_Retail_Fixed_NationalVoice","Price regulation of retail national long distance voice services",,,107,"HRV","Croatia","Without price control",2021,"","","National retail long distance voice"
5328,"tpTelecom_Price_Retail_Fixed_NationalVoice","Price regulation of retail national long distance voice services",,,107,"HRV","Croatia","Without price control",2022,"","","National retail long distance voice"
5328,"tpTelecom_Price_Retail_Fixed_NationalVoice","Price regulation of retail national long distance voice services",,,107,"HRV","Croatia","Without price control",2023,"","","National retail long distance voice"
5328,"tpTelecom_Price_Retail_Fixed_NationalVoice","Price regulation of retail national long distance voice services",,,107,"HRV","Croatia","Without price control",2024,"","","National retail long distance voice"
5328,"tpTelecom_Price_Retail_Fixed_NationalVoice","Price regulation of retail national long distance voice services",,,108,"HTI","Haiti","With price control",2014,"","","National retail long distance voice"
5328,"tpTelecom_Price_Retail_Fixed_NationalVoice","Price regulation of retail national long distance voice services",,,108,"HTI","Haiti","With price control",2015,"","","National retail long distance voice"
5328,"tpTelecom_Price_Retail_Fixed_NationalVoice","Price regulation of retail national long distance voice services",,,108,"HTI","Haiti","With price control",2016,"","","National retail long distance voice"
5328,"tpTelecom_Price_Retail_Fixed_NationalVoice","Price regulation of retail national long distance voice services",,,108,"HTI","Haiti","With price control",2017,"","","National retail long distance voice"
5328,"tpTelecom_Price_Retail_Fixed_NationalVoice","Price regulation of retail national long distance voice services",,,108,"HTI","Haiti","With price control",2018,"","","National retail long distance voice"
5328,"tpTelecom_Price_Retail_Fixed_NationalVoice","Price regulation of retail national long distance voice services",,,111,"ITA","Italy","Without price control",2011,"","","National retail long distance voice"
5328,"tpTelecom_Price_Retail_Fixed_NationalVoice","Price regulation of retail national long distance voice services",,,111,"ITA","Italy","Without price control",2013,"","","National retail long distance voice"
5328,"tpTelecom_Price_Retail_Fixed_NationalVoice","Price regulation of retail national long distance voice services",,,111,"ITA","Italy","Without price control",2014,"","","National retail long distance voice"
5328,"tpTelecom_Price_Retail_Fixed_NationalVoice","Price regulation of retail national long distance voice services",,,111,"ITA","Italy","Without price control",2018,"","","National retail long distance voice"
5328,"tpTelecom_Price_Retail_Fixed_NationalVoice","Price regulation of retail national long distance voice services",,,111,"ITA","Italy","Without price control",2019,"","","National retail long distance voice"
5328,"tpTelecom_Price_Retail_Fixed_NationalVoice","Price regulation of retail national long distance voice services",,,111,"ITA","Italy","Without price control",2021,"","","National retail long distance voice"
5328,"tpTelecom_Price_Retail_Fixed_NationalVoice","Price regulation of retail national long distance voice services",,,113,"IND","India","Without price control",2009,"","","National retail long distance voice"
5328,"tpTelecom_Price_Retail_Fixed_NationalVoice","Price regulation of retail national long distance voice services",,,113,"IND","India","Without price control",2010,"","","National retail long distance voice"
5328,"tpTelecom_Price_Retail_Fixed_NationalVoice","Price regulation of retail national long distance voice services",,,113,"IND","India","Without price control",2012,"","","National retail long distance voice"
5328,"tpTelecom_Price_Retail_Fixed_NationalVoice","Price regulation of retail national long distance voice services",,,113,"IND","India","Without price control",2013,"","","National retail long distance voice"
5328,"tpTelecom_Price_Retail_Fixed_NationalVoice","Price regulation of retail national long distance voice services",,,113,"IND","India","Without price control",2014,"","","National retail long distance voice"
5328,"tpTelecom_Price_Retail_Fixed_NationalVoice","Price regulation of retail national long distance voice services",,,113,"IND","India","Without price control",2015,"","","National retail long distance voice"
5328,"tpTelecom_Price_Retail_Fixed_NationalVoice","Price regulation of retail national long distance voice services",,,113,"IND","India","Without price control",2018,"","","National retail long distance voice"
5328,"tpTelecom_Price_Retail_Fixed_NationalVoice","Price regulation of retail national long distance voice services",,,113,"IND","India","Without price control",2019,"","","National retail long distance voice"
5328,"tpTelecom_Price_Retail_Fixed_NationalVoice","Price regulation of retail national long distance voice services",,,113,"IND","India","Without price control",2020,"","","National retail long distance voice"
5328,"tpTelecom_Price_Retail_Fixed_NationalVoice","Price regulation of retail national long distance voice services",,,113,"IND","India","Without price control",2021,"","","National retail long distance voice"
5328,"tpTelecom_Price_Retail_Fixed_NationalVoice","Price regulation of retail national long distance voice services",,,113,"IND","India","Without price control",2022,"","","National retail long distance voice"
5328,"tpTelecom_Price_Retail_Fixed_NationalVoice","Price regulation of retail national long distance voice services",,,113,"IND","India","Without price control",2023,"","","National retail long distance voice"
5328,"tpTelecom_Price_Retail_Fixed_NationalVoice","Price regulation of retail national long distance voice services",,,113,"IND","India","Without price control",2024,"","","National retail long distance voice"
5328,"tpTelecom_Price_Retail_Fixed_NationalVoice","Price regulation of retail national long distance voice services",,,114,"IDN","Indonesia","With price control",2010,"","","National retail long distance voice"
5328,"tpTelecom_Price_Retail_Fixed_NationalVoice","Price regulation of retail national long distance voice services",,,114,"IDN","Indonesia","With price control",2011,"","","National retail long distance voice"
5328,"tpTelecom_Price_Retail_Fixed_NationalVoice","Price regulation of retail national long distance voice services",,,114,"IDN","Indonesia","Without price control",2012,"","","National retail long distance voice"
5328,"tpTelecom_Price_Retail_Fixed_NationalVoice","Price regulation of retail national long distance voice services",,,114,"IDN","Indonesia","Without price control",2021,"","","National retail long distance voice"
5328,"tpTelecom_Price_Retail_Fixed_NationalVoice","Price regulation of retail national long distance voice services",,,114,"IDN","Indonesia","Without price control",2022,"","","National retail long distance voice"
5328,"tpTelecom_Price_Retail_Fixed_NationalVoice","Price regulation of retail national long distance voice services",,,114,"IDN","Indonesia","Without price control",2023,"","","National retail long distance voice"
5328,"tpTelecom_Price_Retail_Fixed_NationalVoice","Price regulation of retail national long distance voice services",,,114,"IDN","Indonesia","Without price control",2024,"","","National retail long distance voice"
5328,"tpTelecom_Price_Retail_Fixed_NationalVoice","Price regulation of retail national long distance voice services",,,115,"IRL","Ireland","Without price control",2009,"","","National retail long distance voice"
5328,"tpTelecom_Price_Retail_Fixed_NationalVoice","Price regulation of retail national long distance voice services",,,115,"IRL","Ireland","Without price control",2010,"","","National retail long distance voice"
5328,"tpTelecom_Price_Retail_Fixed_NationalVoice","Price regulation of retail national long distance voice services",,,115,"IRL","Ireland","Without price control",2011,"","","National retail long distance voice"
5328,"tpTelecom_Price_Retail_Fixed_NationalVoice","Price regulation of retail national long distance voice services",,,115,"IRL","Ireland","Without price control",2012,"","","National retail long distance voice"
5328,"tpTelecom_Price_Retail_Fixed_NationalVoice","Price regulation of retail national long distance voice services",,,115,"IRL","Ireland","Without price control",2013,"","","National retail long distance voice"
5328,"tpTelecom_Price_Retail_Fixed_NationalVoice","Price regulation of retail national long distance voice services",,,115,"IRL","Ireland","Without price control",2014,"","","National retail long distance voice"
5328,"tpTelecom_Price_Retail_Fixed_NationalVoice","Price regulation of retail national long distance voice services",,,115,"IRL","Ireland","Without price control",2016,"","","National retail long distance voice"
5328,"tpTelecom_Price_Retail_Fixed_NationalVoice","Price regulation of retail national long distance voice services",,,115,"IRL","Ireland","Without price control",2017,"","","National retail long distance voice"
5328,"tpTelecom_Price_Retail_Fixed_NationalVoice","Price regulation of retail national long distance voice services",,,115,"IRL","Ireland","Without price control",2018,"","","National retail long distance voice"
5328,"tpTelecom_Price_Retail_Fixed_NationalVoice","Price regulation of retail national long distance voice services",,,115,"IRL","Ireland","Without price control",2019,"","","National retail long distance voice"
5328,"tpTelecom_Price_Retail_Fixed_NationalVoice","Price regulation of retail national long distance voice services",,,115,"IRL","Ireland","Without price control",2020,"","","National retail long distance voice"
5328,"tpTelecom_Price_Retail_Fixed_NationalVoice","Price regulation of retail national long distance voice services",,,115,"IRL","Ireland","Without price control",2021,"","","National retail long distance voice"
5328,"tpTelecom_Price_Retail_Fixed_NationalVoice","Price regulation of retail national long distance voice services",,,115,"IRL","Ireland","Without price control",2022,"","","National retail long distance voice"
5328,"tpTelecom_Price_Retail_Fixed_NationalVoice","Price regulation of retail national long distance voice services",,,115,"IRL","Ireland","Without price control",2023,"","","National retail long distance voice"
5328,"tpTelecom_Price_Retail_Fixed_NationalVoice","Price regulation of retail national long distance voice services",,,115,"IRL","Ireland","Without price control",2024,"","","National retail long distance voice"
5328,"tpTelecom_Price_Retail_Fixed_NationalVoice","Price regulation of retail national long distance voice services",,,116,"IRN","Iran (Islamic Republic of)","With price control",2014,"","","National retail long distance voice"
5328,"tpTelecom_Price_Retail_Fixed_NationalVoice","Price regulation of retail national long distance voice services",,,116,"IRN","Iran (Islamic Republic of)","With price control",2016,"","","National retail long distance voice"
5328,"tpTelecom_Price_Retail_Fixed_NationalVoice","Price regulation of retail national long distance voice services",,,116,"IRN","Iran (Islamic Republic of)","With price control",2017,"","","National retail long distance voice"
5328,"tpTelecom_Price_Retail_Fixed_NationalVoice","Price regulation of retail national long distance voice services",,,116,"IRN","Iran (Islamic Republic of)","With price control",2018,"","","National retail long distance voice"
5328,"tpTelecom_Price_Retail_Fixed_NationalVoice","Price regulation of retail national long distance voice services",,,116,"IRN","Iran (Islamic Republic of)","With price control",2019,"","","National retail long distance voice"
5328,"tpTelecom_Price_Retail_Fixed_NationalVoice","Price regulation of retail national long distance voice services",,,116,"IRN","Iran (Islamic Republic of)","With price control",2020,"","","National retail long distance voice"
5328,"tpTelecom_Price_Retail_Fixed_NationalVoice","Price regulation of retail national long distance voice services",,,116,"IRN","Iran (Islamic Republic of)","With price control",2021,"","","National retail long distance voice"
5328,"tpTelecom_Price_Retail_Fixed_NationalVoice","Price regulation of retail national long distance voice services",,,116,"IRN","Iran (Islamic Republic of)","With price control",2022,"","","National retail long distance voice"
5328,"tpTelecom_Price_Retail_Fixed_NationalVoice","Price regulation of retail national long distance voice services",,,116,"IRN","Iran (Islamic Republic of)","With price control",2023,"","","National retail long distance voice"
5328,"tpTelecom_Price_Retail_Fixed_NationalVoice","Price regulation of retail national long distance voice services",,,116,"IRN","Iran (Islamic Republic of)","With price control",2024,"","","National retail long distance voice"
5328,"tpTelecom_Price_Retail_Fixed_NationalVoice","Price regulation of retail national long distance voice services",,,117,"IRQ","Iraq","With price control",2009,"","","National retail long distance voice"
5328,"tpTelecom_Price_Retail_Fixed_NationalVoice","Price regulation of retail national long distance voice services",,,117,"IRQ","Iraq","Without price control",2019,"","","National retail long distance voice"
5328,"tpTelecom_Price_Retail_Fixed_NationalVoice","Price regulation of retail national long distance voice services",,,117,"IRQ","Iraq","Without price control",2020,"","","National retail long distance voice"
5328,"tpTelecom_Price_Retail_Fixed_NationalVoice","Price regulation of retail national long distance voice services",,,117,"IRQ","Iraq","Without price control",2021,"","","National retail long distance voice"
5328,"tpTelecom_Price_Retail_Fixed_NationalVoice","Price regulation of retail national long distance voice services",,,117,"IRQ","Iraq","Without price control",2022,"","","National retail long distance voice"
5328,"tpTelecom_Price_Retail_Fixed_NationalVoice","Price regulation of retail national long distance voice services",,,117,"IRQ","Iraq","Without price control",2023,"","","National retail long distance voice"
5328,"tpTelecom_Price_Retail_Fixed_NationalVoice","Price regulation of retail national long distance voice services",,,117,"IRQ","Iraq","With price control",2024,"","","National retail long distance voice"
5328,"tpTelecom_Price_Retail_Fixed_NationalVoice","Price regulation of retail national long distance voice services",,,118,"ISL","Iceland","Without price control",2009,"","","National retail long distance voice"
5328,"tpTelecom_Price_Retail_Fixed_NationalVoice","Price regulation of retail national long distance voice services",,,118,"ISL","Iceland","Without price control",2011,"","","National retail long distance voice"
5328,"tpTelecom_Price_Retail_Fixed_NationalVoice","Price regulation of retail national long distance voice services",,,118,"ISL","Iceland","Without price control",2012,"","","National retail long distance voice"
5328,"tpTelecom_Price_Retail_Fixed_NationalVoice","Price regulation of retail national long distance voice services",,,118,"ISL","Iceland","Without price control",2013,"","","National retail long distance voice"
5328,"tpTelecom_Price_Retail_Fixed_NationalVoice","Price regulation of retail national long distance voice services",,,118,"ISL","Iceland","Without price control",2014,"","","National retail long distance voice"
5328,"tpTelecom_Price_Retail_Fixed_NationalVoice","Price regulation of retail national long distance voice services",,,118,"ISL","Iceland","Without price control",2015,"","","National retail long distance voice"
5328,"tpTelecom_Price_Retail_Fixed_NationalVoice","Price regulation of retail national long distance voice services",,,118,"ISL","Iceland","Without price control",2016,"","","National retail long distance voice"
5328,"tpTelecom_Price_Retail_Fixed_NationalVoice","Price regulation of retail national long distance voice services",,,118,"ISL","Iceland","Without price control",2017,"","","National retail long distance voice"
5328,"tpTelecom_Price_Retail_Fixed_NationalVoice","Price regulation of retail national long distance voice services",,,118,"ISL","Iceland","Without price control",2018,"","","National retail long distance voice"
5328,"tpTelecom_Price_Retail_Fixed_NationalVoice","Price regulation of retail national long distance voice services",,,118,"ISL","Iceland","Without price control",2019,"","","National retail long distance voice"
5328,"tpTelecom_Price_Retail_Fixed_NationalVoice","Price regulation of retail national long distance voice services",,,118,"ISL","Iceland","Without price control",2020,"","","National retail long distance voice"
5328,"tpTelecom_Price_Retail_Fixed_NationalVoice","Price regulation of retail national long distance voice services",,,118,"ISL","Iceland","Without price control",2021,"","","National retail long distance voice"
5328,"tpTelecom_Price_Retail_Fixed_NationalVoice","Price regulation of retail national long distance voice services",,,118,"ISL","Iceland","Without price control",2022,"","","National retail long distance voice"
5328,"tpTelecom_Price_Retail_Fixed_NationalVoice","Price regulation of retail national long distance voice services",,,118,"ISL","Iceland","Without price control",2023,"","","National retail long distance voice"
5328,"tpTelecom_Price_Retail_Fixed_NationalVoice","Price regulation of retail national long distance voice services",,,118,"ISL","Iceland","Without price control",2024,"","","National retail long distance voice"
5328,"tpTelecom_Price_Retail_Fixed_NationalVoice","Price regulation of retail national long distance voice services",,,119,"ISR","Israel","Without price control",2017,"","","National retail long distance voice"
5328,"tpTelecom_Price_Retail_Fixed_NationalVoice","Price regulation of retail national long distance voice services",,,119,"ISR","Israel","With price control",2018,"","","National retail long distance voice"
5328,"tpTelecom_Price_Retail_Fixed_NationalVoice","Price regulation of retail national long distance voice services",,,119,"ISR","Israel","With price control",2019,"","","National retail long distance voice"
5328,"tpTelecom_Price_Retail_Fixed_NationalVoice","Price regulation of retail national long distance voice services",,,119,"ISR","Israel","With price control",2020,"","","National retail long distance voice"
5328,"tpTelecom_Price_Retail_Fixed_NationalVoice","Price regulation of retail national long distance voice services",,,119,"ISR","Israel","With price control",2021,"","","National retail long distance voice"
5328,"tpTelecom_Price_Retail_Fixed_NationalVoice","Price regulation of retail national long distance voice services",,,119,"ISR","Israel","With price control",2022,"","","National retail long distance voice"
5328,"tpTelecom_Price_Retail_Fixed_NationalVoice","Price regulation of retail national long distance voice services",,,119,"ISR","Israel","With price control",2023,"","","National retail long distance voice"
5328,"tpTelecom_Price_Retail_Fixed_NationalVoice","Price regulation of retail national long distance voice services",,,120,"JPN","Japan","Without price control",2009,"","","National retail long distance voice"
5328,"tpTelecom_Price_Retail_Fixed_NationalVoice","Price regulation of retail national long distance voice services",,,120,"JPN","Japan","Without price control",2010,"","","National retail long distance voice"
5328,"tpTelecom_Price_Retail_Fixed_NationalVoice","Price regulation of retail national long distance voice services",,,120,"JPN","Japan","Without price control",2011,"","","National retail long distance voice"
5328,"tpTelecom_Price_Retail_Fixed_NationalVoice","Price regulation of retail national long distance voice services",,,120,"JPN","Japan","Without price control",2012,"","","National retail long distance voice"
5328,"tpTelecom_Price_Retail_Fixed_NationalVoice","Price regulation of retail national long distance voice services",,,120,"JPN","Japan","Without price control",2013,"","","National retail long distance voice"
5328,"tpTelecom_Price_Retail_Fixed_NationalVoice","Price regulation of retail national long distance voice services",,,120,"JPN","Japan","Without price control",2014,"","","National retail long distance voice"
5328,"tpTelecom_Price_Retail_Fixed_NationalVoice","Price regulation of retail national long distance voice services",,,120,"JPN","Japan","Without price control",2015,"","","National retail long distance voice"
5328,"tpTelecom_Price_Retail_Fixed_NationalVoice","Price regulation of retail national long distance voice services",,,120,"JPN","Japan","Without price control",2016,"","","National retail long distance voice"
5328,"tpTelecom_Price_Retail_Fixed_NationalVoice","Price regulation of retail national long distance voice services",,,120,"JPN","Japan","Without price control",2017,"","","National retail long distance voice"
5328,"tpTelecom_Price_Retail_Fixed_NationalVoice","Price regulation of retail national long distance voice services",,,120,"JPN","Japan","Without price control",2018,"","","National retail long distance voice"
5328,"tpTelecom_Price_Retail_Fixed_NationalVoice","Price regulation of retail national long distance voice services",,,120,"JPN","Japan","Without price control",2019,"","","National retail long distance voice"
5328,"tpTelecom_Price_Retail_Fixed_NationalVoice","Price regulation of retail national long distance voice services",,,120,"JPN","Japan","Without price control",2020,"","","National retail long distance voice"
5328,"tpTelecom_Price_Retail_Fixed_NationalVoice","Price regulation of retail national long distance voice services",,,120,"JPN","Japan","Without price control",2021,"","","National retail long distance voice"
5328,"tpTelecom_Price_Retail_Fixed_NationalVoice","Price regulation of retail national long distance voice services",,,120,"JPN","Japan","Without price control",2022,"","","National retail long distance voice"
5328,"tpTelecom_Price_Retail_Fixed_NationalVoice","Price regulation of retail national long distance voice services",,,120,"JPN","Japan","Without price control",2023,"","","National retail long distance voice"
5328,"tpTelecom_Price_Retail_Fixed_NationalVoice","Price regulation of retail national long distance voice services",,,120,"JPN","Japan","Without price control",2024,"","","National retail long distance voice"
5328,"tpTelecom_Price_Retail_Fixed_NationalVoice","Price regulation of retail national long distance voice services",,,122,"JAM","Jamaica","With price control",2009,"","","National retail long distance voice"
5328,"tpTelecom_Price_Retail_Fixed_NationalVoice","Price regulation of retail national long distance voice services",,,122,"JAM","Jamaica","With price control",2010,"","","National retail long distance voice"
5328,"tpTelecom_Price_Retail_Fixed_NationalVoice","Price regulation of retail national long distance voice services",,,122,"JAM","Jamaica","With price control",2012,"","","National retail long distance voice"
5328,"tpTelecom_Price_Retail_Fixed_NationalVoice","Price regulation of retail national long distance voice services",,,122,"JAM","Jamaica","With price control",2013,"","","National retail long distance voice"
5328,"tpTelecom_Price_Retail_Fixed_NationalVoice","Price regulation of retail national long distance voice services",,,122,"JAM","Jamaica","Without price control",2014,"","","National retail long distance voice"
5328,"tpTelecom_Price_Retail_Fixed_NationalVoice","Price regulation of retail national long distance voice services",,,122,"JAM","Jamaica","Without price control",2016,"","","National retail long distance voice"
5328,"tpTelecom_Price_Retail_Fixed_NationalVoice","Price regulation of retail national long distance voice services",,,122,"JAM","Jamaica","Without price control",2017,"","","National retail long distance voice"
5328,"tpTelecom_Price_Retail_Fixed_NationalVoice","Price regulation of retail national long distance voice services",,,122,"JAM","Jamaica","Without price control",2018,"","","National retail long distance voice"
5328,"tpTelecom_Price_Retail_Fixed_NationalVoice","Price regulation of retail national long distance voice services",,,122,"JAM","Jamaica","Without price control",2019,"","","National retail long distance voice"
5328,"tpTelecom_Price_Retail_Fixed_NationalVoice","Price regulation of retail national long distance voice services",,,122,"JAM","Jamaica","Without price control",2020,"","","National retail long distance voice"
5328,"tpTelecom_Price_Retail_Fixed_NationalVoice","Price regulation of retail national long distance voice services",,,122,"JAM","Jamaica","Without price control",2021,"","","National retail long distance voice"
5328,"tpTelecom_Price_Retail_Fixed_NationalVoice","Price regulation of retail national long distance voice services",,,122,"JAM","Jamaica","Without price control",2022,"","","National retail long distance voice"
5328,"tpTelecom_Price_Retail_Fixed_NationalVoice","Price regulation of retail national long distance voice services",,,122,"JAM","Jamaica","Without price control",2023,"","","National retail long distance voice"
5328,"tpTelecom_Price_Retail_Fixed_NationalVoice","Price regulation of retail national long distance voice services",,,124,"JOR","Jordan","With price control",2011,"","","National retail long distance voice"
5328,"tpTelecom_Price_Retail_Fixed_NationalVoice","Price regulation of retail national long distance voice services",,,124,"JOR","Jordan","With price control",2012,"","","National retail long distance voice"
5328,"tpTelecom_Price_Retail_Fixed_NationalVoice","Price regulation of retail national long distance voice services",,,124,"JOR","Jordan","With price control",2018,"","","National retail long distance voice"
5328,"tpTelecom_Price_Retail_Fixed_NationalVoice","Price regulation of retail national long distance voice services",,,124,"JOR","Jordan","With price control",2019,"","","National retail long distance voice"
5328,"tpTelecom_Price_Retail_Fixed_NationalVoice","Price regulation of retail national long distance voice services",,,124,"JOR","Jordan","Without price control",2021,"","","National retail long distance voice"
5328,"tpTelecom_Price_Retail_Fixed_NationalVoice","Price regulation of retail national long distance voice services",,,124,"JOR","Jordan","Without price control",2022,"","","National retail long distance voice"
5328,"tpTelecom_Price_Retail_Fixed_NationalVoice","Price regulation of retail national long distance voice services",,,124,"JOR","Jordan","Without price control",2023,"","","National retail long distance voice"
5328,"tpTelecom_Price_Retail_Fixed_NationalVoice","Price regulation of retail national long distance voice services",,,124,"JOR","Jordan","Without price control",2024,"","","National retail long distance voice"
5328,"tpTelecom_Price_Retail_Fixed_NationalVoice","Price regulation of retail national long distance voice services",,,125,"KEN","Kenya","With price control",2009,"","","National retail long distance voice"
5328,"tpTelecom_Price_Retail_Fixed_NationalVoice","Price regulation of retail national long distance voice services",,,125,"KEN","Kenya","With price control",2010,"","","National retail long distance voice"
5328,"tpTelecom_Price_Retail_Fixed_NationalVoice","Price regulation of retail national long distance voice services",,,125,"KEN","Kenya","Without price control",2011,"","","National retail long distance voice"
5328,"tpTelecom_Price_Retail_Fixed_NationalVoice","Price regulation of retail national long distance voice services",,,125,"KEN","Kenya","Without price control",2012,"","","National retail long distance voice"
5328,"tpTelecom_Price_Retail_Fixed_NationalVoice","Price regulation of retail national long distance voice services",,,125,"KEN","Kenya","Without price control",2013,"","","National retail long distance voice"
5328,"tpTelecom_Price_Retail_Fixed_NationalVoice","Price regulation of retail national long distance voice services",,,125,"KEN","Kenya","Without price control",2014,"","","National retail long distance voice"
5328,"tpTelecom_Price_Retail_Fixed_NationalVoice","Price regulation of retail national long distance voice services",,,125,"KEN","Kenya","Without price control",2015,"","","National retail long distance voice"
5328,"tpTelecom_Price_Retail_Fixed_NationalVoice","Price regulation of retail national long distance voice services",,,125,"KEN","Kenya","Without price control",2019,"","","National retail long distance voice"
5328,"tpTelecom_Price_Retail_Fixed_NationalVoice","Price regulation of retail national long distance voice services",,,125,"KEN","Kenya","Without price control",2021,"","","National retail long distance voice"
5328,"tpTelecom_Price_Retail_Fixed_NationalVoice","Price regulation of retail national long distance voice services",,,127,"KIR","Kiribati","Without price control",2021,"","","National retail long distance voice"
5328,"tpTelecom_Price_Retail_Fixed_NationalVoice","Price regulation of retail national long distance voice services",,,128,"KOR","Korea (Rep. of)","Without price control",2010,"","","National retail long distance voice"
5328,"tpTelecom_Price_Retail_Fixed_NationalVoice","Price regulation of retail national long distance voice services",,,128,"KOR","Korea (Rep. of)","Without price control",2019,"","","National retail long distance voice"
5328,"tpTelecom_Price_Retail_Fixed_NationalVoice","Price regulation of retail national long distance voice services",,,128,"KOR","Korea (Rep. of)","Without price control",2020,"","","National retail long distance voice"
5328,"tpTelecom_Price_Retail_Fixed_NationalVoice","Price regulation of retail national long distance voice services",,,130,"KWT","Kuwait","With price control",2013,"","","National retail long distance voice"
5328,"tpTelecom_Price_Retail_Fixed_NationalVoice","Price regulation of retail national long distance voice services",,,130,"KWT","Kuwait","With price control",2014,"","","National retail long distance voice"
5328,"tpTelecom_Price_Retail_Fixed_NationalVoice","Price regulation of retail national long distance voice services",,,130,"KWT","Kuwait","With price control",2015,"","","National retail long distance voice"
5328,"tpTelecom_Price_Retail_Fixed_NationalVoice","Price regulation of retail national long distance voice services",,,130,"KWT","Kuwait","With price control",2018,"","","National retail long distance voice"
5328,"tpTelecom_Price_Retail_Fixed_NationalVoice","Price regulation of retail national long distance voice services",,,130,"KWT","Kuwait","With price control",2019,"","","National retail long distance voice"
5328,"tpTelecom_Price_Retail_Fixed_NationalVoice","Price regulation of retail national long distance voice services",,,130,"KWT","Kuwait","Without price control",2020,"","","National retail long distance voice"
5328,"tpTelecom_Price_Retail_Fixed_NationalVoice","Price regulation of retail national long distance voice services",,,130,"KWT","Kuwait","Without price control",2021,"","","National retail long distance voice"
5328,"tpTelecom_Price_Retail_Fixed_NationalVoice","Price regulation of retail national long distance voice services",,,130,"KWT","Kuwait","Without price control",2022,"","","National retail long distance voice"
5328,"tpTelecom_Price_Retail_Fixed_NationalVoice","Price regulation of retail national long distance voice services",,,130,"KWT","Kuwait","Without price control",2023,"","","National retail long distance voice"
5328,"tpTelecom_Price_Retail_Fixed_NationalVoice","Price regulation of retail national long distance voice services",,,131,"LAO","Lao P.D.R.","With price control",2016,"","","National retail long distance voice"
5328,"tpTelecom_Price_Retail_Fixed_NationalVoice","Price regulation of retail national long distance voice services",,,131,"LAO","Lao P.D.R.","With price control",2017,"","","National retail long distance voice"
5328,"tpTelecom_Price_Retail_Fixed_NationalVoice","Price regulation of retail national long distance voice services",,,131,"LAO","Lao P.D.R.","With price control",2018,"","","National retail long distance voice"
5328,"tpTelecom_Price_Retail_Fixed_NationalVoice","Price regulation of retail national long distance voice services",,,131,"LAO","Lao P.D.R.","With price control",2020,"","","National retail long distance voice"
5328,"tpTelecom_Price_Retail_Fixed_NationalVoice","Price regulation of retail national long distance voice services",,,131,"LAO","Lao P.D.R.","With price control",2021,"","","National retail long distance voice"
5328,"tpTelecom_Price_Retail_Fixed_NationalVoice","Price regulation of retail national long distance voice services",,,131,"LAO","Lao P.D.R.","With price control",2022,"","","National retail long distance voice"
5328,"tpTelecom_Price_Retail_Fixed_NationalVoice","Price regulation of retail national long distance voice services",,,131,"LAO","Lao P.D.R.","With price control",2023,"","","National retail long distance voice"
5328,"tpTelecom_Price_Retail_Fixed_NationalVoice","Price regulation of retail national long distance voice services",,,132,"LBN","Lebanon","With price control",2009,"","","National retail long distance voice"
5328,"tpTelecom_Price_Retail_Fixed_NationalVoice","Price regulation of retail national long distance voice services",,,133,"LBR","Liberia","Without price control",2018,"","","National retail long distance voice"
5328,"tpTelecom_Price_Retail_Fixed_NationalVoice","Price regulation of retail national long distance voice services",,,133,"LBR","Liberia","Without price control",2021,"","","National retail long distance voice"
5328,"tpTelecom_Price_Retail_Fixed_NationalVoice","Price regulation of retail national long distance voice services",,,133,"LBR","Liberia","Without price control",2022,"","","National retail long distance voice"
5328,"tpTelecom_Price_Retail_Fixed_NationalVoice","Price regulation of retail national long distance voice services",,,134,"LBY","Libya","With price control",2017,"","","National retail long distance voice"
5328,"tpTelecom_Price_Retail_Fixed_NationalVoice","Price regulation of retail national long distance voice services",,,135,"LCA","Saint Lucia","With price control",2013,"","","National retail long distance voice"
5328,"tpTelecom_Price_Retail_Fixed_NationalVoice","Price regulation of retail national long distance voice services",,,135,"LCA","Saint Lucia","Without price control",2014,"","","National retail long distance voice"
5328,"tpTelecom_Price_Retail_Fixed_NationalVoice","Price regulation of retail national long distance voice services",,,135,"LCA","Saint Lucia","With price control",2016,"","","National retail long distance voice"
5328,"tpTelecom_Price_Retail_Fixed_NationalVoice","Price regulation of retail national long distance voice services",,,135,"LCA","Saint Lucia","With price control",2017,"","","National retail long distance voice"
5328,"tpTelecom_Price_Retail_Fixed_NationalVoice","Price regulation of retail national long distance voice services",,,135,"LCA","Saint Lucia","With price control",2018,"","","National retail long distance voice"
5328,"tpTelecom_Price_Retail_Fixed_NationalVoice","Price regulation of retail national long distance voice services",,,135,"LCA","Saint Lucia","With price control",2019,"","","National retail long distance voice"
5328,"tpTelecom_Price_Retail_Fixed_NationalVoice","Price regulation of retail national long distance voice services",,,135,"LCA","Saint Lucia","With price control",2020,"","","National retail long distance voice"
5328,"tpTelecom_Price_Retail_Fixed_NationalVoice","Price regulation of retail national long distance voice services",,,135,"LCA","Saint Lucia","With price control",2021,"","","National retail long distance voice"
5328,"tpTelecom_Price_Retail_Fixed_NationalVoice","Price regulation of retail national long distance voice services",,,135,"LCA","Saint Lucia","With price control",2022,"","","National retail long distance voice"
5328,"tpTelecom_Price_Retail_Fixed_NationalVoice","Price regulation of retail national long distance voice services",,,135,"LCA","Saint Lucia","With price control",2023,"","","National retail long distance voice"
5328,"tpTelecom_Price_Retail_Fixed_NationalVoice","Price regulation of retail national long distance voice services",,,135,"LCA","Saint Lucia","With price control",2024,"","","National retail long distance voice"
5328,"tpTelecom_Price_Retail_Fixed_NationalVoice","Price regulation of retail national long distance voice services",,,136,"LIE","Liechtenstein","Without price control",2011,"","","National retail long distance voice"
5328,"tpTelecom_Price_Retail_Fixed_NationalVoice","Price regulation of retail national long distance voice services",,,136,"LIE","Liechtenstein","Without price control",2012,"","","National retail long distance voice"
5328,"tpTelecom_Price_Retail_Fixed_NationalVoice","Price regulation of retail national long distance voice services",,,136,"LIE","Liechtenstein","Without price control",2013,"","","National retail long distance voice"
5328,"tpTelecom_Price_Retail_Fixed_NationalVoice","Price regulation of retail national long distance voice services",,,136,"LIE","Liechtenstein","Without price control",2014,"","","National retail long distance voice"
5328,"tpTelecom_Price_Retail_Fixed_NationalVoice","Price regulation of retail national long distance voice services",,,136,"LIE","Liechtenstein","Without price control",2015,"","","National retail long distance voice"
5328,"tpTelecom_Price_Retail_Fixed_NationalVoice","Price regulation of retail national long distance voice services",,,136,"LIE","Liechtenstein","Without price control",2016,"","","National retail long distance voice"
5328,"tpTelecom_Price_Retail_Fixed_NationalVoice","Price regulation of retail national long distance voice services",,,136,"LIE","Liechtenstein","Without price control",2017,"","","National retail long distance voice"
5328,"tpTelecom_Price_Retail_Fixed_NationalVoice","Price regulation of retail national long distance voice services",,,136,"LIE","Liechtenstein","Without price control",2018,"","","National retail long distance voice"
5328,"tpTelecom_Price_Retail_Fixed_NationalVoice","Price regulation of retail national long distance voice services",,,136,"LIE","Liechtenstein","Without price control",2019,"","","National retail long distance voice"
5328,"tpTelecom_Price_Retail_Fixed_NationalVoice","Price regulation of retail national long distance voice services",,,136,"LIE","Liechtenstein","Without price control",2020,"","","National retail long distance voice"
5328,"tpTelecom_Price_Retail_Fixed_NationalVoice","Price regulation of retail national long distance voice services",,,136,"LIE","Liechtenstein","Without price control",2021,"","","National retail long distance voice"
5328,"tpTelecom_Price_Retail_Fixed_NationalVoice","Price regulation of retail national long distance voice services",,,136,"LIE","Liechtenstein","Without price control",2022,"","","National retail long distance voice"
5328,"tpTelecom_Price_Retail_Fixed_NationalVoice","Price regulation of retail national long distance voice services",,,136,"LIE","Liechtenstein","Without price control",2023,"","","National retail long distance voice"
5328,"tpTelecom_Price_Retail_Fixed_NationalVoice","Price regulation of retail national long distance voice services",,,136,"LIE","Liechtenstein","Without price control",2024,"","","National retail long distance voice"
5328,"tpTelecom_Price_Retail_Fixed_NationalVoice","Price regulation of retail national long distance voice services",,,137,"LSO","Lesotho","With price control",2009,"","","National retail long distance voice"
5328,"tpTelecom_Price_Retail_Fixed_NationalVoice","Price regulation of retail national long distance voice services",,,137,"LSO","Lesotho","With price control",2011,"","","National retail long distance voice"
5328,"tpTelecom_Price_Retail_Fixed_NationalVoice","Price regulation of retail national long distance voice services",,,137,"LSO","Lesotho","With price control",2013,"","","National retail long distance voice"
5328,"tpTelecom_Price_Retail_Fixed_NationalVoice","Price regulation of retail national long distance voice services",,,137,"LSO","Lesotho","With price control",2014,"","","National retail long distance voice"
5328,"tpTelecom_Price_Retail_Fixed_NationalVoice","Price regulation of retail national long distance voice services",,,137,"LSO","Lesotho","With price control",2015,"","","National retail long distance voice"
5328,"tpTelecom_Price_Retail_Fixed_NationalVoice","Price regulation of retail national long distance voice services",,,137,"LSO","Lesotho","With price control",2016,"","","National retail long distance voice"
5328,"tpTelecom_Price_Retail_Fixed_NationalVoice","Price regulation of retail national long distance voice services",,,137,"LSO","Lesotho","With price control",2017,"","","National retail long distance voice"
5328,"tpTelecom_Price_Retail_Fixed_NationalVoice","Price regulation of retail national long distance voice services",,,137,"LSO","Lesotho","With price control",2018,"","","National retail long distance voice"
5328,"tpTelecom_Price_Retail_Fixed_NationalVoice","Price regulation of retail national long distance voice services",,,137,"LSO","Lesotho","With price control",2019,"","","National retail long distance voice"
5328,"tpTelecom_Price_Retail_Fixed_NationalVoice","Price regulation of retail national long distance voice services",,,137,"LSO","Lesotho","With price control",2020,"","","National retail long distance voice"
5328,"tpTelecom_Price_Retail_Fixed_NationalVoice","Price regulation of retail national long distance voice services",,,137,"LSO","Lesotho","With price control",2021,"","","National retail long distance voice"
5328,"tpTelecom_Price_Retail_Fixed_NationalVoice","Price regulation of retail national long distance voice services",,,137,"LSO","Lesotho","With price control",2023,"","","National retail long distance voice"
5328,"tpTelecom_Price_Retail_Fixed_NationalVoice","Price regulation of retail national long distance voice services",,,138,"LTU","Lithuania","With price control",2009,"","","National retail long distance voice"
5328,"tpTelecom_Price_Retail_Fixed_NationalVoice","Price regulation of retail national long distance voice services",,,138,"LTU","Lithuania","With price control",2010,"","","National retail long distance voice"
5328,"tpTelecom_Price_Retail_Fixed_NationalVoice","Price regulation of retail national long distance voice services",,,138,"LTU","Lithuania","With price control",2011,"","","National retail long distance voice"
5328,"tpTelecom_Price_Retail_Fixed_NationalVoice","Price regulation of retail national long distance voice services",,,138,"LTU","Lithuania","With price control",2012,"","","National retail long distance voice"
5328,"tpTelecom_Price_Retail_Fixed_NationalVoice","Price regulation of retail national long distance voice services",,,138,"LTU","Lithuania","With price control",2016,"","","National retail long distance voice"
5328,"tpTelecom_Price_Retail_Fixed_NationalVoice","Price regulation of retail national long distance voice services",,,138,"LTU","Lithuania","With price control",2017,"","","National retail long distance voice"
5328,"tpTelecom_Price_Retail_Fixed_NationalVoice","Price regulation of retail national long distance voice services",,,138,"LTU","Lithuania","With price control",2018,"","","National retail long distance voice"
5328,"tpTelecom_Price_Retail_Fixed_NationalVoice","Price regulation of retail national long distance voice services",,,138,"LTU","Lithuania","With price control",2019,"","","National retail long distance voice"
5328,"tpTelecom_Price_Retail_Fixed_NationalVoice","Price regulation of retail national long distance voice services",,,138,"LTU","Lithuania","With price control",2020,"","","National retail long distance voice"
5328,"tpTelecom_Price_Retail_Fixed_NationalVoice","Price regulation of retail national long distance voice services",,,138,"LTU","Lithuania","Without price control",2021,"","","National retail long distance voice"
5328,"tpTelecom_Price_Retail_Fixed_NationalVoice","Price regulation of retail national long distance voice services",,,138,"LTU","Lithuania","Without price control",2022,"","","National retail long distance voice"
5328,"tpTelecom_Price_Retail_Fixed_NationalVoice","Price regulation of retail national long distance voice services",,,138,"LTU","Lithuania","Without price control",2023,"","","National retail long distance voice"
5328,"tpTelecom_Price_Retail_Fixed_NationalVoice","Price regulation of retail national long distance voice services",,,138,"LTU","Lithuania","Without price control",2024,"","","National retail long distance voice"
5328,"tpTelecom_Price_Retail_Fixed_NationalVoice","Price regulation of retail national long distance voice services",,,140,"LVA","Latvia","With price control",2011,"","","National retail long distance voice"
5328,"tpTelecom_Price_Retail_Fixed_NationalVoice","Price regulation of retail national long distance voice services",,,140,"LVA","Latvia","With price control",2012,"","","National retail long distance voice"
5328,"tpTelecom_Price_Retail_Fixed_NationalVoice","Price regulation of retail national long distance voice services",,,140,"LVA","Latvia","With price control",2013,"","","National retail long distance voice"
5328,"tpTelecom_Price_Retail_Fixed_NationalVoice","Price regulation of retail national long distance voice services",,,140,"LVA","Latvia","With price control",2014,"","","National retail long distance voice"
5328,"tpTelecom_Price_Retail_Fixed_NationalVoice","Price regulation of retail national long distance voice services",,,140,"LVA","Latvia","With price control",2015,"","","National retail long distance voice"
5328,"tpTelecom_Price_Retail_Fixed_NationalVoice","Price regulation of retail national long distance voice services",,,140,"LVA","Latvia","With price control",2016,"","","National retail long distance voice"
5328,"tpTelecom_Price_Retail_Fixed_NationalVoice","Price regulation of retail national long distance voice services",,,140,"LVA","Latvia","Without price control",2018,"","","National retail long distance voice"
5328,"tpTelecom_Price_Retail_Fixed_NationalVoice","Price regulation of retail national long distance voice services",,,140,"LVA","Latvia","Without price control",2019,"","","National retail long distance voice"
5328,"tpTelecom_Price_Retail_Fixed_NationalVoice","Price regulation of retail national long distance voice services",,,144,"MDG","Madagascar","Without price control",2016,"","","National retail long distance voice"
5328,"tpTelecom_Price_Retail_Fixed_NationalVoice","Price regulation of retail national long distance voice services",,,144,"MDG","Madagascar","Without price control",2017,"","","National retail long distance voice"
5328,"tpTelecom_Price_Retail_Fixed_NationalVoice","Price regulation of retail national long distance voice services",,,144,"MDG","Madagascar","Without price control",2018,"","","National retail long distance voice"
5328,"tpTelecom_Price_Retail_Fixed_NationalVoice","Price regulation of retail national long distance voice services",,,144,"MDG","Madagascar","Without price control",2019,"","","National retail long distance voice"
5328,"tpTelecom_Price_Retail_Fixed_NationalVoice","Price regulation of retail national long distance voice services",,,144,"MDG","Madagascar","Without price control",2020,"","","National retail long distance voice"
5328,"tpTelecom_Price_Retail_Fixed_NationalVoice","Price regulation of retail national long distance voice services",,,144,"MDG","Madagascar","Without price control",2021,"","","National retail long distance voice"
5328,"tpTelecom_Price_Retail_Fixed_NationalVoice","Price regulation of retail national long distance voice services",,,144,"MDG","Madagascar","Without price control",2022,"","","National retail long distance voice"
5328,"tpTelecom_Price_Retail_Fixed_NationalVoice","Price regulation of retail national long distance voice services",,,144,"MDG","Madagascar","Without price control",2023,"","","National retail long distance voice"
5328,"tpTelecom_Price_Retail_Fixed_NationalVoice","Price regulation of retail national long distance voice services",,,144,"MDG","Madagascar","Without price control",2024,"","","National retail long distance voice"
5328,"tpTelecom_Price_Retail_Fixed_NationalVoice","Price regulation of retail national long distance voice services",,,147,"MEX","Mexico","Without price control",2009,"","","National retail long distance voice"
5328,"tpTelecom_Price_Retail_Fixed_NationalVoice","Price regulation of retail national long distance voice services",,,147,"MEX","Mexico","With price control",2010,"","","National retail long distance voice"
5328,"tpTelecom_Price_Retail_Fixed_NationalVoice","Price regulation of retail national long distance voice services",,,147,"MEX","Mexico","With price control",2011,"","","National retail long distance voice"
5328,"tpTelecom_Price_Retail_Fixed_NationalVoice","Price regulation of retail national long distance voice services",,,147,"MEX","Mexico","With price control",2013,"","","National retail long distance voice"
5328,"tpTelecom_Price_Retail_Fixed_NationalVoice","Price regulation of retail national long distance voice services",,,147,"MEX","Mexico","With price control",2015,"","","National retail long distance voice"
5328,"tpTelecom_Price_Retail_Fixed_NationalVoice","Price regulation of retail national long distance voice services",,,147,"MEX","Mexico","With price control",2016,"","","National retail long distance voice"
5328,"tpTelecom_Price_Retail_Fixed_NationalVoice","Price regulation of retail national long distance voice services",,,147,"MEX","Mexico","With price control",2017,"","","National retail long distance voice"
5328,"tpTelecom_Price_Retail_Fixed_NationalVoice","Price regulation of retail national long distance voice services",,,147,"MEX","Mexico","With price control",2018,"","","National retail long distance voice"
5328,"tpTelecom_Price_Retail_Fixed_NationalVoice","Price regulation of retail national long distance voice services",,,147,"MEX","Mexico","With price control",2019,"","","National retail long distance voice"
5328,"tpTelecom_Price_Retail_Fixed_NationalVoice","Price regulation of retail national long distance voice services",,,147,"MEX","Mexico","Without price control",2021,"","","National retail long distance voice"
5328,"tpTelecom_Price_Retail_Fixed_NationalVoice","Price regulation of retail national long distance voice services",,,147,"MEX","Mexico","Without price control",2022,"","","National retail long distance voice"
5328,"tpTelecom_Price_Retail_Fixed_NationalVoice","Price regulation of retail national long distance voice services",,,147,"MEX","Mexico","Without price control",2023,"","","National retail long distance voice"
5328,"tpTelecom_Price_Retail_Fixed_NationalVoice","Price regulation of retail national long distance voice services",,,147,"MEX","Mexico","Without price control",2024,"","","National retail long distance voice"
5328,"tpTelecom_Price_Retail_Fixed_NationalVoice","Price regulation of retail national long distance voice services",,,148,"MYS","Malaysia","With price control",2011,"","","National retail long distance voice"
5328,"tpTelecom_Price_Retail_Fixed_NationalVoice","Price regulation of retail national long distance voice services",,,148,"MYS","Malaysia","With price control",2013,"","","National retail long distance voice"
5328,"tpTelecom_Price_Retail_Fixed_NationalVoice","Price regulation of retail national long distance voice services",,,148,"MYS","Malaysia","With price control",2014,"","","National retail long distance voice"
5328,"tpTelecom_Price_Retail_Fixed_NationalVoice","Price regulation of retail national long distance voice services",,,148,"MYS","Malaysia","Without price control",2016,"","","National retail long distance voice"
5328,"tpTelecom_Price_Retail_Fixed_NationalVoice","Price regulation of retail national long distance voice services",,,148,"MYS","Malaysia","Without price control",2017,"","","National retail long distance voice"
5328,"tpTelecom_Price_Retail_Fixed_NationalVoice","Price regulation of retail national long distance voice services",,,148,"MYS","Malaysia","Without price control",2018,"","","National retail long distance voice"
5328,"tpTelecom_Price_Retail_Fixed_NationalVoice","Price regulation of retail national long distance voice services",,,148,"MYS","Malaysia","Without price control",2019,"","","National retail long distance voice"
5328,"tpTelecom_Price_Retail_Fixed_NationalVoice","Price regulation of retail national long distance voice services",,,148,"MYS","Malaysia","Without price control",2020,"","","National retail long distance voice"
5328,"tpTelecom_Price_Retail_Fixed_NationalVoice","Price regulation of retail national long distance voice services",,,148,"MYS","Malaysia","Without price control",2021,"","","National retail long distance voice"
5328,"tpTelecom_Price_Retail_Fixed_NationalVoice","Price regulation of retail national long distance voice services",,,148,"MYS","Malaysia","Without price control",2022,"","","National retail long distance voice"
5328,"tpTelecom_Price_Retail_Fixed_NationalVoice","Price regulation of retail national long distance voice services",,,148,"MYS","Malaysia","Without price control",2023,"","","National retail long distance voice"
5328,"tpTelecom_Price_Retail_Fixed_NationalVoice","Price regulation of retail national long distance voice services",,,149,"MDV","Maldives","With price control",2022,"","","National retail long distance voice"
5328,"tpTelecom_Price_Retail_Fixed_NationalVoice","Price regulation of retail national long distance voice services",,,149,"MDV","Maldives","With price control",2024,"","","National retail long distance voice"
5328,"tpTelecom_Price_Retail_Fixed_NationalVoice","Price regulation of retail national long distance voice services",,,150,"MLI","Mali","With price control",2009,"","","National retail long distance voice"
5328,"tpTelecom_Price_Retail_Fixed_NationalVoice","Price regulation of retail national long distance voice services",,,150,"MLI","Mali","With price control",2010,"","","National retail long distance voice"
5328,"tpTelecom_Price_Retail_Fixed_NationalVoice","Price regulation of retail national long distance voice services",,,150,"MLI","Mali","With price control",2013,"","","National retail long distance voice"
5328,"tpTelecom_Price_Retail_Fixed_NationalVoice","Price regulation of retail national long distance voice services",,,150,"MLI","Mali","With price control",2016,"","","National retail long distance voice"
5328,"tpTelecom_Price_Retail_Fixed_NationalVoice","Price regulation of retail national long distance voice services",,,150,"MLI","Mali","With price control",2017,"","","National retail long distance voice"
5328,"tpTelecom_Price_Retail_Fixed_NationalVoice","Price regulation of retail national long distance voice services",,,150,"MLI","Mali","With price control",2018,"","","National retail long distance voice"
5328,"tpTelecom_Price_Retail_Fixed_NationalVoice","Price regulation of retail national long distance voice services",,,150,"MLI","Mali","With price control",2019,"","","National retail long distance voice"
5328,"tpTelecom_Price_Retail_Fixed_NationalVoice","Price regulation of retail national long distance voice services",,,150,"MLI","Mali","With price control",2020,"","","National retail long distance voice"
5328,"tpTelecom_Price_Retail_Fixed_NationalVoice","Price regulation of retail national long distance voice services",,,150,"MLI","Mali","With price control",2022,"","","National retail long distance voice"
5328,"tpTelecom_Price_Retail_Fixed_NationalVoice","Price regulation of retail national long distance voice services",,,150,"MLI","Mali","With price control",2023,"","","National retail long distance voice"
5328,"tpTelecom_Price_Retail_Fixed_NationalVoice","Price regulation of retail national long distance voice services",,,151,"MLT","Malta","Without price control",2009,"","","National retail long distance voice"
5328,"tpTelecom_Price_Retail_Fixed_NationalVoice","Price regulation of retail national long distance voice services",,,151,"MLT","Malta","Without price control",2011,"","","National retail long distance voice"
5328,"tpTelecom_Price_Retail_Fixed_NationalVoice","Price regulation of retail national long distance voice services",,,151,"MLT","Malta","Without price control",2012,"","","National retail long distance voice"
5328,"tpTelecom_Price_Retail_Fixed_NationalVoice","Price regulation of retail national long distance voice services",,,151,"MLT","Malta","Without price control",2014,"","","National retail long distance voice"
5328,"tpTelecom_Price_Retail_Fixed_NationalVoice","Price regulation of retail national long distance voice services",,,151,"MLT","Malta","Without price control",2016,"","","National retail long distance voice"
5328,"tpTelecom_Price_Retail_Fixed_NationalVoice","Price regulation of retail national long distance voice services",,,151,"MLT","Malta","Without price control",2017,"","","National retail long distance voice"
5328,"tpTelecom_Price_Retail_Fixed_NationalVoice","Price regulation of retail national long distance voice services",,,151,"MLT","Malta","Without price control",2018,"","","National retail long distance voice"
5328,"tpTelecom_Price_Retail_Fixed_NationalVoice","Price regulation of retail national long distance voice services",,,151,"MLT","Malta","Without price control",2019,"","","National retail long distance voice"
5328,"tpTelecom_Price_Retail_Fixed_NationalVoice","Price regulation of retail national long distance voice services",,,151,"MLT","Malta","Without price control",2020,"","","National retail long distance voice"
5328,"tpTelecom_Price_Retail_Fixed_NationalVoice","Price regulation of retail national long distance voice services",,,151,"MLT","Malta","Without price control",2021,"","","National retail long distance voice"
5328,"tpTelecom_Price_Retail_Fixed_NationalVoice","Price regulation of retail national long distance voice services",,,151,"MLT","Malta","Without price control",2022,"","","National retail long distance voice"
5328,"tpTelecom_Price_Retail_Fixed_NationalVoice","Price regulation of retail national long distance voice services",,,151,"MLT","Malta","Without price control",2023,"","","National retail long distance voice"
5328,"tpTelecom_Price_Retail_Fixed_NationalVoice","Price regulation of retail national long distance voice services",,,151,"MLT","Malta","Without price control",2024,"","","National retail long distance voice"
5328,"tpTelecom_Price_Retail_Fixed_NationalVoice","Price regulation of retail national long distance voice services",,,152,"MNG","Mongolia","With price control",2010,"","","National retail long distance voice"
5328,"tpTelecom_Price_Retail_Fixed_NationalVoice","Price regulation of retail national long distance voice services",,,152,"MNG","Mongolia","Without price control",2016,"","","National retail long distance voice"
5328,"tpTelecom_Price_Retail_Fixed_NationalVoice","Price regulation of retail national long distance voice services",,,152,"MNG","Mongolia","Without price control",2018,"","","National retail long distance voice"
5328,"tpTelecom_Price_Retail_Fixed_NationalVoice","Price regulation of retail national long distance voice services",,,152,"MNG","Mongolia","Without price control",2019,"","","National retail long distance voice"
5328,"tpTelecom_Price_Retail_Fixed_NationalVoice","Price regulation of retail national long distance voice services",,,152,"MNG","Mongolia","Without price control",2020,"","","National retail long distance voice"
5328,"tpTelecom_Price_Retail_Fixed_NationalVoice","Price regulation of retail national long distance voice services",,,152,"MNG","Mongolia","Without price control",2021,"","","National retail long distance voice"
5328,"tpTelecom_Price_Retail_Fixed_NationalVoice","Price regulation of retail national long distance voice services",,,152,"MNG","Mongolia","Without price control",2022,"","","National retail long distance voice"
5328,"tpTelecom_Price_Retail_Fixed_NationalVoice","Price regulation of retail national long distance voice services",,,152,"MNG","Mongolia","Without price control",2023,"","","National retail long distance voice"
5328,"tpTelecom_Price_Retail_Fixed_NationalVoice","Price regulation of retail national long distance voice services",,,152,"MNG","Mongolia","Without price control",2024,"","","National retail long distance voice"
5328,"tpTelecom_Price_Retail_Fixed_NationalVoice","Price regulation of retail national long distance voice services",,,153,"MOZ","Mozambique","With price control",2009,"","","National retail long distance voice"
5328,"tpTelecom_Price_Retail_Fixed_NationalVoice","Price regulation of retail national long distance voice services",,,153,"MOZ","Mozambique","Without price control",2010,"","","National retail long distance voice"
5328,"tpTelecom_Price_Retail_Fixed_NationalVoice","Price regulation of retail national long distance voice services",,,153,"MOZ","Mozambique","Without price control",2011,"","","National retail long distance voice"
5328,"tpTelecom_Price_Retail_Fixed_NationalVoice","Price regulation of retail national long distance voice services",,,153,"MOZ","Mozambique","Without price control",2012,"","","National retail long distance voice"
5328,"tpTelecom_Price_Retail_Fixed_NationalVoice","Price regulation of retail national long distance voice services",,,153,"MOZ","Mozambique","Without price control",2014,"","","National retail long distance voice"
5328,"tpTelecom_Price_Retail_Fixed_NationalVoice","Price regulation of retail national long distance voice services",,,153,"MOZ","Mozambique","Without price control",2015,"","","National retail long distance voice"
5328,"tpTelecom_Price_Retail_Fixed_NationalVoice","Price regulation of retail national long distance voice services",,,153,"MOZ","Mozambique","Without price control",2016,"","","National retail long distance voice"
5328,"tpTelecom_Price_Retail_Fixed_NationalVoice","Price regulation of retail national long distance voice services",,,153,"MOZ","Mozambique","Without price control",2017,"","","National retail long distance voice"
5328,"tpTelecom_Price_Retail_Fixed_NationalVoice","Price regulation of retail national long distance voice services",,,153,"MOZ","Mozambique","Without price control",2019,"","","National retail long distance voice"
5328,"tpTelecom_Price_Retail_Fixed_NationalVoice","Price regulation of retail national long distance voice services",,,153,"MOZ","Mozambique","Without price control",2020,"","","National retail long distance voice"
5328,"tpTelecom_Price_Retail_Fixed_NationalVoice","Price regulation of retail national long distance voice services",,,153,"MOZ","Mozambique","Without price control",2021,"","","National retail long distance voice"
5328,"tpTelecom_Price_Retail_Fixed_NationalVoice","Price regulation of retail national long distance voice services",,,155,"MAR","Morocco","With price control",2009,"","","National retail long distance voice"
5328,"tpTelecom_Price_Retail_Fixed_NationalVoice","Price regulation of retail national long distance voice services",,,155,"MAR","Morocco","With price control",2011,"","","National retail long distance voice"
5328,"tpTelecom_Price_Retail_Fixed_NationalVoice","Price regulation of retail national long distance voice services",,,155,"MAR","Morocco","With price control",2012,"","","National retail long distance voice"
5328,"tpTelecom_Price_Retail_Fixed_NationalVoice","Price regulation of retail national long distance voice services",,,155,"MAR","Morocco","With price control",2013,"","","National retail long distance voice"
5328,"tpTelecom_Price_Retail_Fixed_NationalVoice","Price regulation of retail national long distance voice services",,,155,"MAR","Morocco","With price control",2014,"","","National retail long distance voice"
5328,"tpTelecom_Price_Retail_Fixed_NationalVoice","Price regulation of retail national long distance voice services",,,155,"MAR","Morocco","With price control",2016,"","","National retail long distance voice"
5328,"tpTelecom_Price_Retail_Fixed_NationalVoice","Price regulation of retail national long distance voice services",,,155,"MAR","Morocco","With price control",2017,"","","National retail long distance voice"
5328,"tpTelecom_Price_Retail_Fixed_NationalVoice","Price regulation of retail national long distance voice services",,,155,"MAR","Morocco","With price control",2018,"","","National retail long distance voice"
5328,"tpTelecom_Price_Retail_Fixed_NationalVoice","Price regulation of retail national long distance voice services",,,155,"MAR","Morocco","Without price control",2019,"","","National retail long distance voice"
5328,"tpTelecom_Price_Retail_Fixed_NationalVoice","Price regulation of retail national long distance voice services",,,156,"MHL","Marshall Islands","Without price control",2012,"","","National retail long distance voice"
5328,"tpTelecom_Price_Retail_Fixed_NationalVoice","Price regulation of retail national long distance voice services",,,156,"MHL","Marshall Islands","With price control",2013,"","","National retail long distance voice"
5328,"tpTelecom_Price_Retail_Fixed_NationalVoice","Price regulation of retail national long distance voice services",,,156,"MHL","Marshall Islands","Without price control",2014,"","","National retail long distance voice"
5328,"tpTelecom_Price_Retail_Fixed_NationalVoice","Price regulation of retail national long distance voice services",,,160,"MRT","Mauritania","Without price control",2012,"","","National retail long distance voice"
5328,"tpTelecom_Price_Retail_Fixed_NationalVoice","Price regulation of retail national long distance voice services",,,160,"MRT","Mauritania","Without price control",2013,"","","National retail long distance voice"
5328,"tpTelecom_Price_Retail_Fixed_NationalVoice","Price regulation of retail national long distance voice services",,,160,"MRT","Mauritania","Without price control",2014,"","","National retail long distance voice"
5328,"tpTelecom_Price_Retail_Fixed_NationalVoice","Price regulation of retail national long distance voice services",,,160,"MRT","Mauritania","Without price control",2015,"","","National retail long distance voice"
5328,"tpTelecom_Price_Retail_Fixed_NationalVoice","Price regulation of retail national long distance voice services",,,160,"MRT","Mauritania","Without price control",2016,"","","National retail long distance voice"
5328,"tpTelecom_Price_Retail_Fixed_NationalVoice","Price regulation of retail national long distance voice services",,,160,"MRT","Mauritania","Without price control",2017,"","","National retail long distance voice"
5328,"tpTelecom_Price_Retail_Fixed_NationalVoice","Price regulation of retail national long distance voice services",,,160,"MRT","Mauritania","Without price control",2018,"","","National retail long distance voice"
5328,"tpTelecom_Price_Retail_Fixed_NationalVoice","Price regulation of retail national long distance voice services",,,160,"MRT","Mauritania","Without price control",2019,"","","National retail long distance voice"
5328,"tpTelecom_Price_Retail_Fixed_NationalVoice","Price regulation of retail national long distance voice services",,,160,"MRT","Mauritania","Without price control",2020,"","","National retail long distance voice"
5328,"tpTelecom_Price_Retail_Fixed_NationalVoice","Price regulation of retail national long distance voice services",,,160,"MRT","Mauritania","Without price control",2022,"","","National retail long distance voice"
5328,"tpTelecom_Price_Retail_Fixed_NationalVoice","Price regulation of retail national long distance voice services",,,161,"MWI","Malawi","Without price control",2013,"","","National retail long distance voice"
5328,"tpTelecom_Price_Retail_Fixed_NationalVoice","Price regulation of retail national long distance voice services",,,161,"MWI","Malawi","Without price control",2014,"","","National retail long distance voice"
5328,"tpTelecom_Price_Retail_Fixed_NationalVoice","Price regulation of retail national long distance voice services",,,161,"MWI","Malawi","Without price control",2016,"","","National retail long distance voice"
5328,"tpTelecom_Price_Retail_Fixed_NationalVoice","Price regulation of retail national long distance voice services",,,161,"MWI","Malawi","With price control",2017,"","","National retail long distance voice"
5328,"tpTelecom_Price_Retail_Fixed_NationalVoice","Price regulation of retail national long distance voice services",,,161,"MWI","Malawi","With price control",2018,"","","National retail long distance voice"
5328,"tpTelecom_Price_Retail_Fixed_NationalVoice","Price regulation of retail national long distance voice services",,,161,"MWI","Malawi","With price control",2019,"","","National retail long distance voice"
5328,"tpTelecom_Price_Retail_Fixed_NationalVoice","Price regulation of retail national long distance voice services",,,161,"MWI","Malawi","With price control",2021,"","","National retail long distance voice"
5328,"tpTelecom_Price_Retail_Fixed_NationalVoice","Price regulation of retail national long distance voice services",,,163,"NIC","Nicaragua","With price control",2009,"","","National retail long distance voice"
5328,"tpTelecom_Price_Retail_Fixed_NationalVoice","Price regulation of retail national long distance voice services",,,163,"NIC","Nicaragua","With price control",2010,"","","National retail long distance voice"
5328,"tpTelecom_Price_Retail_Fixed_NationalVoice","Price regulation of retail national long distance voice services",,,163,"NIC","Nicaragua","With price control",2016,"","","National retail long distance voice"
5328,"tpTelecom_Price_Retail_Fixed_NationalVoice","Price regulation of retail national long distance voice services",,,163,"NIC","Nicaragua","With price control",2021,"","","National retail long distance voice"
5328,"tpTelecom_Price_Retail_Fixed_NationalVoice","Price regulation of retail national long distance voice services",,,163,"NIC","Nicaragua","With price control",2022,"","","National retail long distance voice"
5328,"tpTelecom_Price_Retail_Fixed_NationalVoice","Price regulation of retail national long distance voice services",,,163,"NIC","Nicaragua","With price control",2023,"","","National retail long distance voice"
5328,"tpTelecom_Price_Retail_Fixed_NationalVoice","Price regulation of retail national long distance voice services",,,163,"NIC","Nicaragua","With price control",2024,"","","National retail long distance voice"
5328,"tpTelecom_Price_Retail_Fixed_NationalVoice","Price regulation of retail national long distance voice services",,,166,"NER","Niger","Without price control",2009,"","","National retail long distance voice"
5328,"tpTelecom_Price_Retail_Fixed_NationalVoice","Price regulation of retail national long distance voice services",,,166,"NER","Niger","With price control",2010,"","","National retail long distance voice"
5328,"tpTelecom_Price_Retail_Fixed_NationalVoice","Price regulation of retail national long distance voice services",,,166,"NER","Niger","With price control",2012,"","","National retail long distance voice"
5328,"tpTelecom_Price_Retail_Fixed_NationalVoice","Price regulation of retail national long distance voice services",,,166,"NER","Niger","Without price control",2013,"","","National retail long distance voice"
5328,"tpTelecom_Price_Retail_Fixed_NationalVoice","Price regulation of retail national long distance voice services",,,166,"NER","Niger","Without price control",2014,"","","National retail long distance voice"
5328,"tpTelecom_Price_Retail_Fixed_NationalVoice","Price regulation of retail national long distance voice services",,,167,"NGA","Nigeria","Without price control",2012,"","","National retail long distance voice"
5328,"tpTelecom_Price_Retail_Fixed_NationalVoice","Price regulation of retail national long distance voice services",,,167,"NGA","Nigeria","With price control",2014,"","","National retail long distance voice"
5328,"tpTelecom_Price_Retail_Fixed_NationalVoice","Price regulation of retail national long distance voice services",,,167,"NGA","Nigeria","Without price control",2015,"","","National retail long distance voice"
5328,"tpTelecom_Price_Retail_Fixed_NationalVoice","Price regulation of retail national long distance voice services",,,167,"NGA","Nigeria","With price control",2019,"","","National retail long distance voice"
5328,"tpTelecom_Price_Retail_Fixed_NationalVoice","Price regulation of retail national long distance voice services",,,167,"NGA","Nigeria","With price control",2021,"","","National retail long distance voice"
5328,"tpTelecom_Price_Retail_Fixed_NationalVoice","Price regulation of retail national long distance voice services",,,169,"NAM","Namibia","Without price control",2011,"","","National retail long distance voice"
5328,"tpTelecom_Price_Retail_Fixed_NationalVoice","Price regulation of retail national long distance voice services",,,169,"NAM","Namibia","Without price control",2012,"","","National retail long distance voice"
5328,"tpTelecom_Price_Retail_Fixed_NationalVoice","Price regulation of retail national long distance voice services",,,169,"NAM","Namibia","With price control",2014,"","","National retail long distance voice"
5328,"tpTelecom_Price_Retail_Fixed_NationalVoice","Price regulation of retail national long distance voice services",,,169,"NAM","Namibia","With price control",2015,"","","National retail long distance voice"
5328,"tpTelecom_Price_Retail_Fixed_NationalVoice","Price regulation of retail national long distance voice services",,,169,"NAM","Namibia","With price control",2016,"","","National retail long distance voice"
5328,"tpTelecom_Price_Retail_Fixed_NationalVoice","Price regulation of retail national long distance voice services",,,169,"NAM","Namibia","With price control",2017,"","","National retail long distance voice"
5328,"tpTelecom_Price_Retail_Fixed_NationalVoice","Price regulation of retail national long distance voice services",,,169,"NAM","Namibia","With price control",2018,"","","National retail long distance voice"
5328,"tpTelecom_Price_Retail_Fixed_NationalVoice","Price regulation of retail national long distance voice services",,,169,"NAM","Namibia","With price control",2019,"","","National retail long distance voice"
5328,"tpTelecom_Price_Retail_Fixed_NationalVoice","Price regulation of retail national long distance voice services",,,169,"NAM","Namibia","With price control",2020,"","","National retail long distance voice"
5328,"tpTelecom_Price_Retail_Fixed_NationalVoice","Price regulation of retail national long distance voice services",,,169,"NAM","Namibia","With price control",2021,"","","National retail long distance voice"
5328,"tpTelecom_Price_Retail_Fixed_NationalVoice","Price regulation of retail national long distance voice services",,,169,"NAM","Namibia","With price control",2022,"","","National retail long distance voice"
5328,"tpTelecom_Price_Retail_Fixed_NationalVoice","Price regulation of retail national long distance voice services",,,169,"NAM","Namibia","With price control",2023,"","","National retail long distance voice"
5328,"tpTelecom_Price_Retail_Fixed_NationalVoice","Price regulation of retail national long distance voice services",,,169,"NAM","Namibia","With price control",2024,"","","National retail long distance voice"
5328,"tpTelecom_Price_Retail_Fixed_NationalVoice","Price regulation of retail national long distance voice services",,,170,"NOR","Norway","Without price control",2009,"","","National retail long distance voice"
5328,"tpTelecom_Price_Retail_Fixed_NationalVoice","Price regulation of retail national long distance voice services",,,170,"NOR","Norway","Without price control",2010,"","","National retail long distance voice"
5328,"tpTelecom_Price_Retail_Fixed_NationalVoice","Price regulation of retail national long distance voice services",,,170,"NOR","Norway","Without price control",2011,"","","National retail long distance voice"
5328,"tpTelecom_Price_Retail_Fixed_NationalVoice","Price regulation of retail national long distance voice services",,,170,"NOR","Norway","Without price control",2012,"","","National retail long distance voice"
5328,"tpTelecom_Price_Retail_Fixed_NationalVoice","Price regulation of retail national long distance voice services",,,170,"NOR","Norway","Without price control",2013,"","","National retail long distance voice"
5328,"tpTelecom_Price_Retail_Fixed_NationalVoice","Price regulation of retail national long distance voice services",,,170,"NOR","Norway","Without price control",2015,"","","National retail long distance voice"
5328,"tpTelecom_Price_Retail_Fixed_NationalVoice","Price regulation of retail national long distance voice services",,,170,"NOR","Norway","Without price control",2016,"","","National retail long distance voice"
5328,"tpTelecom_Price_Retail_Fixed_NationalVoice","Price regulation of retail national long distance voice services",,,170,"NOR","Norway","Without price control",2017,"","","National retail long distance voice"
5328,"tpTelecom_Price_Retail_Fixed_NationalVoice","Price regulation of retail national long distance voice services",,,170,"NOR","Norway","Without price control",2018,"","","National retail long distance voice"
5328,"tpTelecom_Price_Retail_Fixed_NationalVoice","Price regulation of retail national long distance voice services",,,170,"NOR","Norway","Without price control",2019,"","","National retail long distance voice"
5328,"tpTelecom_Price_Retail_Fixed_NationalVoice","Price regulation of retail national long distance voice services",,,170,"NOR","Norway","Without price control",2020,"","","National retail long distance voice"
5328,"tpTelecom_Price_Retail_Fixed_NationalVoice","Price regulation of retail national long distance voice services",,,170,"NOR","Norway","Without price control",2021,"","","National retail long distance voice"
5328,"tpTelecom_Price_Retail_Fixed_NationalVoice","Price regulation of retail national long distance voice services",,,170,"NOR","Norway","Without price control",2022,"","","National retail long distance voice"
5328,"tpTelecom_Price_Retail_Fixed_NationalVoice","Price regulation of retail national long distance voice services",,,170,"NOR","Norway","Without price control",2024,"","","National retail long distance voice"
5328,"tpTelecom_Price_Retail_Fixed_NationalVoice","Price regulation of retail national long distance voice services",,,171,"NPL","Nepal (Republic of)","With price control",2009,"","","National retail long distance voice"
5328,"tpTelecom_Price_Retail_Fixed_NationalVoice","Price regulation of retail national long distance voice services",,,171,"NPL","Nepal (Republic of)","With price control",2013,"","","National retail long distance voice"
5328,"tpTelecom_Price_Retail_Fixed_NationalVoice","Price regulation of retail national long distance voice services",,,171,"NPL","Nepal (Republic of)","With price control",2017,"","","National retail long distance voice"
5328,"tpTelecom_Price_Retail_Fixed_NationalVoice","Price regulation of retail national long distance voice services",,,171,"NPL","Nepal (Republic of)","With price control",2018,"","","National retail long distance voice"
5328,"tpTelecom_Price_Retail_Fixed_NationalVoice","Price regulation of retail national long distance voice services",,,171,"NPL","Nepal (Republic of)","With price control",2020,"","","National retail long distance voice"
5328,"tpTelecom_Price_Retail_Fixed_NationalVoice","Price regulation of retail national long distance voice services",,,171,"NPL","Nepal (Republic of)","With price control",2021,"","","National retail long distance voice"
5328,"tpTelecom_Price_Retail_Fixed_NationalVoice","Price regulation of retail national long distance voice services",,,171,"NPL","Nepal (Republic of)","With price control",2022,"","","National retail long distance voice"
5328,"tpTelecom_Price_Retail_Fixed_NationalVoice","Price regulation of retail national long distance voice services",,,173,"NZL","New Zealand","Without price control",2012,"","","National retail long distance voice"
5328,"tpTelecom_Price_Retail_Fixed_NationalVoice","Price regulation of retail national long distance voice services",,,173,"NZL","New Zealand","Without price control",2013,"","","National retail long distance voice"
5328,"tpTelecom_Price_Retail_Fixed_NationalVoice","Price regulation of retail national long distance voice services",,,173,"NZL","New Zealand","Without price control",2014,"","","National retail long distance voice"
5328,"tpTelecom_Price_Retail_Fixed_NationalVoice","Price regulation of retail national long distance voice services",,,173,"NZL","New Zealand","Without price control",2015,"","","National retail long distance voice"
5328,"tpTelecom_Price_Retail_Fixed_NationalVoice","Price regulation of retail national long distance voice services",,,173,"NZL","New Zealand","Without price control",2017,"","","National retail long distance voice"
5328,"tpTelecom_Price_Retail_Fixed_NationalVoice","Price regulation of retail national long distance voice services",,,173,"NZL","New Zealand","Without price control",2018,"","","National retail long distance voice"
5328,"tpTelecom_Price_Retail_Fixed_NationalVoice","Price regulation of retail national long distance voice services",,,173,"NZL","New Zealand","Without price control",2021,"","","National retail long distance voice"
5328,"tpTelecom_Price_Retail_Fixed_NationalVoice","Price regulation of retail national long distance voice services",,,173,"NZL","New Zealand","Without price control",2022,"","","National retail long distance voice"
5328,"tpTelecom_Price_Retail_Fixed_NationalVoice","Price regulation of retail national long distance voice services",,,173,"NZL","New Zealand","Without price control",2023,"","","National retail long distance voice"
5328,"tpTelecom_Price_Retail_Fixed_NationalVoice","Price regulation of retail national long distance voice services",,,173,"NZL","New Zealand","Without price control",2024,"","","National retail long distance voice"
5328,"tpTelecom_Price_Retail_Fixed_NationalVoice","Price regulation of retail national long distance voice services",,,176,"OMN","Oman","With price control",2009,"","","National retail long distance voice"
5328,"tpTelecom_Price_Retail_Fixed_NationalVoice","Price regulation of retail national long distance voice services",,,176,"OMN","Oman","With price control",2010,"","","National retail long distance voice"
5328,"tpTelecom_Price_Retail_Fixed_NationalVoice","Price regulation of retail national long distance voice services",,,176,"OMN","Oman","With price control",2011,"","","National retail long distance voice"
5328,"tpTelecom_Price_Retail_Fixed_NationalVoice","Price regulation of retail national long distance voice services",,,176,"OMN","Oman","With price control",2012,"","","National retail long distance voice"
5328,"tpTelecom_Price_Retail_Fixed_NationalVoice","Price regulation of retail national long distance voice services",,,176,"OMN","Oman","With price control",2013,"","","National retail long distance voice"
5328,"tpTelecom_Price_Retail_Fixed_NationalVoice","Price regulation of retail national long distance voice services",,,176,"OMN","Oman","With price control",2014,"","","National retail long distance voice"
5328,"tpTelecom_Price_Retail_Fixed_NationalVoice","Price regulation of retail national long distance voice services",,,176,"OMN","Oman","With price control",2016,"","","National retail long distance voice"
5328,"tpTelecom_Price_Retail_Fixed_NationalVoice","Price regulation of retail national long distance voice services",,,176,"OMN","Oman","With price control",2017,"","","National retail long distance voice"
5328,"tpTelecom_Price_Retail_Fixed_NationalVoice","Price regulation of retail national long distance voice services",,,176,"OMN","Oman","With price control",2018,"","","National retail long distance voice"
5328,"tpTelecom_Price_Retail_Fixed_NationalVoice","Price regulation of retail national long distance voice services",,,176,"OMN","Oman","With price control",2019,"","","National retail long distance voice"
5328,"tpTelecom_Price_Retail_Fixed_NationalVoice","Price regulation of retail national long distance voice services",,,176,"OMN","Oman","With price control",2020,"","","National retail long distance voice"
5328,"tpTelecom_Price_Retail_Fixed_NationalVoice","Price regulation of retail national long distance voice services",,,176,"OMN","Oman","With price control",2021,"","","National retail long distance voice"
5328,"tpTelecom_Price_Retail_Fixed_NationalVoice","Price regulation of retail national long distance voice services",,,176,"OMN","Oman","With price control",2022,"","","National retail long distance voice"
5328,"tpTelecom_Price_Retail_Fixed_NationalVoice","Price regulation of retail national long distance voice services",,,176,"OMN","Oman","With price control",2023,"","","National retail long distance voice"
5328,"tpTelecom_Price_Retail_Fixed_NationalVoice","Price regulation of retail national long distance voice services",,,176,"OMN","Oman","With price control",2024,"","","National retail long distance voice"
5328,"tpTelecom_Price_Retail_Fixed_NationalVoice","Price regulation of retail national long distance voice services",,,182,"PAK","Pakistan","With price control",2011,"","","National retail long distance voice"
5328,"tpTelecom_Price_Retail_Fixed_NationalVoice","Price regulation of retail national long distance voice services",,,182,"PAK","Pakistan","With price control",2012,"","","National retail long distance voice"
5328,"tpTelecom_Price_Retail_Fixed_NationalVoice","Price regulation of retail national long distance voice services",,,182,"PAK","Pakistan","With price control",2019,"","","National retail long distance voice"
5328,"tpTelecom_Price_Retail_Fixed_NationalVoice","Price regulation of retail national long distance voice services",,,182,"PAK","Pakistan","With price control",2020,"","","National retail long distance voice"
5328,"tpTelecom_Price_Retail_Fixed_NationalVoice","Price regulation of retail national long distance voice services",,,182,"PAK","Pakistan","With price control",2021,"","","National retail long distance voice"
5328,"tpTelecom_Price_Retail_Fixed_NationalVoice","Price regulation of retail national long distance voice services",,,182,"PAK","Pakistan","With price control",2022,"","","National retail long distance voice"
5328,"tpTelecom_Price_Retail_Fixed_NationalVoice","Price regulation of retail national long distance voice services",,,184,"PHL","Philippines","Without price control",2024,"","","National retail long distance voice"
5328,"tpTelecom_Price_Retail_Fixed_NationalVoice","Price regulation of retail national long distance voice services",,,188,"PNG","Papua New Guinea","Without price control",2011,"","","National retail long distance voice"
5328,"tpTelecom_Price_Retail_Fixed_NationalVoice","Price regulation of retail national long distance voice services",,,188,"PNG","Papua New Guinea","Without price control",2012,"","","National retail long distance voice"
5328,"tpTelecom_Price_Retail_Fixed_NationalVoice","Price regulation of retail national long distance voice services",,,188,"PNG","Papua New Guinea","With price control",2018,"","","National retail long distance voice"
5328,"tpTelecom_Price_Retail_Fixed_NationalVoice","Price regulation of retail national long distance voice services",,,189,"PAN","Panama","Without price control",2009,"","","National retail long distance voice"
5328,"tpTelecom_Price_Retail_Fixed_NationalVoice","Price regulation of retail national long distance voice services",,,189,"PAN","Panama","Without price control",2010,"","","National retail long distance voice"
5328,"tpTelecom_Price_Retail_Fixed_NationalVoice","Price regulation of retail national long distance voice services",,,189,"PAN","Panama","Without price control",2011,"","","National retail long distance voice"
5328,"tpTelecom_Price_Retail_Fixed_NationalVoice","Price regulation of retail national long distance voice services",,,189,"PAN","Panama","Without price control",2012,"","","National retail long distance voice"
5328,"tpTelecom_Price_Retail_Fixed_NationalVoice","Price regulation of retail national long distance voice services",,,189,"PAN","Panama","Without price control",2013,"","","National retail long distance voice"
5328,"tpTelecom_Price_Retail_Fixed_NationalVoice","Price regulation of retail national long distance voice services",,,189,"PAN","Panama","Without price control",2016,"","","National retail long distance voice"
5328,"tpTelecom_Price_Retail_Fixed_NationalVoice","Price regulation of retail national long distance voice services",,,189,"PAN","Panama","Without price control",2017,"","","National retail long distance voice"
5328,"tpTelecom_Price_Retail_Fixed_NationalVoice","Price regulation of retail national long distance voice services",,,189,"PAN","Panama","Without price control",2018,"","","National retail long distance voice"
5328,"tpTelecom_Price_Retail_Fixed_NationalVoice","Price regulation of retail national long distance voice services",,,189,"PAN","Panama","Without price control",2019,"","","National retail long distance voice"
5328,"tpTelecom_Price_Retail_Fixed_NationalVoice","Price regulation of retail national long distance voice services",,,189,"PAN","Panama","Without price control",2020,"","","National retail long distance voice"
5328,"tpTelecom_Price_Retail_Fixed_NationalVoice","Price regulation of retail national long distance voice services",,,189,"PAN","Panama","Without price control",2021,"","","National retail long distance voice"
5328,"tpTelecom_Price_Retail_Fixed_NationalVoice","Price regulation of retail national long distance voice services",,,189,"PAN","Panama","Without price control",2022,"","","National retail long distance voice"
5328,"tpTelecom_Price_Retail_Fixed_NationalVoice","Price regulation of retail national long distance voice services",,,189,"PAN","Panama","Without price control",2023,"","","National retail long distance voice"
5328,"tpTelecom_Price_Retail_Fixed_NationalVoice","Price regulation of retail national long distance voice services",,,190,"POL","Poland","Without price control",2014,"","","National retail long distance voice"
5328,"tpTelecom_Price_Retail_Fixed_NationalVoice","Price regulation of retail national long distance voice services",,,190,"POL","Poland","Without price control",2016,"","","National retail long distance voice"
5328,"tpTelecom_Price_Retail_Fixed_NationalVoice","Price regulation of retail national long distance voice services",,,190,"POL","Poland","Without price control",2017,"","","National retail long distance voice"
5328,"tpTelecom_Price_Retail_Fixed_NationalVoice","Price regulation of retail national long distance voice services",,,190,"POL","Poland","Without price control",2018,"","","National retail long distance voice"
5328,"tpTelecom_Price_Retail_Fixed_NationalVoice","Price regulation of retail national long distance voice services",,,190,"POL","Poland","Without price control",2019,"","","National retail long distance voice"
5328,"tpTelecom_Price_Retail_Fixed_NationalVoice","Price regulation of retail national long distance voice services",,,190,"POL","Poland","Without price control",2020,"","","National retail long distance voice"
5328,"tpTelecom_Price_Retail_Fixed_NationalVoice","Price regulation of retail national long distance voice services",,,190,"POL","Poland","Without price control",2022,"","","National retail long distance voice"
5328,"tpTelecom_Price_Retail_Fixed_NationalVoice","Price regulation of retail national long distance voice services",,,190,"POL","Poland","Without price control",2023,"","","National retail long distance voice"
5328,"tpTelecom_Price_Retail_Fixed_NationalVoice","Price regulation of retail national long distance voice services",,,190,"POL","Poland","Without price control",2024,"","","National retail long distance voice"
5328,"tpTelecom_Price_Retail_Fixed_NationalVoice","Price regulation of retail national long distance voice services",,,191,"PRT","Portugal","With price control",2009,"","","National retail long distance voice"
5328,"tpTelecom_Price_Retail_Fixed_NationalVoice","Price regulation of retail national long distance voice services",,,191,"PRT","Portugal","With price control",2010,"","","National retail long distance voice"
5328,"tpTelecom_Price_Retail_Fixed_NationalVoice","Price regulation of retail national long distance voice services",,,191,"PRT","Portugal","With price control",2011,"","","National retail long distance voice"
5328,"tpTelecom_Price_Retail_Fixed_NationalVoice","Price regulation of retail national long distance voice services",,,191,"PRT","Portugal","With price control",2012,"","","National retail long distance voice"
5328,"tpTelecom_Price_Retail_Fixed_NationalVoice","Price regulation of retail national long distance voice services",,,191,"PRT","Portugal","With price control",2013,"","","National retail long distance voice"
5328,"tpTelecom_Price_Retail_Fixed_NationalVoice","Price regulation of retail national long distance voice services",,,191,"PRT","Portugal","Without price control",2014,"","","National retail long distance voice"
5328,"tpTelecom_Price_Retail_Fixed_NationalVoice","Price regulation of retail national long distance voice services",,,191,"PRT","Portugal","Without price control",2016,"","","National retail long distance voice"
5328,"tpTelecom_Price_Retail_Fixed_NationalVoice","Price regulation of retail national long distance voice services",,,191,"PRT","Portugal","Without price control",2017,"","","National retail long distance voice"
5328,"tpTelecom_Price_Retail_Fixed_NationalVoice","Price regulation of retail national long distance voice services",,,191,"PRT","Portugal","Without price control",2018,"","","National retail long distance voice"
5328,"tpTelecom_Price_Retail_Fixed_NationalVoice","Price regulation of retail national long distance voice services",,,191,"PRT","Portugal","Without price control",2019,"","","National retail long distance voice"
5328,"tpTelecom_Price_Retail_Fixed_NationalVoice","Price regulation of retail national long distance voice services",,,191,"PRT","Portugal","Without price control",2020,"","","National retail long distance voice"
5328,"tpTelecom_Price_Retail_Fixed_NationalVoice","Price regulation of retail national long distance voice services",,,191,"PRT","Portugal","Without price control",2021,"","","National retail long distance voice"
5328,"tpTelecom_Price_Retail_Fixed_NationalVoice","Price regulation of retail national long distance voice services",,,191,"PRT","Portugal","Without price control",2022,"","","National retail long distance voice"
5328,"tpTelecom_Price_Retail_Fixed_NationalVoice","Price regulation of retail national long distance voice services",,,191,"PRT","Portugal","Without price control",2023,"","","National retail long distance voice"
5328,"tpTelecom_Price_Retail_Fixed_NationalVoice","Price regulation of retail national long distance voice services",,,191,"PRT","Portugal","Without price control",2024,"","","National retail long distance voice"
5328,"tpTelecom_Price_Retail_Fixed_NationalVoice","Price regulation of retail national long distance voice services",,,192,"PRY","Paraguay","With price control",2009,"","","National retail long distance voice"
5328,"tpTelecom_Price_Retail_Fixed_NationalVoice","Price regulation of retail national long distance voice services",,,192,"PRY","Paraguay","With price control",2011,"","","National retail long distance voice"
5328,"tpTelecom_Price_Retail_Fixed_NationalVoice","Price regulation of retail national long distance voice services",,,192,"PRY","Paraguay","With price control",2013,"","","National retail long distance voice"
5328,"tpTelecom_Price_Retail_Fixed_NationalVoice","Price regulation of retail national long distance voice services",,,192,"PRY","Paraguay","With price control",2014,"","","National retail long distance voice"
5328,"tpTelecom_Price_Retail_Fixed_NationalVoice","Price regulation of retail national long distance voice services",,,192,"PRY","Paraguay","With price control",2016,"","","National retail long distance voice"
5328,"tpTelecom_Price_Retail_Fixed_NationalVoice","Price regulation of retail national long distance voice services",,,192,"PRY","Paraguay","With price control",2017,"","","National retail long distance voice"
5328,"tpTelecom_Price_Retail_Fixed_NationalVoice","Price regulation of retail national long distance voice services",,,192,"PRY","Paraguay","With price control",2018,"","","National retail long distance voice"
5328,"tpTelecom_Price_Retail_Fixed_NationalVoice","Price regulation of retail national long distance voice services",,,192,"PRY","Paraguay","With price control",2019,"","","National retail long distance voice"
5328,"tpTelecom_Price_Retail_Fixed_NationalVoice","Price regulation of retail national long distance voice services",,,192,"PRY","Paraguay","With price control",2021,"","","National retail long distance voice"
5328,"tpTelecom_Price_Retail_Fixed_NationalVoice","Price regulation of retail national long distance voice services",,,192,"PRY","Paraguay","With price control",2023,"","","National retail long distance voice"
5328,"tpTelecom_Price_Retail_Fixed_NationalVoice","Price regulation of retail national long distance voice services",,,193,"PER","Peru","With price control",2009,"","","National retail long distance voice"
5328,"tpTelecom_Price_Retail_Fixed_NationalVoice","Price regulation of retail national long distance voice services",,,193,"PER","Peru","With price control",2010,"","","National retail long distance voice"
5328,"tpTelecom_Price_Retail_Fixed_NationalVoice","Price regulation of retail national long distance voice services",,,193,"PER","Peru","With price control",2011,"","","National retail long distance voice"
5328,"tpTelecom_Price_Retail_Fixed_NationalVoice","Price regulation of retail national long distance voice services",,,193,"PER","Peru","With price control",2012,"","","National retail long distance voice"
5328,"tpTelecom_Price_Retail_Fixed_NationalVoice","Price regulation of retail national long distance voice services",,,193,"PER","Peru","With price control",2014,"","","National retail long distance voice"
5328,"tpTelecom_Price_Retail_Fixed_NationalVoice","Price regulation of retail national long distance voice services",,,193,"PER","Peru","With price control",2015,"","","National retail long distance voice"
5328,"tpTelecom_Price_Retail_Fixed_NationalVoice","Price regulation of retail national long distance voice services",,,193,"PER","Peru","With price control",2016,"","","National retail long distance voice"
5328,"tpTelecom_Price_Retail_Fixed_NationalVoice","Price regulation of retail national long distance voice services",,,193,"PER","Peru","With price control",2017,"","","National retail long distance voice"
5328,"tpTelecom_Price_Retail_Fixed_NationalVoice","Price regulation of retail national long distance voice services",,,193,"PER","Peru","With price control",2018,"","","National retail long distance voice"
5328,"tpTelecom_Price_Retail_Fixed_NationalVoice","Price regulation of retail national long distance voice services",,,193,"PER","Peru","With price control",2019,"","","National retail long distance voice"
5328,"tpTelecom_Price_Retail_Fixed_NationalVoice","Price regulation of retail national long distance voice services",,,193,"PER","Peru","With price control",2020,"","","National retail long distance voice"
5328,"tpTelecom_Price_Retail_Fixed_NationalVoice","Price regulation of retail national long distance voice services",,,193,"PER","Peru","With price control",2021,"","","National retail long distance voice"
5328,"tpTelecom_Price_Retail_Fixed_NationalVoice","Price regulation of retail national long distance voice services",,,193,"PER","Peru","With price control",2022,"","","National retail long distance voice"
5328,"tpTelecom_Price_Retail_Fixed_NationalVoice","Price regulation of retail national long distance voice services",,,193,"PER","Peru","With price control",2023,"","","National retail long distance voice"
5328,"tpTelecom_Price_Retail_Fixed_NationalVoice","Price regulation of retail national long distance voice services",,,193,"PER","Peru","With price control",2024,"","","National retail long distance voice"
5328,"tpTelecom_Price_Retail_Fixed_NationalVoice","Price regulation of retail national long distance voice services",,,196,"QAT","Qatar","With price control",2009,"","","National retail long distance voice"
5328,"tpTelecom_Price_Retail_Fixed_NationalVoice","Price regulation of retail national long distance voice services",,,196,"QAT","Qatar","With price control",2011,"","","National retail long distance voice"
5328,"tpTelecom_Price_Retail_Fixed_NationalVoice","Price regulation of retail national long distance voice services",,,196,"QAT","Qatar","With price control",2012,"","","National retail long distance voice"
5328,"tpTelecom_Price_Retail_Fixed_NationalVoice","Price regulation of retail national long distance voice services",,,196,"QAT","Qatar","With price control",2013,"","","National retail long distance voice"
5328,"tpTelecom_Price_Retail_Fixed_NationalVoice","Price regulation of retail national long distance voice services",,,196,"QAT","Qatar","With price control",2014,"","","National retail long distance voice"
5328,"tpTelecom_Price_Retail_Fixed_NationalVoice","Price regulation of retail national long distance voice services",,,196,"QAT","Qatar","With price control",2016,"","","National retail long distance voice"
5328,"tpTelecom_Price_Retail_Fixed_NationalVoice","Price regulation of retail national long distance voice services",,,196,"QAT","Qatar","With price control",2017,"","","National retail long distance voice"
5328,"tpTelecom_Price_Retail_Fixed_NationalVoice","Price regulation of retail national long distance voice services",,,196,"QAT","Qatar","With price control",2018,"","","National retail long distance voice"
5328,"tpTelecom_Price_Retail_Fixed_NationalVoice","Price regulation of retail national long distance voice services",,,196,"QAT","Qatar","With price control",2019,"","","National retail long distance voice"
5328,"tpTelecom_Price_Retail_Fixed_NationalVoice","Price regulation of retail national long distance voice services",,,196,"QAT","Qatar","With price control",2020,"","","National retail long distance voice"
5328,"tpTelecom_Price_Retail_Fixed_NationalVoice","Price regulation of retail national long distance voice services",,,196,"QAT","Qatar","With price control",2021,"","","National retail long distance voice"
5328,"tpTelecom_Price_Retail_Fixed_NationalVoice","Price regulation of retail national long distance voice services",,,196,"QAT","Qatar","With price control",2022,"","","National retail long distance voice"
5328,"tpTelecom_Price_Retail_Fixed_NationalVoice","Price regulation of retail national long distance voice services",,,196,"QAT","Qatar","With price control",2023,"","","National retail long distance voice"
5328,"tpTelecom_Price_Retail_Fixed_NationalVoice","Price regulation of retail national long distance voice services",,,196,"QAT","Qatar","With price control",2024,"","","National retail long distance voice"
5328,"tpTelecom_Price_Retail_Fixed_NationalVoice","Price regulation of retail national long distance voice services",,,200,"ROU","Romania","Without price control",2011,"","","National retail long distance voice"
5328,"tpTelecom_Price_Retail_Fixed_NationalVoice","Price regulation of retail national long distance voice services",,,200,"ROU","Romania","Without price control",2012,"","","National retail long distance voice"
5328,"tpTelecom_Price_Retail_Fixed_NationalVoice","Price regulation of retail national long distance voice services",,,200,"ROU","Romania","Without price control",2013,"","","National retail long distance voice"
5328,"tpTelecom_Price_Retail_Fixed_NationalVoice","Price regulation of retail national long distance voice services",,,200,"ROU","Romania","Without price control",2014,"","","National retail long distance voice"
5328,"tpTelecom_Price_Retail_Fixed_NationalVoice","Price regulation of retail national long distance voice services",,,200,"ROU","Romania","Without price control",2016,"","","National retail long distance voice"
5328,"tpTelecom_Price_Retail_Fixed_NationalVoice","Price regulation of retail national long distance voice services",,,200,"ROU","Romania","Without price control",2017,"","","National retail long distance voice"
5328,"tpTelecom_Price_Retail_Fixed_NationalVoice","Price regulation of retail national long distance voice services",,,200,"ROU","Romania","Without price control",2018,"","","National retail long distance voice"
5328,"tpTelecom_Price_Retail_Fixed_NationalVoice","Price regulation of retail national long distance voice services",,,200,"ROU","Romania","Without price control",2020,"","","National retail long distance voice"
5328,"tpTelecom_Price_Retail_Fixed_NationalVoice","Price regulation of retail national long distance voice services",,,200,"ROU","Romania","Without price control",2021,"","","National retail long distance voice"
5328,"tpTelecom_Price_Retail_Fixed_NationalVoice","Price regulation of retail national long distance voice services",,,200,"ROU","Romania","Without price control",2022,"","","National retail long distance voice"
5328,"tpTelecom_Price_Retail_Fixed_NationalVoice","Price regulation of retail national long distance voice services",,,200,"ROU","Romania","Without price control",2023,"","","National retail long distance voice"
5328,"tpTelecom_Price_Retail_Fixed_NationalVoice","Price regulation of retail national long distance voice services",,,200,"ROU","Romania","Without price control",2024,"","","National retail long distance voice"
5328,"tpTelecom_Price_Retail_Fixed_NationalVoice","Price regulation of retail national long distance voice services",,,201,"RWA","Rwanda","Without price control",2010,"","","National retail long distance voice"
5328,"tpTelecom_Price_Retail_Fixed_NationalVoice","Price regulation of retail national long distance voice services",,,201,"RWA","Rwanda","Without price control",2012,"","","National retail long distance voice"
5328,"tpTelecom_Price_Retail_Fixed_NationalVoice","Price regulation of retail national long distance voice services",,,201,"RWA","Rwanda","Without price control",2013,"","","National retail long distance voice"
5328,"tpTelecom_Price_Retail_Fixed_NationalVoice","Price regulation of retail national long distance voice services",,,201,"RWA","Rwanda","Without price control",2014,"","","National retail long distance voice"
5328,"tpTelecom_Price_Retail_Fixed_NationalVoice","Price regulation of retail national long distance voice services",,,201,"RWA","Rwanda","Without price control",2015,"","","National retail long distance voice"
5328,"tpTelecom_Price_Retail_Fixed_NationalVoice","Price regulation of retail national long distance voice services",,,201,"RWA","Rwanda","Without price control",2016,"","","National retail long distance voice"
5328,"tpTelecom_Price_Retail_Fixed_NationalVoice","Price regulation of retail national long distance voice services",,,201,"RWA","Rwanda","Without price control",2017,"","","National retail long distance voice"
5328,"tpTelecom_Price_Retail_Fixed_NationalVoice","Price regulation of retail national long distance voice services",,,201,"RWA","Rwanda","Without price control",2018,"","","National retail long distance voice"
5328,"tpTelecom_Price_Retail_Fixed_NationalVoice","Price regulation of retail national long distance voice services",,,201,"RWA","Rwanda","Without price control",2019,"","","National retail long distance voice"
5328,"tpTelecom_Price_Retail_Fixed_NationalVoice","Price regulation of retail national long distance voice services",,,201,"RWA","Rwanda","Without price control",2020,"","","National retail long distance voice"
5328,"tpTelecom_Price_Retail_Fixed_NationalVoice","Price regulation of retail national long distance voice services",,,201,"RWA","Rwanda","Without price control",2021,"","","National retail long distance voice"
5328,"tpTelecom_Price_Retail_Fixed_NationalVoice","Price regulation of retail national long distance voice services",,,201,"RWA","Rwanda","Without price control",2023,"","","National retail long distance voice"
5328,"tpTelecom_Price_Retail_Fixed_NationalVoice","Price regulation of retail national long distance voice services",,,201,"RWA","Rwanda","Without price control",2024,"","","National retail long distance voice"
5328,"tpTelecom_Price_Retail_Fixed_NationalVoice","Price regulation of retail national long distance voice services",,,202,"RUS","Russian Federation","With price control",2017,"","","National retail long distance voice"
5328,"tpTelecom_Price_Retail_Fixed_NationalVoice","Price regulation of retail national long distance voice services",,,202,"RUS","Russian Federation","With price control",2018,"","","National retail long distance voice"
5328,"tpTelecom_Price_Retail_Fixed_NationalVoice","Price regulation of retail national long distance voice services",,,202,"RUS","Russian Federation","With price control",2019,"","","National retail long distance voice"
5328,"tpTelecom_Price_Retail_Fixed_NationalVoice","Price regulation of retail national long distance voice services",,,202,"RUS","Russian Federation","With price control",2020,"","","National retail long distance voice"
5328,"tpTelecom_Price_Retail_Fixed_NationalVoice","Price regulation of retail national long distance voice services",,,202,"RUS","Russian Federation","Without price control",2021,"","","National retail long distance voice"
5328,"tpTelecom_Price_Retail_Fixed_NationalVoice","Price regulation of retail national long distance voice services",,,202,"RUS","Russian Federation","Without price control",2022,"","","National retail long distance voice"
5328,"tpTelecom_Price_Retail_Fixed_NationalVoice","Price regulation of retail national long distance voice services",,,202,"RUS","Russian Federation","With price control",2023,"","","National retail long distance voice"
5328,"tpTelecom_Price_Retail_Fixed_NationalVoice","Price regulation of retail national long distance voice services",,,203,"SWE","Sweden","Without price control",2012,"","","National retail long distance voice"
5328,"tpTelecom_Price_Retail_Fixed_NationalVoice","Price regulation of retail national long distance voice services",,,203,"SWE","Sweden","Without price control",2013,"","","National retail long distance voice"
5328,"tpTelecom_Price_Retail_Fixed_NationalVoice","Price regulation of retail national long distance voice services",,,203,"SWE","Sweden","Without price control",2015,"","","National retail long distance voice"
5328,"tpTelecom_Price_Retail_Fixed_NationalVoice","Price regulation of retail national long distance voice services",,,203,"SWE","Sweden","Without price control",2017,"","","National retail long distance voice"
5328,"tpTelecom_Price_Retail_Fixed_NationalVoice","Price regulation of retail national long distance voice services",,,203,"SWE","Sweden","Without price control",2018,"","","National retail long distance voice"
5328,"tpTelecom_Price_Retail_Fixed_NationalVoice","Price regulation of retail national long distance voice services",,,203,"SWE","Sweden","Without price control",2019,"","","National retail long distance voice"
5328,"tpTelecom_Price_Retail_Fixed_NationalVoice","Price regulation of retail national long distance voice services",,,203,"SWE","Sweden","Without price control",2020,"","","National retail long distance voice"
5328,"tpTelecom_Price_Retail_Fixed_NationalVoice","Price regulation of retail national long distance voice services",,,203,"SWE","Sweden","Without price control",2022,"","","National retail long distance voice"
5328,"tpTelecom_Price_Retail_Fixed_NationalVoice","Price regulation of retail national long distance voice services",,,204,"KNA","Saint Kitts and Nevis","Without price control",2014,"","","National retail long distance voice"
5328,"tpTelecom_Price_Retail_Fixed_NationalVoice","Price regulation of retail national long distance voice services",,,205,"SDN","Sudan","Without price control",2012,"","","National retail long distance voice"
5328,"tpTelecom_Price_Retail_Fixed_NationalVoice","Price regulation of retail national long distance voice services",,,205,"SDN","Sudan","Without price control",2013,"","","National retail long distance voice"
5328,"tpTelecom_Price_Retail_Fixed_NationalVoice","Price regulation of retail national long distance voice services",,,205,"SDN","Sudan","Without price control",2014,"","","National retail long distance voice"
5328,"tpTelecom_Price_Retail_Fixed_NationalVoice","Price regulation of retail national long distance voice services",,,205,"SDN","Sudan","Without price control",2015,"","","National retail long distance voice"
5328,"tpTelecom_Price_Retail_Fixed_NationalVoice","Price regulation of retail national long distance voice services",,,205,"SDN","Sudan","Without price control",2016,"","","National retail long distance voice"
5328,"tpTelecom_Price_Retail_Fixed_NationalVoice","Price regulation of retail national long distance voice services",,,205,"SDN","Sudan","Without price control",2017,"","","National retail long distance voice"
5328,"tpTelecom_Price_Retail_Fixed_NationalVoice","Price regulation of retail national long distance voice services",,,205,"SDN","Sudan","Without price control",2018,"","","National retail long distance voice"
5328,"tpTelecom_Price_Retail_Fixed_NationalVoice","Price regulation of retail national long distance voice services",,,205,"SDN","Sudan","Without price control",2019,"","","National retail long distance voice"
5328,"tpTelecom_Price_Retail_Fixed_NationalVoice","Price regulation of retail national long distance voice services",,,205,"SDN","Sudan","Without price control",2020,"","","National retail long distance voice"
5328,"tpTelecom_Price_Retail_Fixed_NationalVoice","Price regulation of retail national long distance voice services",,,205,"SDN","Sudan","Without price control",2021,"","","National retail long distance voice"
5328,"tpTelecom_Price_Retail_Fixed_NationalVoice","Price regulation of retail national long distance voice services",,,205,"SDN","Sudan","Without price control",2022,"","","National retail long distance voice"
5328,"tpTelecom_Price_Retail_Fixed_NationalVoice","Price regulation of retail national long distance voice services",,,206,"SEN","Senegal","With price control",2009,"","","National retail long distance voice"
5328,"tpTelecom_Price_Retail_Fixed_NationalVoice","Price regulation of retail national long distance voice services",,,206,"SEN","Senegal","Without price control",2010,"","","National retail long distance voice"
5328,"tpTelecom_Price_Retail_Fixed_NationalVoice","Price regulation of retail national long distance voice services",,,206,"SEN","Senegal","Without price control",2011,"","","National retail long distance voice"
5328,"tpTelecom_Price_Retail_Fixed_NationalVoice","Price regulation of retail national long distance voice services",,,206,"SEN","Senegal","Without price control",2012,"","","National retail long distance voice"
5328,"tpTelecom_Price_Retail_Fixed_NationalVoice","Price regulation of retail national long distance voice services",,,206,"SEN","Senegal","Without price control",2017,"","","National retail long distance voice"
5328,"tpTelecom_Price_Retail_Fixed_NationalVoice","Price regulation of retail national long distance voice services",,,206,"SEN","Senegal","Without price control",2018,"","","National retail long distance voice"
5328,"tpTelecom_Price_Retail_Fixed_NationalVoice","Price regulation of retail national long distance voice services",,,206,"SEN","Senegal","Without price control",2019,"","","National retail long distance voice"
5328,"tpTelecom_Price_Retail_Fixed_NationalVoice","Price regulation of retail national long distance voice services",,,206,"SEN","Senegal","Without price control",2020,"","","National retail long distance voice"
5328,"tpTelecom_Price_Retail_Fixed_NationalVoice","Price regulation of retail national long distance voice services",,,206,"SEN","Senegal","Without price control",2021,"","","National retail long distance voice"
5328,"tpTelecom_Price_Retail_Fixed_NationalVoice","Price regulation of retail national long distance voice services",,,206,"SEN","Senegal","Without price control",2022,"","","National retail long distance voice"
5328,"tpTelecom_Price_Retail_Fixed_NationalVoice","Price regulation of retail national long distance voice services",,,206,"SEN","Senegal","Without price control",2023,"","","National retail long distance voice"
5328,"tpTelecom_Price_Retail_Fixed_NationalVoice","Price regulation of retail national long distance voice services",,,206,"SEN","Senegal","Without price control",2024,"","","National retail long distance voice"
5328,"tpTelecom_Price_Retail_Fixed_NationalVoice","Price regulation of retail national long distance voice services",,,207,"SYC","Seychelles","With price control",2011,"","","National retail long distance voice"
5328,"tpTelecom_Price_Retail_Fixed_NationalVoice","Price regulation of retail national long distance voice services",,,207,"SYC","Seychelles","With price control",2012,"","","National retail long distance voice"
5328,"tpTelecom_Price_Retail_Fixed_NationalVoice","Price regulation of retail national long distance voice services",,,207,"SYC","Seychelles","With price control",2013,"","","National retail long distance voice"
5328,"tpTelecom_Price_Retail_Fixed_NationalVoice","Price regulation of retail national long distance voice services",,,207,"SYC","Seychelles","With price control",2014,"","","National retail long distance voice"
5328,"tpTelecom_Price_Retail_Fixed_NationalVoice","Price regulation of retail national long distance voice services",,,207,"SYC","Seychelles","With price control",2016,"","","National retail long distance voice"
5328,"tpTelecom_Price_Retail_Fixed_NationalVoice","Price regulation of retail national long distance voice services",,,207,"SYC","Seychelles","With price control",2017,"","","National retail long distance voice"
5328,"tpTelecom_Price_Retail_Fixed_NationalVoice","Price regulation of retail national long distance voice services",,,207,"SYC","Seychelles","With price control",2018,"","","National retail long distance voice"
5328,"tpTelecom_Price_Retail_Fixed_NationalVoice","Price regulation of retail national long distance voice services",,,207,"SYC","Seychelles","With price control",2019,"","","National retail long distance voice"
5328,"tpTelecom_Price_Retail_Fixed_NationalVoice","Price regulation of retail national long distance voice services",,,207,"SYC","Seychelles","With price control",2020,"","","National retail long distance voice"
5328,"tpTelecom_Price_Retail_Fixed_NationalVoice","Price regulation of retail national long distance voice services",,,207,"SYC","Seychelles","With price control",2021,"","","National retail long distance voice"
5328,"tpTelecom_Price_Retail_Fixed_NationalVoice","Price regulation of retail national long distance voice services",,,207,"SYC","Seychelles","With price control",2022,"","","National retail long distance voice"
5328,"tpTelecom_Price_Retail_Fixed_NationalVoice","Price regulation of retail national long distance voice services",,,207,"SYC","Seychelles","With price control",2023,"","","National retail long distance voice"
5328,"tpTelecom_Price_Retail_Fixed_NationalVoice","Price regulation of retail national long distance voice services",,,207,"SYC","Seychelles","With price control",2024,"","","National retail long distance voice"
5328,"tpTelecom_Price_Retail_Fixed_NationalVoice","Price regulation of retail national long distance voice services",,,209,"SLB","Solomon Islands","With price control",2014,"","","National retail long distance voice"
5328,"tpTelecom_Price_Retail_Fixed_NationalVoice","Price regulation of retail national long distance voice services",,,209,"SLB","Solomon Islands","Without price control",2018,"","","National retail long distance voice"
5328,"tpTelecom_Price_Retail_Fixed_NationalVoice","Price regulation of retail national long distance voice services",,,210,"SLV","El Salvador","With price control",2009,"","","National retail long distance voice"
5328,"tpTelecom_Price_Retail_Fixed_NationalVoice","Price regulation of retail national long distance voice services",,,210,"SLV","El Salvador","With price control",2010,"","","National retail long distance voice"
5328,"tpTelecom_Price_Retail_Fixed_NationalVoice","Price regulation of retail national long distance voice services",,,210,"SLV","El Salvador","With price control",2011,"","","National retail long distance voice"
5328,"tpTelecom_Price_Retail_Fixed_NationalVoice","Price regulation of retail national long distance voice services",,,210,"SLV","El Salvador","With price control",2012,"","","National retail long distance voice"
5328,"tpTelecom_Price_Retail_Fixed_NationalVoice","Price regulation of retail national long distance voice services",,,210,"SLV","El Salvador","Without price control",2015,"","","National retail long distance voice"
5328,"tpTelecom_Price_Retail_Fixed_NationalVoice","Price regulation of retail national long distance voice services",,,210,"SLV","El Salvador","Without price control",2016,"","","National retail long distance voice"
5328,"tpTelecom_Price_Retail_Fixed_NationalVoice","Price regulation of retail national long distance voice services",,,210,"SLV","El Salvador","With price control",2017,"","","National retail long distance voice"
5328,"tpTelecom_Price_Retail_Fixed_NationalVoice","Price regulation of retail national long distance voice services",,,210,"SLV","El Salvador","With price control",2019,"","","National retail long distance voice"
5328,"tpTelecom_Price_Retail_Fixed_NationalVoice","Price regulation of retail national long distance voice services",,,210,"SLV","El Salvador","With price control",2020,"","","National retail long distance voice"
5328,"tpTelecom_Price_Retail_Fixed_NationalVoice","Price regulation of retail national long distance voice services",,,210,"SLV","El Salvador","With price control",2021,"","","National retail long distance voice"
5328,"tpTelecom_Price_Retail_Fixed_NationalVoice","Price regulation of retail national long distance voice services",,,210,"SLV","El Salvador","With price control",2022,"","","National retail long distance voice"
5328,"tpTelecom_Price_Retail_Fixed_NationalVoice","Price regulation of retail national long distance voice services",,,210,"SLV","El Salvador","With price control",2023,"","","National retail long distance voice"
5328,"tpTelecom_Price_Retail_Fixed_NationalVoice","Price regulation of retail national long distance voice services",,,212,"WSM","Samoa","With price control",2011,"","","National retail long distance voice"
5328,"tpTelecom_Price_Retail_Fixed_NationalVoice","Price regulation of retail national long distance voice services",,,212,"WSM","Samoa","With price control",2013,"","","National retail long distance voice"
5328,"tpTelecom_Price_Retail_Fixed_NationalVoice","Price regulation of retail national long distance voice services",,,212,"WSM","Samoa","With price control",2014,"","","National retail long distance voice"
5328,"tpTelecom_Price_Retail_Fixed_NationalVoice","Price regulation of retail national long distance voice services",,,212,"WSM","Samoa","With price control",2017,"","","National retail long distance voice"
5328,"tpTelecom_Price_Retail_Fixed_NationalVoice","Price regulation of retail national long distance voice services",,,212,"WSM","Samoa","With price control",2018,"","","National retail long distance voice"
5328,"tpTelecom_Price_Retail_Fixed_NationalVoice","Price regulation of retail national long distance voice services",,,212,"WSM","Samoa","With price control",2019,"","","National retail long distance voice"
5328,"tpTelecom_Price_Retail_Fixed_NationalVoice","Price regulation of retail national long distance voice services",,,212,"WSM","Samoa","With price control",2020,"","","National retail long distance voice"
5328,"tpTelecom_Price_Retail_Fixed_NationalVoice","Price regulation of retail national long distance voice services",,,212,"WSM","Samoa","With price control",2021,"","","National retail long distance voice"
5328,"tpTelecom_Price_Retail_Fixed_NationalVoice","Price regulation of retail national long distance voice services",,,212,"WSM","Samoa","With price control",2022,"","","National retail long distance voice"
5328,"tpTelecom_Price_Retail_Fixed_NationalVoice","Price regulation of retail national long distance voice services",,,212,"WSM","Samoa","With price control",2023,"","","National retail long distance voice"
5328,"tpTelecom_Price_Retail_Fixed_NationalVoice","Price regulation of retail national long distance voice services",,,212,"WSM","Samoa","With price control",2024,"","","National retail long distance voice"
5328,"tpTelecom_Price_Retail_Fixed_NationalVoice","Price regulation of retail national long distance voice services",,,214,"SGP","Singapore","Without price control",2011,"","","National retail long distance voice"
5328,"tpTelecom_Price_Retail_Fixed_NationalVoice","Price regulation of retail national long distance voice services",,,214,"SGP","Singapore","Without price control",2012,"","","National retail long distance voice"
5328,"tpTelecom_Price_Retail_Fixed_NationalVoice","Price regulation of retail national long distance voice services",,,214,"SGP","Singapore","Without price control",2013,"","","National retail long distance voice"
5328,"tpTelecom_Price_Retail_Fixed_NationalVoice","Price regulation of retail national long distance voice services",,,214,"SGP","Singapore","Without price control",2014,"","","National retail long distance voice"
5328,"tpTelecom_Price_Retail_Fixed_NationalVoice","Price regulation of retail national long distance voice services",,,214,"SGP","Singapore","Without price control",2015,"","","National retail long distance voice"
5328,"tpTelecom_Price_Retail_Fixed_NationalVoice","Price regulation of retail national long distance voice services",,,215,"SOM","Somalia","With price control",2018,"","","National retail long distance voice"
5328,"tpTelecom_Price_Retail_Fixed_NationalVoice","Price regulation of retail national long distance voice services",,,215,"SOM","Somalia","Without price control",2019,"","","National retail long distance voice"
5328,"tpTelecom_Price_Retail_Fixed_NationalVoice","Price regulation of retail national long distance voice services",,,215,"SOM","Somalia","Without price control",2020,"","","National retail long distance voice"
5328,"tpTelecom_Price_Retail_Fixed_NationalVoice","Price regulation of retail national long distance voice services",,,215,"SOM","Somalia","Without price control",2021,"","","National retail long distance voice"
5328,"tpTelecom_Price_Retail_Fixed_NationalVoice","Price regulation of retail national long distance voice services",,,215,"SOM","Somalia","Without price control",2023,"","","National retail long distance voice"
5328,"tpTelecom_Price_Retail_Fixed_NationalVoice","Price regulation of retail national long distance voice services",,,215,"SOM","Somalia","Without price control",2024,"","","National retail long distance voice"
5328,"tpTelecom_Price_Retail_Fixed_NationalVoice","Price regulation of retail national long distance voice services",,,217,"SLE","Sierra Leone","Without price control",2012,"","","National retail long distance voice"
5328,"tpTelecom_Price_Retail_Fixed_NationalVoice","Price regulation of retail national long distance voice services",,,217,"SLE","Sierra Leone","Without price control",2013,"","","National retail long distance voice"
5328,"tpTelecom_Price_Retail_Fixed_NationalVoice","Price regulation of retail national long distance voice services",,,217,"SLE","Sierra Leone","Without price control",2014,"","","National retail long distance voice"
5328,"tpTelecom_Price_Retail_Fixed_NationalVoice","Price regulation of retail national long distance voice services",,,217,"SLE","Sierra Leone","Without price control",2015,"","","National retail long distance voice"
5328,"tpTelecom_Price_Retail_Fixed_NationalVoice","Price regulation of retail national long distance voice services",,,217,"SLE","Sierra Leone","Without price control",2016,"","","National retail long distance voice"
5328,"tpTelecom_Price_Retail_Fixed_NationalVoice","Price regulation of retail national long distance voice services",,,217,"SLE","Sierra Leone","With price control",2021,"","","National retail long distance voice"
5328,"tpTelecom_Price_Retail_Fixed_NationalVoice","Price regulation of retail national long distance voice services",,,217,"SLE","Sierra Leone","With price control",2022,"","","National retail long distance voice"
5328,"tpTelecom_Price_Retail_Fixed_NationalVoice","Price regulation of retail national long distance voice services",,,218,"STP","Sao Tome and Principe","With price control",2011,"","","National retail long distance voice"
5328,"tpTelecom_Price_Retail_Fixed_NationalVoice","Price regulation of retail national long distance voice services",,,218,"STP","Sao Tome and Principe","With price control",2012,"","","National retail long distance voice"
5328,"tpTelecom_Price_Retail_Fixed_NationalVoice","Price regulation of retail national long distance voice services",,,218,"STP","Sao Tome and Principe","With price control",2013,"","","National retail long distance voice"
5328,"tpTelecom_Price_Retail_Fixed_NationalVoice","Price regulation of retail national long distance voice services",,,218,"STP","Sao Tome and Principe","With price control",2015,"","","National retail long distance voice"
5328,"tpTelecom_Price_Retail_Fixed_NationalVoice","Price regulation of retail national long distance voice services",,,218,"STP","Sao Tome and Principe","With price control",2016,"","","National retail long distance voice"
5328,"tpTelecom_Price_Retail_Fixed_NationalVoice","Price regulation of retail national long distance voice services",,,218,"STP","Sao Tome and Principe","With price control",2017,"","","National retail long distance voice"
5328,"tpTelecom_Price_Retail_Fixed_NationalVoice","Price regulation of retail national long distance voice services",,,218,"STP","Sao Tome and Principe","With price control",2019,"","","National retail long distance voice"
5328,"tpTelecom_Price_Retail_Fixed_NationalVoice","Price regulation of retail national long distance voice services",,,218,"STP","Sao Tome and Principe","With price control",2020,"","","National retail long distance voice"
5328,"tpTelecom_Price_Retail_Fixed_NationalVoice","Price regulation of retail national long distance voice services",,,218,"STP","Sao Tome and Principe","With price control",2021,"","","National retail long distance voice"
5328,"tpTelecom_Price_Retail_Fixed_NationalVoice","Price regulation of retail national long distance voice services",,,218,"STP","Sao Tome and Principe","With price control",2022,"","","National retail long distance voice"
5328,"tpTelecom_Price_Retail_Fixed_NationalVoice","Price regulation of retail national long distance voice services",,,219,"CHE","Switzerland","Without price control",2009,"","","National retail long distance voice"
5328,"tpTelecom_Price_Retail_Fixed_NationalVoice","Price regulation of retail national long distance voice services",,,219,"CHE","Switzerland","Without price control",2010,"","","National retail long distance voice"
5328,"tpTelecom_Price_Retail_Fixed_NationalVoice","Price regulation of retail national long distance voice services",,,219,"CHE","Switzerland","Without price control",2011,"","","National retail long distance voice"
5328,"tpTelecom_Price_Retail_Fixed_NationalVoice","Price regulation of retail national long distance voice services",,,219,"CHE","Switzerland","Without price control",2012,"","","National retail long distance voice"
5328,"tpTelecom_Price_Retail_Fixed_NationalVoice","Price regulation of retail national long distance voice services",,,219,"CHE","Switzerland","With price control",2013,"","","National retail long distance voice"
5328,"tpTelecom_Price_Retail_Fixed_NationalVoice","Price regulation of retail national long distance voice services",,,219,"CHE","Switzerland","With price control",2014,"","","National retail long distance voice"
5328,"tpTelecom_Price_Retail_Fixed_NationalVoice","Price regulation of retail national long distance voice services",,,219,"CHE","Switzerland","With price control",2015,"","","National retail long distance voice"
5328,"tpTelecom_Price_Retail_Fixed_NationalVoice","Price regulation of retail national long distance voice services",,,219,"CHE","Switzerland","With price control",2016,"","","National retail long distance voice"
5328,"tpTelecom_Price_Retail_Fixed_NationalVoice","Price regulation of retail national long distance voice services",,,219,"CHE","Switzerland","With price control",2017,"","","National retail long distance voice"
5328,"tpTelecom_Price_Retail_Fixed_NationalVoice","Price regulation of retail national long distance voice services",,,219,"CHE","Switzerland","With price control",2018,"","","National retail long distance voice"
5328,"tpTelecom_Price_Retail_Fixed_NationalVoice","Price regulation of retail national long distance voice services",,,219,"CHE","Switzerland","With price control",2019,"","","National retail long distance voice"
5328,"tpTelecom_Price_Retail_Fixed_NationalVoice","Price regulation of retail national long distance voice services",,,219,"CHE","Switzerland","With price control",2020,"","","National retail long distance voice"
5328,"tpTelecom_Price_Retail_Fixed_NationalVoice","Price regulation of retail national long distance voice services",,,219,"CHE","Switzerland","With price control",2021,"","","National retail long distance voice"
5328,"tpTelecom_Price_Retail_Fixed_NationalVoice","Price regulation of retail national long distance voice services",,,219,"CHE","Switzerland","With price control",2022,"","","National retail long distance voice"
5328,"tpTelecom_Price_Retail_Fixed_NationalVoice","Price regulation of retail national long distance voice services",,,219,"CHE","Switzerland","With price control",2023,"","","National retail long distance voice"
5328,"tpTelecom_Price_Retail_Fixed_NationalVoice","Price regulation of retail national long distance voice services",,,219,"CHE","Switzerland","With price control",2024,"","","National retail long distance voice"
5328,"tpTelecom_Price_Retail_Fixed_NationalVoice","Price regulation of retail national long distance voice services",,,220,"SUR","Suriname","With price control",2011,"","","National retail long distance voice"
5328,"tpTelecom_Price_Retail_Fixed_NationalVoice","Price regulation of retail national long distance voice services",,,220,"SUR","Suriname","With price control",2012,"","","National retail long distance voice"
5328,"tpTelecom_Price_Retail_Fixed_NationalVoice","Price regulation of retail national long distance voice services",,,220,"SUR","Suriname","With price control",2013,"","","National retail long distance voice"
5328,"tpTelecom_Price_Retail_Fixed_NationalVoice","Price regulation of retail national long distance voice services",,,220,"SUR","Suriname","With price control",2014,"","","National retail long distance voice"
5328,"tpTelecom_Price_Retail_Fixed_NationalVoice","Price regulation of retail national long distance voice services",,,220,"SUR","Suriname","With price control",2015,"","","National retail long distance voice"
5328,"tpTelecom_Price_Retail_Fixed_NationalVoice","Price regulation of retail national long distance voice services",,,220,"SUR","Suriname","With price control",2016,"","","National retail long distance voice"
5328,"tpTelecom_Price_Retail_Fixed_NationalVoice","Price regulation of retail national long distance voice services",,,220,"SUR","Suriname","With price control",2017,"","","National retail long distance voice"
5328,"tpTelecom_Price_Retail_Fixed_NationalVoice","Price regulation of retail national long distance voice services",,,220,"SUR","Suriname","With price control",2018,"","","National retail long distance voice"
5328,"tpTelecom_Price_Retail_Fixed_NationalVoice","Price regulation of retail national long distance voice services",,,220,"SUR","Suriname","With price control",2019,"","","National retail long distance voice"
5328,"tpTelecom_Price_Retail_Fixed_NationalVoice","Price regulation of retail national long distance voice services",,,220,"SUR","Suriname","With price control",2020,"","","National retail long distance voice"
5328,"tpTelecom_Price_Retail_Fixed_NationalVoice","Price regulation of retail national long distance voice services",,,220,"SUR","Suriname","With price control",2021,"","","National retail long distance voice"
5328,"tpTelecom_Price_Retail_Fixed_NationalVoice","Price regulation of retail national long distance voice services",,,220,"SUR","Suriname","With price control",2022,"","","National retail long distance voice"
5328,"tpTelecom_Price_Retail_Fixed_NationalVoice","Price regulation of retail national long distance voice services",,,220,"SUR","Suriname","With price control",2023,"","","National retail long distance voice"
5328,"tpTelecom_Price_Retail_Fixed_NationalVoice","Price regulation of retail national long distance voice services",,,220,"SUR","Suriname","With price control",2024,"","","National retail long distance voice"
5328,"tpTelecom_Price_Retail_Fixed_NationalVoice","Price regulation of retail national long distance voice services",,,221,"SVN","Slovenia","Without price control",2012,"","","National retail long distance voice"
5328,"tpTelecom_Price_Retail_Fixed_NationalVoice","Price regulation of retail national long distance voice services",,,221,"SVN","Slovenia","Without price control",2013,"","","National retail long distance voice"
5328,"tpTelecom_Price_Retail_Fixed_NationalVoice","Price regulation of retail national long distance voice services",,,221,"SVN","Slovenia","Without price control",2014,"","","National retail long distance voice"
5328,"tpTelecom_Price_Retail_Fixed_NationalVoice","Price regulation of retail national long distance voice services",,,221,"SVN","Slovenia","Without price control",2015,"","","National retail long distance voice"
5328,"tpTelecom_Price_Retail_Fixed_NationalVoice","Price regulation of retail national long distance voice services",,,221,"SVN","Slovenia","Without price control",2016,"","","National retail long distance voice"
5328,"tpTelecom_Price_Retail_Fixed_NationalVoice","Price regulation of retail national long distance voice services",,,221,"SVN","Slovenia","Without price control",2017,"","","National retail long distance voice"
5328,"tpTelecom_Price_Retail_Fixed_NationalVoice","Price regulation of retail national long distance voice services",,,221,"SVN","Slovenia","Without price control",2018,"","","National retail long distance voice"
5328,"tpTelecom_Price_Retail_Fixed_NationalVoice","Price regulation of retail national long distance voice services",,,221,"SVN","Slovenia","Without price control",2019,"","","National retail long distance voice"
5328,"tpTelecom_Price_Retail_Fixed_NationalVoice","Price regulation of retail national long distance voice services",,,221,"SVN","Slovenia","Without price control",2020,"","","National retail long distance voice"
5328,"tpTelecom_Price_Retail_Fixed_NationalVoice","Price regulation of retail national long distance voice services",,,221,"SVN","Slovenia","Without price control",2021,"","","National retail long distance voice"
5328,"tpTelecom_Price_Retail_Fixed_NationalVoice","Price regulation of retail national long distance voice services",,,221,"SVN","Slovenia","Without price control",2022,"","","National retail long distance voice"
5328,"tpTelecom_Price_Retail_Fixed_NationalVoice","Price regulation of retail national long distance voice services",,,221,"SVN","Slovenia","Without price control",2023,"","","National retail long distance voice"
5328,"tpTelecom_Price_Retail_Fixed_NationalVoice","Price regulation of retail national long distance voice services",,,221,"SVN","Slovenia","Without price control",2024,"","","National retail long distance voice"
5328,"tpTelecom_Price_Retail_Fixed_NationalVoice","Price regulation of retail national long distance voice services",,,223,"SWZ","Eswatini","With price control",2009,"","","National retail long distance voice"
5328,"tpTelecom_Price_Retail_Fixed_NationalVoice","Price regulation of retail national long distance voice services",,,223,"SWZ","Eswatini","With price control",2010,"","","National retail long distance voice"
5328,"tpTelecom_Price_Retail_Fixed_NationalVoice","Price regulation of retail national long distance voice services",,,223,"SWZ","Eswatini","Without price control",2011,"","","National retail long distance voice"
5328,"tpTelecom_Price_Retail_Fixed_NationalVoice","Price regulation of retail national long distance voice services",,,223,"SWZ","Eswatini","With price control",2017,"","","National retail long distance voice"
5328,"tpTelecom_Price_Retail_Fixed_NationalVoice","Price regulation of retail national long distance voice services",,,223,"SWZ","Eswatini","With price control",2018,"","","National retail long distance voice"
5328,"tpTelecom_Price_Retail_Fixed_NationalVoice","Price regulation of retail national long distance voice services",,,223,"SWZ","Eswatini","With price control",2019,"","","National retail long distance voice"
5328,"tpTelecom_Price_Retail_Fixed_NationalVoice","Price regulation of retail national long distance voice services",,,223,"SWZ","Eswatini","With price control",2020,"","","National retail long distance voice"
5328,"tpTelecom_Price_Retail_Fixed_NationalVoice","Price regulation of retail national long distance voice services",,,223,"SWZ","Eswatini","With price control",2021,"","","National retail long distance voice"
5328,"tpTelecom_Price_Retail_Fixed_NationalVoice","Price regulation of retail national long distance voice services",,,223,"SWZ","Eswatini","With price control",2022,"","","National retail long distance voice"
5328,"tpTelecom_Price_Retail_Fixed_NationalVoice","Price regulation of retail national long distance voice services",,,223,"SWZ","Eswatini","With price control",2023,"","","National retail long distance voice"
5328,"tpTelecom_Price_Retail_Fixed_NationalVoice","Price regulation of retail national long distance voice services",,,223,"SWZ","Eswatini","With price control",2024,"","","National retail long distance voice"
5328,"tpTelecom_Price_Retail_Fixed_NationalVoice","Price regulation of retail national long distance voice services",,,224,"SYR","Syrian Arab Republic","With price control",2018,"","","National retail long distance voice"
5328,"tpTelecom_Price_Retail_Fixed_NationalVoice","Price regulation of retail national long distance voice services",,,224,"SYR","Syrian Arab Republic","With price control",2019,"","","National retail long distance voice"
5328,"tpTelecom_Price_Retail_Fixed_NationalVoice","Price regulation of retail national long distance voice services",,,224,"SYR","Syrian Arab Republic","With price control",2020,"","","National retail long distance voice"
5328,"tpTelecom_Price_Retail_Fixed_NationalVoice","Price regulation of retail national long distance voice services",,,224,"SYR","Syrian Arab Republic","With price control",2021,"","","National retail long distance voice"
5328,"tpTelecom_Price_Retail_Fixed_NationalVoice","Price regulation of retail national long distance voice services",,,224,"SYR","Syrian Arab Republic","With price control",2022,"","","National retail long distance voice"
5328,"tpTelecom_Price_Retail_Fixed_NationalVoice","Price regulation of retail national long distance voice services",,,224,"SYR","Syrian Arab Republic","With price control",2023,"","","National retail long distance voice"
5328,"tpTelecom_Price_Retail_Fixed_NationalVoice","Price regulation of retail national long distance voice services",,,224,"SYR","Syrian Arab Republic","With price control",2024,"","","National retail long distance voice"
5328,"tpTelecom_Price_Retail_Fixed_NationalVoice","Price regulation of retail national long distance voice services",,,226,"TCD","Chad","With price control",2010,"","","National retail long distance voice"
5328,"tpTelecom_Price_Retail_Fixed_NationalVoice","Price regulation of retail national long distance voice services",,,226,"TCD","Chad","With price control",2011,"","","National retail long distance voice"
5328,"tpTelecom_Price_Retail_Fixed_NationalVoice","Price regulation of retail national long distance voice services",,,226,"TCD","Chad","With price control",2012,"","","National retail long distance voice"
5328,"tpTelecom_Price_Retail_Fixed_NationalVoice","Price regulation of retail national long distance voice services",,,226,"TCD","Chad","Without price control",2021,"","","National retail long distance voice"
5328,"tpTelecom_Price_Retail_Fixed_NationalVoice","Price regulation of retail national long distance voice services",,,227,"CZE","Czech Republic","Without price control",2009,"","","National retail long distance voice"
5328,"tpTelecom_Price_Retail_Fixed_NationalVoice","Price regulation of retail national long distance voice services",,,227,"CZE","Czech Republic","Without price control",2010,"","","National retail long distance voice"
5328,"tpTelecom_Price_Retail_Fixed_NationalVoice","Price regulation of retail national long distance voice services",,,227,"CZE","Czech Republic","Without price control",2011,"","","National retail long distance voice"
5328,"tpTelecom_Price_Retail_Fixed_NationalVoice","Price regulation of retail national long distance voice services",,,227,"CZE","Czech Republic","Without price control",2012,"","","National retail long distance voice"
5328,"tpTelecom_Price_Retail_Fixed_NationalVoice","Price regulation of retail national long distance voice services",,,227,"CZE","Czech Republic","Without price control",2013,"","","National retail long distance voice"
5328,"tpTelecom_Price_Retail_Fixed_NationalVoice","Price regulation of retail national long distance voice services",,,227,"CZE","Czech Republic","Without price control",2014,"","","National retail long distance voice"
5328,"tpTelecom_Price_Retail_Fixed_NationalVoice","Price regulation of retail national long distance voice services",,,227,"CZE","Czech Republic","Without price control",2016,"","","National retail long distance voice"
5328,"tpTelecom_Price_Retail_Fixed_NationalVoice","Price regulation of retail national long distance voice services",,,227,"CZE","Czech Republic","Without price control",2017,"","","National retail long distance voice"
5328,"tpTelecom_Price_Retail_Fixed_NationalVoice","Price regulation of retail national long distance voice services",,,227,"CZE","Czech Republic","Without price control",2018,"","","National retail long distance voice"
5328,"tpTelecom_Price_Retail_Fixed_NationalVoice","Price regulation of retail national long distance voice services",,,227,"CZE","Czech Republic","Without price control",2019,"","","National retail long distance voice"
5328,"tpTelecom_Price_Retail_Fixed_NationalVoice","Price regulation of retail national long distance voice services",,,227,"CZE","Czech Republic","Without price control",2020,"","","National retail long distance voice"
5328,"tpTelecom_Price_Retail_Fixed_NationalVoice","Price regulation of retail national long distance voice services",,,227,"CZE","Czech Republic","Without price control",2021,"","","National retail long distance voice"
5328,"tpTelecom_Price_Retail_Fixed_NationalVoice","Price regulation of retail national long distance voice services",,,227,"CZE","Czech Republic","Without price control",2022,"","","National retail long distance voice"
5328,"tpTelecom_Price_Retail_Fixed_NationalVoice","Price regulation of retail national long distance voice services",,,227,"CZE","Czech Republic","Without price control",2023,"","","National retail long distance voice"
5328,"tpTelecom_Price_Retail_Fixed_NationalVoice","Price regulation of retail national long distance voice services",,,227,"CZE","Czech Republic","Without price control",2024,"","","National retail long distance voice"
5328,"tpTelecom_Price_Retail_Fixed_NationalVoice","Price regulation of retail national long distance voice services",,,228,"TGO","Togo","Without price control",2011,"","","National retail long distance voice"
5328,"tpTelecom_Price_Retail_Fixed_NationalVoice","Price regulation of retail national long distance voice services",,,228,"TGO","Togo","With price control",2012,"","","National retail long distance voice"
5328,"tpTelecom_Price_Retail_Fixed_NationalVoice","Price regulation of retail national long distance voice services",,,228,"TGO","Togo","With price control",2013,"","","National retail long distance voice"
5328,"tpTelecom_Price_Retail_Fixed_NationalVoice","Price regulation of retail national long distance voice services",,,228,"TGO","Togo","With price control",2014,"","","National retail long distance voice"
5328,"tpTelecom_Price_Retail_Fixed_NationalVoice","Price regulation of retail national long distance voice services",,,228,"TGO","Togo","With price control",2015,"","","National retail long distance voice"
5328,"tpTelecom_Price_Retail_Fixed_NationalVoice","Price regulation of retail national long distance voice services",,,228,"TGO","Togo","With price control",2016,"","","National retail long distance voice"
5328,"tpTelecom_Price_Retail_Fixed_NationalVoice","Price regulation of retail national long distance voice services",,,228,"TGO","Togo","With price control",2017,"","","National retail long distance voice"
5328,"tpTelecom_Price_Retail_Fixed_NationalVoice","Price regulation of retail national long distance voice services",,,228,"TGO","Togo","With price control",2018,"","","National retail long distance voice"
5328,"tpTelecom_Price_Retail_Fixed_NationalVoice","Price regulation of retail national long distance voice services",,,228,"TGO","Togo","With price control",2019,"","","National retail long distance voice"
5328,"tpTelecom_Price_Retail_Fixed_NationalVoice","Price regulation of retail national long distance voice services",,,228,"TGO","Togo","With price control",2020,"","","National retail long distance voice"
5328,"tpTelecom_Price_Retail_Fixed_NationalVoice","Price regulation of retail national long distance voice services",,,228,"TGO","Togo","With price control",2021,"","","National retail long distance voice"
5328,"tpTelecom_Price_Retail_Fixed_NationalVoice","Price regulation of retail national long distance voice services",,,228,"TGO","Togo","With price control",2022,"","","National retail long distance voice"
5328,"tpTelecom_Price_Retail_Fixed_NationalVoice","Price regulation of retail national long distance voice services",,,228,"TGO","Togo","Without price control",2024,"","","National retail long distance voice"
5328,"tpTelecom_Price_Retail_Fixed_NationalVoice","Price regulation of retail national long distance voice services",,,229,"THA","Thailand","With price control",2010,"","","National retail long distance voice"
5328,"tpTelecom_Price_Retail_Fixed_NationalVoice","Price regulation of retail national long distance voice services",,,229,"THA","Thailand","With price control",2011,"","","National retail long distance voice"
5328,"tpTelecom_Price_Retail_Fixed_NationalVoice","Price regulation of retail national long distance voice services",,,229,"THA","Thailand","Without price control",2012,"","","National retail long distance voice"
5328,"tpTelecom_Price_Retail_Fixed_NationalVoice","Price regulation of retail national long distance voice services",,,229,"THA","Thailand","Without price control",2018,"","","National retail long distance voice"
5328,"tpTelecom_Price_Retail_Fixed_NationalVoice","Price regulation of retail national long distance voice services",,,229,"THA","Thailand","With price control",2019,"","","National retail long distance voice"
5328,"tpTelecom_Price_Retail_Fixed_NationalVoice","Price regulation of retail national long distance voice services",,,232,"TON","Tonga","Without price control",2009,"","","National retail long distance voice"
5328,"tpTelecom_Price_Retail_Fixed_NationalVoice","Price regulation of retail national long distance voice services",,,232,"TON","Tonga","Without price control",2018,"","","National retail long distance voice"
5328,"tpTelecom_Price_Retail_Fixed_NationalVoice","Price regulation of retail national long distance voice services",,,232,"TON","Tonga","Without price control",2019,"","","National retail long distance voice"
5328,"tpTelecom_Price_Retail_Fixed_NationalVoice","Price regulation of retail national long distance voice services",,,232,"TON","Tonga","Without price control",2021,"","","National retail long distance voice"
5328,"tpTelecom_Price_Retail_Fixed_NationalVoice","Price regulation of retail national long distance voice services",,,232,"TON","Tonga","Without price control",2022,"","","National retail long distance voice"
5328,"tpTelecom_Price_Retail_Fixed_NationalVoice","Price regulation of retail national long distance voice services",,,234,"TTO","Trinidad and Tobago","Without price control",2010,"","","National retail long distance voice"
5328,"tpTelecom_Price_Retail_Fixed_NationalVoice","Price regulation of retail national long distance voice services",,,234,"TTO","Trinidad and Tobago","Without price control",2011,"","","National retail long distance voice"
5328,"tpTelecom_Price_Retail_Fixed_NationalVoice","Price regulation of retail national long distance voice services",,,234,"TTO","Trinidad and Tobago","Without price control",2012,"","","National retail long distance voice"
5328,"tpTelecom_Price_Retail_Fixed_NationalVoice","Price regulation of retail national long distance voice services",,,234,"TTO","Trinidad and Tobago","Without price control",2013,"","","National retail long distance voice"
5328,"tpTelecom_Price_Retail_Fixed_NationalVoice","Price regulation of retail national long distance voice services",,,234,"TTO","Trinidad and Tobago","Without price control",2014,"","","National retail long distance voice"
5328,"tpTelecom_Price_Retail_Fixed_NationalVoice","Price regulation of retail national long distance voice services",,,234,"TTO","Trinidad and Tobago","Without price control",2015,"","","National retail long distance voice"
5328,"tpTelecom_Price_Retail_Fixed_NationalVoice","Price regulation of retail national long distance voice services",,,234,"TTO","Trinidad and Tobago","Without price control",2016,"","","National retail long distance voice"
5328,"tpTelecom_Price_Retail_Fixed_NationalVoice","Price regulation of retail national long distance voice services",,,234,"TTO","Trinidad and Tobago","Without price control",2017,"","","National retail long distance voice"
5328,"tpTelecom_Price_Retail_Fixed_NationalVoice","Price regulation of retail national long distance voice services",,,234,"TTO","Trinidad and Tobago","Without price control",2018,"","","National retail long distance voice"
5328,"tpTelecom_Price_Retail_Fixed_NationalVoice","Price regulation of retail national long distance voice services",,,234,"TTO","Trinidad and Tobago","Without price control",2019,"","","National retail long distance voice"
5328,"tpTelecom_Price_Retail_Fixed_NationalVoice","Price regulation of retail national long distance voice services",,,234,"TTO","Trinidad and Tobago","Without price control",2020,"","","National retail long distance voice"
5328,"tpTelecom_Price_Retail_Fixed_NationalVoice","Price regulation of retail national long distance voice services",,,234,"TTO","Trinidad and Tobago","Without price control",2021,"","","National retail long distance voice"
5328,"tpTelecom_Price_Retail_Fixed_NationalVoice","Price regulation of retail national long distance voice services",,,234,"TTO","Trinidad and Tobago","Without price control",2022,"","","National retail long distance voice"
5328,"tpTelecom_Price_Retail_Fixed_NationalVoice","Price regulation of retail national long distance voice services",,,234,"TTO","Trinidad and Tobago","Without price control",2023,"","","National retail long distance voice"
5328,"tpTelecom_Price_Retail_Fixed_NationalVoice","Price regulation of retail national long distance voice services",,,234,"TTO","Trinidad and Tobago","Without price control",2024,"","","National retail long distance voice"
5328,"tpTelecom_Price_Retail_Fixed_NationalVoice","Price regulation of retail national long distance voice services",,,235,"TUN","Tunisia","With price control",2011,"","","National retail long distance voice"
5328,"tpTelecom_Price_Retail_Fixed_NationalVoice","Price regulation of retail national long distance voice services",,,235,"TUN","Tunisia","With price control",2012,"","","National retail long distance voice"
5328,"tpTelecom_Price_Retail_Fixed_NationalVoice","Price regulation of retail national long distance voice services",,,235,"TUN","Tunisia","With price control",2013,"","","National retail long distance voice"
5328,"tpTelecom_Price_Retail_Fixed_NationalVoice","Price regulation of retail national long distance voice services",,,235,"TUN","Tunisia","With price control",2014,"","","National retail long distance voice"
5328,"tpTelecom_Price_Retail_Fixed_NationalVoice","Price regulation of retail national long distance voice services",,,235,"TUN","Tunisia","With price control",2015,"","","National retail long distance voice"
5328,"tpTelecom_Price_Retail_Fixed_NationalVoice","Price regulation of retail national long distance voice services",,,235,"TUN","Tunisia","With price control",2018,"","","National retail long distance voice"
5328,"tpTelecom_Price_Retail_Fixed_NationalVoice","Price regulation of retail national long distance voice services",,,235,"TUN","Tunisia","With price control",2019,"","","National retail long distance voice"
5328,"tpTelecom_Price_Retail_Fixed_NationalVoice","Price regulation of retail national long distance voice services",,,235,"TUN","Tunisia","With price control",2020,"","","National retail long distance voice"
5328,"tpTelecom_Price_Retail_Fixed_NationalVoice","Price regulation of retail national long distance voice services",,,235,"TUN","Tunisia","With price control",2021,"","","National retail long distance voice"
5328,"tpTelecom_Price_Retail_Fixed_NationalVoice","Price regulation of retail national long distance voice services",,,235,"TUN","Tunisia","With price control",2022,"","","National retail long distance voice"
5328,"tpTelecom_Price_Retail_Fixed_NationalVoice","Price regulation of retail national long distance voice services",,,235,"TUN","Tunisia","With price control",2023,"","","National retail long distance voice"
5328,"tpTelecom_Price_Retail_Fixed_NationalVoice","Price regulation of retail national long distance voice services",,,235,"TUN","Tunisia","With price control",2024,"","","National retail long distance voice"
5328,"tpTelecom_Price_Retail_Fixed_NationalVoice","Price regulation of retail national long distance voice services",,,236,"TUR","Türkiye","With price control",2009,"","","National retail long distance voice"
5328,"tpTelecom_Price_Retail_Fixed_NationalVoice","Price regulation of retail national long distance voice services",,,236,"TUR","Türkiye","With price control",2010,"","","National retail long distance voice"
5328,"tpTelecom_Price_Retail_Fixed_NationalVoice","Price regulation of retail national long distance voice services",,,236,"TUR","Türkiye","With price control",2011,"","","National retail long distance voice"
5328,"tpTelecom_Price_Retail_Fixed_NationalVoice","Price regulation of retail national long distance voice services",,,236,"TUR","Türkiye","With price control",2012,"","","National retail long distance voice"
5328,"tpTelecom_Price_Retail_Fixed_NationalVoice","Price regulation of retail national long distance voice services",,,236,"TUR","Türkiye","With price control",2013,"","","National retail long distance voice"
5328,"tpTelecom_Price_Retail_Fixed_NationalVoice","Price regulation of retail national long distance voice services",,,236,"TUR","Türkiye","Without price control",2014,"","","National retail long distance voice"
5328,"tpTelecom_Price_Retail_Fixed_NationalVoice","Price regulation of retail national long distance voice services",,,236,"TUR","Türkiye","Without price control",2015,"","","National retail long distance voice"
5328,"tpTelecom_Price_Retail_Fixed_NationalVoice","Price regulation of retail national long distance voice services",,,236,"TUR","Türkiye","Without price control",2016,"","","National retail long distance voice"
5328,"tpTelecom_Price_Retail_Fixed_NationalVoice","Price regulation of retail national long distance voice services",,,236,"TUR","Türkiye","Without price control",2017,"","","National retail long distance voice"
5328,"tpTelecom_Price_Retail_Fixed_NationalVoice","Price regulation of retail national long distance voice services",,,236,"TUR","Türkiye","Without price control",2018,"","","National retail long distance voice"
5328,"tpTelecom_Price_Retail_Fixed_NationalVoice","Price regulation of retail national long distance voice services",,,236,"TUR","Türkiye","Without price control",2019,"","","National retail long distance voice"
5328,"tpTelecom_Price_Retail_Fixed_NationalVoice","Price regulation of retail national long distance voice services",,,236,"TUR","Türkiye","Without price control",2020,"","","National retail long distance voice"
5328,"tpTelecom_Price_Retail_Fixed_NationalVoice","Price regulation of retail national long distance voice services",,,236,"TUR","Türkiye","Without price control",2021,"","","National retail long distance voice"
5328,"tpTelecom_Price_Retail_Fixed_NationalVoice","Price regulation of retail national long distance voice services",,,236,"TUR","Türkiye","Without price control",2022,"","","National retail long distance voice"
5328,"tpTelecom_Price_Retail_Fixed_NationalVoice","Price regulation of retail national long distance voice services",,,236,"TUR","Türkiye","Without price control",2023,"","","National retail long distance voice"
5328,"tpTelecom_Price_Retail_Fixed_NationalVoice","Price regulation of retail national long distance voice services",,,236,"TUR","Türkiye","Without price control",2024,"","","National retail long distance voice"
5328,"tpTelecom_Price_Retail_Fixed_NationalVoice","Price regulation of retail national long distance voice services",,,237,"TUV","Tuvalu","Without price control",2014,"","","National retail long distance voice"
5328,"tpTelecom_Price_Retail_Fixed_NationalVoice","Price regulation of retail national long distance voice services",,,237,"TUV","Tuvalu","Without price control",2015,"","","National retail long distance voice"
5328,"tpTelecom_Price_Retail_Fixed_NationalVoice","Price regulation of retail national long distance voice services",,,237,"TUV","Tuvalu","Without price control",2019,"","","National retail long distance voice"
5328,"tpTelecom_Price_Retail_Fixed_NationalVoice","Price regulation of retail national long distance voice services",,,238,"TZA","Tanzania","Without price control",2009,"","","National retail long distance voice"
5328,"tpTelecom_Price_Retail_Fixed_NationalVoice","Price regulation of retail national long distance voice services",,,238,"TZA","Tanzania","Without price control",2010,"","","National retail long distance voice"
5328,"tpTelecom_Price_Retail_Fixed_NationalVoice","Price regulation of retail national long distance voice services",,,238,"TZA","Tanzania","Without price control",2013,"","","National retail long distance voice"
5328,"tpTelecom_Price_Retail_Fixed_NationalVoice","Price regulation of retail national long distance voice services",,,238,"TZA","Tanzania","Without price control",2015,"","","National retail long distance voice"
5328,"tpTelecom_Price_Retail_Fixed_NationalVoice","Price regulation of retail national long distance voice services",,,238,"TZA","Tanzania","Without price control",2017,"","","National retail long distance voice"
5328,"tpTelecom_Price_Retail_Fixed_NationalVoice","Price regulation of retail national long distance voice services",,,238,"TZA","Tanzania","Without price control",2019,"","","National retail long distance voice"
5328,"tpTelecom_Price_Retail_Fixed_NationalVoice","Price regulation of retail national long distance voice services",,,238,"TZA","Tanzania","Without price control",2020,"","","National retail long distance voice"
5328,"tpTelecom_Price_Retail_Fixed_NationalVoice","Price regulation of retail national long distance voice services",,,238,"TZA","Tanzania","Without price control",2021,"","","National retail long distance voice"
5328,"tpTelecom_Price_Retail_Fixed_NationalVoice","Price regulation of retail national long distance voice services",,,238,"TZA","Tanzania","Without price control",2022,"","","National retail long distance voice"
5328,"tpTelecom_Price_Retail_Fixed_NationalVoice","Price regulation of retail national long distance voice services",,,238,"TZA","Tanzania","Without price control",2023,"","","National retail long distance voice"
5328,"tpTelecom_Price_Retail_Fixed_NationalVoice","Price regulation of retail national long distance voice services",,,238,"TZA","Tanzania","Without price control",2024,"","","National retail long distance voice"
5328,"tpTelecom_Price_Retail_Fixed_NationalVoice","Price regulation of retail national long distance voice services",,,239,"ARE","United Arab Emirates","With price control",2009,"","","National retail long distance voice"
5328,"tpTelecom_Price_Retail_Fixed_NationalVoice","Price regulation of retail national long distance voice services",,,239,"ARE","United Arab Emirates","With price control",2011,"","","National retail long distance voice"
5328,"tpTelecom_Price_Retail_Fixed_NationalVoice","Price regulation of retail national long distance voice services",,,239,"ARE","United Arab Emirates","With price control",2012,"","","National retail long distance voice"
5328,"tpTelecom_Price_Retail_Fixed_NationalVoice","Price regulation of retail national long distance voice services",,,239,"ARE","United Arab Emirates","With price control",2013,"","","National retail long distance voice"
5328,"tpTelecom_Price_Retail_Fixed_NationalVoice","Price regulation of retail national long distance voice services",,,239,"ARE","United Arab Emirates","With price control",2014,"","","National retail long distance voice"
5328,"tpTelecom_Price_Retail_Fixed_NationalVoice","Price regulation of retail national long distance voice services",,,239,"ARE","United Arab Emirates","Without price control",2015,"","","National retail long distance voice"
5328,"tpTelecom_Price_Retail_Fixed_NationalVoice","Price regulation of retail national long distance voice services",,,239,"ARE","United Arab Emirates","Without price control",2016,"","","National retail long distance voice"
5328,"tpTelecom_Price_Retail_Fixed_NationalVoice","Price regulation of retail national long distance voice services",,,239,"ARE","United Arab Emirates","With price control",2017,"","","National retail long distance voice"
5328,"tpTelecom_Price_Retail_Fixed_NationalVoice","Price regulation of retail national long distance voice services",,,239,"ARE","United Arab Emirates","With price control",2018,"","","National retail long distance voice"
5328,"tpTelecom_Price_Retail_Fixed_NationalVoice","Price regulation of retail national long distance voice services",,,239,"ARE","United Arab Emirates","With price control",2019,"","","National retail long distance voice"
5328,"tpTelecom_Price_Retail_Fixed_NationalVoice","Price regulation of retail national long distance voice services",,,239,"ARE","United Arab Emirates","With price control",2020,"","","National retail long distance voice"
5328,"tpTelecom_Price_Retail_Fixed_NationalVoice","Price regulation of retail national long distance voice services",,,239,"ARE","United Arab Emirates","With price control",2021,"","","National retail long distance voice"
5328,"tpTelecom_Price_Retail_Fixed_NationalVoice","Price regulation of retail national long distance voice services",,,239,"ARE","United Arab Emirates","With price control",2022,"","","National retail long distance voice"
5328,"tpTelecom_Price_Retail_Fixed_NationalVoice","Price regulation of retail national long distance voice services",,,239,"ARE","United Arab Emirates","With price control",2023,"","","National retail long distance voice"
5328,"tpTelecom_Price_Retail_Fixed_NationalVoice","Price regulation of retail national long distance voice services",,,239,"ARE","United Arab Emirates","With price control",2024,"","","National retail long distance voice"
5328,"tpTelecom_Price_Retail_Fixed_NationalVoice","Price regulation of retail national long distance voice services",,,240,"UGA","Uganda","Without price control",2009,"","","National retail long distance voice"
5328,"tpTelecom_Price_Retail_Fixed_NationalVoice","Price regulation of retail national long distance voice services",,,240,"UGA","Uganda","Without price control",2010,"","","National retail long distance voice"
5328,"tpTelecom_Price_Retail_Fixed_NationalVoice","Price regulation of retail national long distance voice services",,,240,"UGA","Uganda","Without price control",2011,"","","National retail long distance voice"
5328,"tpTelecom_Price_Retail_Fixed_NationalVoice","Price regulation of retail national long distance voice services",,,240,"UGA","Uganda","With price control",2012,"","","National retail long distance voice"
5328,"tpTelecom_Price_Retail_Fixed_NationalVoice","Price regulation of retail national long distance voice services",,,240,"UGA","Uganda","Without price control",2013,"","","National retail long distance voice"
5328,"tpTelecom_Price_Retail_Fixed_NationalVoice","Price regulation of retail national long distance voice services",,,240,"UGA","Uganda","Without price control",2017,"","","National retail long distance voice"
5328,"tpTelecom_Price_Retail_Fixed_NationalVoice","Price regulation of retail national long distance voice services",,,240,"UGA","Uganda","With price control",2018,"","","National retail long distance voice"
5328,"tpTelecom_Price_Retail_Fixed_NationalVoice","Price regulation of retail national long distance voice services",,,240,"UGA","Uganda","With price control",2019,"","","National retail long distance voice"
5328,"tpTelecom_Price_Retail_Fixed_NationalVoice","Price regulation of retail national long distance voice services",,,240,"UGA","Uganda","With price control",2020,"","","National retail long distance voice"
5328,"tpTelecom_Price_Retail_Fixed_NationalVoice","Price regulation of retail national long distance voice services",,,240,"UGA","Uganda","With price control",2021,"","","National retail long distance voice"
5328,"tpTelecom_Price_Retail_Fixed_NationalVoice","Price regulation of retail national long distance voice services",,,240,"UGA","Uganda","With price control",2022,"","","National retail long distance voice"
5328,"tpTelecom_Price_Retail_Fixed_NationalVoice","Price regulation of retail national long distance voice services",,,240,"UGA","Uganda","With price control",2023,"","","National retail long distance voice"
5328,"tpTelecom_Price_Retail_Fixed_NationalVoice","Price regulation of retail national long distance voice services",,,241,"UKR","Ukraine","Without price control",2011,"","","National retail long distance voice"
5328,"tpTelecom_Price_Retail_Fixed_NationalVoice","Price regulation of retail national long distance voice services",,,241,"UKR","Ukraine","Without price control",2012,"","","National retail long distance voice"
5328,"tpTelecom_Price_Retail_Fixed_NationalVoice","Price regulation of retail national long distance voice services",,,241,"UKR","Ukraine","Without price control",2013,"","","National retail long distance voice"
5328,"tpTelecom_Price_Retail_Fixed_NationalVoice","Price regulation of retail national long distance voice services",,,241,"UKR","Ukraine","Without price control",2016,"","","National retail long distance voice"
5328,"tpTelecom_Price_Retail_Fixed_NationalVoice","Price regulation of retail national long distance voice services",,,241,"UKR","Ukraine","Without price control",2017,"","","National retail long distance voice"
5328,"tpTelecom_Price_Retail_Fixed_NationalVoice","Price regulation of retail national long distance voice services",,,241,"UKR","Ukraine","Without price control",2018,"","","National retail long distance voice"
5328,"tpTelecom_Price_Retail_Fixed_NationalVoice","Price regulation of retail national long distance voice services",,,241,"UKR","Ukraine","Without price control",2019,"","","National retail long distance voice"
5328,"tpTelecom_Price_Retail_Fixed_NationalVoice","Price regulation of retail national long distance voice services",,,241,"UKR","Ukraine","Without price control",2020,"","","National retail long distance voice"
5328,"tpTelecom_Price_Retail_Fixed_NationalVoice","Price regulation of retail national long distance voice services",,,241,"UKR","Ukraine","Without price control",2021,"","","National retail long distance voice"
5328,"tpTelecom_Price_Retail_Fixed_NationalVoice","Price regulation of retail national long distance voice services",,,241,"UKR","Ukraine","Without price control",2022,"","","National retail long distance voice"
5328,"tpTelecom_Price_Retail_Fixed_NationalVoice","Price regulation of retail national long distance voice services",,,241,"UKR","Ukraine","Without price control",2023,"","","National retail long distance voice"
5328,"tpTelecom_Price_Retail_Fixed_NationalVoice","Price regulation of retail national long distance voice services",,,241,"UKR","Ukraine","Without price control",2024,"","","National retail long distance voice"
5328,"tpTelecom_Price_Retail_Fixed_NationalVoice","Price regulation of retail national long distance voice services",,,242,"URY","Uruguay","Without price control",2009,"","","National retail long distance voice"
5328,"tpTelecom_Price_Retail_Fixed_NationalVoice","Price regulation of retail national long distance voice services",,,242,"URY","Uruguay","Without price control",2010,"","","National retail long distance voice"
5328,"tpTelecom_Price_Retail_Fixed_NationalVoice","Price regulation of retail national long distance voice services",,,242,"URY","Uruguay","With price control",2011,"","","National retail long distance voice"
5328,"tpTelecom_Price_Retail_Fixed_NationalVoice","Price regulation of retail national long distance voice services",,,242,"URY","Uruguay","Without price control",2012,"","","National retail long distance voice"
5328,"tpTelecom_Price_Retail_Fixed_NationalVoice","Price regulation of retail national long distance voice services",,,242,"URY","Uruguay","Without price control",2013,"","","National retail long distance voice"
5328,"tpTelecom_Price_Retail_Fixed_NationalVoice","Price regulation of retail national long distance voice services",,,242,"URY","Uruguay","Without price control",2014,"","","National retail long distance voice"
5328,"tpTelecom_Price_Retail_Fixed_NationalVoice","Price regulation of retail national long distance voice services",,,242,"URY","Uruguay","Without price control",2018,"","","National retail long distance voice"
5328,"tpTelecom_Price_Retail_Fixed_NationalVoice","Price regulation of retail national long distance voice services",,,242,"URY","Uruguay","Without price control",2021,"","","National retail long distance voice"
5328,"tpTelecom_Price_Retail_Fixed_NationalVoice","Price regulation of retail national long distance voice services",,,242,"URY","Uruguay","Without price control",2022,"","","National retail long distance voice"
5328,"tpTelecom_Price_Retail_Fixed_NationalVoice","Price regulation of retail national long distance voice services",,,242,"URY","Uruguay","Without price control",2023,"","","National retail long distance voice"
5328,"tpTelecom_Price_Retail_Fixed_NationalVoice","Price regulation of retail national long distance voice services",,,244,"USA","United States","Without price control",2016,"","","National retail long distance voice"
5328,"tpTelecom_Price_Retail_Fixed_NationalVoice","Price regulation of retail national long distance voice services",,,244,"USA","United States","Without price control",2017,"","","National retail long distance voice"
5328,"tpTelecom_Price_Retail_Fixed_NationalVoice","Price regulation of retail national long distance voice services",,,244,"USA","United States","Without price control",2018,"","","National retail long distance voice"
5328,"tpTelecom_Price_Retail_Fixed_NationalVoice","Price regulation of retail national long distance voice services",,,244,"USA","United States","Without price control",2021,"","","National retail long distance voice"
5328,"tpTelecom_Price_Retail_Fixed_NationalVoice","Price regulation of retail national long distance voice services",,,244,"USA","United States","Without price control",2022,"","","National retail long distance voice"
5328,"tpTelecom_Price_Retail_Fixed_NationalVoice","Price regulation of retail national long distance voice services",,,244,"USA","United States","Without price control",2023,"","","National retail long distance voice"
5328,"tpTelecom_Price_Retail_Fixed_NationalVoice","Price regulation of retail national long distance voice services",,,244,"USA","United States","Without price control",2024,"","","National retail long distance voice"
5328,"tpTelecom_Price_Retail_Fixed_NationalVoice","Price regulation of retail national long distance voice services",,,245,"UZB","Uzbekistan","With price control",2018,"","","National retail long distance voice"
5328,"tpTelecom_Price_Retail_Fixed_NationalVoice","Price regulation of retail national long distance voice services",,,245,"UZB","Uzbekistan","With price control",2019,"","","National retail long distance voice"
5328,"tpTelecom_Price_Retail_Fixed_NationalVoice","Price regulation of retail national long distance voice services",,,245,"UZB","Uzbekistan","With price control",2022,"","","National retail long distance voice"
5328,"tpTelecom_Price_Retail_Fixed_NationalVoice","Price regulation of retail national long distance voice services",,,245,"UZB","Uzbekistan","With price control",2023,"","","National retail long distance voice"
5328,"tpTelecom_Price_Retail_Fixed_NationalVoice","Price regulation of retail national long distance voice services",,,245,"UZB","Uzbekistan","With price control",2024,"","","National retail long distance voice"
5328,"tpTelecom_Price_Retail_Fixed_NationalVoice","Price regulation of retail national long distance voice services",,,246,"VCT","Saint Vincent and the Grenadines","With price control",2009,"","","National retail long distance voice"
5328,"tpTelecom_Price_Retail_Fixed_NationalVoice","Price regulation of retail national long distance voice services",,,246,"VCT","Saint Vincent and the Grenadines","Without price control",2011,"","","National retail long distance voice"
5328,"tpTelecom_Price_Retail_Fixed_NationalVoice","Price regulation of retail national long distance voice services",,,246,"VCT","Saint Vincent and the Grenadines","Without price control",2012,"","","National retail long distance voice"
5328,"tpTelecom_Price_Retail_Fixed_NationalVoice","Price regulation of retail national long distance voice services",,,246,"VCT","Saint Vincent and the Grenadines","With price control",2013,"","","National retail long distance voice"
5328,"tpTelecom_Price_Retail_Fixed_NationalVoice","Price regulation of retail national long distance voice services",,,246,"VCT","Saint Vincent and the Grenadines","With price control",2015,"","","National retail long distance voice"
5328,"tpTelecom_Price_Retail_Fixed_NationalVoice","Price regulation of retail national long distance voice services",,,246,"VCT","Saint Vincent and the Grenadines","With price control",2016,"","","National retail long distance voice"
5328,"tpTelecom_Price_Retail_Fixed_NationalVoice","Price regulation of retail national long distance voice services",,,246,"VCT","Saint Vincent and the Grenadines","With price control",2017,"","","National retail long distance voice"
5328,"tpTelecom_Price_Retail_Fixed_NationalVoice","Price regulation of retail national long distance voice services",,,246,"VCT","Saint Vincent and the Grenadines","Without price control",2018,"","","National retail long distance voice"
5328,"tpTelecom_Price_Retail_Fixed_NationalVoice","Price regulation of retail national long distance voice services",,,246,"VCT","Saint Vincent and the Grenadines","Without price control",2019,"","","National retail long distance voice"
5328,"tpTelecom_Price_Retail_Fixed_NationalVoice","Price regulation of retail national long distance voice services",,,246,"VCT","Saint Vincent and the Grenadines","Without price control",2020,"","","National retail long distance voice"
5328,"tpTelecom_Price_Retail_Fixed_NationalVoice","Price regulation of retail national long distance voice services",,,246,"VCT","Saint Vincent and the Grenadines","Without price control",2021,"","","National retail long distance voice"
5328,"tpTelecom_Price_Retail_Fixed_NationalVoice","Price regulation of retail national long distance voice services",,,246,"VCT","Saint Vincent and the Grenadines","Without price control",2022,"","","National retail long distance voice"
5328,"tpTelecom_Price_Retail_Fixed_NationalVoice","Price regulation of retail national long distance voice services",,,246,"VCT","Saint Vincent and the Grenadines","Without price control",2023,"","","National retail long distance voice"
5328,"tpTelecom_Price_Retail_Fixed_NationalVoice","Price regulation of retail national long distance voice services",,,246,"VCT","Saint Vincent and the Grenadines","Without price control",2024,"","","National retail long distance voice"
5328,"tpTelecom_Price_Retail_Fixed_NationalVoice","Price regulation of retail national long distance voice services",,,247,"VEN","Venezuela","With price control",2012,"","","National retail long distance voice"
5328,"tpTelecom_Price_Retail_Fixed_NationalVoice","Price regulation of retail national long distance voice services",,,247,"VEN","Venezuela","With price control",2014,"","","National retail long distance voice"
5328,"tpTelecom_Price_Retail_Fixed_NationalVoice","Price regulation of retail national long distance voice services",,,247,"VEN","Venezuela","With price control",2015,"","","National retail long distance voice"
5328,"tpTelecom_Price_Retail_Fixed_NationalVoice","Price regulation of retail national long distance voice services",,,247,"VEN","Venezuela","With price control",2016,"","","National retail long distance voice"
5328,"tpTelecom_Price_Retail_Fixed_NationalVoice","Price regulation of retail national long distance voice services",,,247,"VEN","Venezuela","With price control",2017,"","","National retail long distance voice"
5328,"tpTelecom_Price_Retail_Fixed_NationalVoice","Price regulation of retail national long distance voice services",,,247,"VEN","Venezuela","With price control",2018,"","","National retail long distance voice"
5328,"tpTelecom_Price_Retail_Fixed_NationalVoice","Price regulation of retail national long distance voice services",,,247,"VEN","Venezuela","With price control",2019,"","","National retail long distance voice"
5328,"tpTelecom_Price_Retail_Fixed_NationalVoice","Price regulation of retail national long distance voice services",,,247,"VEN","Venezuela","With price control",2022,"","","National retail long distance voice"
5328,"tpTelecom_Price_Retail_Fixed_NationalVoice","Price regulation of retail national long distance voice services",,,247,"VEN","Venezuela","With price control",2023,"","","National retail long distance voice"
5328,"tpTelecom_Price_Retail_Fixed_NationalVoice","Price regulation of retail national long distance voice services",,,250,"VNM","Viet Nam","With price control",2009,"","","National retail long distance voice"
5328,"tpTelecom_Price_Retail_Fixed_NationalVoice","Price regulation of retail national long distance voice services",,,250,"VNM","Viet Nam","Without price control",2010,"","","National retail long distance voice"
5328,"tpTelecom_Price_Retail_Fixed_NationalVoice","Price regulation of retail national long distance voice services",,,250,"VNM","Viet Nam","Without price control",2011,"","","National retail long distance voice"
5328,"tpTelecom_Price_Retail_Fixed_NationalVoice","Price regulation of retail national long distance voice services",,,250,"VNM","Viet Nam","Without price control",2012,"","","National retail long distance voice"
5328,"tpTelecom_Price_Retail_Fixed_NationalVoice","Price regulation of retail national long distance voice services",,,250,"VNM","Viet Nam","With price control",2013,"","","National retail long distance voice"
5328,"tpTelecom_Price_Retail_Fixed_NationalVoice","Price regulation of retail national long distance voice services",,,250,"VNM","Viet Nam","With price control",2014,"","","National retail long distance voice"
5328,"tpTelecom_Price_Retail_Fixed_NationalVoice","Price regulation of retail national long distance voice services",,,250,"VNM","Viet Nam","With price control",2015,"","","National retail long distance voice"
5328,"tpTelecom_Price_Retail_Fixed_NationalVoice","Price regulation of retail national long distance voice services",,,250,"VNM","Viet Nam","With price control",2016,"","","National retail long distance voice"
5328,"tpTelecom_Price_Retail_Fixed_NationalVoice","Price regulation of retail national long distance voice services",,,250,"VNM","Viet Nam","With price control",2017,"","","National retail long distance voice"
5328,"tpTelecom_Price_Retail_Fixed_NationalVoice","Price regulation of retail national long distance voice services",,,250,"VNM","Viet Nam","With price control",2018,"","","National retail long distance voice"
5328,"tpTelecom_Price_Retail_Fixed_NationalVoice","Price regulation of retail national long distance voice services",,,250,"VNM","Viet Nam","With price control",2019,"","","National retail long distance voice"
5328,"tpTelecom_Price_Retail_Fixed_NationalVoice","Price regulation of retail national long distance voice services",,,250,"VNM","Viet Nam","With price control",2020,"","","National retail long distance voice"
5328,"tpTelecom_Price_Retail_Fixed_NationalVoice","Price regulation of retail national long distance voice services",,,250,"VNM","Viet Nam","With price control",2021,"","","National retail long distance voice"
5328,"tpTelecom_Price_Retail_Fixed_NationalVoice","Price regulation of retail national long distance voice services",,,251,"VUT","Vanuatu","Without price control",2011,"","","National retail long distance voice"
5328,"tpTelecom_Price_Retail_Fixed_NationalVoice","Price regulation of retail national long distance voice services",,,251,"VUT","Vanuatu","Without price control",2012,"","","National retail long distance voice"
5328,"tpTelecom_Price_Retail_Fixed_NationalVoice","Price regulation of retail national long distance voice services",,,251,"VUT","Vanuatu","Without price control",2013,"","","National retail long distance voice"
5328,"tpTelecom_Price_Retail_Fixed_NationalVoice","Price regulation of retail national long distance voice services",,,251,"VUT","Vanuatu","Without price control",2014,"","","National retail long distance voice"
5328,"tpTelecom_Price_Retail_Fixed_NationalVoice","Price regulation of retail national long distance voice services",,,251,"VUT","Vanuatu","With price control",2017,"","","National retail long distance voice"
5328,"tpTelecom_Price_Retail_Fixed_NationalVoice","Price regulation of retail national long distance voice services",,,251,"VUT","Vanuatu","Without price control",2019,"","","National retail long distance voice"
5328,"tpTelecom_Price_Retail_Fixed_NationalVoice","Price regulation of retail national long distance voice services",,,255,"YEM","Yemen","With price control",2021,"","","National retail long distance voice"
5328,"tpTelecom_Price_Retail_Fixed_NationalVoice","Price regulation of retail national long distance voice services",,,256,"SRB","Serbia","With price control",2009,"","","National retail long distance voice"
5328,"tpTelecom_Price_Retail_Fixed_NationalVoice","Price regulation of retail national long distance voice services",,,256,"SRB","Serbia","With price control",2010,"","","National retail long distance voice"
5328,"tpTelecom_Price_Retail_Fixed_NationalVoice","Price regulation of retail national long distance voice services",,,256,"SRB","Serbia","With price control",2011,"","","National retail long distance voice"
5328,"tpTelecom_Price_Retail_Fixed_NationalVoice","Price regulation of retail national long distance voice services",,,256,"SRB","Serbia","With price control",2012,"","","National retail long distance voice"
5328,"tpTelecom_Price_Retail_Fixed_NationalVoice","Price regulation of retail national long distance voice services",,,256,"SRB","Serbia","With price control",2013,"","","National retail long distance voice"
5328,"tpTelecom_Price_Retail_Fixed_NationalVoice","Price regulation of retail national long distance voice services",,,256,"SRB","Serbia","With price control",2014,"","","National retail long distance voice"
5328,"tpTelecom_Price_Retail_Fixed_NationalVoice","Price regulation of retail national long distance voice services",,,256,"SRB","Serbia","With price control",2015,"","","National retail long distance voice"
5328,"tpTelecom_Price_Retail_Fixed_NationalVoice","Price regulation of retail national long distance voice services",,,256,"SRB","Serbia","With price control",2016,"","","National retail long distance voice"
5328,"tpTelecom_Price_Retail_Fixed_NationalVoice","Price regulation of retail national long distance voice services",,,256,"SRB","Serbia","Without price control",2017,"","","National retail long distance voice"
5328,"tpTelecom_Price_Retail_Fixed_NationalVoice","Price regulation of retail national long distance voice services",,,256,"SRB","Serbia","Without price control",2018,"","","National retail long distance voice"
5328,"tpTelecom_Price_Retail_Fixed_NationalVoice","Price regulation of retail national long distance voice services",,,256,"SRB","Serbia","Without price control",2019,"","","National retail long distance voice"
5328,"tpTelecom_Price_Retail_Fixed_NationalVoice","Price regulation of retail national long distance voice services",,,256,"SRB","Serbia","Without price control",2020,"","","National retail long distance voice"
5328,"tpTelecom_Price_Retail_Fixed_NationalVoice","Price regulation of retail national long distance voice services",,,257,"COD","Dem. Rep. of the Congo","With price control",2010,"","","National retail long distance voice"
5328,"tpTelecom_Price_Retail_Fixed_NationalVoice","Price regulation of retail national long distance voice services",,,257,"COD","Dem. Rep. of the Congo","With price control",2011,"","","National retail long distance voice"
5328,"tpTelecom_Price_Retail_Fixed_NationalVoice","Price regulation of retail national long distance voice services",,,257,"COD","Dem. Rep. of the Congo","With price control",2012,"","","National retail long distance voice"
5328,"tpTelecom_Price_Retail_Fixed_NationalVoice","Price regulation of retail national long distance voice services",,,257,"COD","Dem. Rep. of the Congo","Without price control",2014,"","","National retail long distance voice"
5328,"tpTelecom_Price_Retail_Fixed_NationalVoice","Price regulation of retail national long distance voice services",,,257,"COD","Dem. Rep. of the Congo","Without price control",2015,"","","National retail long distance voice"
5328,"tpTelecom_Price_Retail_Fixed_NationalVoice","Price regulation of retail national long distance voice services",,,259,"ZMB","Zambia","Without price control",2009,"","","National retail long distance voice"
5328,"tpTelecom_Price_Retail_Fixed_NationalVoice","Price regulation of retail national long distance voice services",,,259,"ZMB","Zambia","With price control",2011,"","","National retail long distance voice"
5328,"tpTelecom_Price_Retail_Fixed_NationalVoice","Price regulation of retail national long distance voice services",,,259,"ZMB","Zambia","Without price control",2015,"","","National retail long distance voice"
5328,"tpTelecom_Price_Retail_Fixed_NationalVoice","Price regulation of retail national long distance voice services",,,259,"ZMB","Zambia","Without price control",2016,"","","National retail long distance voice"
5328,"tpTelecom_Price_Retail_Fixed_NationalVoice","Price regulation of retail national long distance voice services",,,259,"ZMB","Zambia","With price control",2017,"","","National retail long distance voice"
5328,"tpTelecom_Price_Retail_Fixed_NationalVoice","Price regulation of retail national long distance voice services",,,259,"ZMB","Zambia","With price control",2018,"","","National retail long distance voice"
5328,"tpTelecom_Price_Retail_Fixed_NationalVoice","Price regulation of retail national long distance voice services",,,259,"ZMB","Zambia","With price control",2019,"","","National retail long distance voice"
5328,"tpTelecom_Price_Retail_Fixed_NationalVoice","Price regulation of retail national long distance voice services",,,259,"ZMB","Zambia","With price control",2020,"","","National retail long distance voice"
5328,"tpTelecom_Price_Retail_Fixed_NationalVoice","Price regulation of retail national long distance voice services",,,259,"ZMB","Zambia","Without price control",2022,"","","National retail long distance voice"
5328,"tpTelecom_Price_Retail_Fixed_NationalVoice","Price regulation of retail national long distance voice services",,,259,"ZMB","Zambia","Without price control",2023,"","","National retail long distance voice"
5328,"tpTelecom_Price_Retail_Fixed_NationalVoice","Price regulation of retail national long distance voice services",,,259,"ZMB","Zambia","Without price control",2024,"","","National retail long distance voice"
5328,"tpTelecom_Price_Retail_Fixed_NationalVoice","Price regulation of retail national long distance voice services",,,260,"ZWE","Zimbabwe","With price control",2009,"","","National retail long distance voice"
5328,"tpTelecom_Price_Retail_Fixed_NationalVoice","Price regulation of retail national long distance voice services",,,260,"ZWE","Zimbabwe","Without price control",2010,"","","National retail long distance voice"
5328,"tpTelecom_Price_Retail_Fixed_NationalVoice","Price regulation of retail national long distance voice services",,,260,"ZWE","Zimbabwe","Without price control",2011,"","","National retail long distance voice"
5328,"tpTelecom_Price_Retail_Fixed_NationalVoice","Price regulation of retail national long distance voice services",,,260,"ZWE","Zimbabwe","With price control",2012,"","","National retail long distance voice"
5328,"tpTelecom_Price_Retail_Fixed_NationalVoice","Price regulation of retail national long distance voice services",,,260,"ZWE","Zimbabwe","With price control",2013,"","","National retail long distance voice"
5328,"tpTelecom_Price_Retail_Fixed_NationalVoice","Price regulation of retail national long distance voice services",,,260,"ZWE","Zimbabwe","With price control",2014,"","","National retail long distance voice"
5328,"tpTelecom_Price_Retail_Fixed_NationalVoice","Price regulation of retail national long distance voice services",,,260,"ZWE","Zimbabwe","With price control",2015,"","","National retail long distance voice"
5328,"tpTelecom_Price_Retail_Fixed_NationalVoice","Price regulation of retail national long distance voice services",,,260,"ZWE","Zimbabwe","With price control",2016,"","","National retail long distance voice"
5328,"tpTelecom_Price_Retail_Fixed_NationalVoice","Price regulation of retail national long distance voice services",,,260,"ZWE","Zimbabwe","With price control",2017,"","","National retail long distance voice"
5328,"tpTelecom_Price_Retail_Fixed_NationalVoice","Price regulation of retail national long distance voice services",,,260,"ZWE","Zimbabwe","With price control",2018,"","","National retail long distance voice"
5328,"tpTelecom_Price_Retail_Fixed_NationalVoice","Price regulation of retail national long distance voice services",,,260,"ZWE","Zimbabwe","With price control",2019,"","","National retail long distance voice"
5328,"tpTelecom_Price_Retail_Fixed_NationalVoice","Price regulation of retail national long distance voice services",,,260,"ZWE","Zimbabwe","With price control",2020,"","","National retail long distance voice"
5328,"tpTelecom_Price_Retail_Fixed_NationalVoice","Price regulation of retail national long distance voice services",,,260,"ZWE","Zimbabwe","With price control",2021,"","","National retail long distance voice"
5328,"tpTelecom_Price_Retail_Fixed_NationalVoice","Price regulation of retail national long distance voice services",,,260,"ZWE","Zimbabwe","With price control",2022,"","","National retail long distance voice"
5328,"tpTelecom_Price_Retail_Fixed_NationalVoice","Price regulation of retail national long distance voice services",,,260,"ZWE","Zimbabwe","With price control",2023,"","","National retail long distance voice"
5328,"tpTelecom_Price_Retail_Fixed_NationalVoice","Price regulation of retail national long distance voice services",,,260,"ZWE","Zimbabwe","With price control",2024,"","","National retail long distance voice"
5328,"tpTelecom_Price_Retail_Fixed_NationalVoice","Price regulation of retail national long distance voice services",,,274,"MDA","Moldova","With price control",2009,"","","National retail long distance voice"
5328,"tpTelecom_Price_Retail_Fixed_NationalVoice","Price regulation of retail national long distance voice services",,,274,"MDA","Moldova","With price control",2010,"","","National retail long distance voice"
5328,"tpTelecom_Price_Retail_Fixed_NationalVoice","Price regulation of retail national long distance voice services",,,274,"MDA","Moldova","With price control",2011,"","","National retail long distance voice"
5328,"tpTelecom_Price_Retail_Fixed_NationalVoice","Price regulation of retail national long distance voice services",,,274,"MDA","Moldova","With price control",2012,"","","National retail long distance voice"
5328,"tpTelecom_Price_Retail_Fixed_NationalVoice","Price regulation of retail national long distance voice services",,,274,"MDA","Moldova","With price control",2013,"","","National retail long distance voice"
5328,"tpTelecom_Price_Retail_Fixed_NationalVoice","Price regulation of retail national long distance voice services",,,274,"MDA","Moldova","With price control",2014,"","","National retail long distance voice"
5328,"tpTelecom_Price_Retail_Fixed_NationalVoice","Price regulation of retail national long distance voice services",,,274,"MDA","Moldova","With price control",2016,"","","National retail long distance voice"
5328,"tpTelecom_Price_Retail_Fixed_NationalVoice","Price regulation of retail national long distance voice services",,,274,"MDA","Moldova","With price control",2017,"","","National retail long distance voice"
5328,"tpTelecom_Price_Retail_Fixed_NationalVoice","Price regulation of retail national long distance voice services",,,274,"MDA","Moldova","With price control",2018,"","","National retail long distance voice"
5328,"tpTelecom_Price_Retail_Fixed_NationalVoice","Price regulation of retail national long distance voice services",,,274,"MDA","Moldova","With price control",2019,"","","National retail long distance voice"
5328,"tpTelecom_Price_Retail_Fixed_NationalVoice","Price regulation of retail national long distance voice services",,,274,"MDA","Moldova","With price control",2020,"","","National retail long distance voice"
5328,"tpTelecom_Price_Retail_Fixed_NationalVoice","Price regulation of retail national long distance voice services",,,274,"MDA","Moldova","With price control",2021,"","","National retail long distance voice"
5328,"tpTelecom_Price_Retail_Fixed_NationalVoice","Price regulation of retail national long distance voice services",,,274,"MDA","Moldova","With price control",2022,"","","National retail long distance voice"
5328,"tpTelecom_Price_Retail_Fixed_NationalVoice","Price regulation of retail national long distance voice services",,,274,"MDA","Moldova","Without price control",2023,"","","National retail long distance voice"
5328,"tpTelecom_Price_Retail_Fixed_NationalVoice","Price regulation of retail national long distance voice services",,,274,"MDA","Moldova","Without price control",2024,"","","National retail long distance voice"
5328,"tpTelecom_Price_Retail_Fixed_NationalVoice","Price regulation of retail national long distance voice services",,,275,"BIH","Bosnia and Herzegovina","With price control",2009,"","","National retail long distance voice"
5328,"tpTelecom_Price_Retail_Fixed_NationalVoice","Price regulation of retail national long distance voice services",,,275,"BIH","Bosnia and Herzegovina","With price control",2010,"","","National retail long distance voice"
5328,"tpTelecom_Price_Retail_Fixed_NationalVoice","Price regulation of retail national long distance voice services",,,275,"BIH","Bosnia and Herzegovina","With price control",2011,"","","National retail long distance voice"
5328,"tpTelecom_Price_Retail_Fixed_NationalVoice","Price regulation of retail national long distance voice services",,,275,"BIH","Bosnia and Herzegovina","With price control",2012,"","","National retail long distance voice"
5328,"tpTelecom_Price_Retail_Fixed_NationalVoice","Price regulation of retail national long distance voice services",,,275,"BIH","Bosnia and Herzegovina","With price control",2013,"","","National retail long distance voice"
5328,"tpTelecom_Price_Retail_Fixed_NationalVoice","Price regulation of retail national long distance voice services",,,275,"BIH","Bosnia and Herzegovina","With price control",2014,"","","National retail long distance voice"
5328,"tpTelecom_Price_Retail_Fixed_NationalVoice","Price regulation of retail national long distance voice services",,,275,"BIH","Bosnia and Herzegovina","With price control",2015,"","","National retail long distance voice"
5328,"tpTelecom_Price_Retail_Fixed_NationalVoice","Price regulation of retail national long distance voice services",,,275,"BIH","Bosnia and Herzegovina","With price control",2016,"","","National retail long distance voice"
5328,"tpTelecom_Price_Retail_Fixed_NationalVoice","Price regulation of retail national long distance voice services",,,275,"BIH","Bosnia and Herzegovina","With price control",2017,"","","National retail long distance voice"
5328,"tpTelecom_Price_Retail_Fixed_NationalVoice","Price regulation of retail national long distance voice services",,,275,"BIH","Bosnia and Herzegovina","With price control",2019,"","","National retail long distance voice"
5328,"tpTelecom_Price_Retail_Fixed_NationalVoice","Price regulation of retail national long distance voice services",,,275,"BIH","Bosnia and Herzegovina","With price control",2020,"","","National retail long distance voice"
5328,"tpTelecom_Price_Retail_Fixed_NationalVoice","Price regulation of retail national long distance voice services",,,275,"BIH","Bosnia and Herzegovina","With price control",2021,"","","National retail long distance voice"
5328,"tpTelecom_Price_Retail_Fixed_NationalVoice","Price regulation of retail national long distance voice services",,,275,"BIH","Bosnia and Herzegovina","With price control",2022,"","","National retail long distance voice"
5328,"tpTelecom_Price_Retail_Fixed_NationalVoice","Price regulation of retail national long distance voice services",,,275,"BIH","Bosnia and Herzegovina","With price control",2023,"","","National retail long distance voice"
5328,"tpTelecom_Price_Retail_Fixed_NationalVoice","Price regulation of retail national long distance voice services",,,275,"BIH","Bosnia and Herzegovina","With price control",2024,"","","National retail long distance voice"
5328,"tpTelecom_Price_Retail_Fixed_NationalVoice","Price regulation of retail national long distance voice services",,,276,"GEO","Georgia","Without price control",2011,"","","National retail long distance voice"
5328,"tpTelecom_Price_Retail_Fixed_NationalVoice","Price regulation of retail national long distance voice services",,,276,"GEO","Georgia","Without price control",2017,"","","National retail long distance voice"
5328,"tpTelecom_Price_Retail_Fixed_NationalVoice","Price regulation of retail national long distance voice services",,,276,"GEO","Georgia","Without price control",2018,"","","National retail long distance voice"
5328,"tpTelecom_Price_Retail_Fixed_NationalVoice","Price regulation of retail national long distance voice services",,,276,"GEO","Georgia","Without price control",2019,"","","National retail long distance voice"
5328,"tpTelecom_Price_Retail_Fixed_NationalVoice","Price regulation of retail national long distance voice services",,,276,"GEO","Georgia","Without price control",2020,"","","National retail long distance voice"
5328,"tpTelecom_Price_Retail_Fixed_NationalVoice","Price regulation of retail national long distance voice services",,,276,"GEO","Georgia","Without price control",2021,"","","National retail long distance voice"
5328,"tpTelecom_Price_Retail_Fixed_NationalVoice","Price regulation of retail national long distance voice services",,,276,"GEO","Georgia","Without price control",2022,"","","National retail long distance voice"
5328,"tpTelecom_Price_Retail_Fixed_NationalVoice","Price regulation of retail national long distance voice services",,,280,"KGZ","Kyrgyzstan","Without price control",2013,"","","National retail long distance voice"
5328,"tpTelecom_Price_Retail_Fixed_NationalVoice","Price regulation of retail national long distance voice services",,,280,"KGZ","Kyrgyzstan","Without price control",2015,"","","National retail long distance voice"
5328,"tpTelecom_Price_Retail_Fixed_NationalVoice","Price regulation of retail national long distance voice services",,,280,"KGZ","Kyrgyzstan","Without price control",2017,"","","National retail long distance voice"
5328,"tpTelecom_Price_Retail_Fixed_NationalVoice","Price regulation of retail national long distance voice services",,,280,"KGZ","Kyrgyzstan","Without price control",2018,"","","National retail long distance voice"
5328,"tpTelecom_Price_Retail_Fixed_NationalVoice","Price regulation of retail national long distance voice services",,,280,"KGZ","Kyrgyzstan","Without price control",2019,"","","National retail long distance voice"
5328,"tpTelecom_Price_Retail_Fixed_NationalVoice","Price regulation of retail national long distance voice services",,,280,"KGZ","Kyrgyzstan","Without price control",2023,"","","National retail long distance voice"
5328,"tpTelecom_Price_Retail_Fixed_NationalVoice","Price regulation of retail national long distance voice services",,,281,"SVK","Slovakia","Without price control",2012,"","","National retail long distance voice"
5328,"tpTelecom_Price_Retail_Fixed_NationalVoice","Price regulation of retail national long distance voice services",,,281,"SVK","Slovakia","Without price control",2013,"","","National retail long distance voice"
5328,"tpTelecom_Price_Retail_Fixed_NationalVoice","Price regulation of retail national long distance voice services",,,281,"SVK","Slovakia","Without price control",2014,"","","National retail long distance voice"
5328,"tpTelecom_Price_Retail_Fixed_NationalVoice","Price regulation of retail national long distance voice services",,,281,"SVK","Slovakia","Without price control",2016,"","","National retail long distance voice"
5328,"tpTelecom_Price_Retail_Fixed_NationalVoice","Price regulation of retail national long distance voice services",,,281,"SVK","Slovakia","Without price control",2017,"","","National retail long distance voice"
5328,"tpTelecom_Price_Retail_Fixed_NationalVoice","Price regulation of retail national long distance voice services",,,281,"SVK","Slovakia","Without price control",2018,"","","National retail long distance voice"
5328,"tpTelecom_Price_Retail_Fixed_NationalVoice","Price regulation of retail national long distance voice services",,,281,"SVK","Slovakia","Without price control",2019,"","","National retail long distance voice"
5328,"tpTelecom_Price_Retail_Fixed_NationalVoice","Price regulation of retail national long distance voice services",,,281,"SVK","Slovakia","Without price control",2020,"","","National retail long distance voice"
5328,"tpTelecom_Price_Retail_Fixed_NationalVoice","Price regulation of retail national long distance voice services",,,281,"SVK","Slovakia","Without price control",2021,"","","National retail long distance voice"
5328,"tpTelecom_Price_Retail_Fixed_NationalVoice","Price regulation of retail national long distance voice services",,,281,"SVK","Slovakia","Without price control",2022,"","","National retail long distance voice"
5328,"tpTelecom_Price_Retail_Fixed_NationalVoice","Price regulation of retail national long distance voice services",,,281,"SVK","Slovakia","Without price control",2023,"","","National retail long distance voice"
5328,"tpTelecom_Price_Retail_Fixed_NationalVoice","Price regulation of retail national long distance voice services",,,281,"SVK","Slovakia","Without price control",2024,"","","National retail long distance voice"
5328,"tpTelecom_Price_Retail_Fixed_NationalVoice","Price regulation of retail national long distance voice services",,,283,"MKD","North Macedonia","With price control",2012,"","","National retail long distance voice"
5328,"tpTelecom_Price_Retail_Fixed_NationalVoice","Price regulation of retail national long distance voice services",,,283,"MKD","North Macedonia","Without price control",2017,"","","National retail long distance voice"
5328,"tpTelecom_Price_Retail_Fixed_NationalVoice","Price regulation of retail national long distance voice services",,,285,"ERI","Eritrea","With price control",2021,"","","National retail long distance voice"
5328,"tpTelecom_Price_Retail_Fixed_NationalVoice","Price regulation of retail national long distance voice services",,,302,"TLS","Timor-Leste","With price control",2020,"","","National retail long distance voice"
5328,"tpTelecom_Price_Retail_Fixed_NationalVoice","Price regulation of retail national long distance voice services",,,302,"TLS","Timor-Leste","With price control",2022,"","","National retail long distance voice"
5328,"tpTelecom_Price_Retail_Fixed_NationalVoice","Price regulation of retail national long distance voice services",,,308,"PSE","State of Palestine","With price control",2011,"","","National retail long distance voice"
5328,"tpTelecom_Price_Retail_Fixed_NationalVoice","Price regulation of retail national long distance voice services",,,308,"PSE","State of Palestine","With price control",2014,"","","National retail long distance voice"
5328,"tpTelecom_Price_Retail_Fixed_NationalVoice","Price regulation of retail national long distance voice services",,,316,"MNE","Montenegro","With price control",2015,"","","National retail long distance voice"
5328,"tpTelecom_Price_Retail_Fixed_NationalVoice","Price regulation of retail national long distance voice services",,,316,"MNE","Montenegro","With price control",2016,"","","National retail long distance voice"
5328,"tpTelecom_Price_Retail_Fixed_NationalVoice","Price regulation of retail national long distance voice services",,,316,"MNE","Montenegro","With price control",2017,"","","National retail long distance voice"
5328,"tpTelecom_Price_Retail_Fixed_NationalVoice","Price regulation of retail national long distance voice services",,,316,"MNE","Montenegro","With price control",2018,"","","National retail long distance voice"
5328,"tpTelecom_Price_Retail_Fixed_NationalVoice","Price regulation of retail national long distance voice services",,,316,"MNE","Montenegro","With price control",2019,"","","National retail long distance voice"
5328,"tpTelecom_Price_Retail_Fixed_NationalVoice","Price regulation of retail national long distance voice services",,,316,"MNE","Montenegro","With price control",2020,"","","National retail long distance voice"
5328,"tpTelecom_Price_Retail_Fixed_NationalVoice","Price regulation of retail national long distance voice services",,,316,"MNE","Montenegro","With price control",2021,"","","National retail long distance voice"
5328,"tpTelecom_Price_Retail_Fixed_NationalVoice","Price regulation of retail national long distance voice services",,,316,"MNE","Montenegro","With price control",2022,"","","National retail long distance voice"
5328,"tpTelecom_Price_Retail_Fixed_NationalVoice","Price regulation of retail national long distance voice services",,,316,"MNE","Montenegro","With price control",2023,"","","National retail long distance voice"
5328,"tpTelecom_Price_Retail_Fixed_NationalVoice","Price regulation of retail national long distance voice services",,,316,"MNE","Montenegro","With price control",2024,"","","National retail long distance voice"
5329,"tpTelecom_Price_Retail_Fixed_International","Price regulation of retail international voice services",,,6,"AFG","Afghanistan","Without price control",2012,"","","International retail voice"
5329,"tpTelecom_Price_Retail_Fixed_International","Price regulation of retail international voice services",,,6,"AFG","Afghanistan","Without price control",2018,"","","International retail voice"
5329,"tpTelecom_Price_Retail_Fixed_International","Price regulation of retail international voice services",,,6,"AFG","Afghanistan","Without price control",2019,"","","International retail voice"
5329,"tpTelecom_Price_Retail_Fixed_International","Price regulation of retail international voice services",,,6,"AFG","Afghanistan","Without price control",2020,"","","International retail voice"
5329,"tpTelecom_Price_Retail_Fixed_International","Price regulation of retail international voice services",,,6,"AFG","Afghanistan","Without price control",2021,"","","International retail voice"
5329,"tpTelecom_Price_Retail_Fixed_International","Price regulation of retail international voice services",,,6,"AFG","Afghanistan","With price control",2024,"","","International retail voice"
5329,"tpTelecom_Price_Retail_Fixed_International","Price regulation of retail international voice services",,,7,"ZAF","South Africa","Without price control",2012,"","","International retail voice"
5329,"tpTelecom_Price_Retail_Fixed_International","Price regulation of retail international voice services",,,7,"ZAF","South Africa","Without price control",2013,"","","International retail voice"
5329,"tpTelecom_Price_Retail_Fixed_International","Price regulation of retail international voice services",,,7,"ZAF","South Africa","Without price control",2015,"","","International retail voice"
5329,"tpTelecom_Price_Retail_Fixed_International","Price regulation of retail international voice services",,,7,"ZAF","South Africa","Without price control",2017,"","","International retail voice"
5329,"tpTelecom_Price_Retail_Fixed_International","Price regulation of retail international voice services",,,7,"ZAF","South Africa","Without price control",2018,"","","International retail voice"
5329,"tpTelecom_Price_Retail_Fixed_International","Price regulation of retail international voice services",,,7,"ZAF","South Africa","Without price control",2019,"","","International retail voice"
5329,"tpTelecom_Price_Retail_Fixed_International","Price regulation of retail international voice services",,,7,"ZAF","South Africa","Without price control",2021,"","","International retail voice"
5329,"tpTelecom_Price_Retail_Fixed_International","Price regulation of retail international voice services",,,7,"ZAF","South Africa","Without price control",2022,"","","International retail voice"
5329,"tpTelecom_Price_Retail_Fixed_International","Price regulation of retail international voice services",,,7,"ZAF","South Africa","Without price control",2023,"","","International retail voice"
5329,"tpTelecom_Price_Retail_Fixed_International","Price regulation of retail international voice services",,,7,"ZAF","South Africa","Without price control",2024,"","","International retail voice"
5329,"tpTelecom_Price_Retail_Fixed_International","Price regulation of retail international voice services",,,8,"AGO","Angola","With price control",2012,"","","International retail voice"
5329,"tpTelecom_Price_Retail_Fixed_International","Price regulation of retail international voice services",,,8,"AGO","Angola","With price control",2018,"","","International retail voice"
5329,"tpTelecom_Price_Retail_Fixed_International","Price regulation of retail international voice services",,,8,"AGO","Angola","With price control",2020,"","","International retail voice"
5329,"tpTelecom_Price_Retail_Fixed_International","Price regulation of retail international voice services",,,8,"AGO","Angola","With price control",2021,"","","International retail voice"
5329,"tpTelecom_Price_Retail_Fixed_International","Price regulation of retail international voice services",,,8,"AGO","Angola","With price control",2023,"","","International retail voice"
5329,"tpTelecom_Price_Retail_Fixed_International","Price regulation of retail international voice services",,,10,"ALB","Albania","With price control",2013,"","","International retail voice"
5329,"tpTelecom_Price_Retail_Fixed_International","Price regulation of retail international voice services",,,10,"ALB","Albania","Without price control",2014,"","","International retail voice"
5329,"tpTelecom_Price_Retail_Fixed_International","Price regulation of retail international voice services",,,10,"ALB","Albania","Without price control",2015,"","","International retail voice"
5329,"tpTelecom_Price_Retail_Fixed_International","Price regulation of retail international voice services",,,10,"ALB","Albania","Without price control",2016,"","","International retail voice"
5329,"tpTelecom_Price_Retail_Fixed_International","Price regulation of retail international voice services",,,10,"ALB","Albania","Without price control",2017,"","","International retail voice"
5329,"tpTelecom_Price_Retail_Fixed_International","Price regulation of retail international voice services",,,10,"ALB","Albania","Without price control",2018,"","","International retail voice"
5329,"tpTelecom_Price_Retail_Fixed_International","Price regulation of retail international voice services",,,10,"ALB","Albania","Without price control",2019,"","","International retail voice"
5329,"tpTelecom_Price_Retail_Fixed_International","Price regulation of retail international voice services",,,10,"ALB","Albania","Without price control",2020,"","","International retail voice"
5329,"tpTelecom_Price_Retail_Fixed_International","Price regulation of retail international voice services",,,10,"ALB","Albania","Without price control",2021,"","","International retail voice"
5329,"tpTelecom_Price_Retail_Fixed_International","Price regulation of retail international voice services",,,10,"ALB","Albania","Without price control",2022,"","","International retail voice"
5329,"tpTelecom_Price_Retail_Fixed_International","Price regulation of retail international voice services",,,10,"ALB","Albania","Without price control",2023,"","","International retail voice"
5329,"tpTelecom_Price_Retail_Fixed_International","Price regulation of retail international voice services",,,10,"ALB","Albania","Without price control",2024,"","","International retail voice"
5329,"tpTelecom_Price_Retail_Fixed_International","Price regulation of retail international voice services",,,11,"DZA","Algeria","With price control",2009,"","","International retail voice"
5329,"tpTelecom_Price_Retail_Fixed_International","Price regulation of retail international voice services",,,11,"DZA","Algeria","Without price control",2010,"","","International retail voice"
5329,"tpTelecom_Price_Retail_Fixed_International","Price regulation of retail international voice services",,,11,"DZA","Algeria","Without price control",2011,"","","International retail voice"
5329,"tpTelecom_Price_Retail_Fixed_International","Price regulation of retail international voice services",,,11,"DZA","Algeria","Without price control",2012,"","","International retail voice"
5329,"tpTelecom_Price_Retail_Fixed_International","Price regulation of retail international voice services",,,11,"DZA","Algeria","Without price control",2013,"","","International retail voice"
5329,"tpTelecom_Price_Retail_Fixed_International","Price regulation of retail international voice services",,,11,"DZA","Algeria","Without price control",2014,"","","International retail voice"
5329,"tpTelecom_Price_Retail_Fixed_International","Price regulation of retail international voice services",,,11,"DZA","Algeria","Without price control",2015,"","","International retail voice"
5329,"tpTelecom_Price_Retail_Fixed_International","Price regulation of retail international voice services",,,11,"DZA","Algeria","Without price control",2016,"","","International retail voice"
5329,"tpTelecom_Price_Retail_Fixed_International","Price regulation of retail international voice services",,,11,"DZA","Algeria","Without price control",2017,"","","International retail voice"
5329,"tpTelecom_Price_Retail_Fixed_International","Price regulation of retail international voice services",,,11,"DZA","Algeria","Without price control",2018,"","","International retail voice"
5329,"tpTelecom_Price_Retail_Fixed_International","Price regulation of retail international voice services",,,11,"DZA","Algeria","Without price control",2021,"","","International retail voice"
5329,"tpTelecom_Price_Retail_Fixed_International","Price regulation of retail international voice services",,,11,"DZA","Algeria","Without price control",2022,"","","International retail voice"
5329,"tpTelecom_Price_Retail_Fixed_International","Price regulation of retail international voice services",,,11,"DZA","Algeria","Without price control",2023,"","","International retail voice"
5329,"tpTelecom_Price_Retail_Fixed_International","Price regulation of retail international voice services",,,11,"DZA","Algeria","Without price control",2024,"","","International retail voice"
5329,"tpTelecom_Price_Retail_Fixed_International","Price regulation of retail international voice services",,,14,"AND","Andorra","With price control",2011,"","","International retail voice"
5329,"tpTelecom_Price_Retail_Fixed_International","Price regulation of retail international voice services",,,14,"AND","Andorra","With price control",2012,"","","International retail voice"
5329,"tpTelecom_Price_Retail_Fixed_International","Price regulation of retail international voice services",,,14,"AND","Andorra","Without price control",2013,"","","International retail voice"
5329,"tpTelecom_Price_Retail_Fixed_International","Price regulation of retail international voice services",,,14,"AND","Andorra","Without price control",2014,"","","International retail voice"
5329,"tpTelecom_Price_Retail_Fixed_International","Price regulation of retail international voice services",,,14,"AND","Andorra","Without price control",2015,"","","International retail voice"
5329,"tpTelecom_Price_Retail_Fixed_International","Price regulation of retail international voice services",,,14,"AND","Andorra","Without price control",2016,"","","International retail voice"
5329,"tpTelecom_Price_Retail_Fixed_International","Price regulation of retail international voice services",,,14,"AND","Andorra","Without price control",2017,"","","International retail voice"
5329,"tpTelecom_Price_Retail_Fixed_International","Price regulation of retail international voice services",,,14,"AND","Andorra","Without price control",2018,"","","International retail voice"
5329,"tpTelecom_Price_Retail_Fixed_International","Price regulation of retail international voice services",,,14,"AND","Andorra","With price control",2021,"","","International retail voice"
5329,"tpTelecom_Price_Retail_Fixed_International","Price regulation of retail international voice services",,,14,"AND","Andorra","With price control",2022,"","","International retail voice"
5329,"tpTelecom_Price_Retail_Fixed_International","Price regulation of retail international voice services",,,14,"AND","Andorra","With price control",2023,"","","International retail voice"
5329,"tpTelecom_Price_Retail_Fixed_International","Price regulation of retail international voice services",,,14,"AND","Andorra","With price control",2024,"","","International retail voice"
5329,"tpTelecom_Price_Retail_Fixed_International","Price regulation of retail international voice services",,,16,"ARG","Argentina","With price control",2009,"","","International retail voice"
5329,"tpTelecom_Price_Retail_Fixed_International","Price regulation of retail international voice services",,,16,"ARG","Argentina","With price control",2010,"","","International retail voice"
5329,"tpTelecom_Price_Retail_Fixed_International","Price regulation of retail international voice services",,,16,"ARG","Argentina","Without price control",2011,"","","International retail voice"
5329,"tpTelecom_Price_Retail_Fixed_International","Price regulation of retail international voice services",,,16,"ARG","Argentina","Without price control",2012,"","","International retail voice"
5329,"tpTelecom_Price_Retail_Fixed_International","Price regulation of retail international voice services",,,16,"ARG","Argentina","With price control",2013,"","","International retail voice"
5329,"tpTelecom_Price_Retail_Fixed_International","Price regulation of retail international voice services",,,16,"ARG","Argentina","With price control",2014,"","","International retail voice"
5329,"tpTelecom_Price_Retail_Fixed_International","Price regulation of retail international voice services",,,16,"ARG","Argentina","With price control",2015,"","","International retail voice"
5329,"tpTelecom_Price_Retail_Fixed_International","Price regulation of retail international voice services",,,16,"ARG","Argentina","Without price control",2016,"","","International retail voice"
5329,"tpTelecom_Price_Retail_Fixed_International","Price regulation of retail international voice services",,,16,"ARG","Argentina","Without price control",2017,"","","International retail voice"
5329,"tpTelecom_Price_Retail_Fixed_International","Price regulation of retail international voice services",,,16,"ARG","Argentina","Without price control",2018,"","","International retail voice"
5329,"tpTelecom_Price_Retail_Fixed_International","Price regulation of retail international voice services",,,16,"ARG","Argentina","Without price control",2019,"","","International retail voice"
5329,"tpTelecom_Price_Retail_Fixed_International","Price regulation of retail international voice services",,,16,"ARG","Argentina","Without price control",2020,"","","International retail voice"
5329,"tpTelecom_Price_Retail_Fixed_International","Price regulation of retail international voice services",,,16,"ARG","Argentina","With price control",2021,"","","International retail voice"
5329,"tpTelecom_Price_Retail_Fixed_International","Price regulation of retail international voice services",,,16,"ARG","Argentina","With price control",2022,"","","International retail voice"
5329,"tpTelecom_Price_Retail_Fixed_International","Price regulation of retail international voice services",,,16,"ARG","Argentina","With price control",2023,"","","International retail voice"
5329,"tpTelecom_Price_Retail_Fixed_International","Price regulation of retail international voice services",,,16,"ARG","Argentina","Without price control",2024,"","","International retail voice"
5329,"tpTelecom_Price_Retail_Fixed_International","Price regulation of retail international voice services",,,17,"ARM","Armenia","With price control",2009,"","","International retail voice"
5329,"tpTelecom_Price_Retail_Fixed_International","Price regulation of retail international voice services",,,17,"ARM","Armenia","With price control",2010,"","","International retail voice"
5329,"tpTelecom_Price_Retail_Fixed_International","Price regulation of retail international voice services",,,17,"ARM","Armenia","Without price control",2011,"","","International retail voice"
5329,"tpTelecom_Price_Retail_Fixed_International","Price regulation of retail international voice services",,,17,"ARM","Armenia","Without price control",2012,"","","International retail voice"
5329,"tpTelecom_Price_Retail_Fixed_International","Price regulation of retail international voice services",,,17,"ARM","Armenia","With price control",2013,"","","International retail voice"
5329,"tpTelecom_Price_Retail_Fixed_International","Price regulation of retail international voice services",,,17,"ARM","Armenia","With price control",2014,"","","International retail voice"
5329,"tpTelecom_Price_Retail_Fixed_International","Price regulation of retail international voice services",,,17,"ARM","Armenia","With price control",2015,"","","International retail voice"
5329,"tpTelecom_Price_Retail_Fixed_International","Price regulation of retail international voice services",,,17,"ARM","Armenia","With price control",2016,"","","International retail voice"
5329,"tpTelecom_Price_Retail_Fixed_International","Price regulation of retail international voice services",,,17,"ARM","Armenia","With price control",2017,"","","International retail voice"
5329,"tpTelecom_Price_Retail_Fixed_International","Price regulation of retail international voice services",,,17,"ARM","Armenia","With price control",2018,"","","International retail voice"
5329,"tpTelecom_Price_Retail_Fixed_International","Price regulation of retail international voice services",,,17,"ARM","Armenia","With price control",2019,"","","International retail voice"
5329,"tpTelecom_Price_Retail_Fixed_International","Price regulation of retail international voice services",,,17,"ARM","Armenia","With price control",2020,"","","International retail voice"
5329,"tpTelecom_Price_Retail_Fixed_International","Price regulation of retail international voice services",,,17,"ARM","Armenia","With price control",2021,"","","International retail voice"
5329,"tpTelecom_Price_Retail_Fixed_International","Price regulation of retail international voice services",,,17,"ARM","Armenia","With price control",2022,"","","International retail voice"
5329,"tpTelecom_Price_Retail_Fixed_International","Price regulation of retail international voice services",,,17,"ARM","Armenia","With price control",2023,"","","International retail voice"
5329,"tpTelecom_Price_Retail_Fixed_International","Price regulation of retail international voice services",,,17,"ARM","Armenia","With price control",2024,"","","International retail voice"
5329,"tpTelecom_Price_Retail_Fixed_International","Price regulation of retail international voice services",,,18,"SAU","Saudi Arabia","With price control",2010,"","","International retail voice"
5329,"tpTelecom_Price_Retail_Fixed_International","Price regulation of retail international voice services",,,18,"SAU","Saudi Arabia","With price control",2011,"","","International retail voice"
5329,"tpTelecom_Price_Retail_Fixed_International","Price regulation of retail international voice services",,,18,"SAU","Saudi Arabia","With price control",2012,"","","International retail voice"
5329,"tpTelecom_Price_Retail_Fixed_International","Price regulation of retail international voice services",,,18,"SAU","Saudi Arabia","With price control",2015,"","","International retail voice"
5329,"tpTelecom_Price_Retail_Fixed_International","Price regulation of retail international voice services",,,18,"SAU","Saudi Arabia","With price control",2016,"","","International retail voice"
5329,"tpTelecom_Price_Retail_Fixed_International","Price regulation of retail international voice services",,,18,"SAU","Saudi Arabia","With price control",2017,"","","International retail voice"
5329,"tpTelecom_Price_Retail_Fixed_International","Price regulation of retail international voice services",,,18,"SAU","Saudi Arabia","With price control",2018,"","","International retail voice"
5329,"tpTelecom_Price_Retail_Fixed_International","Price regulation of retail international voice services",,,18,"SAU","Saudi Arabia","With price control",2019,"","","International retail voice"
5329,"tpTelecom_Price_Retail_Fixed_International","Price regulation of retail international voice services",,,18,"SAU","Saudi Arabia","With price control",2020,"","","International retail voice"
5329,"tpTelecom_Price_Retail_Fixed_International","Price regulation of retail international voice services",,,18,"SAU","Saudi Arabia","With price control",2021,"","","International retail voice"
5329,"tpTelecom_Price_Retail_Fixed_International","Price regulation of retail international voice services",,,18,"SAU","Saudi Arabia","With price control",2022,"","","International retail voice"
5329,"tpTelecom_Price_Retail_Fixed_International","Price regulation of retail international voice services",,,18,"SAU","Saudi Arabia","With price control",2023,"","","International retail voice"
5329,"tpTelecom_Price_Retail_Fixed_International","Price regulation of retail international voice services",,,20,"ATG","Antigua and Barbuda","Without price control",2012,"","","International retail voice"
5329,"tpTelecom_Price_Retail_Fixed_International","Price regulation of retail international voice services",,,20,"ATG","Antigua and Barbuda","Without price control",2013,"","","International retail voice"
5329,"tpTelecom_Price_Retail_Fixed_International","Price regulation of retail international voice services",,,20,"ATG","Antigua and Barbuda","Without price control",2014,"","","International retail voice"
5329,"tpTelecom_Price_Retail_Fixed_International","Price regulation of retail international voice services",,,23,"AUS","Australia","Without price control",2011,"","","International retail voice"
5329,"tpTelecom_Price_Retail_Fixed_International","Price regulation of retail international voice services",,,23,"AUS","Australia","With price control",2012,"","","International retail voice"
5329,"tpTelecom_Price_Retail_Fixed_International","Price regulation of retail international voice services",,,23,"AUS","Australia","Without price control",2013,"","","International retail voice"
5329,"tpTelecom_Price_Retail_Fixed_International","Price regulation of retail international voice services",,,23,"AUS","Australia","With price control",2014,"","","International retail voice"
5329,"tpTelecom_Price_Retail_Fixed_International","Price regulation of retail international voice services",,,23,"AUS","Australia","Without price control",2015,"","","International retail voice"
5329,"tpTelecom_Price_Retail_Fixed_International","Price regulation of retail international voice services",,,23,"AUS","Australia","Without price control",2016,"","","International retail voice"
5329,"tpTelecom_Price_Retail_Fixed_International","Price regulation of retail international voice services",,,23,"AUS","Australia","Without price control",2017,"","","International retail voice"
5329,"tpTelecom_Price_Retail_Fixed_International","Price regulation of retail international voice services",,,23,"AUS","Australia","Without price control",2018,"","","International retail voice"
5329,"tpTelecom_Price_Retail_Fixed_International","Price regulation of retail international voice services",,,23,"AUS","Australia","Without price control",2019,"","","International retail voice"
5329,"tpTelecom_Price_Retail_Fixed_International","Price regulation of retail international voice services",,,23,"AUS","Australia","Without price control",2020,"","","International retail voice"
5329,"tpTelecom_Price_Retail_Fixed_International","Price regulation of retail international voice services",,,23,"AUS","Australia","Without price control",2021,"","","International retail voice"
5329,"tpTelecom_Price_Retail_Fixed_International","Price regulation of retail international voice services",,,23,"AUS","Australia","Without price control",2022,"","","International retail voice"
5329,"tpTelecom_Price_Retail_Fixed_International","Price regulation of retail international voice services",,,23,"AUS","Australia","Without price control",2023,"","","International retail voice"
5329,"tpTelecom_Price_Retail_Fixed_International","Price regulation of retail international voice services",,,23,"AUS","Australia","Without price control",2024,"","","International retail voice"
5329,"tpTelecom_Price_Retail_Fixed_International","Price regulation of retail international voice services",,,24,"AUT","Austria","With price control",2009,"","","International retail voice"
5329,"tpTelecom_Price_Retail_Fixed_International","Price regulation of retail international voice services",,,24,"AUT","Austria","Without price control",2010,"","","International retail voice"
5329,"tpTelecom_Price_Retail_Fixed_International","Price regulation of retail international voice services",,,24,"AUT","Austria","Without price control",2011,"","","International retail voice"
5329,"tpTelecom_Price_Retail_Fixed_International","Price regulation of retail international voice services",,,24,"AUT","Austria","Without price control",2012,"","","International retail voice"
5329,"tpTelecom_Price_Retail_Fixed_International","Price regulation of retail international voice services",,,24,"AUT","Austria","Without price control",2013,"","","International retail voice"
5329,"tpTelecom_Price_Retail_Fixed_International","Price regulation of retail international voice services",,,24,"AUT","Austria","Without price control",2014,"","","International retail voice"
5329,"tpTelecom_Price_Retail_Fixed_International","Price regulation of retail international voice services",,,24,"AUT","Austria","Without price control",2015,"","","International retail voice"
5329,"tpTelecom_Price_Retail_Fixed_International","Price regulation of retail international voice services",,,24,"AUT","Austria","Without price control",2016,"","","International retail voice"
5329,"tpTelecom_Price_Retail_Fixed_International","Price regulation of retail international voice services",,,24,"AUT","Austria","Without price control",2017,"","","International retail voice"
5329,"tpTelecom_Price_Retail_Fixed_International","Price regulation of retail international voice services",,,24,"AUT","Austria","Without price control",2018,"","","International retail voice"
5329,"tpTelecom_Price_Retail_Fixed_International","Price regulation of retail international voice services",,,24,"AUT","Austria","Without price control",2019,"","","International retail voice"
5329,"tpTelecom_Price_Retail_Fixed_International","Price regulation of retail international voice services",,,24,"AUT","Austria","Without price control",2020,"","","International retail voice"
5329,"tpTelecom_Price_Retail_Fixed_International","Price regulation of retail international voice services",,,24,"AUT","Austria","Without price control",2021,"","","International retail voice"
5329,"tpTelecom_Price_Retail_Fixed_International","Price regulation of retail international voice services",,,24,"AUT","Austria","Without price control",2022,"","","International retail voice"
5329,"tpTelecom_Price_Retail_Fixed_International","Price regulation of retail international voice services",,,24,"AUT","Austria","Without price control",2023,"","","International retail voice"
5329,"tpTelecom_Price_Retail_Fixed_International","Price regulation of retail international voice services",,,24,"AUT","Austria","Without price control",2024,"","","International retail voice"
5329,"tpTelecom_Price_Retail_Fixed_International","Price regulation of retail international voice services",,,25,"AZE","Azerbaijan","With price control",2009,"","","International retail voice"
5329,"tpTelecom_Price_Retail_Fixed_International","Price regulation of retail international voice services",,,25,"AZE","Azerbaijan","With price control",2010,"","","International retail voice"
5329,"tpTelecom_Price_Retail_Fixed_International","Price regulation of retail international voice services",,,25,"AZE","Azerbaijan","With price control",2011,"","","International retail voice"
5329,"tpTelecom_Price_Retail_Fixed_International","Price regulation of retail international voice services",,,25,"AZE","Azerbaijan","With price control",2012,"","","International retail voice"
5329,"tpTelecom_Price_Retail_Fixed_International","Price regulation of retail international voice services",,,25,"AZE","Azerbaijan","With price control",2013,"","","International retail voice"
5329,"tpTelecom_Price_Retail_Fixed_International","Price regulation of retail international voice services",,,25,"AZE","Azerbaijan","With price control",2014,"","","International retail voice"
5329,"tpTelecom_Price_Retail_Fixed_International","Price regulation of retail international voice services",,,25,"AZE","Azerbaijan","With price control",2015,"","","International retail voice"
5329,"tpTelecom_Price_Retail_Fixed_International","Price regulation of retail international voice services",,,25,"AZE","Azerbaijan","With price control",2016,"","","International retail voice"
5329,"tpTelecom_Price_Retail_Fixed_International","Price regulation of retail international voice services",,,25,"AZE","Azerbaijan","With price control",2017,"","","International retail voice"
5329,"tpTelecom_Price_Retail_Fixed_International","Price regulation of retail international voice services",,,25,"AZE","Azerbaijan","With price control",2018,"","","International retail voice"
5329,"tpTelecom_Price_Retail_Fixed_International","Price regulation of retail international voice services",,,25,"AZE","Azerbaijan","With price control",2019,"","","International retail voice"
5329,"tpTelecom_Price_Retail_Fixed_International","Price regulation of retail international voice services",,,25,"AZE","Azerbaijan","With price control",2020,"","","International retail voice"
5329,"tpTelecom_Price_Retail_Fixed_International","Price regulation of retail international voice services",,,25,"AZE","Azerbaijan","With price control",2022,"","","International retail voice"
5329,"tpTelecom_Price_Retail_Fixed_International","Price regulation of retail international voice services",,,25,"AZE","Azerbaijan","With price control",2023,"","","International retail voice"
5329,"tpTelecom_Price_Retail_Fixed_International","Price regulation of retail international voice services",,,25,"AZE","Azerbaijan","With price control",2024,"","","International retail voice"
5329,"tpTelecom_Price_Retail_Fixed_International","Price regulation of retail international voice services",,,27,"BRA","Brazil","With price control",2009,"","","International retail voice"
5329,"tpTelecom_Price_Retail_Fixed_International","Price regulation of retail international voice services",,,27,"BRA","Brazil","With price control",2010,"","","International retail voice"
5329,"tpTelecom_Price_Retail_Fixed_International","Price regulation of retail international voice services",,,27,"BRA","Brazil","With price control",2011,"","","International retail voice"
5329,"tpTelecom_Price_Retail_Fixed_International","Price regulation of retail international voice services",,,27,"BRA","Brazil","With price control",2012,"","","International retail voice"
5329,"tpTelecom_Price_Retail_Fixed_International","Price regulation of retail international voice services",,,27,"BRA","Brazil","Without price control",2013,"","","International retail voice"
5329,"tpTelecom_Price_Retail_Fixed_International","Price regulation of retail international voice services",,,27,"BRA","Brazil","Without price control",2014,"","","International retail voice"
5329,"tpTelecom_Price_Retail_Fixed_International","Price regulation of retail international voice services",,,27,"BRA","Brazil","Without price control",2015,"","","International retail voice"
5329,"tpTelecom_Price_Retail_Fixed_International","Price regulation of retail international voice services",,,27,"BRA","Brazil","Without price control",2017,"","","International retail voice"
5329,"tpTelecom_Price_Retail_Fixed_International","Price regulation of retail international voice services",,,27,"BRA","Brazil","Without price control",2018,"","","International retail voice"
5329,"tpTelecom_Price_Retail_Fixed_International","Price regulation of retail international voice services",,,27,"BRA","Brazil","Without price control",2019,"","","International retail voice"
5329,"tpTelecom_Price_Retail_Fixed_International","Price regulation of retail international voice services",,,27,"BRA","Brazil","Without price control",2020,"","","International retail voice"
5329,"tpTelecom_Price_Retail_Fixed_International","Price regulation of retail international voice services",,,27,"BRA","Brazil","Without price control",2021,"","","International retail voice"
5329,"tpTelecom_Price_Retail_Fixed_International","Price regulation of retail international voice services",,,27,"BRA","Brazil","Without price control",2022,"","","International retail voice"
5329,"tpTelecom_Price_Retail_Fixed_International","Price regulation of retail international voice services",,,28,"BHS","Bahamas","With price control",2011,"","","International retail voice"
5329,"tpTelecom_Price_Retail_Fixed_International","Price regulation of retail international voice services",,,28,"BHS","Bahamas","With price control",2012,"","","International retail voice"
5329,"tpTelecom_Price_Retail_Fixed_International","Price regulation of retail international voice services",,,28,"BHS","Bahamas","With price control",2013,"","","International retail voice"
5329,"tpTelecom_Price_Retail_Fixed_International","Price regulation of retail international voice services",,,28,"BHS","Bahamas","With price control",2014,"","","International retail voice"
5329,"tpTelecom_Price_Retail_Fixed_International","Price regulation of retail international voice services",,,28,"BHS","Bahamas","With price control",2015,"","","International retail voice"
5329,"tpTelecom_Price_Retail_Fixed_International","Price regulation of retail international voice services",,,28,"BHS","Bahamas","With price control",2017,"","","International retail voice"
5329,"tpTelecom_Price_Retail_Fixed_International","Price regulation of retail international voice services",,,28,"BHS","Bahamas","With price control",2018,"","","International retail voice"
5329,"tpTelecom_Price_Retail_Fixed_International","Price regulation of retail international voice services",,,28,"BHS","Bahamas","With price control",2019,"","","International retail voice"
5329,"tpTelecom_Price_Retail_Fixed_International","Price regulation of retail international voice services",,,28,"BHS","Bahamas","Without price control",2021,"","","International retail voice"
5329,"tpTelecom_Price_Retail_Fixed_International","Price regulation of retail international voice services",,,28,"BHS","Bahamas","Without price control",2022,"","","International retail voice"
5329,"tpTelecom_Price_Retail_Fixed_International","Price regulation of retail international voice services",,,28,"BHS","Bahamas","Without price control",2023,"","","International retail voice"
5329,"tpTelecom_Price_Retail_Fixed_International","Price regulation of retail international voice services",,,28,"BHS","Bahamas","Without price control",2024,"","","International retail voice"
5329,"tpTelecom_Price_Retail_Fixed_International","Price regulation of retail international voice services",,,29,"BDI","Burundi","Without price control",2009,"","","International retail voice"
5329,"tpTelecom_Price_Retail_Fixed_International","Price regulation of retail international voice services",,,29,"BDI","Burundi","Without price control",2010,"","","International retail voice"
5329,"tpTelecom_Price_Retail_Fixed_International","Price regulation of retail international voice services",,,29,"BDI","Burundi","With price control",2011,"","","International retail voice"
5329,"tpTelecom_Price_Retail_Fixed_International","Price regulation of retail international voice services",,,29,"BDI","Burundi","Without price control",2012,"","","International retail voice"
5329,"tpTelecom_Price_Retail_Fixed_International","Price regulation of retail international voice services",,,29,"BDI","Burundi","Without price control",2013,"","","International retail voice"
5329,"tpTelecom_Price_Retail_Fixed_International","Price regulation of retail international voice services",,,29,"BDI","Burundi","Without price control",2014,"","","International retail voice"
5329,"tpTelecom_Price_Retail_Fixed_International","Price regulation of retail international voice services",,,29,"BDI","Burundi","Without price control",2015,"","","International retail voice"
5329,"tpTelecom_Price_Retail_Fixed_International","Price regulation of retail international voice services",,,29,"BDI","Burundi","With price control",2018,"","","International retail voice"
5329,"tpTelecom_Price_Retail_Fixed_International","Price regulation of retail international voice services",,,29,"BDI","Burundi","With price control",2019,"","","International retail voice"
5329,"tpTelecom_Price_Retail_Fixed_International","Price regulation of retail international voice services",,,29,"BDI","Burundi","With price control",2020,"","","International retail voice"
5329,"tpTelecom_Price_Retail_Fixed_International","Price regulation of retail international voice services",,,29,"BDI","Burundi","With price control",2021,"","","International retail voice"
5329,"tpTelecom_Price_Retail_Fixed_International","Price regulation of retail international voice services",,,29,"BDI","Burundi","With price control",2022,"","","International retail voice"
5329,"tpTelecom_Price_Retail_Fixed_International","Price regulation of retail international voice services",,,29,"BDI","Burundi","With price control",2023,"","","International retail voice"
5329,"tpTelecom_Price_Retail_Fixed_International","Price regulation of retail international voice services",,,29,"BDI","Burundi","With price control",2024,"","","International retail voice"
5329,"tpTelecom_Price_Retail_Fixed_International","Price regulation of retail international voice services",,,30,"BEL","Belgium","Without price control",2011,"","","International retail voice"
5329,"tpTelecom_Price_Retail_Fixed_International","Price regulation of retail international voice services",,,30,"BEL","Belgium","Without price control",2013,"","","International retail voice"
5329,"tpTelecom_Price_Retail_Fixed_International","Price regulation of retail international voice services",,,30,"BEL","Belgium","Without price control",2014,"","","International retail voice"
5329,"tpTelecom_Price_Retail_Fixed_International","Price regulation of retail international voice services",,,30,"BEL","Belgium","Without price control",2015,"","","International retail voice"
5329,"tpTelecom_Price_Retail_Fixed_International","Price regulation of retail international voice services",,,30,"BEL","Belgium","Without price control",2016,"","","International retail voice"
5329,"tpTelecom_Price_Retail_Fixed_International","Price regulation of retail international voice services",,,30,"BEL","Belgium","With price control",2017,"","","International retail voice"
5329,"tpTelecom_Price_Retail_Fixed_International","Price regulation of retail international voice services",,,30,"BEL","Belgium","With price control",2019,"","","International retail voice"
5329,"tpTelecom_Price_Retail_Fixed_International","Price regulation of retail international voice services",,,30,"BEL","Belgium","With price control",2020,"","","International retail voice"
5329,"tpTelecom_Price_Retail_Fixed_International","Price regulation of retail international voice services",,,30,"BEL","Belgium","With price control",2021,"","","International retail voice"
5329,"tpTelecom_Price_Retail_Fixed_International","Price regulation of retail international voice services",,,30,"BEL","Belgium","With price control",2022,"","","International retail voice"
5329,"tpTelecom_Price_Retail_Fixed_International","Price regulation of retail international voice services",,,30,"BEL","Belgium","With price control",2023,"","","International retail voice"
5329,"tpTelecom_Price_Retail_Fixed_International","Price regulation of retail international voice services",,,30,"BEL","Belgium","Without price control",2024,"","","International retail voice"
5329,"tpTelecom_Price_Retail_Fixed_International","Price regulation of retail international voice services",,,31,"BEN","Benin","Without price control",2009,"","","International retail voice"
5329,"tpTelecom_Price_Retail_Fixed_International","Price regulation of retail international voice services",,,31,"BEN","Benin","With price control",2010,"","","International retail voice"
5329,"tpTelecom_Price_Retail_Fixed_International","Price regulation of retail international voice services",,,31,"BEN","Benin","Without price control",2011,"","","International retail voice"
5329,"tpTelecom_Price_Retail_Fixed_International","Price regulation of retail international voice services",,,31,"BEN","Benin","With price control",2012,"","","International retail voice"
5329,"tpTelecom_Price_Retail_Fixed_International","Price regulation of retail international voice services",,,31,"BEN","Benin","With price control",2014,"","","International retail voice"
5329,"tpTelecom_Price_Retail_Fixed_International","Price regulation of retail international voice services",,,31,"BEN","Benin","With price control",2016,"","","International retail voice"
5329,"tpTelecom_Price_Retail_Fixed_International","Price regulation of retail international voice services",,,31,"BEN","Benin","With price control",2017,"","","International retail voice"
5329,"tpTelecom_Price_Retail_Fixed_International","Price regulation of retail international voice services",,,31,"BEN","Benin","With price control",2019,"","","International retail voice"
5329,"tpTelecom_Price_Retail_Fixed_International","Price regulation of retail international voice services",,,31,"BEN","Benin","With price control",2020,"","","International retail voice"
5329,"tpTelecom_Price_Retail_Fixed_International","Price regulation of retail international voice services",,,31,"BEN","Benin","Without price control",2021,"","","International retail voice"
5329,"tpTelecom_Price_Retail_Fixed_International","Price regulation of retail international voice services",,,31,"BEN","Benin","Without price control",2022,"","","International retail voice"
5329,"tpTelecom_Price_Retail_Fixed_International","Price regulation of retail international voice services",,,31,"BEN","Benin","Without price control",2023,"","","International retail voice"
5329,"tpTelecom_Price_Retail_Fixed_International","Price regulation of retail international voice services",,,31,"BEN","Benin","Without price control",2024,"","","International retail voice"
5329,"tpTelecom_Price_Retail_Fixed_International","Price regulation of retail international voice services",,,33,"BFA","Burkina Faso","With price control",2009,"","","International retail voice"
5329,"tpTelecom_Price_Retail_Fixed_International","Price regulation of retail international voice services",,,33,"BFA","Burkina Faso","With price control",2011,"","","International retail voice"
5329,"tpTelecom_Price_Retail_Fixed_International","Price regulation of retail international voice services",,,33,"BFA","Burkina Faso","With price control",2012,"","","International retail voice"
5329,"tpTelecom_Price_Retail_Fixed_International","Price regulation of retail international voice services",,,33,"BFA","Burkina Faso","Without price control",2013,"","","International retail voice"
5329,"tpTelecom_Price_Retail_Fixed_International","Price regulation of retail international voice services",,,33,"BFA","Burkina Faso","Without price control",2017,"","","International retail voice"
5329,"tpTelecom_Price_Retail_Fixed_International","Price regulation of retail international voice services",,,33,"BFA","Burkina Faso","Without price control",2018,"","","International retail voice"
5329,"tpTelecom_Price_Retail_Fixed_International","Price regulation of retail international voice services",,,33,"BFA","Burkina Faso","Without price control",2019,"","","International retail voice"
5329,"tpTelecom_Price_Retail_Fixed_International","Price regulation of retail international voice services",,,33,"BFA","Burkina Faso","Without price control",2020,"","","International retail voice"
5329,"tpTelecom_Price_Retail_Fixed_International","Price regulation of retail international voice services",,,33,"BFA","Burkina Faso","Without price control",2021,"","","International retail voice"
5329,"tpTelecom_Price_Retail_Fixed_International","Price regulation of retail international voice services",,,33,"BFA","Burkina Faso","Without price control",2022,"","","International retail voice"
5329,"tpTelecom_Price_Retail_Fixed_International","Price regulation of retail international voice services",,,33,"BFA","Burkina Faso","Without price control",2023,"","","International retail voice"
5329,"tpTelecom_Price_Retail_Fixed_International","Price regulation of retail international voice services",,,34,"BGD","Bangladesh","With price control",2012,"","","International retail voice"
5329,"tpTelecom_Price_Retail_Fixed_International","Price regulation of retail international voice services",,,34,"BGD","Bangladesh","With price control",2013,"","","International retail voice"
5329,"tpTelecom_Price_Retail_Fixed_International","Price regulation of retail international voice services",,,34,"BGD","Bangladesh","With price control",2014,"","","International retail voice"
5329,"tpTelecom_Price_Retail_Fixed_International","Price regulation of retail international voice services",,,34,"BGD","Bangladesh","With price control",2022,"","","International retail voice"
5329,"tpTelecom_Price_Retail_Fixed_International","Price regulation of retail international voice services",,,35,"BHR","Bahrain","With price control",2010,"","","International retail voice"
5329,"tpTelecom_Price_Retail_Fixed_International","Price regulation of retail international voice services",,,35,"BHR","Bahrain","With price control",2011,"","","International retail voice"
5329,"tpTelecom_Price_Retail_Fixed_International","Price regulation of retail international voice services",,,35,"BHR","Bahrain","With price control",2012,"","","International retail voice"
5329,"tpTelecom_Price_Retail_Fixed_International","Price regulation of retail international voice services",,,35,"BHR","Bahrain","With price control",2013,"","","International retail voice"
5329,"tpTelecom_Price_Retail_Fixed_International","Price regulation of retail international voice services",,,35,"BHR","Bahrain","With price control",2014,"","","International retail voice"
5329,"tpTelecom_Price_Retail_Fixed_International","Price regulation of retail international voice services",,,35,"BHR","Bahrain","Without price control",2021,"","","International retail voice"
5329,"tpTelecom_Price_Retail_Fixed_International","Price regulation of retail international voice services",,,35,"BHR","Bahrain","Without price control",2022,"","","International retail voice"
5329,"tpTelecom_Price_Retail_Fixed_International","Price regulation of retail international voice services",,,35,"BHR","Bahrain","Without price control",2023,"","","International retail voice"
5329,"tpTelecom_Price_Retail_Fixed_International","Price regulation of retail international voice services",,,35,"BHR","Bahrain","Without price control",2024,"","","International retail voice"
5329,"tpTelecom_Price_Retail_Fixed_International","Price regulation of retail international voice services",,,37,"BLR","Belarus","Without price control",2011,"","","International retail voice"
5329,"tpTelecom_Price_Retail_Fixed_International","Price regulation of retail international voice services",,,37,"BLR","Belarus","Without price control",2012,"","","International retail voice"
5329,"tpTelecom_Price_Retail_Fixed_International","Price regulation of retail international voice services",,,37,"BLR","Belarus","Without price control",2013,"","","International retail voice"
5329,"tpTelecom_Price_Retail_Fixed_International","Price regulation of retail international voice services",,,37,"BLR","Belarus","Without price control",2014,"","","International retail voice"
5329,"tpTelecom_Price_Retail_Fixed_International","Price regulation of retail international voice services",,,37,"BLR","Belarus","Without price control",2015,"","","International retail voice"
5329,"tpTelecom_Price_Retail_Fixed_International","Price regulation of retail international voice services",,,37,"BLR","Belarus","Without price control",2016,"","","International retail voice"
5329,"tpTelecom_Price_Retail_Fixed_International","Price regulation of retail international voice services",,,37,"BLR","Belarus","Without price control",2017,"","","International retail voice"
5329,"tpTelecom_Price_Retail_Fixed_International","Price regulation of retail international voice services",,,37,"BLR","Belarus","Without price control",2018,"","","International retail voice"
5329,"tpTelecom_Price_Retail_Fixed_International","Price regulation of retail international voice services",,,37,"BLR","Belarus","Without price control",2020,"","","International retail voice"
5329,"tpTelecom_Price_Retail_Fixed_International","Price regulation of retail international voice services",,,37,"BLR","Belarus","Without price control",2021,"","","International retail voice"
5329,"tpTelecom_Price_Retail_Fixed_International","Price regulation of retail international voice services",,,37,"BLR","Belarus","Without price control",2023,"","","International retail voice"
5329,"tpTelecom_Price_Retail_Fixed_International","Price regulation of retail international voice services",,,37,"BLR","Belarus","Without price control",2024,"","","International retail voice"
5329,"tpTelecom_Price_Retail_Fixed_International","Price regulation of retail international voice services",,,38,"BLZ","Belize","With price control",2014,"","","International retail voice"
5329,"tpTelecom_Price_Retail_Fixed_International","Price regulation of retail international voice services",,,38,"BLZ","Belize","Without price control",2015,"","","International retail voice"
5329,"tpTelecom_Price_Retail_Fixed_International","Price regulation of retail international voice services",,,38,"BLZ","Belize","Without price control",2018,"","","International retail voice"
5329,"tpTelecom_Price_Retail_Fixed_International","Price regulation of retail international voice services",,,38,"BLZ","Belize","Without price control",2023,"","","International retail voice"
5329,"tpTelecom_Price_Retail_Fixed_International","Price regulation of retail international voice services",,,39,"BOL","Bolivia (Plurinational State of)","With price control",2010,"","","International retail voice"
5329,"tpTelecom_Price_Retail_Fixed_International","Price regulation of retail international voice services",,,39,"BOL","Bolivia (Plurinational State of)","Without price control",2011,"","","International retail voice"
5329,"tpTelecom_Price_Retail_Fixed_International","Price regulation of retail international voice services",,,39,"BOL","Bolivia (Plurinational State of)","With price control",2013,"","","International retail voice"
5329,"tpTelecom_Price_Retail_Fixed_International","Price regulation of retail international voice services",,,39,"BOL","Bolivia (Plurinational State of)","Without price control",2015,"","","International retail voice"
5329,"tpTelecom_Price_Retail_Fixed_International","Price regulation of retail international voice services",,,39,"BOL","Bolivia (Plurinational State of)","Without price control",2016,"","","International retail voice"
5329,"tpTelecom_Price_Retail_Fixed_International","Price regulation of retail international voice services",,,39,"BOL","Bolivia (Plurinational State of)","Without price control",2017,"","","International retail voice"
5329,"tpTelecom_Price_Retail_Fixed_International","Price regulation of retail international voice services",,,39,"BOL","Bolivia (Plurinational State of)","Without price control",2018,"","","International retail voice"
5329,"tpTelecom_Price_Retail_Fixed_International","Price regulation of retail international voice services",,,39,"BOL","Bolivia (Plurinational State of)","With price control",2020,"","","International retail voice"
5329,"tpTelecom_Price_Retail_Fixed_International","Price regulation of retail international voice services",,,39,"BOL","Bolivia (Plurinational State of)","With price control",2021,"","","International retail voice"
5329,"tpTelecom_Price_Retail_Fixed_International","Price regulation of retail international voice services",,,39,"BOL","Bolivia (Plurinational State of)","With price control",2022,"","","International retail voice"
5329,"tpTelecom_Price_Retail_Fixed_International","Price regulation of retail international voice services",,,39,"BOL","Bolivia (Plurinational State of)","With price control",2023,"","","International retail voice"
5329,"tpTelecom_Price_Retail_Fixed_International","Price regulation of retail international voice services",,,39,"BOL","Bolivia (Plurinational State of)","With price control",2024,"","","International retail voice"
5329,"tpTelecom_Price_Retail_Fixed_International","Price regulation of retail international voice services",,,40,"BWA","Botswana","Without price control",2009,"","","International retail voice"
5329,"tpTelecom_Price_Retail_Fixed_International","Price regulation of retail international voice services",,,40,"BWA","Botswana","Without price control",2010,"","","International retail voice"
5329,"tpTelecom_Price_Retail_Fixed_International","Price regulation of retail international voice services",,,40,"BWA","Botswana","Without price control",2011,"","","International retail voice"
5329,"tpTelecom_Price_Retail_Fixed_International","Price regulation of retail international voice services",,,40,"BWA","Botswana","Without price control",2012,"","","International retail voice"
5329,"tpTelecom_Price_Retail_Fixed_International","Price regulation of retail international voice services",,,40,"BWA","Botswana","Without price control",2013,"","","International retail voice"
5329,"tpTelecom_Price_Retail_Fixed_International","Price regulation of retail international voice services",,,40,"BWA","Botswana","Without price control",2014,"","","International retail voice"
5329,"tpTelecom_Price_Retail_Fixed_International","Price regulation of retail international voice services",,,40,"BWA","Botswana","Without price control",2015,"","","International retail voice"
5329,"tpTelecom_Price_Retail_Fixed_International","Price regulation of retail international voice services",,,40,"BWA","Botswana","With price control",2016,"","","International retail voice"
5329,"tpTelecom_Price_Retail_Fixed_International","Price regulation of retail international voice services",,,40,"BWA","Botswana","With price control",2017,"","","International retail voice"
5329,"tpTelecom_Price_Retail_Fixed_International","Price regulation of retail international voice services",,,40,"BWA","Botswana","With price control",2019,"","","International retail voice"
5329,"tpTelecom_Price_Retail_Fixed_International","Price regulation of retail international voice services",,,40,"BWA","Botswana","With price control",2020,"","","International retail voice"
5329,"tpTelecom_Price_Retail_Fixed_International","Price regulation of retail international voice services",,,40,"BWA","Botswana","With price control",2021,"","","International retail voice"
5329,"tpTelecom_Price_Retail_Fixed_International","Price regulation of retail international voice services",,,40,"BWA","Botswana","With price control",2022,"","","International retail voice"
5329,"tpTelecom_Price_Retail_Fixed_International","Price regulation of retail international voice services",,,40,"BWA","Botswana","With price control",2023,"","","International retail voice"
5329,"tpTelecom_Price_Retail_Fixed_International","Price regulation of retail international voice services",,,40,"BWA","Botswana","With price control",2024,"","","International retail voice"
5329,"tpTelecom_Price_Retail_Fixed_International","Price regulation of retail international voice services",,,41,"BRB","Barbados","With price control",2011,"","","International retail voice"
5329,"tpTelecom_Price_Retail_Fixed_International","Price regulation of retail international voice services",,,41,"BRB","Barbados","With price control",2018,"","","International retail voice"
5329,"tpTelecom_Price_Retail_Fixed_International","Price regulation of retail international voice services",,,41,"BRB","Barbados","Without price control",2022,"","","International retail voice"
5329,"tpTelecom_Price_Retail_Fixed_International","Price regulation of retail international voice services",,,41,"BRB","Barbados","Without price control",2023,"","","International retail voice"
5329,"tpTelecom_Price_Retail_Fixed_International","Price regulation of retail international voice services",,,42,"MMR","Myanmar","Without price control",2012,"","","International retail voice"
5329,"tpTelecom_Price_Retail_Fixed_International","Price regulation of retail international voice services",,,42,"MMR","Myanmar","With price control",2017,"","","International retail voice"
5329,"tpTelecom_Price_Retail_Fixed_International","Price regulation of retail international voice services",,,42,"MMR","Myanmar","With price control",2018,"","","International retail voice"
5329,"tpTelecom_Price_Retail_Fixed_International","Price regulation of retail international voice services",,,42,"MMR","Myanmar","With price control",2019,"","","International retail voice"
5329,"tpTelecom_Price_Retail_Fixed_International","Price regulation of retail international voice services",,,42,"MMR","Myanmar","With price control",2020,"","","International retail voice"
5329,"tpTelecom_Price_Retail_Fixed_International","Price regulation of retail international voice services",,,42,"MMR","Myanmar","With price control",2021,"","","International retail voice"
5329,"tpTelecom_Price_Retail_Fixed_International","Price regulation of retail international voice services",,,42,"MMR","Myanmar","Without price control",2022,"","","International retail voice"
5329,"tpTelecom_Price_Retail_Fixed_International","Price regulation of retail international voice services",,,42,"MMR","Myanmar","Without price control",2023,"","","International retail voice"
5329,"tpTelecom_Price_Retail_Fixed_International","Price regulation of retail international voice services",,,42,"MMR","Myanmar","Without price control",2024,"","","International retail voice"
5329,"tpTelecom_Price_Retail_Fixed_International","Price regulation of retail international voice services",,,43,"BRN","Brunei Darussalam","With price control",2012,"","","International retail voice"
5329,"tpTelecom_Price_Retail_Fixed_International","Price regulation of retail international voice services",,,43,"BRN","Brunei Darussalam","With price control",2013,"","","International retail voice"
5329,"tpTelecom_Price_Retail_Fixed_International","Price regulation of retail international voice services",,,43,"BRN","Brunei Darussalam","With price control",2014,"","","International retail voice"
5329,"tpTelecom_Price_Retail_Fixed_International","Price regulation of retail international voice services",,,43,"BRN","Brunei Darussalam","With price control",2015,"","","International retail voice"
5329,"tpTelecom_Price_Retail_Fixed_International","Price regulation of retail international voice services",,,43,"BRN","Brunei Darussalam","With price control",2016,"","","International retail voice"
5329,"tpTelecom_Price_Retail_Fixed_International","Price regulation of retail international voice services",,,43,"BRN","Brunei Darussalam","With price control",2017,"","","International retail voice"
5329,"tpTelecom_Price_Retail_Fixed_International","Price regulation of retail international voice services",,,43,"BRN","Brunei Darussalam","Without price control",2018,"","","International retail voice"
5329,"tpTelecom_Price_Retail_Fixed_International","Price regulation of retail international voice services",,,43,"BRN","Brunei Darussalam","Without price control",2019,"","","International retail voice"
5329,"tpTelecom_Price_Retail_Fixed_International","Price regulation of retail international voice services",,,43,"BRN","Brunei Darussalam","Without price control",2020,"","","International retail voice"
5329,"tpTelecom_Price_Retail_Fixed_International","Price regulation of retail international voice services",,,43,"BRN","Brunei Darussalam","Without price control",2021,"","","International retail voice"
5329,"tpTelecom_Price_Retail_Fixed_International","Price regulation of retail international voice services",,,43,"BRN","Brunei Darussalam","Without price control",2022,"","","International retail voice"
5329,"tpTelecom_Price_Retail_Fixed_International","Price regulation of retail international voice services",,,43,"BRN","Brunei Darussalam","Without price control",2023,"","","International retail voice"
5329,"tpTelecom_Price_Retail_Fixed_International","Price regulation of retail international voice services",,,43,"BRN","Brunei Darussalam","Without price control",2024,"","","International retail voice"
5329,"tpTelecom_Price_Retail_Fixed_International","Price regulation of retail international voice services",,,45,"BGR","Bulgaria","With price control",2009,"","","International retail voice"
5329,"tpTelecom_Price_Retail_Fixed_International","Price regulation of retail international voice services",,,45,"BGR","Bulgaria","With price control",2010,"","","International retail voice"
5329,"tpTelecom_Price_Retail_Fixed_International","Price regulation of retail international voice services",,,45,"BGR","Bulgaria","With price control",2011,"","","International retail voice"
5329,"tpTelecom_Price_Retail_Fixed_International","Price regulation of retail international voice services",,,45,"BGR","Bulgaria","With price control",2012,"","","International retail voice"
5329,"tpTelecom_Price_Retail_Fixed_International","Price regulation of retail international voice services",,,45,"BGR","Bulgaria","With price control",2013,"","","International retail voice"
5329,"tpTelecom_Price_Retail_Fixed_International","Price regulation of retail international voice services",,,45,"BGR","Bulgaria","Without price control",2014,"","","International retail voice"
5329,"tpTelecom_Price_Retail_Fixed_International","Price regulation of retail international voice services",,,45,"BGR","Bulgaria","Without price control",2015,"","","International retail voice"
5329,"tpTelecom_Price_Retail_Fixed_International","Price regulation of retail international voice services",,,45,"BGR","Bulgaria","Without price control",2016,"","","International retail voice"
5329,"tpTelecom_Price_Retail_Fixed_International","Price regulation of retail international voice services",,,45,"BGR","Bulgaria","Without price control",2017,"","","International retail voice"
5329,"tpTelecom_Price_Retail_Fixed_International","Price regulation of retail international voice services",,,45,"BGR","Bulgaria","Without price control",2018,"","","International retail voice"
5329,"tpTelecom_Price_Retail_Fixed_International","Price regulation of retail international voice services",,,45,"BGR","Bulgaria","Without price control",2019,"","","International retail voice"
5329,"tpTelecom_Price_Retail_Fixed_International","Price regulation of retail international voice services",,,45,"BGR","Bulgaria","Without price control",2020,"","","International retail voice"
5329,"tpTelecom_Price_Retail_Fixed_International","Price regulation of retail international voice services",,,45,"BGR","Bulgaria","Without price control",2021,"","","International retail voice"
5329,"tpTelecom_Price_Retail_Fixed_International","Price regulation of retail international voice services",,,45,"BGR","Bulgaria","Without price control",2022,"","","International retail voice"
5329,"tpTelecom_Price_Retail_Fixed_International","Price regulation of retail international voice services",,,45,"BGR","Bulgaria","Without price control",2023,"","","International retail voice"
5329,"tpTelecom_Price_Retail_Fixed_International","Price regulation of retail international voice services",,,45,"BGR","Bulgaria","Without price control",2024,"","","International retail voice"
5329,"tpTelecom_Price_Retail_Fixed_International","Price regulation of retail international voice services",,,46,"CAF","Central African Rep.","With price control",2010,"","","International retail voice"
5329,"tpTelecom_Price_Retail_Fixed_International","Price regulation of retail international voice services",,,47,"CAN","Canada","Without price control",2011,"","","International retail voice"
5329,"tpTelecom_Price_Retail_Fixed_International","Price regulation of retail international voice services",,,47,"CAN","Canada","Without price control",2012,"","","International retail voice"
5329,"tpTelecom_Price_Retail_Fixed_International","Price regulation of retail international voice services",,,47,"CAN","Canada","Without price control",2013,"","","International retail voice"
5329,"tpTelecom_Price_Retail_Fixed_International","Price regulation of retail international voice services",,,47,"CAN","Canada","Without price control",2015,"","","International retail voice"
5329,"tpTelecom_Price_Retail_Fixed_International","Price regulation of retail international voice services",,,47,"CAN","Canada","Without price control",2016,"","","International retail voice"
5329,"tpTelecom_Price_Retail_Fixed_International","Price regulation of retail international voice services",,,47,"CAN","Canada","Without price control",2017,"","","International retail voice"
5329,"tpTelecom_Price_Retail_Fixed_International","Price regulation of retail international voice services",,,47,"CAN","Canada","Without price control",2018,"","","International retail voice"
5329,"tpTelecom_Price_Retail_Fixed_International","Price regulation of retail international voice services",,,47,"CAN","Canada","Without price control",2020,"","","International retail voice"
5329,"tpTelecom_Price_Retail_Fixed_International","Price regulation of retail international voice services",,,47,"CAN","Canada","Without price control",2022,"","","International retail voice"
5329,"tpTelecom_Price_Retail_Fixed_International","Price regulation of retail international voice services",,,47,"CAN","Canada","Without price control",2024,"","","International retail voice"
5329,"tpTelecom_Price_Retail_Fixed_International","Price regulation of retail international voice services",,,48,"KHM","Cambodia","Without price control",2011,"","","International retail voice"
5329,"tpTelecom_Price_Retail_Fixed_International","Price regulation of retail international voice services",,,48,"KHM","Cambodia","Without price control",2012,"","","International retail voice"
5329,"tpTelecom_Price_Retail_Fixed_International","Price regulation of retail international voice services",,,48,"KHM","Cambodia","Without price control",2014,"","","International retail voice"
5329,"tpTelecom_Price_Retail_Fixed_International","Price regulation of retail international voice services",,,48,"KHM","Cambodia","Without price control",2015,"","","International retail voice"
5329,"tpTelecom_Price_Retail_Fixed_International","Price regulation of retail international voice services",,,48,"KHM","Cambodia","Without price control",2016,"","","International retail voice"
5329,"tpTelecom_Price_Retail_Fixed_International","Price regulation of retail international voice services",,,48,"KHM","Cambodia","Without price control",2017,"","","International retail voice"
5329,"tpTelecom_Price_Retail_Fixed_International","Price regulation of retail international voice services",,,48,"KHM","Cambodia","Without price control",2018,"","","International retail voice"
5329,"tpTelecom_Price_Retail_Fixed_International","Price regulation of retail international voice services",,,48,"KHM","Cambodia","Without price control",2019,"","","International retail voice"
5329,"tpTelecom_Price_Retail_Fixed_International","Price regulation of retail international voice services",,,48,"KHM","Cambodia","Without price control",2020,"","","International retail voice"
5329,"tpTelecom_Price_Retail_Fixed_International","Price regulation of retail international voice services",,,48,"KHM","Cambodia","Without price control",2021,"","","International retail voice"
5329,"tpTelecom_Price_Retail_Fixed_International","Price regulation of retail international voice services",,,48,"KHM","Cambodia","Without price control",2022,"","","International retail voice"
5329,"tpTelecom_Price_Retail_Fixed_International","Price regulation of retail international voice services",,,48,"KHM","Cambodia","Without price control",2023,"","","International retail voice"
5329,"tpTelecom_Price_Retail_Fixed_International","Price regulation of retail international voice services",,,48,"KHM","Cambodia","Without price control",2024,"","","International retail voice"
5329,"tpTelecom_Price_Retail_Fixed_International","Price regulation of retail international voice services",,,49,"CHL","Chile","Without price control",2010,"","","International retail voice"
5329,"tpTelecom_Price_Retail_Fixed_International","Price regulation of retail international voice services",,,49,"CHL","Chile","Without price control",2011,"","","International retail voice"
5329,"tpTelecom_Price_Retail_Fixed_International","Price regulation of retail international voice services",,,49,"CHL","Chile","Without price control",2012,"","","International retail voice"
5329,"tpTelecom_Price_Retail_Fixed_International","Price regulation of retail international voice services",,,49,"CHL","Chile","Without price control",2013,"","","International retail voice"
5329,"tpTelecom_Price_Retail_Fixed_International","Price regulation of retail international voice services",,,49,"CHL","Chile","Without price control",2014,"","","International retail voice"
5329,"tpTelecom_Price_Retail_Fixed_International","Price regulation of retail international voice services",,,49,"CHL","Chile","Without price control",2015,"","","International retail voice"
5329,"tpTelecom_Price_Retail_Fixed_International","Price regulation of retail international voice services",,,49,"CHL","Chile","Without price control",2016,"","","International retail voice"
5329,"tpTelecom_Price_Retail_Fixed_International","Price regulation of retail international voice services",,,49,"CHL","Chile","Without price control",2017,"","","International retail voice"
5329,"tpTelecom_Price_Retail_Fixed_International","Price regulation of retail international voice services",,,49,"CHL","Chile","Without price control",2018,"","","International retail voice"
5329,"tpTelecom_Price_Retail_Fixed_International","Price regulation of retail international voice services",,,49,"CHL","Chile","Without price control",2019,"","","International retail voice"
5329,"tpTelecom_Price_Retail_Fixed_International","Price regulation of retail international voice services",,,49,"CHL","Chile","Without price control",2020,"","","International retail voice"
5329,"tpTelecom_Price_Retail_Fixed_International","Price regulation of retail international voice services",,,49,"CHL","Chile","Without price control",2021,"","","International retail voice"
5329,"tpTelecom_Price_Retail_Fixed_International","Price regulation of retail international voice services",,,49,"CHL","Chile","Without price control",2022,"","","International retail voice"
5329,"tpTelecom_Price_Retail_Fixed_International","Price regulation of retail international voice services",,,49,"CHL","Chile","Without price control",2023,"","","International retail voice"
5329,"tpTelecom_Price_Retail_Fixed_International","Price regulation of retail international voice services",,,49,"CHL","Chile","Without price control",2024,"","","International retail voice"
5329,"tpTelecom_Price_Retail_Fixed_International","Price regulation of retail international voice services",,,50,"CHN","China","With price control",2010,"","","International retail voice"
5329,"tpTelecom_Price_Retail_Fixed_International","Price regulation of retail international voice services",,,50,"CHN","China","With price control",2011,"","","International retail voice"
5329,"tpTelecom_Price_Retail_Fixed_International","Price regulation of retail international voice services",,,50,"CHN","China","Without price control",2013,"","","International retail voice"
5329,"tpTelecom_Price_Retail_Fixed_International","Price regulation of retail international voice services",,,50,"CHN","China","Without price control",2014,"","","International retail voice"
5329,"tpTelecom_Price_Retail_Fixed_International","Price regulation of retail international voice services",,,50,"CHN","China","Without price control",2015,"","","International retail voice"
5329,"tpTelecom_Price_Retail_Fixed_International","Price regulation of retail international voice services",,,50,"CHN","China","Without price control",2016,"","","International retail voice"
5329,"tpTelecom_Price_Retail_Fixed_International","Price regulation of retail international voice services",,,50,"CHN","China","Without price control",2017,"","","International retail voice"
5329,"tpTelecom_Price_Retail_Fixed_International","Price regulation of retail international voice services",,,50,"CHN","China","Without price control",2021,"","","International retail voice"
5329,"tpTelecom_Price_Retail_Fixed_International","Price regulation of retail international voice services",,,50,"CHN","China","Without price control",2022,"","","International retail voice"
5329,"tpTelecom_Price_Retail_Fixed_International","Price regulation of retail international voice services",,,50,"CHN","China","Without price control",2023,"","","International retail voice"
5329,"tpTelecom_Price_Retail_Fixed_International","Price regulation of retail international voice services",,,53,"COL","Colombia","Without price control",2009,"","","International retail voice"
5329,"tpTelecom_Price_Retail_Fixed_International","Price regulation of retail international voice services",,,53,"COL","Colombia","Without price control",2010,"","","International retail voice"
5329,"tpTelecom_Price_Retail_Fixed_International","Price regulation of retail international voice services",,,53,"COL","Colombia","Without price control",2012,"","","International retail voice"
5329,"tpTelecom_Price_Retail_Fixed_International","Price regulation of retail international voice services",,,53,"COL","Colombia","Without price control",2013,"","","International retail voice"
5329,"tpTelecom_Price_Retail_Fixed_International","Price regulation of retail international voice services",,,53,"COL","Colombia","Without price control",2014,"","","International retail voice"
5329,"tpTelecom_Price_Retail_Fixed_International","Price regulation of retail international voice services",,,53,"COL","Colombia","Without price control",2015,"","","International retail voice"
5329,"tpTelecom_Price_Retail_Fixed_International","Price regulation of retail international voice services",,,53,"COL","Colombia","Without price control",2016,"","","International retail voice"
5329,"tpTelecom_Price_Retail_Fixed_International","Price regulation of retail international voice services",,,53,"COL","Colombia","Without price control",2017,"","","International retail voice"
5329,"tpTelecom_Price_Retail_Fixed_International","Price regulation of retail international voice services",,,53,"COL","Colombia","Without price control",2018,"","","International retail voice"
5329,"tpTelecom_Price_Retail_Fixed_International","Price regulation of retail international voice services",,,53,"COL","Colombia","Without price control",2019,"","","International retail voice"
5329,"tpTelecom_Price_Retail_Fixed_International","Price regulation of retail international voice services",,,53,"COL","Colombia","Without price control",2020,"","","International retail voice"
5329,"tpTelecom_Price_Retail_Fixed_International","Price regulation of retail international voice services",,,53,"COL","Colombia","Without price control",2021,"","","International retail voice"
5329,"tpTelecom_Price_Retail_Fixed_International","Price regulation of retail international voice services",,,53,"COL","Colombia","Without price control",2022,"","","International retail voice"
5329,"tpTelecom_Price_Retail_Fixed_International","Price regulation of retail international voice services",,,53,"COL","Colombia","Without price control",2023,"","","International retail voice"
5329,"tpTelecom_Price_Retail_Fixed_International","Price regulation of retail international voice services",,,53,"COL","Colombia","Without price control",2024,"","","International retail voice"
5329,"tpTelecom_Price_Retail_Fixed_International","Price regulation of retail international voice services",,,54,"LKA","Sri Lanka","Without price control",2011,"","","International retail voice"
5329,"tpTelecom_Price_Retail_Fixed_International","Price regulation of retail international voice services",,,54,"LKA","Sri Lanka","Without price control",2012,"","","International retail voice"
5329,"tpTelecom_Price_Retail_Fixed_International","Price regulation of retail international voice services",,,54,"LKA","Sri Lanka","Without price control",2013,"","","International retail voice"
5329,"tpTelecom_Price_Retail_Fixed_International","Price regulation of retail international voice services",,,54,"LKA","Sri Lanka","With price control",2014,"","","International retail voice"
5329,"tpTelecom_Price_Retail_Fixed_International","Price regulation of retail international voice services",,,54,"LKA","Sri Lanka","With price control",2016,"","","International retail voice"
5329,"tpTelecom_Price_Retail_Fixed_International","Price regulation of retail international voice services",,,54,"LKA","Sri Lanka","With price control",2017,"","","International retail voice"
5329,"tpTelecom_Price_Retail_Fixed_International","Price regulation of retail international voice services",,,54,"LKA","Sri Lanka","With price control",2019,"","","International retail voice"
5329,"tpTelecom_Price_Retail_Fixed_International","Price regulation of retail international voice services",,,54,"LKA","Sri Lanka","With price control",2020,"","","International retail voice"
5329,"tpTelecom_Price_Retail_Fixed_International","Price regulation of retail international voice services",,,54,"LKA","Sri Lanka","With price control",2021,"","","International retail voice"
5329,"tpTelecom_Price_Retail_Fixed_International","Price regulation of retail international voice services",,,54,"LKA","Sri Lanka","With price control",2022,"","","International retail voice"
5329,"tpTelecom_Price_Retail_Fixed_International","Price regulation of retail international voice services",,,55,"CMR","Cameroon","Without price control",2010,"","","International retail voice"
5329,"tpTelecom_Price_Retail_Fixed_International","Price regulation of retail international voice services",,,55,"CMR","Cameroon","Without price control",2011,"","","International retail voice"
5329,"tpTelecom_Price_Retail_Fixed_International","Price regulation of retail international voice services",,,55,"CMR","Cameroon","Without price control",2012,"","","International retail voice"
5329,"tpTelecom_Price_Retail_Fixed_International","Price regulation of retail international voice services",,,55,"CMR","Cameroon","Without price control",2013,"","","International retail voice"
5329,"tpTelecom_Price_Retail_Fixed_International","Price regulation of retail international voice services",,,55,"CMR","Cameroon","Without price control",2014,"","","International retail voice"
5329,"tpTelecom_Price_Retail_Fixed_International","Price regulation of retail international voice services",,,55,"CMR","Cameroon","Without price control",2017,"","","International retail voice"
5329,"tpTelecom_Price_Retail_Fixed_International","Price regulation of retail international voice services",,,55,"CMR","Cameroon","Without price control",2018,"","","International retail voice"
5329,"tpTelecom_Price_Retail_Fixed_International","Price regulation of retail international voice services",,,55,"CMR","Cameroon","With price control",2021,"","","International retail voice"
5329,"tpTelecom_Price_Retail_Fixed_International","Price regulation of retail international voice services",,,55,"CMR","Cameroon","With price control",2022,"","","International retail voice"
5329,"tpTelecom_Price_Retail_Fixed_International","Price regulation of retail international voice services",,,57,"COG","Congo (Rep. of the)","With price control",2010,"","","International retail voice"
5329,"tpTelecom_Price_Retail_Fixed_International","Price regulation of retail international voice services",,,57,"COG","Congo (Rep. of the)","With price control",2011,"","","International retail voice"
5329,"tpTelecom_Price_Retail_Fixed_International","Price regulation of retail international voice services",,,57,"COG","Congo (Rep. of the)","With price control",2012,"","","International retail voice"
5329,"tpTelecom_Price_Retail_Fixed_International","Price regulation of retail international voice services",,,57,"COG","Congo (Rep. of the)","With price control",2013,"","","International retail voice"
5329,"tpTelecom_Price_Retail_Fixed_International","Price regulation of retail international voice services",,,57,"COG","Congo (Rep. of the)","With price control",2014,"","","International retail voice"
5329,"tpTelecom_Price_Retail_Fixed_International","Price regulation of retail international voice services",,,57,"COG","Congo (Rep. of the)","With price control",2015,"","","International retail voice"
5329,"tpTelecom_Price_Retail_Fixed_International","Price regulation of retail international voice services",,,57,"COG","Congo (Rep. of the)","With price control",2017,"","","International retail voice"
5329,"tpTelecom_Price_Retail_Fixed_International","Price regulation of retail international voice services",,,57,"COG","Congo (Rep. of the)","With price control",2018,"","","International retail voice"
5329,"tpTelecom_Price_Retail_Fixed_International","Price regulation of retail international voice services",,,57,"COG","Congo (Rep. of the)","With price control",2019,"","","International retail voice"
5329,"tpTelecom_Price_Retail_Fixed_International","Price regulation of retail international voice services",,,57,"COG","Congo (Rep. of the)","With price control",2020,"","","International retail voice"
5329,"tpTelecom_Price_Retail_Fixed_International","Price regulation of retail international voice services",,,57,"COG","Congo (Rep. of the)","With price control",2021,"","","International retail voice"
5329,"tpTelecom_Price_Retail_Fixed_International","Price regulation of retail international voice services",,,57,"COG","Congo (Rep. of the)","With price control",2022,"","","International retail voice"
5329,"tpTelecom_Price_Retail_Fixed_International","Price regulation of retail international voice services",,,57,"COG","Congo (Rep. of the)","With price control",2023,"","","International retail voice"
5329,"tpTelecom_Price_Retail_Fixed_International","Price regulation of retail international voice services",,,57,"COG","Congo (Rep. of the)","With price control",2024,"","","International retail voice"
5329,"tpTelecom_Price_Retail_Fixed_International","Price regulation of retail international voice services",,,58,"COM","Comoros","With price control",2009,"","","International retail voice"
5329,"tpTelecom_Price_Retail_Fixed_International","Price regulation of retail international voice services",,,58,"COM","Comoros","Without price control",2010,"","","International retail voice"
5329,"tpTelecom_Price_Retail_Fixed_International","Price regulation of retail international voice services",,,58,"COM","Comoros","With price control",2011,"","","International retail voice"
5329,"tpTelecom_Price_Retail_Fixed_International","Price regulation of retail international voice services",,,59,"CPV","Cabo Verde","With price control",2010,"","","International retail voice"
5329,"tpTelecom_Price_Retail_Fixed_International","Price regulation of retail international voice services",,,59,"CPV","Cabo Verde","Without price control",2011,"","","International retail voice"
5329,"tpTelecom_Price_Retail_Fixed_International","Price regulation of retail international voice services",,,59,"CPV","Cabo Verde","With price control",2013,"","","International retail voice"
5329,"tpTelecom_Price_Retail_Fixed_International","Price regulation of retail international voice services",,,59,"CPV","Cabo Verde","Without price control",2014,"","","International retail voice"
5329,"tpTelecom_Price_Retail_Fixed_International","Price regulation of retail international voice services",,,59,"CPV","Cabo Verde","With price control",2015,"","","International retail voice"
5329,"tpTelecom_Price_Retail_Fixed_International","Price regulation of retail international voice services",,,59,"CPV","Cabo Verde","With price control",2017,"","","International retail voice"
5329,"tpTelecom_Price_Retail_Fixed_International","Price regulation of retail international voice services",,,59,"CPV","Cabo Verde","Without price control",2018,"","","International retail voice"
5329,"tpTelecom_Price_Retail_Fixed_International","Price regulation of retail international voice services",,,59,"CPV","Cabo Verde","Without price control",2019,"","","International retail voice"
5329,"tpTelecom_Price_Retail_Fixed_International","Price regulation of retail international voice services",,,59,"CPV","Cabo Verde","Without price control",2020,"","","International retail voice"
5329,"tpTelecom_Price_Retail_Fixed_International","Price regulation of retail international voice services",,,59,"CPV","Cabo Verde","Without price control",2021,"","","International retail voice"
5329,"tpTelecom_Price_Retail_Fixed_International","Price regulation of retail international voice services",,,61,"CIV","Côte d'Ivoire","Without price control",2010,"","","International retail voice"
5329,"tpTelecom_Price_Retail_Fixed_International","Price regulation of retail international voice services",,,61,"CIV","Côte d'Ivoire","Without price control",2012,"","","International retail voice"
5329,"tpTelecom_Price_Retail_Fixed_International","Price regulation of retail international voice services",,,61,"CIV","Côte d'Ivoire","Without price control",2013,"","","International retail voice"
5329,"tpTelecom_Price_Retail_Fixed_International","Price regulation of retail international voice services",,,61,"CIV","Côte d'Ivoire","Without price control",2014,"","","International retail voice"
5329,"tpTelecom_Price_Retail_Fixed_International","Price regulation of retail international voice services",,,61,"CIV","Côte d'Ivoire","Without price control",2015,"","","International retail voice"
5329,"tpTelecom_Price_Retail_Fixed_International","Price regulation of retail international voice services",,,61,"CIV","Côte d'Ivoire","With price control",2016,"","","International retail voice"
5329,"tpTelecom_Price_Retail_Fixed_International","Price regulation of retail international voice services",,,61,"CIV","Côte d'Ivoire","Without price control",2017,"","","International retail voice"
5329,"tpTelecom_Price_Retail_Fixed_International","Price regulation of retail international voice services",,,61,"CIV","Côte d'Ivoire","Without price control",2018,"","","International retail voice"
5329,"tpTelecom_Price_Retail_Fixed_International","Price regulation of retail international voice services",,,61,"CIV","Côte d'Ivoire","With price control",2019,"","","International retail voice"
5329,"tpTelecom_Price_Retail_Fixed_International","Price regulation of retail international voice services",,,61,"CIV","Côte d'Ivoire","With price control",2020,"","","International retail voice"
5329,"tpTelecom_Price_Retail_Fixed_International","Price regulation of retail international voice services",,,61,"CIV","Côte d'Ivoire","With price control",2021,"","","International retail voice"
5329,"tpTelecom_Price_Retail_Fixed_International","Price regulation of retail international voice services",,,61,"CIV","Côte d'Ivoire","With price control",2022,"","","International retail voice"
5329,"tpTelecom_Price_Retail_Fixed_International","Price regulation of retail international voice services",,,62,"CRI","Costa Rica","With price control",2009,"","","International retail voice"
5329,"tpTelecom_Price_Retail_Fixed_International","Price regulation of retail international voice services",,,62,"CRI","Costa Rica","With price control",2010,"","","International retail voice"
5329,"tpTelecom_Price_Retail_Fixed_International","Price regulation of retail international voice services",,,62,"CRI","Costa Rica","With price control",2011,"","","International retail voice"
5329,"tpTelecom_Price_Retail_Fixed_International","Price regulation of retail international voice services",,,62,"CRI","Costa Rica","With price control",2012,"","","International retail voice"
5329,"tpTelecom_Price_Retail_Fixed_International","Price regulation of retail international voice services",,,62,"CRI","Costa Rica","With price control",2013,"","","International retail voice"
5329,"tpTelecom_Price_Retail_Fixed_International","Price regulation of retail international voice services",,,62,"CRI","Costa Rica","With price control",2014,"","","International retail voice"
5329,"tpTelecom_Price_Retail_Fixed_International","Price regulation of retail international voice services",,,62,"CRI","Costa Rica","With price control",2015,"","","International retail voice"
5329,"tpTelecom_Price_Retail_Fixed_International","Price regulation of retail international voice services",,,62,"CRI","Costa Rica","With price control",2016,"","","International retail voice"
5329,"tpTelecom_Price_Retail_Fixed_International","Price regulation of retail international voice services",,,62,"CRI","Costa Rica","Without price control",2017,"","","International retail voice"
5329,"tpTelecom_Price_Retail_Fixed_International","Price regulation of retail international voice services",,,62,"CRI","Costa Rica","Without price control",2018,"","","International retail voice"
5329,"tpTelecom_Price_Retail_Fixed_International","Price regulation of retail international voice services",,,62,"CRI","Costa Rica","Without price control",2019,"","","International retail voice"
5329,"tpTelecom_Price_Retail_Fixed_International","Price regulation of retail international voice services",,,62,"CRI","Costa Rica","Without price control",2020,"","","International retail voice"
5329,"tpTelecom_Price_Retail_Fixed_International","Price regulation of retail international voice services",,,62,"CRI","Costa Rica","Without price control",2021,"","","International retail voice"
5329,"tpTelecom_Price_Retail_Fixed_International","Price regulation of retail international voice services",,,62,"CRI","Costa Rica","Without price control",2022,"","","International retail voice"
5329,"tpTelecom_Price_Retail_Fixed_International","Price regulation of retail international voice services",,,62,"CRI","Costa Rica","Without price control",2023,"","","International retail voice"
5329,"tpTelecom_Price_Retail_Fixed_International","Price regulation of retail international voice services",,,62,"CRI","Costa Rica","Without price control",2024,"","","International retail voice"
5329,"tpTelecom_Price_Retail_Fixed_International","Price regulation of retail international voice services",,,63,"CUB","Cuba","With price control",2009,"","","International retail voice"
5329,"tpTelecom_Price_Retail_Fixed_International","Price regulation of retail international voice services",,,63,"CUB","Cuba","With price control",2010,"","","International retail voice"
5329,"tpTelecom_Price_Retail_Fixed_International","Price regulation of retail international voice services",,,63,"CUB","Cuba","With price control",2011,"","","International retail voice"
5329,"tpTelecom_Price_Retail_Fixed_International","Price regulation of retail international voice services",,,63,"CUB","Cuba","With price control",2013,"","","International retail voice"
5329,"tpTelecom_Price_Retail_Fixed_International","Price regulation of retail international voice services",,,63,"CUB","Cuba","With price control",2014,"","","International retail voice"
5329,"tpTelecom_Price_Retail_Fixed_International","Price regulation of retail international voice services",,,63,"CUB","Cuba","With price control",2016,"","","International retail voice"
5329,"tpTelecom_Price_Retail_Fixed_International","Price regulation of retail international voice services",,,63,"CUB","Cuba","With price control",2017,"","","International retail voice"
5329,"tpTelecom_Price_Retail_Fixed_International","Price regulation of retail international voice services",,,63,"CUB","Cuba","With price control",2018,"","","International retail voice"
5329,"tpTelecom_Price_Retail_Fixed_International","Price regulation of retail international voice services",,,63,"CUB","Cuba","With price control",2019,"","","International retail voice"
5329,"tpTelecom_Price_Retail_Fixed_International","Price regulation of retail international voice services",,,63,"CUB","Cuba","With price control",2020,"","","International retail voice"
5329,"tpTelecom_Price_Retail_Fixed_International","Price regulation of retail international voice services",,,63,"CUB","Cuba","With price control",2021,"","","International retail voice"
5329,"tpTelecom_Price_Retail_Fixed_International","Price regulation of retail international voice services",,,63,"CUB","Cuba","With price control",2022,"","","International retail voice"
5329,"tpTelecom_Price_Retail_Fixed_International","Price regulation of retail international voice services",,,63,"CUB","Cuba","With price control",2023,"","","International retail voice"
5329,"tpTelecom_Price_Retail_Fixed_International","Price regulation of retail international voice services",,,63,"CUB","Cuba","With price control",2024,"","","International retail voice"
5329,"tpTelecom_Price_Retail_Fixed_International","Price regulation of retail international voice services",,,66,"CYP","Cyprus","Without price control",2011,"","","International retail voice"
5329,"tpTelecom_Price_Retail_Fixed_International","Price regulation of retail international voice services",,,66,"CYP","Cyprus","Without price control",2012,"","","International retail voice"
5329,"tpTelecom_Price_Retail_Fixed_International","Price regulation of retail international voice services",,,66,"CYP","Cyprus","Without price control",2013,"","","International retail voice"
5329,"tpTelecom_Price_Retail_Fixed_International","Price regulation of retail international voice services",,,66,"CYP","Cyprus","Without price control",2014,"","","International retail voice"
5329,"tpTelecom_Price_Retail_Fixed_International","Price regulation of retail international voice services",,,66,"CYP","Cyprus","Without price control",2015,"","","International retail voice"
5329,"tpTelecom_Price_Retail_Fixed_International","Price regulation of retail international voice services",,,66,"CYP","Cyprus","Without price control",2016,"","","International retail voice"
5329,"tpTelecom_Price_Retail_Fixed_International","Price regulation of retail international voice services",,,66,"CYP","Cyprus","Without price control",2017,"","","International retail voice"
5329,"tpTelecom_Price_Retail_Fixed_International","Price regulation of retail international voice services",,,66,"CYP","Cyprus","Without price control",2018,"","","International retail voice"
5329,"tpTelecom_Price_Retail_Fixed_International","Price regulation of retail international voice services",,,66,"CYP","Cyprus","Without price control",2019,"","","International retail voice"
5329,"tpTelecom_Price_Retail_Fixed_International","Price regulation of retail international voice services",,,66,"CYP","Cyprus","Without price control",2020,"","","International retail voice"
5329,"tpTelecom_Price_Retail_Fixed_International","Price regulation of retail international voice services",,,66,"CYP","Cyprus","Without price control",2021,"","","International retail voice"
5329,"tpTelecom_Price_Retail_Fixed_International","Price regulation of retail international voice services",,,66,"CYP","Cyprus","Without price control",2022,"","","International retail voice"
5329,"tpTelecom_Price_Retail_Fixed_International","Price regulation of retail international voice services",,,66,"CYP","Cyprus","Without price control",2023,"","","International retail voice"
5329,"tpTelecom_Price_Retail_Fixed_International","Price regulation of retail international voice services",,,66,"CYP","Cyprus","Without price control",2024,"","","International retail voice"
5329,"tpTelecom_Price_Retail_Fixed_International","Price regulation of retail international voice services",,,67,"DEU","Germany","Without price control",2009,"","","International retail voice"
5329,"tpTelecom_Price_Retail_Fixed_International","Price regulation of retail international voice services",,,67,"DEU","Germany","Without price control",2010,"","","International retail voice"
5329,"tpTelecom_Price_Retail_Fixed_International","Price regulation of retail international voice services",,,67,"DEU","Germany","Without price control",2011,"","","International retail voice"
5329,"tpTelecom_Price_Retail_Fixed_International","Price regulation of retail international voice services",,,67,"DEU","Germany","Without price control",2012,"","","International retail voice"
5329,"tpTelecom_Price_Retail_Fixed_International","Price regulation of retail international voice services",,,67,"DEU","Germany","Without price control",2013,"","","International retail voice"
5329,"tpTelecom_Price_Retail_Fixed_International","Price regulation of retail international voice services",,,67,"DEU","Germany","Without price control",2014,"","","International retail voice"
5329,"tpTelecom_Price_Retail_Fixed_International","Price regulation of retail international voice services",,,67,"DEU","Germany","Without price control",2015,"","","International retail voice"
5329,"tpTelecom_Price_Retail_Fixed_International","Price regulation of retail international voice services",,,67,"DEU","Germany","Without price control",2016,"","","International retail voice"
5329,"tpTelecom_Price_Retail_Fixed_International","Price regulation of retail international voice services",,,67,"DEU","Germany","Without price control",2017,"","","International retail voice"
5329,"tpTelecom_Price_Retail_Fixed_International","Price regulation of retail international voice services",,,67,"DEU","Germany","Without price control",2018,"","","International retail voice"
5329,"tpTelecom_Price_Retail_Fixed_International","Price regulation of retail international voice services",,,67,"DEU","Germany","Without price control",2019,"","","International retail voice"
5329,"tpTelecom_Price_Retail_Fixed_International","Price regulation of retail international voice services",,,67,"DEU","Germany","Without price control",2020,"","","International retail voice"
5329,"tpTelecom_Price_Retail_Fixed_International","Price regulation of retail international voice services",,,67,"DEU","Germany","Without price control",2021,"","","International retail voice"
5329,"tpTelecom_Price_Retail_Fixed_International","Price regulation of retail international voice services",,,67,"DEU","Germany","Without price control",2022,"","","International retail voice"
5329,"tpTelecom_Price_Retail_Fixed_International","Price regulation of retail international voice services",,,67,"DEU","Germany","Without price control",2023,"","","International retail voice"
5329,"tpTelecom_Price_Retail_Fixed_International","Price regulation of retail international voice services",,,69,"DJI","Djibouti","Without price control",2009,"","","International retail voice"
5329,"tpTelecom_Price_Retail_Fixed_International","Price regulation of retail international voice services",,,69,"DJI","Djibouti","With price control",2010,"","","International retail voice"
5329,"tpTelecom_Price_Retail_Fixed_International","Price regulation of retail international voice services",,,69,"DJI","Djibouti","With price control",2011,"","","International retail voice"
5329,"tpTelecom_Price_Retail_Fixed_International","Price regulation of retail international voice services",,,69,"DJI","Djibouti","With price control",2018,"","","International retail voice"
5329,"tpTelecom_Price_Retail_Fixed_International","Price regulation of retail international voice services",,,70,"DMA","Dominica","With price control",2024,"","","International retail voice"
5329,"tpTelecom_Price_Retail_Fixed_International","Price regulation of retail international voice services",,,71,"DNK","Denmark","Without price control",2012,"","","International retail voice"
5329,"tpTelecom_Price_Retail_Fixed_International","Price regulation of retail international voice services",,,72,"DOM","Dominican Rep.","Without price control",2009,"","","International retail voice"
5329,"tpTelecom_Price_Retail_Fixed_International","Price regulation of retail international voice services",,,72,"DOM","Dominican Rep.","Without price control",2010,"","","International retail voice"
5329,"tpTelecom_Price_Retail_Fixed_International","Price regulation of retail international voice services",,,72,"DOM","Dominican Rep.","Without price control",2011,"","","International retail voice"
5329,"tpTelecom_Price_Retail_Fixed_International","Price regulation of retail international voice services",,,72,"DOM","Dominican Rep.","Without price control",2012,"","","International retail voice"
5329,"tpTelecom_Price_Retail_Fixed_International","Price regulation of retail international voice services",,,72,"DOM","Dominican Rep.","Without price control",2013,"","","International retail voice"
5329,"tpTelecom_Price_Retail_Fixed_International","Price regulation of retail international voice services",,,72,"DOM","Dominican Rep.","Without price control",2014,"","","International retail voice"
5329,"tpTelecom_Price_Retail_Fixed_International","Price regulation of retail international voice services",,,72,"DOM","Dominican Rep.","Without price control",2017,"","","International retail voice"
5329,"tpTelecom_Price_Retail_Fixed_International","Price regulation of retail international voice services",,,72,"DOM","Dominican Rep.","Without price control",2018,"","","International retail voice"
5329,"tpTelecom_Price_Retail_Fixed_International","Price regulation of retail international voice services",,,72,"DOM","Dominican Rep.","Without price control",2019,"","","International retail voice"
5329,"tpTelecom_Price_Retail_Fixed_International","Price regulation of retail international voice services",,,72,"DOM","Dominican Rep.","Without price control",2020,"","","International retail voice"
5329,"tpTelecom_Price_Retail_Fixed_International","Price regulation of retail international voice services",,,72,"DOM","Dominican Rep.","Without price control",2021,"","","International retail voice"
5329,"tpTelecom_Price_Retail_Fixed_International","Price regulation of retail international voice services",,,72,"DOM","Dominican Rep.","Without price control",2022,"","","International retail voice"
5329,"tpTelecom_Price_Retail_Fixed_International","Price regulation of retail international voice services",,,72,"DOM","Dominican Rep.","Without price control",2023,"","","International retail voice"
5329,"tpTelecom_Price_Retail_Fixed_International","Price regulation of retail international voice services",,,72,"DOM","Dominican Rep.","Without price control",2024,"","","International retail voice"
5329,"tpTelecom_Price_Retail_Fixed_International","Price regulation of retail international voice services",,,73,"ESP","Spain","Without price control",2009,"","","International retail voice"
5329,"tpTelecom_Price_Retail_Fixed_International","Price regulation of retail international voice services",,,73,"ESP","Spain","Without price control",2010,"","","International retail voice"
5329,"tpTelecom_Price_Retail_Fixed_International","Price regulation of retail international voice services",,,73,"ESP","Spain","Without price control",2011,"","","International retail voice"
5329,"tpTelecom_Price_Retail_Fixed_International","Price regulation of retail international voice services",,,73,"ESP","Spain","Without price control",2012,"","","International retail voice"
5329,"tpTelecom_Price_Retail_Fixed_International","Price regulation of retail international voice services",,,73,"ESP","Spain","Without price control",2013,"","","International retail voice"
5329,"tpTelecom_Price_Retail_Fixed_International","Price regulation of retail international voice services",,,73,"ESP","Spain","Without price control",2014,"","","International retail voice"
5329,"tpTelecom_Price_Retail_Fixed_International","Price regulation of retail international voice services",,,73,"ESP","Spain","Without price control",2015,"","","International retail voice"
5329,"tpTelecom_Price_Retail_Fixed_International","Price regulation of retail international voice services",,,73,"ESP","Spain","Without price control",2016,"","","International retail voice"
5329,"tpTelecom_Price_Retail_Fixed_International","Price regulation of retail international voice services",,,73,"ESP","Spain","Without price control",2017,"","","International retail voice"
5329,"tpTelecom_Price_Retail_Fixed_International","Price regulation of retail international voice services",,,73,"ESP","Spain","Without price control",2018,"","","International retail voice"
5329,"tpTelecom_Price_Retail_Fixed_International","Price regulation of retail international voice services",,,73,"ESP","Spain","With price control",2019,"","","International retail voice"
5329,"tpTelecom_Price_Retail_Fixed_International","Price regulation of retail international voice services",,,73,"ESP","Spain","With price control",2020,"","","International retail voice"
5329,"tpTelecom_Price_Retail_Fixed_International","Price regulation of retail international voice services",,,73,"ESP","Spain","With price control",2021,"","","International retail voice"
5329,"tpTelecom_Price_Retail_Fixed_International","Price regulation of retail international voice services",,,73,"ESP","Spain","With price control",2022,"","","International retail voice"
5329,"tpTelecom_Price_Retail_Fixed_International","Price regulation of retail international voice services",,,73,"ESP","Spain","With price control",2023,"","","International retail voice"
5329,"tpTelecom_Price_Retail_Fixed_International","Price regulation of retail international voice services",,,73,"ESP","Spain","With price control",2024,"","","International retail voice"
5329,"tpTelecom_Price_Retail_Fixed_International","Price regulation of retail international voice services",,,74,"EGY","Egypt","With price control",2014,"","","International retail voice"
5329,"tpTelecom_Price_Retail_Fixed_International","Price regulation of retail international voice services",,,74,"EGY","Egypt","With price control",2020,"","","International retail voice"
5329,"tpTelecom_Price_Retail_Fixed_International","Price regulation of retail international voice services",,,74,"EGY","Egypt","With price control",2021,"","","International retail voice"
5329,"tpTelecom_Price_Retail_Fixed_International","Price regulation of retail international voice services",,,74,"EGY","Egypt","With price control",2023,"","","International retail voice"
5329,"tpTelecom_Price_Retail_Fixed_International","Price regulation of retail international voice services",,,74,"EGY","Egypt","With price control",2024,"","","International retail voice"
5329,"tpTelecom_Price_Retail_Fixed_International","Price regulation of retail international voice services",,,75,"ECU","Ecuador","With price control",2009,"","","International retail voice"
5329,"tpTelecom_Price_Retail_Fixed_International","Price regulation of retail international voice services",,,75,"ECU","Ecuador","With price control",2010,"","","International retail voice"
5329,"tpTelecom_Price_Retail_Fixed_International","Price regulation of retail international voice services",,,75,"ECU","Ecuador","With price control",2011,"","","International retail voice"
5329,"tpTelecom_Price_Retail_Fixed_International","Price regulation of retail international voice services",,,75,"ECU","Ecuador","With price control",2018,"","","International retail voice"
5329,"tpTelecom_Price_Retail_Fixed_International","Price regulation of retail international voice services",,,75,"ECU","Ecuador","With price control",2019,"","","International retail voice"
5329,"tpTelecom_Price_Retail_Fixed_International","Price regulation of retail international voice services",,,75,"ECU","Ecuador","With price control",2021,"","","International retail voice"
5329,"tpTelecom_Price_Retail_Fixed_International","Price regulation of retail international voice services",,,75,"ECU","Ecuador","With price control",2022,"","","International retail voice"
5329,"tpTelecom_Price_Retail_Fixed_International","Price regulation of retail international voice services",,,75,"ECU","Ecuador","With price control",2023,"","","International retail voice"
5329,"tpTelecom_Price_Retail_Fixed_International","Price regulation of retail international voice services",,,76,"EST","Estonia","Without price control",2013,"","","International retail voice"
5329,"tpTelecom_Price_Retail_Fixed_International","Price regulation of retail international voice services",,,76,"EST","Estonia","Without price control",2014,"","","International retail voice"
5329,"tpTelecom_Price_Retail_Fixed_International","Price regulation of retail international voice services",,,76,"EST","Estonia","Without price control",2016,"","","International retail voice"
5329,"tpTelecom_Price_Retail_Fixed_International","Price regulation of retail international voice services",,,76,"EST","Estonia","Without price control",2017,"","","International retail voice"
5329,"tpTelecom_Price_Retail_Fixed_International","Price regulation of retail international voice services",,,76,"EST","Estonia","Without price control",2019,"","","International retail voice"
5329,"tpTelecom_Price_Retail_Fixed_International","Price regulation of retail international voice services",,,76,"EST","Estonia","Without price control",2020,"","","International retail voice"
5329,"tpTelecom_Price_Retail_Fixed_International","Price regulation of retail international voice services",,,76,"EST","Estonia","Without price control",2021,"","","International retail voice"
5329,"tpTelecom_Price_Retail_Fixed_International","Price regulation of retail international voice services",,,77,"ETH","Ethiopia","With price control",2010,"","","International retail voice"
5329,"tpTelecom_Price_Retail_Fixed_International","Price regulation of retail international voice services",,,77,"ETH","Ethiopia","With price control",2014,"","","International retail voice"
5329,"tpTelecom_Price_Retail_Fixed_International","Price regulation of retail international voice services",,,77,"ETH","Ethiopia","With price control",2016,"","","International retail voice"
5329,"tpTelecom_Price_Retail_Fixed_International","Price regulation of retail international voice services",,,78,"FRA","France","Without price control",2010,"","","International retail voice"
5329,"tpTelecom_Price_Retail_Fixed_International","Price regulation of retail international voice services",,,78,"FRA","France","Without price control",2011,"","","International retail voice"
5329,"tpTelecom_Price_Retail_Fixed_International","Price regulation of retail international voice services",,,78,"FRA","France","Without price control",2012,"","","International retail voice"
5329,"tpTelecom_Price_Retail_Fixed_International","Price regulation of retail international voice services",,,78,"FRA","France","Without price control",2013,"","","International retail voice"
5329,"tpTelecom_Price_Retail_Fixed_International","Price regulation of retail international voice services",,,78,"FRA","France","Without price control",2014,"","","International retail voice"
5329,"tpTelecom_Price_Retail_Fixed_International","Price regulation of retail international voice services",,,78,"FRA","France","Without price control",2016,"","","International retail voice"
5329,"tpTelecom_Price_Retail_Fixed_International","Price regulation of retail international voice services",,,78,"FRA","France","Without price control",2017,"","","International retail voice"
5329,"tpTelecom_Price_Retail_Fixed_International","Price regulation of retail international voice services",,,78,"FRA","France","Without price control",2018,"","","International retail voice"
5329,"tpTelecom_Price_Retail_Fixed_International","Price regulation of retail international voice services",,,78,"FRA","France","Without price control",2019,"","","International retail voice"
5329,"tpTelecom_Price_Retail_Fixed_International","Price regulation of retail international voice services",,,78,"FRA","France","Without price control",2020,"","","International retail voice"
5329,"tpTelecom_Price_Retail_Fixed_International","Price regulation of retail international voice services",,,78,"FRA","France","Without price control",2021,"","","International retail voice"
5329,"tpTelecom_Price_Retail_Fixed_International","Price regulation of retail international voice services",,,78,"FRA","France","Without price control",2022,"","","International retail voice"
5329,"tpTelecom_Price_Retail_Fixed_International","Price regulation of retail international voice services",,,78,"FRA","France","Without price control",2023,"","","International retail voice"
5329,"tpTelecom_Price_Retail_Fixed_International","Price regulation of retail international voice services",,,78,"FRA","France","Without price control",2024,"","","International retail voice"
5329,"tpTelecom_Price_Retail_Fixed_International","Price regulation of retail international voice services",,,79,"FJI","Fiji","Without price control",2012,"","","International retail voice"
5329,"tpTelecom_Price_Retail_Fixed_International","Price regulation of retail international voice services",,,79,"FJI","Fiji","With price control",2014,"","","International retail voice"
5329,"tpTelecom_Price_Retail_Fixed_International","Price regulation of retail international voice services",,,79,"FJI","Fiji","With price control",2021,"","","International retail voice"
5329,"tpTelecom_Price_Retail_Fixed_International","Price regulation of retail international voice services",,,79,"FJI","Fiji","With price control",2022,"","","International retail voice"
5329,"tpTelecom_Price_Retail_Fixed_International","Price regulation of retail international voice services",,,81,"FIN","Finland","Without price control",2016,"","","International retail voice"
5329,"tpTelecom_Price_Retail_Fixed_International","Price regulation of retail international voice services",,,81,"FIN","Finland","Without price control",2017,"","","International retail voice"
5329,"tpTelecom_Price_Retail_Fixed_International","Price regulation of retail international voice services",,,81,"FIN","Finland","Without price control",2018,"","","International retail voice"
5329,"tpTelecom_Price_Retail_Fixed_International","Price regulation of retail international voice services",,,81,"FIN","Finland","Without price control",2019,"","","International retail voice"
5329,"tpTelecom_Price_Retail_Fixed_International","Price regulation of retail international voice services",,,81,"FIN","Finland","Without price control",2021,"","","International retail voice"
5329,"tpTelecom_Price_Retail_Fixed_International","Price regulation of retail international voice services",,,81,"FIN","Finland","Without price control",2022,"","","International retail voice"
5329,"tpTelecom_Price_Retail_Fixed_International","Price regulation of retail international voice services",,,81,"FIN","Finland","Without price control",2023,"","","International retail voice"
5329,"tpTelecom_Price_Retail_Fixed_International","Price regulation of retail international voice services",,,81,"FIN","Finland","Without price control",2024,"","","International retail voice"
5329,"tpTelecom_Price_Retail_Fixed_International","Price regulation of retail international voice services",,,83,"FSM","Micronesia","With price control",2014,"","","International retail voice"
5329,"tpTelecom_Price_Retail_Fixed_International","Price regulation of retail international voice services",,,83,"FSM","Micronesia","Without price control",2023,"","","International retail voice"
5329,"tpTelecom_Price_Retail_Fixed_International","Price regulation of retail international voice services",,,84,"GBR","United Kingdom","Without price control",2018,"","","International retail voice"
5329,"tpTelecom_Price_Retail_Fixed_International","Price regulation of retail international voice services",,,84,"GBR","United Kingdom","Without price control",2021,"","","International retail voice"
5329,"tpTelecom_Price_Retail_Fixed_International","Price regulation of retail international voice services",,,85,"GAB","Gabon","With price control",2013,"","","International retail voice"
5329,"tpTelecom_Price_Retail_Fixed_International","Price regulation of retail international voice services",,,85,"GAB","Gabon","Without price control",2015,"","","International retail voice"
5329,"tpTelecom_Price_Retail_Fixed_International","Price regulation of retail international voice services",,,85,"GAB","Gabon","Without price control",2018,"","","International retail voice"
5329,"tpTelecom_Price_Retail_Fixed_International","Price regulation of retail international voice services",,,85,"GAB","Gabon","Without price control",2019,"","","International retail voice"
5329,"tpTelecom_Price_Retail_Fixed_International","Price regulation of retail international voice services",,,85,"GAB","Gabon","Without price control",2021,"","","International retail voice"
5329,"tpTelecom_Price_Retail_Fixed_International","Price regulation of retail international voice services",,,85,"GAB","Gabon","Without price control",2023,"","","International retail voice"
5329,"tpTelecom_Price_Retail_Fixed_International","Price regulation of retail international voice services",,,85,"GAB","Gabon","Without price control",2024,"","","International retail voice"
5329,"tpTelecom_Price_Retail_Fixed_International","Price regulation of retail international voice services",,,90,"GHA","Ghana","Without price control",2009,"","","International retail voice"
5329,"tpTelecom_Price_Retail_Fixed_International","Price regulation of retail international voice services",,,90,"GHA","Ghana","Without price control",2010,"","","International retail voice"
5329,"tpTelecom_Price_Retail_Fixed_International","Price regulation of retail international voice services",,,90,"GHA","Ghana","Without price control",2011,"","","International retail voice"
5329,"tpTelecom_Price_Retail_Fixed_International","Price regulation of retail international voice services",,,90,"GHA","Ghana","Without price control",2012,"","","International retail voice"
5329,"tpTelecom_Price_Retail_Fixed_International","Price regulation of retail international voice services",,,90,"GHA","Ghana","Without price control",2013,"","","International retail voice"
5329,"tpTelecom_Price_Retail_Fixed_International","Price regulation of retail international voice services",,,90,"GHA","Ghana","Without price control",2014,"","","International retail voice"
5329,"tpTelecom_Price_Retail_Fixed_International","Price regulation of retail international voice services",,,90,"GHA","Ghana","With price control",2015,"","","International retail voice"
5329,"tpTelecom_Price_Retail_Fixed_International","Price regulation of retail international voice services",,,90,"GHA","Ghana","Without price control",2016,"","","International retail voice"
5329,"tpTelecom_Price_Retail_Fixed_International","Price regulation of retail international voice services",,,90,"GHA","Ghana","Without price control",2017,"","","International retail voice"
5329,"tpTelecom_Price_Retail_Fixed_International","Price regulation of retail international voice services",,,90,"GHA","Ghana","Without price control",2018,"","","International retail voice"
5329,"tpTelecom_Price_Retail_Fixed_International","Price regulation of retail international voice services",,,90,"GHA","Ghana","Without price control",2019,"","","International retail voice"
5329,"tpTelecom_Price_Retail_Fixed_International","Price regulation of retail international voice services",,,90,"GHA","Ghana","Without price control",2020,"","","International retail voice"
5329,"tpTelecom_Price_Retail_Fixed_International","Price regulation of retail international voice services",,,90,"GHA","Ghana","Without price control",2021,"","","International retail voice"
5329,"tpTelecom_Price_Retail_Fixed_International","Price regulation of retail international voice services",,,90,"GHA","Ghana","Without price control",2022,"","","International retail voice"
5329,"tpTelecom_Price_Retail_Fixed_International","Price regulation of retail international voice services",,,90,"GHA","Ghana","Without price control",2023,"","","International retail voice"
5329,"tpTelecom_Price_Retail_Fixed_International","Price regulation of retail international voice services",,,90,"GHA","Ghana","Without price control",2024,"","","International retail voice"
5329,"tpTelecom_Price_Retail_Fixed_International","Price regulation of retail international voice services",,,92,"GMB","Gambia","With price control",2009,"","","International retail voice"
5329,"tpTelecom_Price_Retail_Fixed_International","Price regulation of retail international voice services",,,92,"GMB","Gambia","With price control",2012,"","","International retail voice"
5329,"tpTelecom_Price_Retail_Fixed_International","Price regulation of retail international voice services",,,92,"GMB","Gambia","With price control",2013,"","","International retail voice"
5329,"tpTelecom_Price_Retail_Fixed_International","Price regulation of retail international voice services",,,92,"GMB","Gambia","With price control",2014,"","","International retail voice"
5329,"tpTelecom_Price_Retail_Fixed_International","Price regulation of retail international voice services",,,92,"GMB","Gambia","With price control",2016,"","","International retail voice"
5329,"tpTelecom_Price_Retail_Fixed_International","Price regulation of retail international voice services",,,92,"GMB","Gambia","With price control",2017,"","","International retail voice"
5329,"tpTelecom_Price_Retail_Fixed_International","Price regulation of retail international voice services",,,92,"GMB","Gambia","With price control",2018,"","","International retail voice"
5329,"tpTelecom_Price_Retail_Fixed_International","Price regulation of retail international voice services",,,92,"GMB","Gambia","Without price control",2020,"","","International retail voice"
5329,"tpTelecom_Price_Retail_Fixed_International","Price regulation of retail international voice services",,,92,"GMB","Gambia","Without price control",2021,"","","International retail voice"
5329,"tpTelecom_Price_Retail_Fixed_International","Price regulation of retail international voice services",,,92,"GMB","Gambia","Without price control",2022,"","","International retail voice"
5329,"tpTelecom_Price_Retail_Fixed_International","Price regulation of retail international voice services",,,92,"GMB","Gambia","Without price control",2023,"","","International retail voice"
5329,"tpTelecom_Price_Retail_Fixed_International","Price regulation of retail international voice services",,,92,"GMB","Gambia","Without price control",2024,"","","International retail voice"
5329,"tpTelecom_Price_Retail_Fixed_International","Price regulation of retail international voice services",,,93,"GNB","Guinea-Bissau","With price control",2010,"","","International retail voice"
5329,"tpTelecom_Price_Retail_Fixed_International","Price regulation of retail international voice services",,,93,"GNB","Guinea-Bissau","Without price control",2014,"","","International retail voice"
5329,"tpTelecom_Price_Retail_Fixed_International","Price regulation of retail international voice services",,,93,"GNB","Guinea-Bissau","Without price control",2019,"","","International retail voice"
5329,"tpTelecom_Price_Retail_Fixed_International","Price regulation of retail international voice services",,,93,"GNB","Guinea-Bissau","Without price control",2020,"","","International retail voice"
5329,"tpTelecom_Price_Retail_Fixed_International","Price regulation of retail international voice services",,,93,"GNB","Guinea-Bissau","Without price control",2021,"","","International retail voice"
5329,"tpTelecom_Price_Retail_Fixed_International","Price regulation of retail international voice services",,,93,"GNB","Guinea-Bissau","Without price control",2022,"","","International retail voice"
5329,"tpTelecom_Price_Retail_Fixed_International","Price regulation of retail international voice services",,,93,"GNB","Guinea-Bissau","Without price control",2023,"","","International retail voice"
5329,"tpTelecom_Price_Retail_Fixed_International","Price regulation of retail international voice services",,,93,"GNB","Guinea-Bissau","Without price control",2024,"","","International retail voice"
5329,"tpTelecom_Price_Retail_Fixed_International","Price regulation of retail international voice services",,,94,"GNQ","Equatorial Guinea","With price control",2009,"","","International retail voice"
5329,"tpTelecom_Price_Retail_Fixed_International","Price regulation of retail international voice services",,,94,"GNQ","Equatorial Guinea","With price control",2014,"","","International retail voice"
5329,"tpTelecom_Price_Retail_Fixed_International","Price regulation of retail international voice services",,,94,"GNQ","Equatorial Guinea","With price control",2015,"","","International retail voice"
5329,"tpTelecom_Price_Retail_Fixed_International","Price regulation of retail international voice services",,,94,"GNQ","Equatorial Guinea","Without price control",2017,"","","International retail voice"
5329,"tpTelecom_Price_Retail_Fixed_International","Price regulation of retail international voice services",,,94,"GNQ","Equatorial Guinea","Without price control",2018,"","","International retail voice"
5329,"tpTelecom_Price_Retail_Fixed_International","Price regulation of retail international voice services",,,94,"GNQ","Equatorial Guinea","With price control",2021,"","","International retail voice"
5329,"tpTelecom_Price_Retail_Fixed_International","Price regulation of retail international voice services",,,94,"GNQ","Equatorial Guinea","With price control",2022,"","","International retail voice"
5329,"tpTelecom_Price_Retail_Fixed_International","Price regulation of retail international voice services",,,94,"GNQ","Equatorial Guinea","Without price control",2023,"","","International retail voice"
5329,"tpTelecom_Price_Retail_Fixed_International","Price regulation of retail international voice services",,,95,"GRC","Greece","Without price control",2011,"","","International retail voice"
5329,"tpTelecom_Price_Retail_Fixed_International","Price regulation of retail international voice services",,,95,"GRC","Greece","Without price control",2012,"","","International retail voice"
5329,"tpTelecom_Price_Retail_Fixed_International","Price regulation of retail international voice services",,,95,"GRC","Greece","Without price control",2013,"","","International retail voice"
5329,"tpTelecom_Price_Retail_Fixed_International","Price regulation of retail international voice services",,,95,"GRC","Greece","Without price control",2014,"","","International retail voice"
5329,"tpTelecom_Price_Retail_Fixed_International","Price regulation of retail international voice services",,,95,"GRC","Greece","Without price control",2015,"","","International retail voice"
5329,"tpTelecom_Price_Retail_Fixed_International","Price regulation of retail international voice services",,,95,"GRC","Greece","Without price control",2016,"","","International retail voice"
5329,"tpTelecom_Price_Retail_Fixed_International","Price regulation of retail international voice services",,,95,"GRC","Greece","Without price control",2017,"","","International retail voice"
5329,"tpTelecom_Price_Retail_Fixed_International","Price regulation of retail international voice services",,,95,"GRC","Greece","Without price control",2018,"","","International retail voice"
5329,"tpTelecom_Price_Retail_Fixed_International","Price regulation of retail international voice services",,,95,"GRC","Greece","Without price control",2019,"","","International retail voice"
5329,"tpTelecom_Price_Retail_Fixed_International","Price regulation of retail international voice services",,,95,"GRC","Greece","Without price control",2020,"","","International retail voice"
5329,"tpTelecom_Price_Retail_Fixed_International","Price regulation of retail international voice services",,,95,"GRC","Greece","Without price control",2021,"","","International retail voice"
5329,"tpTelecom_Price_Retail_Fixed_International","Price regulation of retail international voice services",,,95,"GRC","Greece","Without price control",2022,"","","International retail voice"
5329,"tpTelecom_Price_Retail_Fixed_International","Price regulation of retail international voice services",,,95,"GRC","Greece","With price control",2023,"","","International retail voice"
5329,"tpTelecom_Price_Retail_Fixed_International","Price regulation of retail international voice services",,,95,"GRC","Greece","With price control",2024,"","","International retail voice"
5329,"tpTelecom_Price_Retail_Fixed_International","Price regulation of retail international voice services",,,96,"GRD","Grenada","With price control",2018,"","","International retail voice"
5329,"tpTelecom_Price_Retail_Fixed_International","Price regulation of retail international voice services",,,96,"GRD","Grenada","With price control",2019,"","","International retail voice"
5329,"tpTelecom_Price_Retail_Fixed_International","Price regulation of retail international voice services",,,96,"GRD","Grenada","With price control",2020,"","","International retail voice"
5329,"tpTelecom_Price_Retail_Fixed_International","Price regulation of retail international voice services",,,96,"GRD","Grenada","With price control",2021,"","","International retail voice"
5329,"tpTelecom_Price_Retail_Fixed_International","Price regulation of retail international voice services",,,96,"GRD","Grenada","With price control",2022,"","","International retail voice"
5329,"tpTelecom_Price_Retail_Fixed_International","Price regulation of retail international voice services",,,98,"GTM","Guatemala","Without price control",2009,"","","International retail voice"
5329,"tpTelecom_Price_Retail_Fixed_International","Price regulation of retail international voice services",,,98,"GTM","Guatemala","Without price control",2010,"","","International retail voice"
5329,"tpTelecom_Price_Retail_Fixed_International","Price regulation of retail international voice services",,,98,"GTM","Guatemala","Without price control",2011,"","","International retail voice"
5329,"tpTelecom_Price_Retail_Fixed_International","Price regulation of retail international voice services",,,98,"GTM","Guatemala","Without price control",2012,"","","International retail voice"
5329,"tpTelecom_Price_Retail_Fixed_International","Price regulation of retail international voice services",,,98,"GTM","Guatemala","Without price control",2013,"","","International retail voice"
5329,"tpTelecom_Price_Retail_Fixed_International","Price regulation of retail international voice services",,,98,"GTM","Guatemala","Without price control",2017,"","","International retail voice"
5329,"tpTelecom_Price_Retail_Fixed_International","Price regulation of retail international voice services",,,98,"GTM","Guatemala","Without price control",2018,"","","International retail voice"
5329,"tpTelecom_Price_Retail_Fixed_International","Price regulation of retail international voice services",,,98,"GTM","Guatemala","Without price control",2019,"","","International retail voice"
5329,"tpTelecom_Price_Retail_Fixed_International","Price regulation of retail international voice services",,,98,"GTM","Guatemala","Without price control",2020,"","","International retail voice"
5329,"tpTelecom_Price_Retail_Fixed_International","Price regulation of retail international voice services",,,98,"GTM","Guatemala","Without price control",2021,"","","International retail voice"
5329,"tpTelecom_Price_Retail_Fixed_International","Price regulation of retail international voice services",,,98,"GTM","Guatemala","Without price control",2022,"","","International retail voice"
5329,"tpTelecom_Price_Retail_Fixed_International","Price regulation of retail international voice services",,,98,"GTM","Guatemala","Without price control",2023,"","","International retail voice"
5329,"tpTelecom_Price_Retail_Fixed_International","Price regulation of retail international voice services",,,98,"GTM","Guatemala","Without price control",2024,"","","International retail voice"
5329,"tpTelecom_Price_Retail_Fixed_International","Price regulation of retail international voice services",,,100,"GIN","Guinea","With price control",2015,"","","International retail voice"
5329,"tpTelecom_Price_Retail_Fixed_International","Price regulation of retail international voice services",,,102,"GUY","Guyana","With price control",2018,"","","International retail voice"
5329,"tpTelecom_Price_Retail_Fixed_International","Price regulation of retail international voice services",,,102,"GUY","Guyana","With price control",2019,"","","International retail voice"
5329,"tpTelecom_Price_Retail_Fixed_International","Price regulation of retail international voice services",,,102,"GUY","Guyana","With price control",2020,"","","International retail voice"
5329,"tpTelecom_Price_Retail_Fixed_International","Price regulation of retail international voice services",,,102,"GUY","Guyana","With price control",2021,"","","International retail voice"
5329,"tpTelecom_Price_Retail_Fixed_International","Price regulation of retail international voice services",,,103,"HKG","Hong Kong, China","Without price control",2011,"","","International retail voice"
5329,"tpTelecom_Price_Retail_Fixed_International","Price regulation of retail international voice services",,,103,"HKG","Hong Kong, China","Without price control",2012,"","","International retail voice"
5329,"tpTelecom_Price_Retail_Fixed_International","Price regulation of retail international voice services",,,103,"HKG","Hong Kong, China","Without price control",2013,"","","International retail voice"
5329,"tpTelecom_Price_Retail_Fixed_International","Price regulation of retail international voice services",,,103,"HKG","Hong Kong, China","Without price control",2014,"","","International retail voice"
5329,"tpTelecom_Price_Retail_Fixed_International","Price regulation of retail international voice services",,,103,"HKG","Hong Kong, China","Without price control",2015,"","","International retail voice"
5329,"tpTelecom_Price_Retail_Fixed_International","Price regulation of retail international voice services",,,103,"HKG","Hong Kong, China","Without price control",2016,"","","International retail voice"
5329,"tpTelecom_Price_Retail_Fixed_International","Price regulation of retail international voice services",,,103,"HKG","Hong Kong, China","Without price control",2017,"","","International retail voice"
5329,"tpTelecom_Price_Retail_Fixed_International","Price regulation of retail international voice services",,,103,"HKG","Hong Kong, China","Without price control",2018,"","","International retail voice"
5329,"tpTelecom_Price_Retail_Fixed_International","Price regulation of retail international voice services",,,103,"HKG","Hong Kong, China","Without price control",2019,"","","International retail voice"
5329,"tpTelecom_Price_Retail_Fixed_International","Price regulation of retail international voice services",,,103,"HKG","Hong Kong, China","Without price control",2020,"","","International retail voice"
5329,"tpTelecom_Price_Retail_Fixed_International","Price regulation of retail international voice services",,,103,"HKG","Hong Kong, China","Without price control",2021,"","","International retail voice"
5329,"tpTelecom_Price_Retail_Fixed_International","Price regulation of retail international voice services",,,103,"HKG","Hong Kong, China","Without price control",2022,"","","International retail voice"
5329,"tpTelecom_Price_Retail_Fixed_International","Price regulation of retail international voice services",,,103,"HKG","Hong Kong, China","Without price control",2023,"","","International retail voice"
5329,"tpTelecom_Price_Retail_Fixed_International","Price regulation of retail international voice services",,,103,"HKG","Hong Kong, China","Without price control",2024,"","","International retail voice"
5329,"tpTelecom_Price_Retail_Fixed_International","Price regulation of retail international voice services",,,104,"HND","Honduras","With price control",2010,"","","International retail voice"
5329,"tpTelecom_Price_Retail_Fixed_International","Price regulation of retail international voice services",,,104,"HND","Honduras","With price control",2011,"","","International retail voice"
5329,"tpTelecom_Price_Retail_Fixed_International","Price regulation of retail international voice services",,,104,"HND","Honduras","With price control",2012,"","","International retail voice"
5329,"tpTelecom_Price_Retail_Fixed_International","Price regulation of retail international voice services",,,104,"HND","Honduras","With price control",2013,"","","International retail voice"
5329,"tpTelecom_Price_Retail_Fixed_International","Price regulation of retail international voice services",,,104,"HND","Honduras","With price control",2014,"","","International retail voice"
5329,"tpTelecom_Price_Retail_Fixed_International","Price regulation of retail international voice services",,,104,"HND","Honduras","With price control",2015,"","","International retail voice"
5329,"tpTelecom_Price_Retail_Fixed_International","Price regulation of retail international voice services",,,104,"HND","Honduras","With price control",2016,"","","International retail voice"
5329,"tpTelecom_Price_Retail_Fixed_International","Price regulation of retail international voice services",,,104,"HND","Honduras","With price control",2017,"","","International retail voice"
5329,"tpTelecom_Price_Retail_Fixed_International","Price regulation of retail international voice services",,,104,"HND","Honduras","With price control",2018,"","","International retail voice"
5329,"tpTelecom_Price_Retail_Fixed_International","Price regulation of retail international voice services",,,104,"HND","Honduras","With price control",2019,"","","International retail voice"
5329,"tpTelecom_Price_Retail_Fixed_International","Price regulation of retail international voice services",,,104,"HND","Honduras","With price control",2020,"","","International retail voice"
5329,"tpTelecom_Price_Retail_Fixed_International","Price regulation of retail international voice services",,,104,"HND","Honduras","With price control",2021,"","","International retail voice"
5329,"tpTelecom_Price_Retail_Fixed_International","Price regulation of retail international voice services",,,104,"HND","Honduras","With price control",2022,"","","International retail voice"
5329,"tpTelecom_Price_Retail_Fixed_International","Price regulation of retail international voice services",,,104,"HND","Honduras","With price control",2023,"","","International retail voice"
5329,"tpTelecom_Price_Retail_Fixed_International","Price regulation of retail international voice services",,,104,"HND","Honduras","With price control",2024,"","","International retail voice"
5329,"tpTelecom_Price_Retail_Fixed_International","Price regulation of retail international voice services",,,105,"HUN","Hungary","Without price control",2016,"","","International retail voice"
5329,"tpTelecom_Price_Retail_Fixed_International","Price regulation of retail international voice services",,,105,"HUN","Hungary","Without price control",2017,"","","International retail voice"
5329,"tpTelecom_Price_Retail_Fixed_International","Price regulation of retail international voice services",,,105,"HUN","Hungary","Without price control",2018,"","","International retail voice"
5329,"tpTelecom_Price_Retail_Fixed_International","Price regulation of retail international voice services",,,105,"HUN","Hungary","Without price control",2019,"","","International retail voice"
5329,"tpTelecom_Price_Retail_Fixed_International","Price regulation of retail international voice services",,,105,"HUN","Hungary","Without price control",2020,"","","International retail voice"
5329,"tpTelecom_Price_Retail_Fixed_International","Price regulation of retail international voice services",,,105,"HUN","Hungary","Without price control",2021,"","","International retail voice"
5329,"tpTelecom_Price_Retail_Fixed_International","Price regulation of retail international voice services",,,105,"HUN","Hungary","Without price control",2022,"","","International retail voice"
5329,"tpTelecom_Price_Retail_Fixed_International","Price regulation of retail international voice services",,,105,"HUN","Hungary","Without price control",2023,"","","International retail voice"
5329,"tpTelecom_Price_Retail_Fixed_International","Price regulation of retail international voice services",,,106,"NLD","Netherlands","Without price control",2016,"","","International retail voice"
5329,"tpTelecom_Price_Retail_Fixed_International","Price regulation of retail international voice services",,,106,"NLD","Netherlands","Without price control",2021,"","","International retail voice"
5329,"tpTelecom_Price_Retail_Fixed_International","Price regulation of retail international voice services",,,107,"HRV","Croatia","With price control",2009,"","","International retail voice"
5329,"tpTelecom_Price_Retail_Fixed_International","Price regulation of retail international voice services",,,107,"HRV","Croatia","Without price control",2011,"","","International retail voice"
5329,"tpTelecom_Price_Retail_Fixed_International","Price regulation of retail international voice services",,,107,"HRV","Croatia","Without price control",2012,"","","International retail voice"
5329,"tpTelecom_Price_Retail_Fixed_International","Price regulation of retail international voice services",,,107,"HRV","Croatia","Without price control",2013,"","","International retail voice"
5329,"tpTelecom_Price_Retail_Fixed_International","Price regulation of retail international voice services",,,107,"HRV","Croatia","Without price control",2014,"","","International retail voice"
5329,"tpTelecom_Price_Retail_Fixed_International","Price regulation of retail international voice services",,,107,"HRV","Croatia","Without price control",2015,"","","International retail voice"
5329,"tpTelecom_Price_Retail_Fixed_International","Price regulation of retail international voice services",,,107,"HRV","Croatia","Without price control",2016,"","","International retail voice"
5329,"tpTelecom_Price_Retail_Fixed_International","Price regulation of retail international voice services",,,107,"HRV","Croatia","Without price control",2017,"","","International retail voice"
5329,"tpTelecom_Price_Retail_Fixed_International","Price regulation of retail international voice services",,,107,"HRV","Croatia","Without price control",2018,"","","International retail voice"
5329,"tpTelecom_Price_Retail_Fixed_International","Price regulation of retail international voice services",,,107,"HRV","Croatia","Without price control",2019,"","","International retail voice"
5329,"tpTelecom_Price_Retail_Fixed_International","Price regulation of retail international voice services",,,107,"HRV","Croatia","Without price control",2020,"","","International retail voice"
5329,"tpTelecom_Price_Retail_Fixed_International","Price regulation of retail international voice services",,,107,"HRV","Croatia","Without price control",2021,"","","International retail voice"
5329,"tpTelecom_Price_Retail_Fixed_International","Price regulation of retail international voice services",,,107,"HRV","Croatia","Without price control",2022,"","","International retail voice"
5329,"tpTelecom_Price_Retail_Fixed_International","Price regulation of retail international voice services",,,107,"HRV","Croatia","Without price control",2023,"","","International retail voice"
5329,"tpTelecom_Price_Retail_Fixed_International","Price regulation of retail international voice services",,,107,"HRV","Croatia","Without price control",2024,"","","International retail voice"
5329,"tpTelecom_Price_Retail_Fixed_International","Price regulation of retail international voice services",,,108,"HTI","Haiti","Without price control",2014,"","","International retail voice"
5329,"tpTelecom_Price_Retail_Fixed_International","Price regulation of retail international voice services",,,108,"HTI","Haiti","With price control",2015,"","","International retail voice"
5329,"tpTelecom_Price_Retail_Fixed_International","Price regulation of retail international voice services",,,108,"HTI","Haiti","Without price control",2016,"","","International retail voice"
5329,"tpTelecom_Price_Retail_Fixed_International","Price regulation of retail international voice services",,,108,"HTI","Haiti","Without price control",2017,"","","International retail voice"
5329,"tpTelecom_Price_Retail_Fixed_International","Price regulation of retail international voice services",,,108,"HTI","Haiti","Without price control",2018,"","","International retail voice"
5329,"tpTelecom_Price_Retail_Fixed_International","Price regulation of retail international voice services",,,111,"ITA","Italy","Without price control",2011,"","","International retail voice"
5329,"tpTelecom_Price_Retail_Fixed_International","Price regulation of retail international voice services",,,111,"ITA","Italy","Without price control",2013,"","","International retail voice"
5329,"tpTelecom_Price_Retail_Fixed_International","Price regulation of retail international voice services",,,111,"ITA","Italy","Without price control",2014,"","","International retail voice"
5329,"tpTelecom_Price_Retail_Fixed_International","Price regulation of retail international voice services",,,111,"ITA","Italy","Without price control",2018,"","","International retail voice"
5329,"tpTelecom_Price_Retail_Fixed_International","Price regulation of retail international voice services",,,111,"ITA","Italy","Without price control",2019,"","","International retail voice"
5329,"tpTelecom_Price_Retail_Fixed_International","Price regulation of retail international voice services",,,111,"ITA","Italy","Without price control",2021,"","","International retail voice"
5329,"tpTelecom_Price_Retail_Fixed_International","Price regulation of retail international voice services",,,113,"IND","India","Without price control",2009,"","","International retail voice"
5329,"tpTelecom_Price_Retail_Fixed_International","Price regulation of retail international voice services",,,113,"IND","India","Without price control",2010,"","","International retail voice"
5329,"tpTelecom_Price_Retail_Fixed_International","Price regulation of retail international voice services",,,113,"IND","India","Without price control",2012,"","","International retail voice"
5329,"tpTelecom_Price_Retail_Fixed_International","Price regulation of retail international voice services",,,113,"IND","India","Without price control",2013,"","","International retail voice"
5329,"tpTelecom_Price_Retail_Fixed_International","Price regulation of retail international voice services",,,113,"IND","India","Without price control",2014,"","","International retail voice"
5329,"tpTelecom_Price_Retail_Fixed_International","Price regulation of retail international voice services",,,113,"IND","India","Without price control",2015,"","","International retail voice"
5329,"tpTelecom_Price_Retail_Fixed_International","Price regulation of retail international voice services",,,113,"IND","India","Without price control",2018,"","","International retail voice"
5329,"tpTelecom_Price_Retail_Fixed_International","Price regulation of retail international voice services",,,113,"IND","India","Without price control",2019,"","","International retail voice"
5329,"tpTelecom_Price_Retail_Fixed_International","Price regulation of retail international voice services",,,113,"IND","India","Without price control",2020,"","","International retail voice"
5329,"tpTelecom_Price_Retail_Fixed_International","Price regulation of retail international voice services",,,113,"IND","India","Without price control",2021,"","","International retail voice"
5329,"tpTelecom_Price_Retail_Fixed_International","Price regulation of retail international voice services",,,113,"IND","India","Without price control",2022,"","","International retail voice"
5329,"tpTelecom_Price_Retail_Fixed_International","Price regulation of retail international voice services",,,113,"IND","India","Without price control",2023,"","","International retail voice"
5329,"tpTelecom_Price_Retail_Fixed_International","Price regulation of retail international voice services",,,113,"IND","India","Without price control",2024,"","","International retail voice"
5329,"tpTelecom_Price_Retail_Fixed_International","Price regulation of retail international voice services",,,114,"IDN","Indonesia","With price control",2010,"","","International retail voice"
5329,"tpTelecom_Price_Retail_Fixed_International","Price regulation of retail international voice services",,,114,"IDN","Indonesia","With price control",2011,"","","International retail voice"
5329,"tpTelecom_Price_Retail_Fixed_International","Price regulation of retail international voice services",,,114,"IDN","Indonesia","Without price control",2012,"","","International retail voice"
5329,"tpTelecom_Price_Retail_Fixed_International","Price regulation of retail international voice services",,,114,"IDN","Indonesia","Without price control",2021,"","","International retail voice"
5329,"tpTelecom_Price_Retail_Fixed_International","Price regulation of retail international voice services",,,114,"IDN","Indonesia","Without price control",2022,"","","International retail voice"
5329,"tpTelecom_Price_Retail_Fixed_International","Price regulation of retail international voice services",,,114,"IDN","Indonesia","Without price control",2023,"","","International retail voice"
5329,"tpTelecom_Price_Retail_Fixed_International","Price regulation of retail international voice services",,,114,"IDN","Indonesia","Without price control",2024,"","","International retail voice"
5329,"tpTelecom_Price_Retail_Fixed_International","Price regulation of retail international voice services",,,115,"IRL","Ireland","Without price control",2009,"","","International retail voice"
5329,"tpTelecom_Price_Retail_Fixed_International","Price regulation of retail international voice services",,,115,"IRL","Ireland","Without price control",2010,"","","International retail voice"
5329,"tpTelecom_Price_Retail_Fixed_International","Price regulation of retail international voice services",,,115,"IRL","Ireland","Without price control",2011,"","","International retail voice"
5329,"tpTelecom_Price_Retail_Fixed_International","Price regulation of retail international voice services",,,115,"IRL","Ireland","Without price control",2013,"","","International retail voice"
5329,"tpTelecom_Price_Retail_Fixed_International","Price regulation of retail international voice services",,,115,"IRL","Ireland","Without price control",2014,"","","International retail voice"
5329,"tpTelecom_Price_Retail_Fixed_International","Price regulation of retail international voice services",,,115,"IRL","Ireland","Without price control",2016,"","","International retail voice"
5329,"tpTelecom_Price_Retail_Fixed_International","Price regulation of retail international voice services",,,115,"IRL","Ireland","Without price control",2017,"","","International retail voice"
5329,"tpTelecom_Price_Retail_Fixed_International","Price regulation of retail international voice services",,,115,"IRL","Ireland","Without price control",2018,"","","International retail voice"
5329,"tpTelecom_Price_Retail_Fixed_International","Price regulation of retail international voice services",,,115,"IRL","Ireland","Without price control",2019,"","","International retail voice"
5329,"tpTelecom_Price_Retail_Fixed_International","Price regulation of retail international voice services",,,115,"IRL","Ireland","Without price control",2020,"","","International retail voice"
5329,"tpTelecom_Price_Retail_Fixed_International","Price regulation of retail international voice services",,,115,"IRL","Ireland","Without price control",2021,"","","International retail voice"
5329,"tpTelecom_Price_Retail_Fixed_International","Price regulation of retail international voice services",,,115,"IRL","Ireland","Without price control",2022,"","","International retail voice"
5329,"tpTelecom_Price_Retail_Fixed_International","Price regulation of retail international voice services",,,115,"IRL","Ireland","Without price control",2023,"","","International retail voice"
5329,"tpTelecom_Price_Retail_Fixed_International","Price regulation of retail international voice services",,,115,"IRL","Ireland","Without price control",2024,"","","International retail voice"
5329,"tpTelecom_Price_Retail_Fixed_International","Price regulation of retail international voice services",,,116,"IRN","Iran (Islamic Republic of)","With price control",2014,"","","International retail voice"
5329,"tpTelecom_Price_Retail_Fixed_International","Price regulation of retail international voice services",,,116,"IRN","Iran (Islamic Republic of)","With price control",2016,"","","International retail voice"
5329,"tpTelecom_Price_Retail_Fixed_International","Price regulation of retail international voice services",,,116,"IRN","Iran (Islamic Republic of)","With price control",2017,"","","International retail voice"
5329,"tpTelecom_Price_Retail_Fixed_International","Price regulation of retail international voice services",,,116,"IRN","Iran (Islamic Republic of)","With price control",2018,"","","International retail voice"
5329,"tpTelecom_Price_Retail_Fixed_International","Price regulation of retail international voice services",,,116,"IRN","Iran (Islamic Republic of)","With price control",2019,"","","International retail voice"
5329,"tpTelecom_Price_Retail_Fixed_International","Price regulation of retail international voice services",,,116,"IRN","Iran (Islamic Republic of)","With price control",2020,"","","International retail voice"
5329,"tpTelecom_Price_Retail_Fixed_International","Price regulation of retail international voice services",,,116,"IRN","Iran (Islamic Republic of)","Without price control",2021,"","","International retail voice"
5329,"tpTelecom_Price_Retail_Fixed_International","Price regulation of retail international voice services",,,116,"IRN","Iran (Islamic Republic of)","Without price control",2022,"","","International retail voice"
5329,"tpTelecom_Price_Retail_Fixed_International","Price regulation of retail international voice services",,,116,"IRN","Iran (Islamic Republic of)","Without price control",2023,"","","International retail voice"
5329,"tpTelecom_Price_Retail_Fixed_International","Price regulation of retail international voice services",,,116,"IRN","Iran (Islamic Republic of)","Without price control",2024,"","","International retail voice"
5329,"tpTelecom_Price_Retail_Fixed_International","Price regulation of retail international voice services",,,117,"IRQ","Iraq","With price control",2009,"","","International retail voice"
5329,"tpTelecom_Price_Retail_Fixed_International","Price regulation of retail international voice services",,,117,"IRQ","Iraq","Without price control",2019,"","","International retail voice"
5329,"tpTelecom_Price_Retail_Fixed_International","Price regulation of retail international voice services",,,117,"IRQ","Iraq","Without price control",2020,"","","International retail voice"
5329,"tpTelecom_Price_Retail_Fixed_International","Price regulation of retail international voice services",,,117,"IRQ","Iraq","Without price control",2021,"","","International retail voice"
5329,"tpTelecom_Price_Retail_Fixed_International","Price regulation of retail international voice services",,,117,"IRQ","Iraq","Without price control",2022,"","","International retail voice"
5329,"tpTelecom_Price_Retail_Fixed_International","Price regulation of retail international voice services",,,117,"IRQ","Iraq","Without price control",2023,"","","International retail voice"
5329,"tpTelecom_Price_Retail_Fixed_International","Price regulation of retail international voice services",,,117,"IRQ","Iraq","With price control",2024,"","","International retail voice"
5329,"tpTelecom_Price_Retail_Fixed_International","Price regulation of retail international voice services",,,118,"ISL","Iceland","Without price control",2009,"","","International retail voice"
5329,"tpTelecom_Price_Retail_Fixed_International","Price regulation of retail international voice services",,,118,"ISL","Iceland","Without price control",2011,"","","International retail voice"
5329,"tpTelecom_Price_Retail_Fixed_International","Price regulation of retail international voice services",,,118,"ISL","Iceland","Without price control",2012,"","","International retail voice"
5329,"tpTelecom_Price_Retail_Fixed_International","Price regulation of retail international voice services",,,118,"ISL","Iceland","Without price control",2013,"","","International retail voice"
5329,"tpTelecom_Price_Retail_Fixed_International","Price regulation of retail international voice services",,,118,"ISL","Iceland","Without price control",2014,"","","International retail voice"
5329,"tpTelecom_Price_Retail_Fixed_International","Price regulation of retail international voice services",,,118,"ISL","Iceland","Without price control",2015,"","","International retail voice"
5329,"tpTelecom_Price_Retail_Fixed_International","Price regulation of retail international voice services",,,118,"ISL","Iceland","Without price control",2016,"","","International retail voice"
5329,"tpTelecom_Price_Retail_Fixed_International","Price regulation of retail international voice services",,,118,"ISL","Iceland","Without price control",2017,"","","International retail voice"
5329,"tpTelecom_Price_Retail_Fixed_International","Price regulation of retail international voice services",,,118,"ISL","Iceland","Without price control",2018,"","","International retail voice"
5329,"tpTelecom_Price_Retail_Fixed_International","Price regulation of retail international voice services",,,118,"ISL","Iceland","Without price control",2019,"","","International retail voice"
5329,"tpTelecom_Price_Retail_Fixed_International","Price regulation of retail international voice services",,,118,"ISL","Iceland","Without price control",2020,"","","International retail voice"
5329,"tpTelecom_Price_Retail_Fixed_International","Price regulation of retail international voice services",,,118,"ISL","Iceland","Without price control",2021,"","","International retail voice"
5329,"tpTelecom_Price_Retail_Fixed_International","Price regulation of retail international voice services",,,118,"ISL","Iceland","Without price control",2022,"","","International retail voice"
5329,"tpTelecom_Price_Retail_Fixed_International","Price regulation of retail international voice services",,,118,"ISL","Iceland","Without price control",2023,"","","International retail voice"
5329,"tpTelecom_Price_Retail_Fixed_International","Price regulation of retail international voice services",,,118,"ISL","Iceland","Without price control",2024,"","","International retail voice"
5329,"tpTelecom_Price_Retail_Fixed_International","Price regulation of retail international voice services",,,119,"ISR","Israel","Without price control",2017,"","","International retail voice"
5329,"tpTelecom_Price_Retail_Fixed_International","Price regulation of retail international voice services",,,119,"ISR","Israel","Without price control",2018,"","","International retail voice"
5329,"tpTelecom_Price_Retail_Fixed_International","Price regulation of retail international voice services",,,119,"ISR","Israel","Without price control",2019,"","","International retail voice"
5329,"tpTelecom_Price_Retail_Fixed_International","Price regulation of retail international voice services",,,119,"ISR","Israel","Without price control",2020,"","","International retail voice"
5329,"tpTelecom_Price_Retail_Fixed_International","Price regulation of retail international voice services",,,119,"ISR","Israel","Without price control",2021,"","","International retail voice"
5329,"tpTelecom_Price_Retail_Fixed_International","Price regulation of retail international voice services",,,119,"ISR","Israel","Without price control",2022,"","","International retail voice"
5329,"tpTelecom_Price_Retail_Fixed_International","Price regulation of retail international voice services",,,119,"ISR","Israel","Without price control",2023,"","","International retail voice"
5329,"tpTelecom_Price_Retail_Fixed_International","Price regulation of retail international voice services",,,120,"JPN","Japan","Without price control",2009,"","","International retail voice"
5329,"tpTelecom_Price_Retail_Fixed_International","Price regulation of retail international voice services",,,120,"JPN","Japan","Without price control",2010,"","","International retail voice"
5329,"tpTelecom_Price_Retail_Fixed_International","Price regulation of retail international voice services",,,120,"JPN","Japan","Without price control",2011,"","","International retail voice"
5329,"tpTelecom_Price_Retail_Fixed_International","Price regulation of retail international voice services",,,120,"JPN","Japan","Without price control",2012,"","","International retail voice"
5329,"tpTelecom_Price_Retail_Fixed_International","Price regulation of retail international voice services",,,120,"JPN","Japan","Without price control",2013,"","","International retail voice"
5329,"tpTelecom_Price_Retail_Fixed_International","Price regulation of retail international voice services",,,120,"JPN","Japan","Without price control",2014,"","","International retail voice"
5329,"tpTelecom_Price_Retail_Fixed_International","Price regulation of retail international voice services",,,120,"JPN","Japan","Without price control",2015,"","","International retail voice"
5329,"tpTelecom_Price_Retail_Fixed_International","Price regulation of retail international voice services",,,120,"JPN","Japan","Without price control",2016,"","","International retail voice"
5329,"tpTelecom_Price_Retail_Fixed_International","Price regulation of retail international voice services",,,120,"JPN","Japan","Without price control",2017,"","","International retail voice"
5329,"tpTelecom_Price_Retail_Fixed_International","Price regulation of retail international voice services",,,120,"JPN","Japan","Without price control",2018,"","","International retail voice"
5329,"tpTelecom_Price_Retail_Fixed_International","Price regulation of retail international voice services",,,120,"JPN","Japan","Without price control",2019,"","","International retail voice"
5329,"tpTelecom_Price_Retail_Fixed_International","Price regulation of retail international voice services",,,120,"JPN","Japan","Without price control",2020,"","","International retail voice"
5329,"tpTelecom_Price_Retail_Fixed_International","Price regulation of retail international voice services",,,120,"JPN","Japan","Without price control",2021,"","","International retail voice"
5329,"tpTelecom_Price_Retail_Fixed_International","Price regulation of retail international voice services",,,120,"JPN","Japan","Without price control",2022,"","","International retail voice"
5329,"tpTelecom_Price_Retail_Fixed_International","Price regulation of retail international voice services",,,120,"JPN","Japan","Without price control",2023,"","","International retail voice"
5329,"tpTelecom_Price_Retail_Fixed_International","Price regulation of retail international voice services",,,120,"JPN","Japan","Without price control",2024,"","","International retail voice"
5329,"tpTelecom_Price_Retail_Fixed_International","Price regulation of retail international voice services",,,122,"JAM","Jamaica","With price control",2009,"","","International retail voice"
5329,"tpTelecom_Price_Retail_Fixed_International","Price regulation of retail international voice services",,,122,"JAM","Jamaica","With price control",2010,"","","International retail voice"
5329,"tpTelecom_Price_Retail_Fixed_International","Price regulation of retail international voice services",,,122,"JAM","Jamaica","With price control",2012,"","","International retail voice"
5329,"tpTelecom_Price_Retail_Fixed_International","Price regulation of retail international voice services",,,122,"JAM","Jamaica","With price control",2013,"","","International retail voice"
5329,"tpTelecom_Price_Retail_Fixed_International","Price regulation of retail international voice services",,,122,"JAM","Jamaica","Without price control",2014,"","","International retail voice"
5329,"tpTelecom_Price_Retail_Fixed_International","Price regulation of retail international voice services",,,122,"JAM","Jamaica","Without price control",2015,"","","International retail voice"
5329,"tpTelecom_Price_Retail_Fixed_International","Price regulation of retail international voice services",,,122,"JAM","Jamaica","Without price control",2016,"","","International retail voice"
5329,"tpTelecom_Price_Retail_Fixed_International","Price regulation of retail international voice services",,,122,"JAM","Jamaica","Without price control",2017,"","","International retail voice"
5329,"tpTelecom_Price_Retail_Fixed_International","Price regulation of retail international voice services",,,122,"JAM","Jamaica","Without price control",2018,"","","International retail voice"
5329,"tpTelecom_Price_Retail_Fixed_International","Price regulation of retail international voice services",,,122,"JAM","Jamaica","Without price control",2019,"","","International retail voice"
5329,"tpTelecom_Price_Retail_Fixed_International","Price regulation of retail international voice services",,,122,"JAM","Jamaica","Without price control",2020,"","","International retail voice"
5329,"tpTelecom_Price_Retail_Fixed_International","Price regulation of retail international voice services",,,122,"JAM","Jamaica","Without price control",2021,"","","International retail voice"
5329,"tpTelecom_Price_Retail_Fixed_International","Price regulation of retail international voice services",,,122,"JAM","Jamaica","Without price control",2022,"","","International retail voice"
5329,"tpTelecom_Price_Retail_Fixed_International","Price regulation of retail international voice services",,,122,"JAM","Jamaica","Without price control",2023,"","","International retail voice"
5329,"tpTelecom_Price_Retail_Fixed_International","Price regulation of retail international voice services",,,124,"JOR","Jordan","Without price control",2011,"","","International retail voice"
5329,"tpTelecom_Price_Retail_Fixed_International","Price regulation of retail international voice services",,,124,"JOR","Jordan","With price control",2012,"","","International retail voice"
5329,"tpTelecom_Price_Retail_Fixed_International","Price regulation of retail international voice services",,,124,"JOR","Jordan","Without price control",2018,"","","International retail voice"
5329,"tpTelecom_Price_Retail_Fixed_International","Price regulation of retail international voice services",,,124,"JOR","Jordan","Without price control",2019,"","","International retail voice"
5329,"tpTelecom_Price_Retail_Fixed_International","Price regulation of retail international voice services",,,124,"JOR","Jordan","Without price control",2021,"","","International retail voice"
5329,"tpTelecom_Price_Retail_Fixed_International","Price regulation of retail international voice services",,,124,"JOR","Jordan","Without price control",2022,"","","International retail voice"
5329,"tpTelecom_Price_Retail_Fixed_International","Price regulation of retail international voice services",,,124,"JOR","Jordan","Without price control",2023,"","","International retail voice"
5329,"tpTelecom_Price_Retail_Fixed_International","Price regulation of retail international voice services",,,124,"JOR","Jordan","Without price control",2024,"","","International retail voice"
5329,"tpTelecom_Price_Retail_Fixed_International","Price regulation of retail international voice services",,,125,"KEN","Kenya","Without price control",2009,"","","International retail voice"
5329,"tpTelecom_Price_Retail_Fixed_International","Price regulation of retail international voice services",,,125,"KEN","Kenya","Without price control",2010,"","","International retail voice"
5329,"tpTelecom_Price_Retail_Fixed_International","Price regulation of retail international voice services",,,125,"KEN","Kenya","Without price control",2011,"","","International retail voice"
5329,"tpTelecom_Price_Retail_Fixed_International","Price regulation of retail international voice services",,,125,"KEN","Kenya","Without price control",2012,"","","International retail voice"
5329,"tpTelecom_Price_Retail_Fixed_International","Price regulation of retail international voice services",,,125,"KEN","Kenya","Without price control",2013,"","","International retail voice"
5329,"tpTelecom_Price_Retail_Fixed_International","Price regulation of retail international voice services",,,125,"KEN","Kenya","Without price control",2014,"","","International retail voice"
5329,"tpTelecom_Price_Retail_Fixed_International","Price regulation of retail international voice services",,,125,"KEN","Kenya","Without price control",2015,"","","International retail voice"
5329,"tpTelecom_Price_Retail_Fixed_International","Price regulation of retail international voice services",,,125,"KEN","Kenya","Without price control",2019,"","","International retail voice"
5329,"tpTelecom_Price_Retail_Fixed_International","Price regulation of retail international voice services",,,125,"KEN","Kenya","Without price control",2021,"","","International retail voice"
5329,"tpTelecom_Price_Retail_Fixed_International","Price regulation of retail international voice services",,,127,"KIR","Kiribati","Without price control",2021,"","","International retail voice"
5329,"tpTelecom_Price_Retail_Fixed_International","Price regulation of retail international voice services",,,128,"KOR","Korea (Rep. of)","Without price control",2010,"","","International retail voice"
5329,"tpTelecom_Price_Retail_Fixed_International","Price regulation of retail international voice services",,,128,"KOR","Korea (Rep. of)","Without price control",2019,"","","International retail voice"
5329,"tpTelecom_Price_Retail_Fixed_International","Price regulation of retail international voice services",,,128,"KOR","Korea (Rep. of)","Without price control",2020,"","","International retail voice"
5329,"tpTelecom_Price_Retail_Fixed_International","Price regulation of retail international voice services",,,130,"KWT","Kuwait","With price control",2013,"","","International retail voice"
5329,"tpTelecom_Price_Retail_Fixed_International","Price regulation of retail international voice services",,,130,"KWT","Kuwait","With price control",2014,"","","International retail voice"
5329,"tpTelecom_Price_Retail_Fixed_International","Price regulation of retail international voice services",,,130,"KWT","Kuwait","With price control",2015,"","","International retail voice"
5329,"tpTelecom_Price_Retail_Fixed_International","Price regulation of retail international voice services",,,130,"KWT","Kuwait","With price control",2017,"","","International retail voice"
5329,"tpTelecom_Price_Retail_Fixed_International","Price regulation of retail international voice services",,,130,"KWT","Kuwait","With price control",2018,"","","International retail voice"
5329,"tpTelecom_Price_Retail_Fixed_International","Price regulation of retail international voice services",,,130,"KWT","Kuwait","With price control",2019,"","","International retail voice"
5329,"tpTelecom_Price_Retail_Fixed_International","Price regulation of retail international voice services",,,130,"KWT","Kuwait","With price control",2020,"","","International retail voice"
5329,"tpTelecom_Price_Retail_Fixed_International","Price regulation of retail international voice services",,,130,"KWT","Kuwait","With price control",2021,"","","International retail voice"
5329,"tpTelecom_Price_Retail_Fixed_International","Price regulation of retail international voice services",,,130,"KWT","Kuwait","With price control",2022,"","","International retail voice"
5329,"tpTelecom_Price_Retail_Fixed_International","Price regulation of retail international voice services",,,130,"KWT","Kuwait","With price control",2023,"","","International retail voice"
5329,"tpTelecom_Price_Retail_Fixed_International","Price regulation of retail international voice services",,,131,"LAO","Lao P.D.R.","With price control",2016,"","","International retail voice"
5329,"tpTelecom_Price_Retail_Fixed_International","Price regulation of retail international voice services",,,131,"LAO","Lao P.D.R.","With price control",2017,"","","International retail voice"
5329,"tpTelecom_Price_Retail_Fixed_International","Price regulation of retail international voice services",,,131,"LAO","Lao P.D.R.","With price control",2018,"","","International retail voice"
5329,"tpTelecom_Price_Retail_Fixed_International","Price regulation of retail international voice services",,,131,"LAO","Lao P.D.R.","With price control",2020,"","","International retail voice"
5329,"tpTelecom_Price_Retail_Fixed_International","Price regulation of retail international voice services",,,131,"LAO","Lao P.D.R.","With price control",2021,"","","International retail voice"
5329,"tpTelecom_Price_Retail_Fixed_International","Price regulation of retail international voice services",,,131,"LAO","Lao P.D.R.","With price control",2022,"","","International retail voice"
5329,"tpTelecom_Price_Retail_Fixed_International","Price regulation of retail international voice services",,,131,"LAO","Lao P.D.R.","With price control",2023,"","","International retail voice"
5329,"tpTelecom_Price_Retail_Fixed_International","Price regulation of retail international voice services",,,132,"LBN","Lebanon","With price control",2009,"","","International retail voice"
5329,"tpTelecom_Price_Retail_Fixed_International","Price regulation of retail international voice services",,,133,"LBR","Liberia","With price control",2018,"","","International retail voice"
5329,"tpTelecom_Price_Retail_Fixed_International","Price regulation of retail international voice services",,,133,"LBR","Liberia","Without price control",2021,"","","International retail voice"
5329,"tpTelecom_Price_Retail_Fixed_International","Price regulation of retail international voice services",,,133,"LBR","Liberia","Without price control",2022,"","","International retail voice"
5329,"tpTelecom_Price_Retail_Fixed_International","Price regulation of retail international voice services",,,134,"LBY","Libya","With price control",2017,"","","International retail voice"
5329,"tpTelecom_Price_Retail_Fixed_International","Price regulation of retail international voice services",,,135,"LCA","Saint Lucia","Without price control",2011,"","","International retail voice"
5329,"tpTelecom_Price_Retail_Fixed_International","Price regulation of retail international voice services",,,135,"LCA","Saint Lucia","Without price control",2013,"","","International retail voice"
5329,"tpTelecom_Price_Retail_Fixed_International","Price regulation of retail international voice services",,,135,"LCA","Saint Lucia","Without price control",2014,"","","International retail voice"
5329,"tpTelecom_Price_Retail_Fixed_International","Price regulation of retail international voice services",,,135,"LCA","Saint Lucia","With price control",2015,"","","International retail voice"
5329,"tpTelecom_Price_Retail_Fixed_International","Price regulation of retail international voice services",,,135,"LCA","Saint Lucia","Without price control",2016,"","","International retail voice"
5329,"tpTelecom_Price_Retail_Fixed_International","Price regulation of retail international voice services",,,135,"LCA","Saint Lucia","Without price control",2017,"","","International retail voice"
5329,"tpTelecom_Price_Retail_Fixed_International","Price regulation of retail international voice services",,,135,"LCA","Saint Lucia","Without price control",2018,"","","International retail voice"
5329,"tpTelecom_Price_Retail_Fixed_International","Price regulation of retail international voice services",,,135,"LCA","Saint Lucia","Without price control",2019,"","","International retail voice"
5329,"tpTelecom_Price_Retail_Fixed_International","Price regulation of retail international voice services",,,135,"LCA","Saint Lucia","With price control",2020,"","","International retail voice"
5329,"tpTelecom_Price_Retail_Fixed_International","Price regulation of retail international voice services",,,135,"LCA","Saint Lucia","With price control",2021,"","","International retail voice"
5329,"tpTelecom_Price_Retail_Fixed_International","Price regulation of retail international voice services",,,135,"LCA","Saint Lucia","With price control",2022,"","","International retail voice"
5329,"tpTelecom_Price_Retail_Fixed_International","Price regulation of retail international voice services",,,135,"LCA","Saint Lucia","With price control",2023,"","","International retail voice"
5329,"tpTelecom_Price_Retail_Fixed_International","Price regulation of retail international voice services",,,135,"LCA","Saint Lucia","With price control",2024,"","","International retail voice"
5329,"tpTelecom_Price_Retail_Fixed_International","Price regulation of retail international voice services",,,136,"LIE","Liechtenstein","Without price control",2011,"","","International retail voice"
5329,"tpTelecom_Price_Retail_Fixed_International","Price regulation of retail international voice services",,,136,"LIE","Liechtenstein","Without price control",2012,"","","International retail voice"
5329,"tpTelecom_Price_Retail_Fixed_International","Price regulation of retail international voice services",,,136,"LIE","Liechtenstein","Without price control",2013,"","","International retail voice"
5329,"tpTelecom_Price_Retail_Fixed_International","Price regulation of retail international voice services",,,136,"LIE","Liechtenstein","Without price control",2014,"","","International retail voice"
5329,"tpTelecom_Price_Retail_Fixed_International","Price regulation of retail international voice services",,,136,"LIE","Liechtenstein","Without price control",2015,"","","International retail voice"
5329,"tpTelecom_Price_Retail_Fixed_International","Price regulation of retail international voice services",,,136,"LIE","Liechtenstein","Without price control",2016,"","","International retail voice"
5329,"tpTelecom_Price_Retail_Fixed_International","Price regulation of retail international voice services",,,136,"LIE","Liechtenstein","Without price control",2017,"","","International retail voice"
5329,"tpTelecom_Price_Retail_Fixed_International","Price regulation of retail international voice services",,,136,"LIE","Liechtenstein","Without price control",2018,"","","International retail voice"
5329,"tpTelecom_Price_Retail_Fixed_International","Price regulation of retail international voice services",,,136,"LIE","Liechtenstein","Without price control",2019,"","","International retail voice"
5329,"tpTelecom_Price_Retail_Fixed_International","Price regulation of retail international voice services",,,136,"LIE","Liechtenstein","Without price control",2020,"","","International retail voice"
5329,"tpTelecom_Price_Retail_Fixed_International","Price regulation of retail international voice services",,,136,"LIE","Liechtenstein","Without price control",2021,"","","International retail voice"
5329,"tpTelecom_Price_Retail_Fixed_International","Price regulation of retail international voice services",,,136,"LIE","Liechtenstein","Without price control",2022,"","","International retail voice"
5329,"tpTelecom_Price_Retail_Fixed_International","Price regulation of retail international voice services",,,136,"LIE","Liechtenstein","Without price control",2023,"","","International retail voice"
5329,"tpTelecom_Price_Retail_Fixed_International","Price regulation of retail international voice services",,,136,"LIE","Liechtenstein","With price control",2024,"","","International retail voice"
5329,"tpTelecom_Price_Retail_Fixed_International","Price regulation of retail international voice services",,,137,"LSO","Lesotho","With price control",2009,"","","International retail voice"
5329,"tpTelecom_Price_Retail_Fixed_International","Price regulation of retail international voice services",,,137,"LSO","Lesotho","With price control",2011,"","","International retail voice"
5329,"tpTelecom_Price_Retail_Fixed_International","Price regulation of retail international voice services",,,137,"LSO","Lesotho","With price control",2013,"","","International retail voice"
5329,"tpTelecom_Price_Retail_Fixed_International","Price regulation of retail international voice services",,,137,"LSO","Lesotho","With price control",2014,"","","International retail voice"
5329,"tpTelecom_Price_Retail_Fixed_International","Price regulation of retail international voice services",,,137,"LSO","Lesotho","With price control",2015,"","","International retail voice"
5329,"tpTelecom_Price_Retail_Fixed_International","Price regulation of retail international voice services",,,137,"LSO","Lesotho","With price control",2016,"","","International retail voice"
5329,"tpTelecom_Price_Retail_Fixed_International","Price regulation of retail international voice services",,,137,"LSO","Lesotho","With price control",2017,"","","International retail voice"
5329,"tpTelecom_Price_Retail_Fixed_International","Price regulation of retail international voice services",,,137,"LSO","Lesotho","With price control",2018,"","","International retail voice"
5329,"tpTelecom_Price_Retail_Fixed_International","Price regulation of retail international voice services",,,137,"LSO","Lesotho","With price control",2019,"","","International retail voice"
5329,"tpTelecom_Price_Retail_Fixed_International","Price regulation of retail international voice services",,,137,"LSO","Lesotho","With price control",2020,"","","International retail voice"
5329,"tpTelecom_Price_Retail_Fixed_International","Price regulation of retail international voice services",,,137,"LSO","Lesotho","With price control",2021,"","","International retail voice"
5329,"tpTelecom_Price_Retail_Fixed_International","Price regulation of retail international voice services",,,137,"LSO","Lesotho","With price control",2023,"","","International retail voice"
5329,"tpTelecom_Price_Retail_Fixed_International","Price regulation of retail international voice services",,,138,"LTU","Lithuania","With price control",2009,"","","International retail voice"
5329,"tpTelecom_Price_Retail_Fixed_International","Price regulation of retail international voice services",,,138,"LTU","Lithuania","With price control",2010,"","","International retail voice"
5329,"tpTelecom_Price_Retail_Fixed_International","Price regulation of retail international voice services",,,138,"LTU","Lithuania","With price control",2011,"","","International retail voice"
5329,"tpTelecom_Price_Retail_Fixed_International","Price regulation of retail international voice services",,,138,"LTU","Lithuania","With price control",2012,"","","International retail voice"
5329,"tpTelecom_Price_Retail_Fixed_International","Price regulation of retail international voice services",,,138,"LTU","Lithuania","With price control",2016,"","","International retail voice"
5329,"tpTelecom_Price_Retail_Fixed_International","Price regulation of retail international voice services",,,138,"LTU","Lithuania","With price control",2017,"","","International retail voice"
5329,"tpTelecom_Price_Retail_Fixed_International","Price regulation of retail international voice services",,,138,"LTU","Lithuania","With price control",2018,"","","International retail voice"
5329,"tpTelecom_Price_Retail_Fixed_International","Price regulation of retail international voice services",,,138,"LTU","Lithuania","With price control",2019,"","","International retail voice"
5329,"tpTelecom_Price_Retail_Fixed_International","Price regulation of retail international voice services",,,138,"LTU","Lithuania","With price control",2020,"","","International retail voice"
5329,"tpTelecom_Price_Retail_Fixed_International","Price regulation of retail international voice services",,,138,"LTU","Lithuania","Without price control",2021,"","","International retail voice"
5329,"tpTelecom_Price_Retail_Fixed_International","Price regulation of retail international voice services",,,138,"LTU","Lithuania","Without price control",2022,"","","International retail voice"
5329,"tpTelecom_Price_Retail_Fixed_International","Price regulation of retail international voice services",,,138,"LTU","Lithuania","Without price control",2023,"","","International retail voice"
5329,"tpTelecom_Price_Retail_Fixed_International","Price regulation of retail international voice services",,,138,"LTU","Lithuania","Without price control",2024,"","","International retail voice"
5329,"tpTelecom_Price_Retail_Fixed_International","Price regulation of retail international voice services",,,140,"LVA","Latvia","With price control",2011,"","","International retail voice"
5329,"tpTelecom_Price_Retail_Fixed_International","Price regulation of retail international voice services",,,140,"LVA","Latvia","Without price control",2012,"","","International retail voice"
5329,"tpTelecom_Price_Retail_Fixed_International","Price regulation of retail international voice services",,,140,"LVA","Latvia","Without price control",2013,"","","International retail voice"
5329,"tpTelecom_Price_Retail_Fixed_International","Price regulation of retail international voice services",,,140,"LVA","Latvia","Without price control",2014,"","","International retail voice"
5329,"tpTelecom_Price_Retail_Fixed_International","Price regulation of retail international voice services",,,140,"LVA","Latvia","Without price control",2015,"","","International retail voice"
5329,"tpTelecom_Price_Retail_Fixed_International","Price regulation of retail international voice services",,,140,"LVA","Latvia","Without price control",2016,"","","International retail voice"
5329,"tpTelecom_Price_Retail_Fixed_International","Price regulation of retail international voice services",,,140,"LVA","Latvia","Without price control",2018,"","","International retail voice"
5329,"tpTelecom_Price_Retail_Fixed_International","Price regulation of retail international voice services",,,140,"LVA","Latvia","Without price control",2019,"","","International retail voice"
5329,"tpTelecom_Price_Retail_Fixed_International","Price regulation of retail international voice services",,,141,"MAC","Macao, China","With price control",2012,"","","International retail voice"
5329,"tpTelecom_Price_Retail_Fixed_International","Price regulation of retail international voice services",,,141,"MAC","Macao, China","With price control",2013,"","","International retail voice"
5329,"tpTelecom_Price_Retail_Fixed_International","Price regulation of retail international voice services",,,141,"MAC","Macao, China","With price control",2014,"","","International retail voice"
5329,"tpTelecom_Price_Retail_Fixed_International","Price regulation of retail international voice services",,,141,"MAC","Macao, China","With price control",2015,"","","International retail voice"
5329,"tpTelecom_Price_Retail_Fixed_International","Price regulation of retail international voice services",,,141,"MAC","Macao, China","With price control",2016,"","","International retail voice"
5329,"tpTelecom_Price_Retail_Fixed_International","Price regulation of retail international voice services",,,142,"MUS","Mauritius","With price control",2009,"","","International retail voice"
5329,"tpTelecom_Price_Retail_Fixed_International","Price regulation of retail international voice services",,,142,"MUS","Mauritius","With price control",2010,"","","International retail voice"
5329,"tpTelecom_Price_Retail_Fixed_International","Price regulation of retail international voice services",,,142,"MUS","Mauritius","With price control",2011,"","","International retail voice"
5329,"tpTelecom_Price_Retail_Fixed_International","Price regulation of retail international voice services",,,142,"MUS","Mauritius","With price control",2012,"","","International retail voice"
5329,"tpTelecom_Price_Retail_Fixed_International","Price regulation of retail international voice services",,,142,"MUS","Mauritius","With price control",2013,"","","International retail voice"
5329,"tpTelecom_Price_Retail_Fixed_International","Price regulation of retail international voice services",,,142,"MUS","Mauritius","With price control",2014,"","","International retail voice"
5329,"tpTelecom_Price_Retail_Fixed_International","Price regulation of retail international voice services",,,142,"MUS","Mauritius","With price control",2018,"","","International retail voice"
5329,"tpTelecom_Price_Retail_Fixed_International","Price regulation of retail international voice services",,,142,"MUS","Mauritius","With price control",2019,"","","International retail voice"
5329,"tpTelecom_Price_Retail_Fixed_International","Price regulation of retail international voice services",,,142,"MUS","Mauritius","With price control",2020,"","","International retail voice"
5329,"tpTelecom_Price_Retail_Fixed_International","Price regulation of retail international voice services",,,142,"MUS","Mauritius","With price control",2021,"","","International retail voice"
5329,"tpTelecom_Price_Retail_Fixed_International","Price regulation of retail international voice services",,,142,"MUS","Mauritius","With price control",2022,"","","International retail voice"
5329,"tpTelecom_Price_Retail_Fixed_International","Price regulation of retail international voice services",,,142,"MUS","Mauritius","With price control",2023,"","","International retail voice"
5329,"tpTelecom_Price_Retail_Fixed_International","Price regulation of retail international voice services",,,142,"MUS","Mauritius","With price control",2024,"","","International retail voice"
5329,"tpTelecom_Price_Retail_Fixed_International","Price regulation of retail international voice services",,,144,"MDG","Madagascar","Without price control",2016,"","","International retail voice"
5329,"tpTelecom_Price_Retail_Fixed_International","Price regulation of retail international voice services",,,144,"MDG","Madagascar","Without price control",2017,"","","International retail voice"
5329,"tpTelecom_Price_Retail_Fixed_International","Price regulation of retail international voice services",,,144,"MDG","Madagascar","Without price control",2018,"","","International retail voice"
5329,"tpTelecom_Price_Retail_Fixed_International","Price regulation of retail international voice services",,,144,"MDG","Madagascar","Without price control",2019,"","","International retail voice"
5329,"tpTelecom_Price_Retail_Fixed_International","Price regulation of retail international voice services",,,144,"MDG","Madagascar","Without price control",2020,"","","International retail voice"
5329,"tpTelecom_Price_Retail_Fixed_International","Price regulation of retail international voice services",,,144,"MDG","Madagascar","Without price control",2021,"","","International retail voice"
5329,"tpTelecom_Price_Retail_Fixed_International","Price regulation of retail international voice services",,,144,"MDG","Madagascar","Without price control",2022,"","","International retail voice"
5329,"tpTelecom_Price_Retail_Fixed_International","Price regulation of retail international voice services",,,144,"MDG","Madagascar","Without price control",2023,"","","International retail voice"
5329,"tpTelecom_Price_Retail_Fixed_International","Price regulation of retail international voice services",,,144,"MDG","Madagascar","Without price control",2024,"","","International retail voice"
5329,"tpTelecom_Price_Retail_Fixed_International","Price regulation of retail international voice services",,,147,"MEX","Mexico","Without price control",2009,"","","International retail voice"
5329,"tpTelecom_Price_Retail_Fixed_International","Price regulation of retail international voice services",,,147,"MEX","Mexico","With price control",2010,"","","International retail voice"
5329,"tpTelecom_Price_Retail_Fixed_International","Price regulation of retail international voice services",,,147,"MEX","Mexico","With price control",2011,"","","International retail voice"
5329,"tpTelecom_Price_Retail_Fixed_International","Price regulation of retail international voice services",,,147,"MEX","Mexico","With price control",2013,"","","International retail voice"
5329,"tpTelecom_Price_Retail_Fixed_International","Price regulation of retail international voice services",,,147,"MEX","Mexico","With price control",2015,"","","International retail voice"
5329,"tpTelecom_Price_Retail_Fixed_International","Price regulation of retail international voice services",,,147,"MEX","Mexico","Without price control",2016,"","","International retail voice"
5329,"tpTelecom_Price_Retail_Fixed_International","Price regulation of retail international voice services",,,147,"MEX","Mexico","Without price control",2017,"","","International retail voice"
5329,"tpTelecom_Price_Retail_Fixed_International","Price regulation of retail international voice services",,,147,"MEX","Mexico","Without price control",2018,"","","International retail voice"
5329,"tpTelecom_Price_Retail_Fixed_International","Price regulation of retail international voice services",,,147,"MEX","Mexico","Without price control",2019,"","","International retail voice"
5329,"tpTelecom_Price_Retail_Fixed_International","Price regulation of retail international voice services",,,147,"MEX","Mexico","Without price control",2021,"","","International retail voice"
5329,"tpTelecom_Price_Retail_Fixed_International","Price regulation of retail international voice services",,,147,"MEX","Mexico","Without price control",2022,"","","International retail voice"
5329,"tpTelecom_Price_Retail_Fixed_International","Price regulation of retail international voice services",,,147,"MEX","Mexico","Without price control",2023,"","","International retail voice"
5329,"tpTelecom_Price_Retail_Fixed_International","Price regulation of retail international voice services",,,147,"MEX","Mexico","Without price control",2024,"","","International retail voice"
5329,"tpTelecom_Price_Retail_Fixed_International","Price regulation of retail international voice services",,,148,"MYS","Malaysia","Without price control",2011,"","","International retail voice"
5329,"tpTelecom_Price_Retail_Fixed_International","Price regulation of retail international voice services",,,148,"MYS","Malaysia","Without price control",2013,"","","International retail voice"
5329,"tpTelecom_Price_Retail_Fixed_International","Price regulation of retail international voice services",,,148,"MYS","Malaysia","Without price control",2014,"","","International retail voice"
5329,"tpTelecom_Price_Retail_Fixed_International","Price regulation of retail international voice services",,,148,"MYS","Malaysia","Without price control",2016,"","","International retail voice"
5329,"tpTelecom_Price_Retail_Fixed_International","Price regulation of retail international voice services",,,148,"MYS","Malaysia","Without price control",2017,"","","International retail voice"
5329,"tpTelecom_Price_Retail_Fixed_International","Price regulation of retail international voice services",,,148,"MYS","Malaysia","Without price control",2018,"","","International retail voice"
5329,"tpTelecom_Price_Retail_Fixed_International","Price regulation of retail international voice services",,,148,"MYS","Malaysia","Without price control",2019,"","","International retail voice"
5329,"tpTelecom_Price_Retail_Fixed_International","Price regulation of retail international voice services",,,148,"MYS","Malaysia","Without price control",2020,"","","International retail voice"
5329,"tpTelecom_Price_Retail_Fixed_International","Price regulation of retail international voice services",,,148,"MYS","Malaysia","Without price control",2021,"","","International retail voice"
5329,"tpTelecom_Price_Retail_Fixed_International","Price regulation of retail international voice services",,,148,"MYS","Malaysia","Without price control",2022,"","","International retail voice"
5329,"tpTelecom_Price_Retail_Fixed_International","Price regulation of retail international voice services",,,148,"MYS","Malaysia","Without price control",2023,"","","International retail voice"
5329,"tpTelecom_Price_Retail_Fixed_International","Price regulation of retail international voice services",,,149,"MDV","Maldives","With price control",2022,"","","International retail voice"
5329,"tpTelecom_Price_Retail_Fixed_International","Price regulation of retail international voice services",,,149,"MDV","Maldives","With price control",2024,"","","International retail voice"
5329,"tpTelecom_Price_Retail_Fixed_International","Price regulation of retail international voice services",,,150,"MLI","Mali","With price control",2009,"","","International retail voice"
5329,"tpTelecom_Price_Retail_Fixed_International","Price regulation of retail international voice services",,,150,"MLI","Mali","With price control",2010,"","","International retail voice"
5329,"tpTelecom_Price_Retail_Fixed_International","Price regulation of retail international voice services",,,150,"MLI","Mali","With price control",2013,"","","International retail voice"
5329,"tpTelecom_Price_Retail_Fixed_International","Price regulation of retail international voice services",,,150,"MLI","Mali","Without price control",2016,"","","International retail voice"
5329,"tpTelecom_Price_Retail_Fixed_International","Price regulation of retail international voice services",,,150,"MLI","Mali","Without price control",2017,"","","International retail voice"
5329,"tpTelecom_Price_Retail_Fixed_International","Price regulation of retail international voice services",,,150,"MLI","Mali","Without price control",2018,"","","International retail voice"
5329,"tpTelecom_Price_Retail_Fixed_International","Price regulation of retail international voice services",,,150,"MLI","Mali","With price control",2019,"","","International retail voice"
5329,"tpTelecom_Price_Retail_Fixed_International","Price regulation of retail international voice services",,,150,"MLI","Mali","Without price control",2020,"","","International retail voice"
5329,"tpTelecom_Price_Retail_Fixed_International","Price regulation of retail international voice services",,,150,"MLI","Mali","With price control",2022,"","","International retail voice"
5329,"tpTelecom_Price_Retail_Fixed_International","Price regulation of retail international voice services",,,150,"MLI","Mali","With price control",2023,"","","International retail voice"
5329,"tpTelecom_Price_Retail_Fixed_International","Price regulation of retail international voice services",,,151,"MLT","Malta","Without price control",2009,"","","International retail voice"
5329,"tpTelecom_Price_Retail_Fixed_International","Price regulation of retail international voice services",,,151,"MLT","Malta","Without price control",2011,"","","International retail voice"
5329,"tpTelecom_Price_Retail_Fixed_International","Price regulation of retail international voice services",,,151,"MLT","Malta","Without price control",2012,"","","International retail voice"
5329,"tpTelecom_Price_Retail_Fixed_International","Price regulation of retail international voice services",,,151,"MLT","Malta","Without price control",2014,"","","International retail voice"
5329,"tpTelecom_Price_Retail_Fixed_International","Price regulation of retail international voice services",,,151,"MLT","Malta","Without price control",2016,"","","International retail voice"
5329,"tpTelecom_Price_Retail_Fixed_International","Price regulation of retail international voice services",,,151,"MLT","Malta","Without price control",2017,"","","International retail voice"
5329,"tpTelecom_Price_Retail_Fixed_International","Price regulation of retail international voice services",,,151,"MLT","Malta","Without price control",2018,"","","International retail voice"
5329,"tpTelecom_Price_Retail_Fixed_International","Price regulation of retail international voice services",,,151,"MLT","Malta","Without price control",2019,"","","International retail voice"
5329,"tpTelecom_Price_Retail_Fixed_International","Price regulation of retail international voice services",,,151,"MLT","Malta","Without price control",2020,"","","International retail voice"
5329,"tpTelecom_Price_Retail_Fixed_International","Price regulation of retail international voice services",,,151,"MLT","Malta","Without price control",2021,"","","International retail voice"
5329,"tpTelecom_Price_Retail_Fixed_International","Price regulation of retail international voice services",,,151,"MLT","Malta","Without price control",2022,"","","International retail voice"
5329,"tpTelecom_Price_Retail_Fixed_International","Price regulation of retail international voice services",,,151,"MLT","Malta","Without price control",2023,"","","International retail voice"
5329,"tpTelecom_Price_Retail_Fixed_International","Price regulation of retail international voice services",,,151,"MLT","Malta","Without price control",2024,"","","International retail voice"
5329,"tpTelecom_Price_Retail_Fixed_International","Price regulation of retail international voice services",,,152,"MNG","Mongolia","With price control",2010,"","","International retail voice"
5329,"tpTelecom_Price_Retail_Fixed_International","Price regulation of retail international voice services",,,152,"MNG","Mongolia","Without price control",2011,"","","International retail voice"
5329,"tpTelecom_Price_Retail_Fixed_International","Price regulation of retail international voice services",,,152,"MNG","Mongolia","Without price control",2016,"","","International retail voice"
5329,"tpTelecom_Price_Retail_Fixed_International","Price regulation of retail international voice services",,,152,"MNG","Mongolia","Without price control",2018,"","","International retail voice"
5329,"tpTelecom_Price_Retail_Fixed_International","Price regulation of retail international voice services",,,152,"MNG","Mongolia","Without price control",2019,"","","International retail voice"
5329,"tpTelecom_Price_Retail_Fixed_International","Price regulation of retail international voice services",,,152,"MNG","Mongolia","With price control",2020,"","","International retail voice"
5329,"tpTelecom_Price_Retail_Fixed_International","Price regulation of retail international voice services",,,152,"MNG","Mongolia","With price control",2021,"","","International retail voice"
5329,"tpTelecom_Price_Retail_Fixed_International","Price regulation of retail international voice services",,,152,"MNG","Mongolia","Without price control",2022,"","","International retail voice"
5329,"tpTelecom_Price_Retail_Fixed_International","Price regulation of retail international voice services",,,152,"MNG","Mongolia","Without price control",2023,"","","International retail voice"
5329,"tpTelecom_Price_Retail_Fixed_International","Price regulation of retail international voice services",,,152,"MNG","Mongolia","Without price control",2024,"","","International retail voice"
5329,"tpTelecom_Price_Retail_Fixed_International","Price regulation of retail international voice services",,,153,"MOZ","Mozambique","With price control",2009,"","","International retail voice"
5329,"tpTelecom_Price_Retail_Fixed_International","Price regulation of retail international voice services",,,153,"MOZ","Mozambique","Without price control",2010,"","","International retail voice"
5329,"tpTelecom_Price_Retail_Fixed_International","Price regulation of retail international voice services",,,153,"MOZ","Mozambique","Without price control",2011,"","","International retail voice"
5329,"tpTelecom_Price_Retail_Fixed_International","Price regulation of retail international voice services",,,153,"MOZ","Mozambique","Without price control",2012,"","","International retail voice"
5329,"tpTelecom_Price_Retail_Fixed_International","Price regulation of retail international voice services",,,153,"MOZ","Mozambique","Without price control",2014,"","","International retail voice"
5329,"tpTelecom_Price_Retail_Fixed_International","Price regulation of retail international voice services",,,153,"MOZ","Mozambique","Without price control",2015,"","","International retail voice"
5329,"tpTelecom_Price_Retail_Fixed_International","Price regulation of retail international voice services",,,153,"MOZ","Mozambique","Without price control",2016,"","","International retail voice"
5329,"tpTelecom_Price_Retail_Fixed_International","Price regulation of retail international voice services",,,153,"MOZ","Mozambique","Without price control",2017,"","","International retail voice"
5329,"tpTelecom_Price_Retail_Fixed_International","Price regulation of retail international voice services",,,153,"MOZ","Mozambique","Without price control",2019,"","","International retail voice"
5329,"tpTelecom_Price_Retail_Fixed_International","Price regulation of retail international voice services",,,153,"MOZ","Mozambique","Without price control",2020,"","","International retail voice"
5329,"tpTelecom_Price_Retail_Fixed_International","Price regulation of retail international voice services",,,153,"MOZ","Mozambique","Without price control",2021,"","","International retail voice"
5329,"tpTelecom_Price_Retail_Fixed_International","Price regulation of retail international voice services",,,155,"MAR","Morocco","With price control",2009,"","","International retail voice"
5329,"tpTelecom_Price_Retail_Fixed_International","Price regulation of retail international voice services",,,155,"MAR","Morocco","With price control",2010,"","","International retail voice"
5329,"tpTelecom_Price_Retail_Fixed_International","Price regulation of retail international voice services",,,155,"MAR","Morocco","With price control",2011,"","","International retail voice"
5329,"tpTelecom_Price_Retail_Fixed_International","Price regulation of retail international voice services",,,155,"MAR","Morocco","With price control",2012,"","","International retail voice"
5329,"tpTelecom_Price_Retail_Fixed_International","Price regulation of retail international voice services",,,155,"MAR","Morocco","With price control",2013,"","","International retail voice"
5329,"tpTelecom_Price_Retail_Fixed_International","Price regulation of retail international voice services",,,155,"MAR","Morocco","With price control",2014,"","","International retail voice"
5329,"tpTelecom_Price_Retail_Fixed_International","Price regulation of retail international voice services",,,155,"MAR","Morocco","With price control",2016,"","","International retail voice"
5329,"tpTelecom_Price_Retail_Fixed_International","Price regulation of retail international voice services",,,155,"MAR","Morocco","With price control",2017,"","","International retail voice"
5329,"tpTelecom_Price_Retail_Fixed_International","Price regulation of retail international voice services",,,155,"MAR","Morocco","With price control",2018,"","","International retail voice"
5329,"tpTelecom_Price_Retail_Fixed_International","Price regulation of retail international voice services",,,155,"MAR","Morocco","Without price control",2019,"","","International retail voice"
5329,"tpTelecom_Price_Retail_Fixed_International","Price regulation of retail international voice services",,,156,"MHL","Marshall Islands","Without price control",2012,"","","International retail voice"
5329,"tpTelecom_Price_Retail_Fixed_International","Price regulation of retail international voice services",,,156,"MHL","Marshall Islands","With price control",2013,"","","International retail voice"
5329,"tpTelecom_Price_Retail_Fixed_International","Price regulation of retail international voice services",,,156,"MHL","Marshall Islands","Without price control",2014,"","","International retail voice"
5329,"tpTelecom_Price_Retail_Fixed_International","Price regulation of retail international voice services",,,160,"MRT","Mauritania","Without price control",2012,"","","International retail voice"
5329,"tpTelecom_Price_Retail_Fixed_International","Price regulation of retail international voice services",,,160,"MRT","Mauritania","Without price control",2013,"","","International retail voice"
5329,"tpTelecom_Price_Retail_Fixed_International","Price regulation of retail international voice services",,,160,"MRT","Mauritania","Without price control",2014,"","","International retail voice"
5329,"tpTelecom_Price_Retail_Fixed_International","Price regulation of retail international voice services",,,160,"MRT","Mauritania","Without price control",2015,"","","International retail voice"
5329,"tpTelecom_Price_Retail_Fixed_International","Price regulation of retail international voice services",,,160,"MRT","Mauritania","Without price control",2016,"","","International retail voice"
5329,"tpTelecom_Price_Retail_Fixed_International","Price regulation of retail international voice services",,,160,"MRT","Mauritania","Without price control",2017,"","","International retail voice"
5329,"tpTelecom_Price_Retail_Fixed_International","Price regulation of retail international voice services",,,160,"MRT","Mauritania","Without price control",2018,"","","International retail voice"
5329,"tpTelecom_Price_Retail_Fixed_International","Price regulation of retail international voice services",,,160,"MRT","Mauritania","Without price control",2019,"","","International retail voice"
5329,"tpTelecom_Price_Retail_Fixed_International","Price regulation of retail international voice services",,,160,"MRT","Mauritania","Without price control",2020,"","","International retail voice"
5329,"tpTelecom_Price_Retail_Fixed_International","Price regulation of retail international voice services",,,160,"MRT","Mauritania","Without price control",2022,"","","International retail voice"
5329,"tpTelecom_Price_Retail_Fixed_International","Price regulation of retail international voice services",,,161,"MWI","Malawi","Without price control",2013,"","","International retail voice"
5329,"tpTelecom_Price_Retail_Fixed_International","Price regulation of retail international voice services",,,161,"MWI","Malawi","Without price control",2014,"","","International retail voice"
5329,"tpTelecom_Price_Retail_Fixed_International","Price regulation of retail international voice services",,,161,"MWI","Malawi","Without price control",2016,"","","International retail voice"
5329,"tpTelecom_Price_Retail_Fixed_International","Price regulation of retail international voice services",,,161,"MWI","Malawi","With price control",2017,"","","International retail voice"
5329,"tpTelecom_Price_Retail_Fixed_International","Price regulation of retail international voice services",,,161,"MWI","Malawi","With price control",2018,"","","International retail voice"
5329,"tpTelecom_Price_Retail_Fixed_International","Price regulation of retail international voice services",,,161,"MWI","Malawi","With price control",2019,"","","International retail voice"
5329,"tpTelecom_Price_Retail_Fixed_International","Price regulation of retail international voice services",,,161,"MWI","Malawi","With price control",2021,"","","International retail voice"
5329,"tpTelecom_Price_Retail_Fixed_International","Price regulation of retail international voice services",,,163,"NIC","Nicaragua","With price control",2009,"","","International retail voice"
5329,"tpTelecom_Price_Retail_Fixed_International","Price regulation of retail international voice services",,,163,"NIC","Nicaragua","With price control",2010,"","","International retail voice"
5329,"tpTelecom_Price_Retail_Fixed_International","Price regulation of retail international voice services",,,163,"NIC","Nicaragua","With price control",2016,"","","International retail voice"
5329,"tpTelecom_Price_Retail_Fixed_International","Price regulation of retail international voice services",,,163,"NIC","Nicaragua","With price control",2021,"","","International retail voice"
5329,"tpTelecom_Price_Retail_Fixed_International","Price regulation of retail international voice services",,,163,"NIC","Nicaragua","With price control",2022,"","","International retail voice"
5329,"tpTelecom_Price_Retail_Fixed_International","Price regulation of retail international voice services",,,163,"NIC","Nicaragua","With price control",2023,"","","International retail voice"
5329,"tpTelecom_Price_Retail_Fixed_International","Price regulation of retail international voice services",,,163,"NIC","Nicaragua","With price control",2024,"","","International retail voice"
5329,"tpTelecom_Price_Retail_Fixed_International","Price regulation of retail international voice services",,,166,"NER","Niger","Without price control",2009,"","","International retail voice"
5329,"tpTelecom_Price_Retail_Fixed_International","Price regulation of retail international voice services",,,166,"NER","Niger","With price control",2010,"","","International retail voice"
5329,"tpTelecom_Price_Retail_Fixed_International","Price regulation of retail international voice services",,,166,"NER","Niger","With price control",2012,"","","International retail voice"
5329,"tpTelecom_Price_Retail_Fixed_International","Price regulation of retail international voice services",,,166,"NER","Niger","Without price control",2013,"","","International retail voice"
5329,"tpTelecom_Price_Retail_Fixed_International","Price regulation of retail international voice services",,,166,"NER","Niger","Without price control",2014,"","","International retail voice"
5329,"tpTelecom_Price_Retail_Fixed_International","Price regulation of retail international voice services",,,167,"NGA","Nigeria","Without price control",2012,"","","International retail voice"
5329,"tpTelecom_Price_Retail_Fixed_International","Price regulation of retail international voice services",,,167,"NGA","Nigeria","Without price control",2014,"","","International retail voice"
5329,"tpTelecom_Price_Retail_Fixed_International","Price regulation of retail international voice services",,,167,"NGA","Nigeria","With price control",2015,"","","International retail voice"
5329,"tpTelecom_Price_Retail_Fixed_International","Price regulation of retail international voice services",,,167,"NGA","Nigeria","With price control",2019,"","","International retail voice"
5329,"tpTelecom_Price_Retail_Fixed_International","Price regulation of retail international voice services",,,167,"NGA","Nigeria","With price control",2021,"","","International retail voice"
5329,"tpTelecom_Price_Retail_Fixed_International","Price regulation of retail international voice services",,,169,"NAM","Namibia","Without price control",2011,"","","International retail voice"
5329,"tpTelecom_Price_Retail_Fixed_International","Price regulation of retail international voice services",,,169,"NAM","Namibia","Without price control",2012,"","","International retail voice"
5329,"tpTelecom_Price_Retail_Fixed_International","Price regulation of retail international voice services",,,169,"NAM","Namibia","With price control",2014,"","","International retail voice"
5329,"tpTelecom_Price_Retail_Fixed_International","Price regulation of retail international voice services",,,169,"NAM","Namibia","With price control",2015,"","","International retail voice"
5329,"tpTelecom_Price_Retail_Fixed_International","Price regulation of retail international voice services",,,169,"NAM","Namibia","With price control",2016,"","","International retail voice"
5329,"tpTelecom_Price_Retail_Fixed_International","Price regulation of retail international voice services",,,169,"NAM","Namibia","With price control",2017,"","","International retail voice"
5329,"tpTelecom_Price_Retail_Fixed_International","Price regulation of retail international voice services",,,169,"NAM","Namibia","With price control",2018,"","","International retail voice"
5329,"tpTelecom_Price_Retail_Fixed_International","Price regulation of retail international voice services",,,169,"NAM","Namibia","With price control",2019,"","","International retail voice"
5329,"tpTelecom_Price_Retail_Fixed_International","Price regulation of retail international voice services",,,169,"NAM","Namibia","With price control",2020,"","","International retail voice"
5329,"tpTelecom_Price_Retail_Fixed_International","Price regulation of retail international voice services",,,169,"NAM","Namibia","With price control",2021,"","","International retail voice"
5329,"tpTelecom_Price_Retail_Fixed_International","Price regulation of retail international voice services",,,169,"NAM","Namibia","With price control",2022,"","","International retail voice"
5329,"tpTelecom_Price_Retail_Fixed_International","Price regulation of retail international voice services",,,169,"NAM","Namibia","With price control",2023,"","","International retail voice"
5329,"tpTelecom_Price_Retail_Fixed_International","Price regulation of retail international voice services",,,169,"NAM","Namibia","With price control",2024,"","","International retail voice"
5329,"tpTelecom_Price_Retail_Fixed_International","Price regulation of retail international voice services",,,170,"NOR","Norway","Without price control",2009,"","","International retail voice"
5329,"tpTelecom_Price_Retail_Fixed_International","Price regulation of retail international voice services",,,170,"NOR","Norway","Without price control",2010,"","","International retail voice"
5329,"tpTelecom_Price_Retail_Fixed_International","Price regulation of retail international voice services",,,170,"NOR","Norway","Without price control",2011,"","","International retail voice"
5329,"tpTelecom_Price_Retail_Fixed_International","Price regulation of retail international voice services",,,170,"NOR","Norway","Without price control",2012,"","","International retail voice"
5329,"tpTelecom_Price_Retail_Fixed_International","Price regulation of retail international voice services",,,170,"NOR","Norway","Without price control",2013,"","","International retail voice"
5329,"tpTelecom_Price_Retail_Fixed_International","Price regulation of retail international voice services",,,170,"NOR","Norway","Without price control",2014,"","","International retail voice"
5329,"tpTelecom_Price_Retail_Fixed_International","Price regulation of retail international voice services",,,170,"NOR","Norway","Without price control",2015,"","","International retail voice"
5329,"tpTelecom_Price_Retail_Fixed_International","Price regulation of retail international voice services",,,170,"NOR","Norway","Without price control",2016,"","","International retail voice"
5329,"tpTelecom_Price_Retail_Fixed_International","Price regulation of retail international voice services",,,170,"NOR","Norway","Without price control",2017,"","","International retail voice"
5329,"tpTelecom_Price_Retail_Fixed_International","Price regulation of retail international voice services",,,170,"NOR","Norway","Without price control",2018,"","","International retail voice"
5329,"tpTelecom_Price_Retail_Fixed_International","Price regulation of retail international voice services",,,170,"NOR","Norway","Without price control",2019,"","","International retail voice"
5329,"tpTelecom_Price_Retail_Fixed_International","Price regulation of retail international voice services",,,170,"NOR","Norway","Without price control",2020,"","","International retail voice"
5329,"tpTelecom_Price_Retail_Fixed_International","Price regulation of retail international voice services",,,170,"NOR","Norway","Without price control",2021,"","","International retail voice"
5329,"tpTelecom_Price_Retail_Fixed_International","Price regulation of retail international voice services",,,170,"NOR","Norway","Without price control",2022,"","","International retail voice"
5329,"tpTelecom_Price_Retail_Fixed_International","Price regulation of retail international voice services",,,170,"NOR","Norway","Without price control",2024,"","","International retail voice"
5329,"tpTelecom_Price_Retail_Fixed_International","Price regulation of retail international voice services",,,171,"NPL","Nepal (Republic of)","With price control",2009,"","","International retail voice"
5329,"tpTelecom_Price_Retail_Fixed_International","Price regulation of retail international voice services",,,171,"NPL","Nepal (Republic of)","With price control",2013,"","","International retail voice"
5329,"tpTelecom_Price_Retail_Fixed_International","Price regulation of retail international voice services",,,171,"NPL","Nepal (Republic of)","With price control",2017,"","","International retail voice"
5329,"tpTelecom_Price_Retail_Fixed_International","Price regulation of retail international voice services",,,171,"NPL","Nepal (Republic of)","With price control",2018,"","","International retail voice"
5329,"tpTelecom_Price_Retail_Fixed_International","Price regulation of retail international voice services",,,171,"NPL","Nepal (Republic of)","With price control",2020,"","","International retail voice"
5329,"tpTelecom_Price_Retail_Fixed_International","Price regulation of retail international voice services",,,171,"NPL","Nepal (Republic of)","With price control",2021,"","","International retail voice"
5329,"tpTelecom_Price_Retail_Fixed_International","Price regulation of retail international voice services",,,171,"NPL","Nepal (Republic of)","With price control",2022,"","","International retail voice"
5329,"tpTelecom_Price_Retail_Fixed_International","Price regulation of retail international voice services",,,173,"NZL","New Zealand","Without price control",2012,"","","International retail voice"
5329,"tpTelecom_Price_Retail_Fixed_International","Price regulation of retail international voice services",,,173,"NZL","New Zealand","Without price control",2013,"","","International retail voice"
5329,"tpTelecom_Price_Retail_Fixed_International","Price regulation of retail international voice services",,,173,"NZL","New Zealand","Without price control",2014,"","","International retail voice"
5329,"tpTelecom_Price_Retail_Fixed_International","Price regulation of retail international voice services",,,173,"NZL","New Zealand","Without price control",2015,"","","International retail voice"
5329,"tpTelecom_Price_Retail_Fixed_International","Price regulation of retail international voice services",,,173,"NZL","New Zealand","Without price control",2017,"","","International retail voice"
5329,"tpTelecom_Price_Retail_Fixed_International","Price regulation of retail international voice services",,,173,"NZL","New Zealand","Without price control",2018,"","","International retail voice"
5329,"tpTelecom_Price_Retail_Fixed_International","Price regulation of retail international voice services",,,173,"NZL","New Zealand","Without price control",2021,"","","International retail voice"
5329,"tpTelecom_Price_Retail_Fixed_International","Price regulation of retail international voice services",,,173,"NZL","New Zealand","Without price control",2022,"","","International retail voice"
5329,"tpTelecom_Price_Retail_Fixed_International","Price regulation of retail international voice services",,,173,"NZL","New Zealand","Without price control",2023,"","","International retail voice"
5329,"tpTelecom_Price_Retail_Fixed_International","Price regulation of retail international voice services",,,173,"NZL","New Zealand","Without price control",2024,"","","International retail voice"
5329,"tpTelecom_Price_Retail_Fixed_International","Price regulation of retail international voice services",,,176,"OMN","Oman","With price control",2009,"","","International retail voice"
5329,"tpTelecom_Price_Retail_Fixed_International","Price regulation of retail international voice services",,,176,"OMN","Oman","With price control",2010,"","","International retail voice"
5329,"tpTelecom_Price_Retail_Fixed_International","Price regulation of retail international voice services",,,176,"OMN","Oman","With price control",2011,"","","International retail voice"
5329,"tpTelecom_Price_Retail_Fixed_International","Price regulation of retail international voice services",,,176,"OMN","Oman","With price control",2012,"","","International retail voice"
5329,"tpTelecom_Price_Retail_Fixed_International","Price regulation of retail international voice services",,,176,"OMN","Oman","With price control",2013,"","","International retail voice"
5329,"tpTelecom_Price_Retail_Fixed_International","Price regulation of retail international voice services",,,176,"OMN","Oman","With price control",2014,"","","International retail voice"
5329,"tpTelecom_Price_Retail_Fixed_International","Price regulation of retail international voice services",,,176,"OMN","Oman","With price control",2016,"","","International retail voice"
5329,"tpTelecom_Price_Retail_Fixed_International","Price regulation of retail international voice services",,,176,"OMN","Oman","With price control",2017,"","","International retail voice"
5329,"tpTelecom_Price_Retail_Fixed_International","Price regulation of retail international voice services",,,176,"OMN","Oman","With price control",2018,"","","International retail voice"
5329,"tpTelecom_Price_Retail_Fixed_International","Price regulation of retail international voice services",,,176,"OMN","Oman","With price control",2019,"","","International retail voice"
5329,"tpTelecom_Price_Retail_Fixed_International","Price regulation of retail international voice services",,,176,"OMN","Oman","With price control",2020,"","","International retail voice"
5329,"tpTelecom_Price_Retail_Fixed_International","Price regulation of retail international voice services",,,176,"OMN","Oman","With price control",2021,"","","International retail voice"
5329,"tpTelecom_Price_Retail_Fixed_International","Price regulation of retail international voice services",,,176,"OMN","Oman","With price control",2022,"","","International retail voice"
5329,"tpTelecom_Price_Retail_Fixed_International","Price regulation of retail international voice services",,,176,"OMN","Oman","With price control",2023,"","","International retail voice"
5329,"tpTelecom_Price_Retail_Fixed_International","Price regulation of retail international voice services",,,176,"OMN","Oman","With price control",2024,"","","International retail voice"
5329,"tpTelecom_Price_Retail_Fixed_International","Price regulation of retail international voice services",,,182,"PAK","Pakistan","With price control",2011,"","","International retail voice"
5329,"tpTelecom_Price_Retail_Fixed_International","Price regulation of retail international voice services",,,182,"PAK","Pakistan","With price control",2012,"","","International retail voice"
5329,"tpTelecom_Price_Retail_Fixed_International","Price regulation of retail international voice services",,,182,"PAK","Pakistan","With price control",2019,"","","International retail voice"
5329,"tpTelecom_Price_Retail_Fixed_International","Price regulation of retail international voice services",,,182,"PAK","Pakistan","With price control",2020,"","","International retail voice"
5329,"tpTelecom_Price_Retail_Fixed_International","Price regulation of retail international voice services",,,182,"PAK","Pakistan","With price control",2021,"","","International retail voice"
5329,"tpTelecom_Price_Retail_Fixed_International","Price regulation of retail international voice services",,,182,"PAK","Pakistan","With price control",2022,"","","International retail voice"
5329,"tpTelecom_Price_Retail_Fixed_International","Price regulation of retail international voice services",,,184,"PHL","Philippines","Without price control",2024,"","","International retail voice"
5329,"tpTelecom_Price_Retail_Fixed_International","Price regulation of retail international voice services",,,188,"PNG","Papua New Guinea","Without price control",2011,"","","International retail voice"
5329,"tpTelecom_Price_Retail_Fixed_International","Price regulation of retail international voice services",,,188,"PNG","Papua New Guinea","Without price control",2012,"","","International retail voice"
5329,"tpTelecom_Price_Retail_Fixed_International","Price regulation of retail international voice services",,,188,"PNG","Papua New Guinea","With price control",2018,"","","International retail voice"
5329,"tpTelecom_Price_Retail_Fixed_International","Price regulation of retail international voice services",,,189,"PAN","Panama","Without price control",2009,"","","International retail voice"
5329,"tpTelecom_Price_Retail_Fixed_International","Price regulation of retail international voice services",,,189,"PAN","Panama","Without price control",2010,"","","International retail voice"
5329,"tpTelecom_Price_Retail_Fixed_International","Price regulation of retail international voice services",,,189,"PAN","Panama","Without price control",2011,"","","International retail voice"
5329,"tpTelecom_Price_Retail_Fixed_International","Price regulation of retail international voice services",,,189,"PAN","Panama","Without price control",2012,"","","International retail voice"
5329,"tpTelecom_Price_Retail_Fixed_International","Price regulation of retail international voice services",,,189,"PAN","Panama","Without price control",2013,"","","International retail voice"
5329,"tpTelecom_Price_Retail_Fixed_International","Price regulation of retail international voice services",,,189,"PAN","Panama","Without price control",2016,"","","International retail voice"
5329,"tpTelecom_Price_Retail_Fixed_International","Price regulation of retail international voice services",,,189,"PAN","Panama","Without price control",2017,"","","International retail voice"
5329,"tpTelecom_Price_Retail_Fixed_International","Price regulation of retail international voice services",,,189,"PAN","Panama","Without price control",2018,"","","International retail voice"
5329,"tpTelecom_Price_Retail_Fixed_International","Price regulation of retail international voice services",,,189,"PAN","Panama","Without price control",2019,"","","International retail voice"
5329,"tpTelecom_Price_Retail_Fixed_International","Price regulation of retail international voice services",,,189,"PAN","Panama","Without price control",2020,"","","International retail voice"
5329,"tpTelecom_Price_Retail_Fixed_International","Price regulation of retail international voice services",,,189,"PAN","Panama","Without price control",2021,"","","International retail voice"
5329,"tpTelecom_Price_Retail_Fixed_International","Price regulation of retail international voice services",,,189,"PAN","Panama","Without price control",2022,"","","International retail voice"
5329,"tpTelecom_Price_Retail_Fixed_International","Price regulation of retail international voice services",,,189,"PAN","Panama","Without price control",2023,"","","International retail voice"
5329,"tpTelecom_Price_Retail_Fixed_International","Price regulation of retail international voice services",,,190,"POL","Poland","Without price control",2014,"","","International retail voice"
5329,"tpTelecom_Price_Retail_Fixed_International","Price regulation of retail international voice services",,,190,"POL","Poland","Without price control",2016,"","","International retail voice"
5329,"tpTelecom_Price_Retail_Fixed_International","Price regulation of retail international voice services",,,190,"POL","Poland","Without price control",2017,"","","International retail voice"
5329,"tpTelecom_Price_Retail_Fixed_International","Price regulation of retail international voice services",,,190,"POL","Poland","Without price control",2018,"","","International retail voice"
5329,"tpTelecom_Price_Retail_Fixed_International","Price regulation of retail international voice services",,,190,"POL","Poland","Without price control",2019,"","","International retail voice"
5329,"tpTelecom_Price_Retail_Fixed_International","Price regulation of retail international voice services",,,190,"POL","Poland","Without price control",2020,"","","International retail voice"
5329,"tpTelecom_Price_Retail_Fixed_International","Price regulation of retail international voice services",,,190,"POL","Poland","Without price control",2022,"","","International retail voice"
5329,"tpTelecom_Price_Retail_Fixed_International","Price regulation of retail international voice services",,,190,"POL","Poland","Without price control",2023,"","","International retail voice"
5329,"tpTelecom_Price_Retail_Fixed_International","Price regulation of retail international voice services",,,190,"POL","Poland","Without price control",2024,"","","International retail voice"
5329,"tpTelecom_Price_Retail_Fixed_International","Price regulation of retail international voice services",,,191,"PRT","Portugal","With price control",2009,"","","International retail voice"
5329,"tpTelecom_Price_Retail_Fixed_International","Price regulation of retail international voice services",,,191,"PRT","Portugal","Without price control",2010,"","","International retail voice"
5329,"tpTelecom_Price_Retail_Fixed_International","Price regulation of retail international voice services",,,191,"PRT","Portugal","Without price control",2011,"","","International retail voice"
5329,"tpTelecom_Price_Retail_Fixed_International","Price regulation of retail international voice services",,,191,"PRT","Portugal","Without price control",2012,"","","International retail voice"
5329,"tpTelecom_Price_Retail_Fixed_International","Price regulation of retail international voice services",,,191,"PRT","Portugal","Without price control",2013,"","","International retail voice"
5329,"tpTelecom_Price_Retail_Fixed_International","Price regulation of retail international voice services",,,191,"PRT","Portugal","Without price control",2014,"","","International retail voice"
5329,"tpTelecom_Price_Retail_Fixed_International","Price regulation of retail international voice services",,,191,"PRT","Portugal","Without price control",2016,"","","International retail voice"
5329,"tpTelecom_Price_Retail_Fixed_International","Price regulation of retail international voice services",,,191,"PRT","Portugal","Without price control",2017,"","","International retail voice"
5329,"tpTelecom_Price_Retail_Fixed_International","Price regulation of retail international voice services",,,191,"PRT","Portugal","Without price control",2018,"","","International retail voice"
5329,"tpTelecom_Price_Retail_Fixed_International","Price regulation of retail international voice services",,,191,"PRT","Portugal","With price control",2019,"","","International retail voice"
5329,"tpTelecom_Price_Retail_Fixed_International","Price regulation of retail international voice services",,,191,"PRT","Portugal","With price control",2020,"","","International retail voice"
5329,"tpTelecom_Price_Retail_Fixed_International","Price regulation of retail international voice services",,,191,"PRT","Portugal","With price control",2021,"","","International retail voice"
5329,"tpTelecom_Price_Retail_Fixed_International","Price regulation of retail international voice services",,,191,"PRT","Portugal","With price control",2022,"","","International retail voice"
5329,"tpTelecom_Price_Retail_Fixed_International","Price regulation of retail international voice services",,,191,"PRT","Portugal","With price control",2023,"","","International retail voice"
5329,"tpTelecom_Price_Retail_Fixed_International","Price regulation of retail international voice services",,,191,"PRT","Portugal","With price control",2024,"","","International retail voice"
5329,"tpTelecom_Price_Retail_Fixed_International","Price regulation of retail international voice services",,,192,"PRY","Paraguay","With price control",2009,"","","International retail voice"
5329,"tpTelecom_Price_Retail_Fixed_International","Price regulation of retail international voice services",,,192,"PRY","Paraguay","With price control",2011,"","","International retail voice"
5329,"tpTelecom_Price_Retail_Fixed_International","Price regulation of retail international voice services",,,192,"PRY","Paraguay","With price control",2013,"","","International retail voice"
5329,"tpTelecom_Price_Retail_Fixed_International","Price regulation of retail international voice services",,,192,"PRY","Paraguay","With price control",2014,"","","International retail voice"
5329,"tpTelecom_Price_Retail_Fixed_International","Price regulation of retail international voice services",,,192,"PRY","Paraguay","With price control",2016,"","","International retail voice"
5329,"tpTelecom_Price_Retail_Fixed_International","Price regulation of retail international voice services",,,192,"PRY","Paraguay","With price control",2017,"","","International retail voice"
5329,"tpTelecom_Price_Retail_Fixed_International","Price regulation of retail international voice services",,,192,"PRY","Paraguay","With price control",2018,"","","International retail voice"
5329,"tpTelecom_Price_Retail_Fixed_International","Price regulation of retail international voice services",,,192,"PRY","Paraguay","With price control",2019,"","","International retail voice"
5329,"tpTelecom_Price_Retail_Fixed_International","Price regulation of retail international voice services",,,192,"PRY","Paraguay","With price control",2021,"","","International retail voice"
5329,"tpTelecom_Price_Retail_Fixed_International","Price regulation of retail international voice services",,,192,"PRY","Paraguay","With price control",2023,"","","International retail voice"
5329,"tpTelecom_Price_Retail_Fixed_International","Price regulation of retail international voice services",,,193,"PER","Peru","With price control",2009,"","","International retail voice"
5329,"tpTelecom_Price_Retail_Fixed_International","Price regulation of retail international voice services",,,193,"PER","Peru","With price control",2010,"","","International retail voice"
5329,"tpTelecom_Price_Retail_Fixed_International","Price regulation of retail international voice services",,,193,"PER","Peru","With price control",2011,"","","International retail voice"
5329,"tpTelecom_Price_Retail_Fixed_International","Price regulation of retail international voice services",,,193,"PER","Peru","With price control",2012,"","","International retail voice"
5329,"tpTelecom_Price_Retail_Fixed_International","Price regulation of retail international voice services",,,193,"PER","Peru","With price control",2014,"","","International retail voice"
5329,"tpTelecom_Price_Retail_Fixed_International","Price regulation of retail international voice services",,,193,"PER","Peru","With price control",2015,"","","International retail voice"
5329,"tpTelecom_Price_Retail_Fixed_International","Price regulation of retail international voice services",,,193,"PER","Peru","With price control",2016,"","","International retail voice"
5329,"tpTelecom_Price_Retail_Fixed_International","Price regulation of retail international voice services",,,193,"PER","Peru","With price control",2017,"","","International retail voice"
5329,"tpTelecom_Price_Retail_Fixed_International","Price regulation of retail international voice services",,,193,"PER","Peru","With price control",2018,"","","International retail voice"
5329,"tpTelecom_Price_Retail_Fixed_International","Price regulation of retail international voice services",,,193,"PER","Peru","With price control",2019,"","","International retail voice"
5329,"tpTelecom_Price_Retail_Fixed_International","Price regulation of retail international voice services",,,193,"PER","Peru","With price control",2020,"","","International retail voice"
5329,"tpTelecom_Price_Retail_Fixed_International","Price regulation of retail international voice services",,,193,"PER","Peru","With price control",2021,"","","International retail voice"
5329,"tpTelecom_Price_Retail_Fixed_International","Price regulation of retail international voice services",,,193,"PER","Peru","With price control",2022,"","","International retail voice"
5329,"tpTelecom_Price_Retail_Fixed_International","Price regulation of retail international voice services",,,193,"PER","Peru","With price control",2023,"","","International retail voice"
5329,"tpTelecom_Price_Retail_Fixed_International","Price regulation of retail international voice services",,,193,"PER","Peru","With price control",2024,"","","International retail voice"
5329,"tpTelecom_Price_Retail_Fixed_International","Price regulation of retail international voice services",,,196,"QAT","Qatar","With price control",2009,"","","International retail voice"
5329,"tpTelecom_Price_Retail_Fixed_International","Price regulation of retail international voice services",,,196,"QAT","Qatar","With price control",2011,"","","International retail voice"
5329,"tpTelecom_Price_Retail_Fixed_International","Price regulation of retail international voice services",,,196,"QAT","Qatar","With price control",2012,"","","International retail voice"
5329,"tpTelecom_Price_Retail_Fixed_International","Price regulation of retail international voice services",,,196,"QAT","Qatar","With price control",2013,"","","International retail voice"
5329,"tpTelecom_Price_Retail_Fixed_International","Price regulation of retail international voice services",,,196,"QAT","Qatar","With price control",2014,"","","International retail voice"
5329,"tpTelecom_Price_Retail_Fixed_International","Price regulation of retail international voice services",,,196,"QAT","Qatar","With price control",2016,"","","International retail voice"
5329,"tpTelecom_Price_Retail_Fixed_International","Price regulation of retail international voice services",,,196,"QAT","Qatar","With price control",2017,"","","International retail voice"
5329,"tpTelecom_Price_Retail_Fixed_International","Price regulation of retail international voice services",,,196,"QAT","Qatar","With price control",2018,"","","International retail voice"
5329,"tpTelecom_Price_Retail_Fixed_International","Price regulation of retail international voice services",,,196,"QAT","Qatar","With price control",2019,"","","International retail voice"
5329,"tpTelecom_Price_Retail_Fixed_International","Price regulation of retail international voice services",,,196,"QAT","Qatar","With price control",2020,"","","International retail voice"
5329,"tpTelecom_Price_Retail_Fixed_International","Price regulation of retail international voice services",,,196,"QAT","Qatar","With price control",2021,"","","International retail voice"
5329,"tpTelecom_Price_Retail_Fixed_International","Price regulation of retail international voice services",,,196,"QAT","Qatar","With price control",2022,"","","International retail voice"
5329,"tpTelecom_Price_Retail_Fixed_International","Price regulation of retail international voice services",,,196,"QAT","Qatar","With price control",2023,"","","International retail voice"
5329,"tpTelecom_Price_Retail_Fixed_International","Price regulation of retail international voice services",,,196,"QAT","Qatar","With price control",2024,"","","International retail voice"
5329,"tpTelecom_Price_Retail_Fixed_International","Price regulation of retail international voice services",,,200,"ROU","Romania","Without price control",2011,"","","International retail voice"
5329,"tpTelecom_Price_Retail_Fixed_International","Price regulation of retail international voice services",,,200,"ROU","Romania","Without price control",2012,"","","International retail voice"
5329,"tpTelecom_Price_Retail_Fixed_International","Price regulation of retail international voice services",,,200,"ROU","Romania","Without price control",2013,"","","International retail voice"
5329,"tpTelecom_Price_Retail_Fixed_International","Price regulation of retail international voice services",,,200,"ROU","Romania","Without price control",2014,"","","International retail voice"
5329,"tpTelecom_Price_Retail_Fixed_International","Price regulation of retail international voice services",,,200,"ROU","Romania","Without price control",2016,"","","International retail voice"
5329,"tpTelecom_Price_Retail_Fixed_International","Price regulation of retail international voice services",,,200,"ROU","Romania","Without price control",2017,"","","International retail voice"
5329,"tpTelecom_Price_Retail_Fixed_International","Price regulation of retail international voice services",,,200,"ROU","Romania","Without price control",2018,"","","International retail voice"
5329,"tpTelecom_Price_Retail_Fixed_International","Price regulation of retail international voice services",,,200,"ROU","Romania","Without price control",2020,"","","International retail voice"
5329,"tpTelecom_Price_Retail_Fixed_International","Price regulation of retail international voice services",,,200,"ROU","Romania","Without price control",2021,"","","International retail voice"
5329,"tpTelecom_Price_Retail_Fixed_International","Price regulation of retail international voice services",,,200,"ROU","Romania","Without price control",2022,"","","International retail voice"
5329,"tpTelecom_Price_Retail_Fixed_International","Price regulation of retail international voice services",,,200,"ROU","Romania","Without price control",2023,"","","International retail voice"
5329,"tpTelecom_Price_Retail_Fixed_International","Price regulation of retail international voice services",,,200,"ROU","Romania","Without price control",2024,"","","International retail voice"
5329,"tpTelecom_Price_Retail_Fixed_International","Price regulation of retail international voice services",,,201,"RWA","Rwanda","Without price control",2010,"","","International retail voice"
5329,"tpTelecom_Price_Retail_Fixed_International","Price regulation of retail international voice services",,,201,"RWA","Rwanda","Without price control",2012,"","","International retail voice"
5329,"tpTelecom_Price_Retail_Fixed_International","Price regulation of retail international voice services",,,201,"RWA","Rwanda","Without price control",2013,"","","International retail voice"
5329,"tpTelecom_Price_Retail_Fixed_International","Price regulation of retail international voice services",,,201,"RWA","Rwanda","Without price control",2014,"","","International retail voice"
5329,"tpTelecom_Price_Retail_Fixed_International","Price regulation of retail international voice services",,,201,"RWA","Rwanda","Without price control",2015,"","","International retail voice"
5329,"tpTelecom_Price_Retail_Fixed_International","Price regulation of retail international voice services",,,201,"RWA","Rwanda","Without price control",2016,"","","International retail voice"
5329,"tpTelecom_Price_Retail_Fixed_International","Price regulation of retail international voice services",,,201,"RWA","Rwanda","Without price control",2017,"","","International retail voice"
5329,"tpTelecom_Price_Retail_Fixed_International","Price regulation of retail international voice services",,,201,"RWA","Rwanda","Without price control",2018,"","","International retail voice"
5329,"tpTelecom_Price_Retail_Fixed_International","Price regulation of retail international voice services",,,201,"RWA","Rwanda","Without price control",2019,"","","International retail voice"
5329,"tpTelecom_Price_Retail_Fixed_International","Price regulation of retail international voice services",,,201,"RWA","Rwanda","Without price control",2020,"","","International retail voice"
5329,"tpTelecom_Price_Retail_Fixed_International","Price regulation of retail international voice services",,,201,"RWA","Rwanda","Without price control",2021,"","","International retail voice"
5329,"tpTelecom_Price_Retail_Fixed_International","Price regulation of retail international voice services",,,201,"RWA","Rwanda","Without price control",2023,"","","International retail voice"
5329,"tpTelecom_Price_Retail_Fixed_International","Price regulation of retail international voice services",,,201,"RWA","Rwanda","Without price control",2024,"","","International retail voice"
5329,"tpTelecom_Price_Retail_Fixed_International","Price regulation of retail international voice services",,,202,"RUS","Russian Federation","Without price control",2017,"","","International retail voice"
5329,"tpTelecom_Price_Retail_Fixed_International","Price regulation of retail international voice services",,,202,"RUS","Russian Federation","With price control",2018,"","","International retail voice"
5329,"tpTelecom_Price_Retail_Fixed_International","Price regulation of retail international voice services",,,202,"RUS","Russian Federation","Without price control",2019,"","","International retail voice"
5329,"tpTelecom_Price_Retail_Fixed_International","Price regulation of retail international voice services",,,202,"RUS","Russian Federation","Without price control",2020,"","","International retail voice"
5329,"tpTelecom_Price_Retail_Fixed_International","Price regulation of retail international voice services",,,202,"RUS","Russian Federation","Without price control",2021,"","","International retail voice"
5329,"tpTelecom_Price_Retail_Fixed_International","Price regulation of retail international voice services",,,202,"RUS","Russian Federation","Without price control",2022,"","","International retail voice"
5329,"tpTelecom_Price_Retail_Fixed_International","Price regulation of retail international voice services",,,202,"RUS","Russian Federation","Without price control",2023,"","","International retail voice"
5329,"tpTelecom_Price_Retail_Fixed_International","Price regulation of retail international voice services",,,203,"SWE","Sweden","Without price control",2012,"","","International retail voice"
5329,"tpTelecom_Price_Retail_Fixed_International","Price regulation of retail international voice services",,,203,"SWE","Sweden","Without price control",2013,"","","International retail voice"
5329,"tpTelecom_Price_Retail_Fixed_International","Price regulation of retail international voice services",,,203,"SWE","Sweden","Without price control",2015,"","","International retail voice"
5329,"tpTelecom_Price_Retail_Fixed_International","Price regulation of retail international voice services",,,203,"SWE","Sweden","Without price control",2017,"","","International retail voice"
5329,"tpTelecom_Price_Retail_Fixed_International","Price regulation of retail international voice services",,,203,"SWE","Sweden","Without price control",2018,"","","International retail voice"
5329,"tpTelecom_Price_Retail_Fixed_International","Price regulation of retail international voice services",,,203,"SWE","Sweden","Without price control",2019,"","","International retail voice"
5329,"tpTelecom_Price_Retail_Fixed_International","Price regulation of retail international voice services",,,203,"SWE","Sweden","Without price control",2020,"","","International retail voice"
5329,"tpTelecom_Price_Retail_Fixed_International","Price regulation of retail international voice services",,,203,"SWE","Sweden","Without price control",2022,"","","International retail voice"
5329,"tpTelecom_Price_Retail_Fixed_International","Price regulation of retail international voice services",,,204,"KNA","Saint Kitts and Nevis","With price control",2014,"","","International retail voice"
5329,"tpTelecom_Price_Retail_Fixed_International","Price regulation of retail international voice services",,,205,"SDN","Sudan","Without price control",2012,"","","International retail voice"
5329,"tpTelecom_Price_Retail_Fixed_International","Price regulation of retail international voice services",,,205,"SDN","Sudan","Without price control",2013,"","","International retail voice"
5329,"tpTelecom_Price_Retail_Fixed_International","Price regulation of retail international voice services",,,205,"SDN","Sudan","Without price control",2014,"","","International retail voice"
5329,"tpTelecom_Price_Retail_Fixed_International","Price regulation of retail international voice services",,,205,"SDN","Sudan","Without price control",2015,"","","International retail voice"
5329,"tpTelecom_Price_Retail_Fixed_International","Price regulation of retail international voice services",,,205,"SDN","Sudan","With price control",2016,"","","International retail voice"
5329,"tpTelecom_Price_Retail_Fixed_International","Price regulation of retail international voice services",,,205,"SDN","Sudan","With price control",2017,"","","International retail voice"
5329,"tpTelecom_Price_Retail_Fixed_International","Price regulation of retail international voice services",,,205,"SDN","Sudan","With price control",2018,"","","International retail voice"
5329,"tpTelecom_Price_Retail_Fixed_International","Price regulation of retail international voice services",,,205,"SDN","Sudan","With price control",2019,"","","International retail voice"
5329,"tpTelecom_Price_Retail_Fixed_International","Price regulation of retail international voice services",,,205,"SDN","Sudan","With price control",2020,"","","International retail voice"
5329,"tpTelecom_Price_Retail_Fixed_International","Price regulation of retail international voice services",,,205,"SDN","Sudan","With price control",2021,"","","International retail voice"
5329,"tpTelecom_Price_Retail_Fixed_International","Price regulation of retail international voice services",,,205,"SDN","Sudan","With price control",2022,"","","International retail voice"
5329,"tpTelecom_Price_Retail_Fixed_International","Price regulation of retail international voice services",,,206,"SEN","Senegal","With price control",2009,"","","International retail voice"
5329,"tpTelecom_Price_Retail_Fixed_International","Price regulation of retail international voice services",,,206,"SEN","Senegal","Without price control",2010,"","","International retail voice"
5329,"tpTelecom_Price_Retail_Fixed_International","Price regulation of retail international voice services",,,206,"SEN","Senegal","Without price control",2011,"","","International retail voice"
5329,"tpTelecom_Price_Retail_Fixed_International","Price regulation of retail international voice services",,,206,"SEN","Senegal","Without price control",2012,"","","International retail voice"
5329,"tpTelecom_Price_Retail_Fixed_International","Price regulation of retail international voice services",,,206,"SEN","Senegal","Without price control",2017,"","","International retail voice"
5329,"tpTelecom_Price_Retail_Fixed_International","Price regulation of retail international voice services",,,206,"SEN","Senegal","Without price control",2018,"","","International retail voice"
5329,"tpTelecom_Price_Retail_Fixed_International","Price regulation of retail international voice services",,,206,"SEN","Senegal","Without price control",2019,"","","International retail voice"
5329,"tpTelecom_Price_Retail_Fixed_International","Price regulation of retail international voice services",,,206,"SEN","Senegal","Without price control",2020,"","","International retail voice"
5329,"tpTelecom_Price_Retail_Fixed_International","Price regulation of retail international voice services",,,206,"SEN","Senegal","Without price control",2021,"","","International retail voice"
5329,"tpTelecom_Price_Retail_Fixed_International","Price regulation of retail international voice services",,,206,"SEN","Senegal","Without price control",2022,"","","International retail voice"
5329,"tpTelecom_Price_Retail_Fixed_International","Price regulation of retail international voice services",,,206,"SEN","Senegal","Without price control",2023,"","","International retail voice"
5329,"tpTelecom_Price_Retail_Fixed_International","Price regulation of retail international voice services",,,206,"SEN","Senegal","Without price control",2024,"","","International retail voice"
5329,"tpTelecom_Price_Retail_Fixed_International","Price regulation of retail international voice services",,,207,"SYC","Seychelles","With price control",2011,"","","International retail voice"
5329,"tpTelecom_Price_Retail_Fixed_International","Price regulation of retail international voice services",,,207,"SYC","Seychelles","With price control",2012,"","","International retail voice"
5329,"tpTelecom_Price_Retail_Fixed_International","Price regulation of retail international voice services",,,207,"SYC","Seychelles","With price control",2013,"","","International retail voice"
5329,"tpTelecom_Price_Retail_Fixed_International","Price regulation of retail international voice services",,,207,"SYC","Seychelles","With price control",2014,"","","International retail voice"
5329,"tpTelecom_Price_Retail_Fixed_International","Price regulation of retail international voice services",,,207,"SYC","Seychelles","With price control",2016,"","","International retail voice"
5329,"tpTelecom_Price_Retail_Fixed_International","Price regulation of retail international voice services",,,207,"SYC","Seychelles","With price control",2017,"","","International retail voice"
5329,"tpTelecom_Price_Retail_Fixed_International","Price regulation of retail international voice services",,,207,"SYC","Seychelles","With price control",2018,"","","International retail voice"
5329,"tpTelecom_Price_Retail_Fixed_International","Price regulation of retail international voice services",,,207,"SYC","Seychelles","With price control",2019,"","","International retail voice"
5329,"tpTelecom_Price_Retail_Fixed_International","Price regulation of retail international voice services",,,207,"SYC","Seychelles","With price control",2020,"","","International retail voice"
5329,"tpTelecom_Price_Retail_Fixed_International","Price regulation of retail international voice services",,,207,"SYC","Seychelles","With price control",2021,"","","International retail voice"
5329,"tpTelecom_Price_Retail_Fixed_International","Price regulation of retail international voice services",,,207,"SYC","Seychelles","With price control",2022,"","","International retail voice"
5329,"tpTelecom_Price_Retail_Fixed_International","Price regulation of retail international voice services",,,207,"SYC","Seychelles","With price control",2023,"","","International retail voice"
5329,"tpTelecom_Price_Retail_Fixed_International","Price regulation of retail international voice services",,,207,"SYC","Seychelles","With price control",2024,"","","International retail voice"
5329,"tpTelecom_Price_Retail_Fixed_International","Price regulation of retail international voice services",,,209,"SLB","Solomon Islands","With price control",2014,"","","International retail voice"
5329,"tpTelecom_Price_Retail_Fixed_International","Price regulation of retail international voice services",,,209,"SLB","Solomon Islands","Without price control",2018,"","","International retail voice"
5329,"tpTelecom_Price_Retail_Fixed_International","Price regulation of retail international voice services",,,210,"SLV","El Salvador","With price control",2009,"","","International retail voice"
5329,"tpTelecom_Price_Retail_Fixed_International","Price regulation of retail international voice services",,,210,"SLV","El Salvador","With price control",2010,"","","International retail voice"
5329,"tpTelecom_Price_Retail_Fixed_International","Price regulation of retail international voice services",,,210,"SLV","El Salvador","Without price control",2011,"","","International retail voice"
5329,"tpTelecom_Price_Retail_Fixed_International","Price regulation of retail international voice services",,,210,"SLV","El Salvador","Without price control",2012,"","","International retail voice"
5329,"tpTelecom_Price_Retail_Fixed_International","Price regulation of retail international voice services",,,210,"SLV","El Salvador","With price control",2013,"","","International retail voice"
5329,"tpTelecom_Price_Retail_Fixed_International","Price regulation of retail international voice services",,,210,"SLV","El Salvador","Without price control",2015,"","","International retail voice"
5329,"tpTelecom_Price_Retail_Fixed_International","Price regulation of retail international voice services",,,210,"SLV","El Salvador","Without price control",2016,"","","International retail voice"
5329,"tpTelecom_Price_Retail_Fixed_International","Price regulation of retail international voice services",,,210,"SLV","El Salvador","Without price control",2017,"","","International retail voice"
5329,"tpTelecom_Price_Retail_Fixed_International","Price regulation of retail international voice services",,,210,"SLV","El Salvador","Without price control",2019,"","","International retail voice"
5329,"tpTelecom_Price_Retail_Fixed_International","Price regulation of retail international voice services",,,210,"SLV","El Salvador","Without price control",2020,"","","International retail voice"
5329,"tpTelecom_Price_Retail_Fixed_International","Price regulation of retail international voice services",,,210,"SLV","El Salvador","Without price control",2021,"","","International retail voice"
5329,"tpTelecom_Price_Retail_Fixed_International","Price regulation of retail international voice services",,,210,"SLV","El Salvador","Without price control",2022,"","","International retail voice"
5329,"tpTelecom_Price_Retail_Fixed_International","Price regulation of retail international voice services",,,210,"SLV","El Salvador","Without price control",2023,"","","International retail voice"
5329,"tpTelecom_Price_Retail_Fixed_International","Price regulation of retail international voice services",,,212,"WSM","Samoa","Without price control",2011,"","","International retail voice"
5329,"tpTelecom_Price_Retail_Fixed_International","Price regulation of retail international voice services",,,212,"WSM","Samoa","Without price control",2013,"","","International retail voice"
5329,"tpTelecom_Price_Retail_Fixed_International","Price regulation of retail international voice services",,,212,"WSM","Samoa","Without price control",2014,"","","International retail voice"
5329,"tpTelecom_Price_Retail_Fixed_International","Price regulation of retail international voice services",,,212,"WSM","Samoa","With price control",2017,"","","International retail voice"
5329,"tpTelecom_Price_Retail_Fixed_International","Price regulation of retail international voice services",,,212,"WSM","Samoa","With price control",2018,"","","International retail voice"
5329,"tpTelecom_Price_Retail_Fixed_International","Price regulation of retail international voice services",,,212,"WSM","Samoa","With price control",2019,"","","International retail voice"
5329,"tpTelecom_Price_Retail_Fixed_International","Price regulation of retail international voice services",,,212,"WSM","Samoa","With price control",2020,"","","International retail voice"
5329,"tpTelecom_Price_Retail_Fixed_International","Price regulation of retail international voice services",,,212,"WSM","Samoa","With price control",2021,"","","International retail voice"
5329,"tpTelecom_Price_Retail_Fixed_International","Price regulation of retail international voice services",,,212,"WSM","Samoa","With price control",2022,"","","International retail voice"
5329,"tpTelecom_Price_Retail_Fixed_International","Price regulation of retail international voice services",,,212,"WSM","Samoa","With price control",2023,"","","International retail voice"
5329,"tpTelecom_Price_Retail_Fixed_International","Price regulation of retail international voice services",,,212,"WSM","Samoa","With price control",2024,"","","International retail voice"
5329,"tpTelecom_Price_Retail_Fixed_International","Price regulation of retail international voice services",,,214,"SGP","Singapore","Without price control",2011,"","","International retail voice"
5329,"tpTelecom_Price_Retail_Fixed_International","Price regulation of retail international voice services",,,214,"SGP","Singapore","Without price control",2012,"","","International retail voice"
5329,"tpTelecom_Price_Retail_Fixed_International","Price regulation of retail international voice services",,,214,"SGP","Singapore","Without price control",2013,"","","International retail voice"
5329,"tpTelecom_Price_Retail_Fixed_International","Price regulation of retail international voice services",,,214,"SGP","Singapore","Without price control",2014,"","","International retail voice"
5329,"tpTelecom_Price_Retail_Fixed_International","Price regulation of retail international voice services",,,214,"SGP","Singapore","Without price control",2015,"","","International retail voice"
5329,"tpTelecom_Price_Retail_Fixed_International","Price regulation of retail international voice services",,,215,"SOM","Somalia","With price control",2018,"","","International retail voice"
5329,"tpTelecom_Price_Retail_Fixed_International","Price regulation of retail international voice services",,,215,"SOM","Somalia","Without price control",2019,"","","International retail voice"
5329,"tpTelecom_Price_Retail_Fixed_International","Price regulation of retail international voice services",,,215,"SOM","Somalia","Without price control",2020,"","","International retail voice"
5329,"tpTelecom_Price_Retail_Fixed_International","Price regulation of retail international voice services",,,215,"SOM","Somalia","Without price control",2021,"","","International retail voice"
5329,"tpTelecom_Price_Retail_Fixed_International","Price regulation of retail international voice services",,,215,"SOM","Somalia","Without price control",2023,"","","International retail voice"
5329,"tpTelecom_Price_Retail_Fixed_International","Price regulation of retail international voice services",,,215,"SOM","Somalia","Without price control",2024,"","","International retail voice"
5329,"tpTelecom_Price_Retail_Fixed_International","Price regulation of retail international voice services",,,217,"SLE","Sierra Leone","Without price control",2012,"","","International retail voice"
5329,"tpTelecom_Price_Retail_Fixed_International","Price regulation of retail international voice services",,,217,"SLE","Sierra Leone","With price control",2013,"","","International retail voice"
5329,"tpTelecom_Price_Retail_Fixed_International","Price regulation of retail international voice services",,,217,"SLE","Sierra Leone","Without price control",2014,"","","International retail voice"
5329,"tpTelecom_Price_Retail_Fixed_International","Price regulation of retail international voice services",,,217,"SLE","Sierra Leone","Without price control",2015,"","","International retail voice"
5329,"tpTelecom_Price_Retail_Fixed_International","Price regulation of retail international voice services",,,217,"SLE","Sierra Leone","With price control",2016,"","","International retail voice"
5329,"tpTelecom_Price_Retail_Fixed_International","Price regulation of retail international voice services",,,217,"SLE","Sierra Leone","With price control",2021,"","","International retail voice"
5329,"tpTelecom_Price_Retail_Fixed_International","Price regulation of retail international voice services",,,217,"SLE","Sierra Leone","With price control",2022,"","","International retail voice"
5329,"tpTelecom_Price_Retail_Fixed_International","Price regulation of retail international voice services",,,218,"STP","Sao Tome and Principe","With price control",2011,"","","International retail voice"
5329,"tpTelecom_Price_Retail_Fixed_International","Price regulation of retail international voice services",,,218,"STP","Sao Tome and Principe","Without price control",2012,"","","International retail voice"
5329,"tpTelecom_Price_Retail_Fixed_International","Price regulation of retail international voice services",,,218,"STP","Sao Tome and Principe","With price control",2013,"","","International retail voice"
5329,"tpTelecom_Price_Retail_Fixed_International","Price regulation of retail international voice services",,,218,"STP","Sao Tome and Principe","Without price control",2014,"","","International retail voice"
5329,"tpTelecom_Price_Retail_Fixed_International","Price regulation of retail international voice services",,,218,"STP","Sao Tome and Principe","Without price control",2015,"","","International retail voice"
5329,"tpTelecom_Price_Retail_Fixed_International","Price regulation of retail international voice services",,,218,"STP","Sao Tome and Principe","With price control",2016,"","","International retail voice"
5329,"tpTelecom_Price_Retail_Fixed_International","Price regulation of retail international voice services",,,218,"STP","Sao Tome and Principe","Without price control",2017,"","","International retail voice"
5329,"tpTelecom_Price_Retail_Fixed_International","Price regulation of retail international voice services",,,218,"STP","Sao Tome and Principe","Without price control",2019,"","","International retail voice"
5329,"tpTelecom_Price_Retail_Fixed_International","Price regulation of retail international voice services",,,218,"STP","Sao Tome and Principe","Without price control",2020,"","","International retail voice"
5329,"tpTelecom_Price_Retail_Fixed_International","Price regulation of retail international voice services",,,218,"STP","Sao Tome and Principe","Without price control",2021,"","","International retail voice"
5329,"tpTelecom_Price_Retail_Fixed_International","Price regulation of retail international voice services",,,218,"STP","Sao Tome and Principe","Without price control",2022,"","","International retail voice"
5329,"tpTelecom_Price_Retail_Fixed_International","Price regulation of retail international voice services",,,219,"CHE","Switzerland","Without price control",2009,"","","International retail voice"
5329,"tpTelecom_Price_Retail_Fixed_International","Price regulation of retail international voice services",,,219,"CHE","Switzerland","Without price control",2010,"","","International retail voice"
5329,"tpTelecom_Price_Retail_Fixed_International","Price regulation of retail international voice services",,,219,"CHE","Switzerland","Without price control",2011,"","","International retail voice"
5329,"tpTelecom_Price_Retail_Fixed_International","Price regulation of retail international voice services",,,219,"CHE","Switzerland","Without price control",2012,"","","International retail voice"
5329,"tpTelecom_Price_Retail_Fixed_International","Price regulation of retail international voice services",,,219,"CHE","Switzerland","Without price control",2013,"","","International retail voice"
5329,"tpTelecom_Price_Retail_Fixed_International","Price regulation of retail international voice services",,,219,"CHE","Switzerland","Without price control",2014,"","","International retail voice"
5329,"tpTelecom_Price_Retail_Fixed_International","Price regulation of retail international voice services",,,219,"CHE","Switzerland","Without price control",2015,"","","International retail voice"
5329,"tpTelecom_Price_Retail_Fixed_International","Price regulation of retail international voice services",,,219,"CHE","Switzerland","Without price control",2016,"","","International retail voice"
5329,"tpTelecom_Price_Retail_Fixed_International","Price regulation of retail international voice services",,,219,"CHE","Switzerland","Without price control",2017,"","","International retail voice"
5329,"tpTelecom_Price_Retail_Fixed_International","Price regulation of retail international voice services",,,219,"CHE","Switzerland","Without price control",2018,"","","International retail voice"
5329,"tpTelecom_Price_Retail_Fixed_International","Price regulation of retail international voice services",,,219,"CHE","Switzerland","Without price control",2019,"","","International retail voice"
5329,"tpTelecom_Price_Retail_Fixed_International","Price regulation of retail international voice services",,,219,"CHE","Switzerland","Without price control",2020,"","","International retail voice"
5329,"tpTelecom_Price_Retail_Fixed_International","Price regulation of retail international voice services",,,219,"CHE","Switzerland","Without price control",2021,"","","International retail voice"
5329,"tpTelecom_Price_Retail_Fixed_International","Price regulation of retail international voice services",,,219,"CHE","Switzerland","Without price control",2022,"","","International retail voice"
5329,"tpTelecom_Price_Retail_Fixed_International","Price regulation of retail international voice services",,,219,"CHE","Switzerland","Without price control",2023,"","","International retail voice"
5329,"tpTelecom_Price_Retail_Fixed_International","Price regulation of retail international voice services",,,219,"CHE","Switzerland","Without price control",2024,"","","International retail voice"
5329,"tpTelecom_Price_Retail_Fixed_International","Price regulation of retail international voice services",,,220,"SUR","Suriname","Without price control",2010,"","","International retail voice"
5329,"tpTelecom_Price_Retail_Fixed_International","Price regulation of retail international voice services",,,220,"SUR","Suriname","Without price control",2011,"","","International retail voice"
5329,"tpTelecom_Price_Retail_Fixed_International","Price regulation of retail international voice services",,,220,"SUR","Suriname","Without price control",2012,"","","International retail voice"
5329,"tpTelecom_Price_Retail_Fixed_International","Price regulation of retail international voice services",,,220,"SUR","Suriname","Without price control",2013,"","","International retail voice"
5329,"tpTelecom_Price_Retail_Fixed_International","Price regulation of retail international voice services",,,220,"SUR","Suriname","Without price control",2014,"","","International retail voice"
5329,"tpTelecom_Price_Retail_Fixed_International","Price regulation of retail international voice services",,,220,"SUR","Suriname","Without price control",2015,"","","International retail voice"
5329,"tpTelecom_Price_Retail_Fixed_International","Price regulation of retail international voice services",,,220,"SUR","Suriname","Without price control",2016,"","","International retail voice"
5329,"tpTelecom_Price_Retail_Fixed_International","Price regulation of retail international voice services",,,220,"SUR","Suriname","Without price control",2017,"","","International retail voice"
5329,"tpTelecom_Price_Retail_Fixed_International","Price regulation of retail international voice services",,,220,"SUR","Suriname","Without price control",2018,"","","International retail voice"
5329,"tpTelecom_Price_Retail_Fixed_International","Price regulation of retail international voice services",,,220,"SUR","Suriname","Without price control",2019,"","","International retail voice"
5329,"tpTelecom_Price_Retail_Fixed_International","Price regulation of retail international voice services",,,220,"SUR","Suriname","Without price control",2020,"","","International retail voice"
5329,"tpTelecom_Price_Retail_Fixed_International","Price regulation of retail international voice services",,,220,"SUR","Suriname","Without price control",2021,"","","International retail voice"
5329,"tpTelecom_Price_Retail_Fixed_International","Price regulation of retail international voice services",,,220,"SUR","Suriname","Without price control",2022,"","","International retail voice"
5329,"tpTelecom_Price_Retail_Fixed_International","Price regulation of retail international voice services",,,220,"SUR","Suriname","Without price control",2023,"","","International retail voice"
5329,"tpTelecom_Price_Retail_Fixed_International","Price regulation of retail international voice services",,,220,"SUR","Suriname","Without price control",2024,"","","International retail voice"
5329,"tpTelecom_Price_Retail_Fixed_International","Price regulation of retail international voice services",,,221,"SVN","Slovenia","Without price control",2012,"","","International retail voice"
5329,"tpTelecom_Price_Retail_Fixed_International","Price regulation of retail international voice services",,,221,"SVN","Slovenia","Without price control",2013,"","","International retail voice"
5329,"tpTelecom_Price_Retail_Fixed_International","Price regulation of retail international voice services",,,221,"SVN","Slovenia","Without price control",2014,"","","International retail voice"
5329,"tpTelecom_Price_Retail_Fixed_International","Price regulation of retail international voice services",,,221,"SVN","Slovenia","Without price control",2015,"","","International retail voice"
5329,"tpTelecom_Price_Retail_Fixed_International","Price regulation of retail international voice services",,,221,"SVN","Slovenia","Without price control",2016,"","","International retail voice"
5329,"tpTelecom_Price_Retail_Fixed_International","Price regulation of retail international voice services",,,221,"SVN","Slovenia","Without price control",2017,"","","International retail voice"
5329,"tpTelecom_Price_Retail_Fixed_International","Price regulation of retail international voice services",,,221,"SVN","Slovenia","Without price control",2018,"","","International retail voice"
5329,"tpTelecom_Price_Retail_Fixed_International","Price regulation of retail international voice services",,,221,"SVN","Slovenia","Without price control",2019,"","","International retail voice"
5329,"tpTelecom_Price_Retail_Fixed_International","Price regulation of retail international voice services",,,221,"SVN","Slovenia","Without price control",2020,"","","International retail voice"
5329,"tpTelecom_Price_Retail_Fixed_International","Price regulation of retail international voice services",,,221,"SVN","Slovenia","Without price control",2021,"","","International retail voice"
5329,"tpTelecom_Price_Retail_Fixed_International","Price regulation of retail international voice services",,,221,"SVN","Slovenia","Without price control",2022,"","","International retail voice"
5329,"tpTelecom_Price_Retail_Fixed_International","Price regulation of retail international voice services",,,221,"SVN","Slovenia","Without price control",2023,"","","International retail voice"
5329,"tpTelecom_Price_Retail_Fixed_International","Price regulation of retail international voice services",,,221,"SVN","Slovenia","Without price control",2024,"","","International retail voice"
5329,"tpTelecom_Price_Retail_Fixed_International","Price regulation of retail international voice services",,,223,"SWZ","Eswatini","With price control",2009,"","","International retail voice"
5329,"tpTelecom_Price_Retail_Fixed_International","Price regulation of retail international voice services",,,223,"SWZ","Eswatini","With price control",2010,"","","International retail voice"
5329,"tpTelecom_Price_Retail_Fixed_International","Price regulation of retail international voice services",,,223,"SWZ","Eswatini","Without price control",2011,"","","International retail voice"
5329,"tpTelecom_Price_Retail_Fixed_International","Price regulation of retail international voice services",,,223,"SWZ","Eswatini","With price control",2017,"","","International retail voice"
5329,"tpTelecom_Price_Retail_Fixed_International","Price regulation of retail international voice services",,,223,"SWZ","Eswatini","With price control",2018,"","","International retail voice"
5329,"tpTelecom_Price_Retail_Fixed_International","Price regulation of retail international voice services",,,223,"SWZ","Eswatini","With price control",2019,"","","International retail voice"
5329,"tpTelecom_Price_Retail_Fixed_International","Price regulation of retail international voice services",,,223,"SWZ","Eswatini","With price control",2020,"","","International retail voice"
5329,"tpTelecom_Price_Retail_Fixed_International","Price regulation of retail international voice services",,,223,"SWZ","Eswatini","With price control",2021,"","","International retail voice"
5329,"tpTelecom_Price_Retail_Fixed_International","Price regulation of retail international voice services",,,223,"SWZ","Eswatini","With price control",2022,"","","International retail voice"
5329,"tpTelecom_Price_Retail_Fixed_International","Price regulation of retail international voice services",,,223,"SWZ","Eswatini","With price control",2023,"","","International retail voice"
5329,"tpTelecom_Price_Retail_Fixed_International","Price regulation of retail international voice services",,,223,"SWZ","Eswatini","With price control",2024,"","","International retail voice"
5329,"tpTelecom_Price_Retail_Fixed_International","Price regulation of retail international voice services",,,224,"SYR","Syrian Arab Republic","With price control",2018,"","","International retail voice"
5329,"tpTelecom_Price_Retail_Fixed_International","Price regulation of retail international voice services",,,224,"SYR","Syrian Arab Republic","With price control",2019,"","","International retail voice"
5329,"tpTelecom_Price_Retail_Fixed_International","Price regulation of retail international voice services",,,224,"SYR","Syrian Arab Republic","With price control",2020,"","","International retail voice"
5329,"tpTelecom_Price_Retail_Fixed_International","Price regulation of retail international voice services",,,224,"SYR","Syrian Arab Republic","With price control",2021,"","","International retail voice"
5329,"tpTelecom_Price_Retail_Fixed_International","Price regulation of retail international voice services",,,224,"SYR","Syrian Arab Republic","With price control",2022,"","","International retail voice"
5329,"tpTelecom_Price_Retail_Fixed_International","Price regulation of retail international voice services",,,224,"SYR","Syrian Arab Republic","With price control",2023,"","","International retail voice"
5329,"tpTelecom_Price_Retail_Fixed_International","Price regulation of retail international voice services",,,224,"SYR","Syrian Arab Republic","With price control",2024,"","","International retail voice"
5329,"tpTelecom_Price_Retail_Fixed_International","Price regulation of retail international voice services",,,226,"TCD","Chad","With price control",2010,"","","International retail voice"
5329,"tpTelecom_Price_Retail_Fixed_International","Price regulation of retail international voice services",,,226,"TCD","Chad","With price control",2011,"","","International retail voice"
5329,"tpTelecom_Price_Retail_Fixed_International","Price regulation of retail international voice services",,,226,"TCD","Chad","With price control",2012,"","","International retail voice"
5329,"tpTelecom_Price_Retail_Fixed_International","Price regulation of retail international voice services",,,226,"TCD","Chad","With price control",2021,"","","International retail voice"
5329,"tpTelecom_Price_Retail_Fixed_International","Price regulation of retail international voice services",,,227,"CZE","Czech Republic","Without price control",2009,"","","International retail voice"
5329,"tpTelecom_Price_Retail_Fixed_International","Price regulation of retail international voice services",,,227,"CZE","Czech Republic","Without price control",2010,"","","International retail voice"
5329,"tpTelecom_Price_Retail_Fixed_International","Price regulation of retail international voice services",,,227,"CZE","Czech Republic","Without price control",2011,"","","International retail voice"
5329,"tpTelecom_Price_Retail_Fixed_International","Price regulation of retail international voice services",,,227,"CZE","Czech Republic","Without price control",2012,"","","International retail voice"
5329,"tpTelecom_Price_Retail_Fixed_International","Price regulation of retail international voice services",,,227,"CZE","Czech Republic","Without price control",2013,"","","International retail voice"
5329,"tpTelecom_Price_Retail_Fixed_International","Price regulation of retail international voice services",,,227,"CZE","Czech Republic","Without price control",2014,"","","International retail voice"
5329,"tpTelecom_Price_Retail_Fixed_International","Price regulation of retail international voice services",,,227,"CZE","Czech Republic","Without price control",2016,"","","International retail voice"
5329,"tpTelecom_Price_Retail_Fixed_International","Price regulation of retail international voice services",,,227,"CZE","Czech Republic","Without price control",2017,"","","International retail voice"
5329,"tpTelecom_Price_Retail_Fixed_International","Price regulation of retail international voice services",,,227,"CZE","Czech Republic","Without price control",2018,"","","International retail voice"
5329,"tpTelecom_Price_Retail_Fixed_International","Price regulation of retail international voice services",,,227,"CZE","Czech Republic","With price control",2019,"","","International retail voice"
5329,"tpTelecom_Price_Retail_Fixed_International","Price regulation of retail international voice services",,,227,"CZE","Czech Republic","With price control",2020,"","","International retail voice"
5329,"tpTelecom_Price_Retail_Fixed_International","Price regulation of retail international voice services",,,227,"CZE","Czech Republic","With price control",2021,"","","International retail voice"
5329,"tpTelecom_Price_Retail_Fixed_International","Price regulation of retail international voice services",,,227,"CZE","Czech Republic","With price control",2022,"","","International retail voice"
5329,"tpTelecom_Price_Retail_Fixed_International","Price regulation of retail international voice services",,,227,"CZE","Czech Republic","With price control",2023,"","","International retail voice"
5329,"tpTelecom_Price_Retail_Fixed_International","Price regulation of retail international voice services",,,227,"CZE","Czech Republic","With price control",2024,"","","International retail voice"
5329,"tpTelecom_Price_Retail_Fixed_International","Price regulation of retail international voice services",,,228,"TGO","Togo","With price control",2010,"","","International retail voice"
5329,"tpTelecom_Price_Retail_Fixed_International","Price regulation of retail international voice services",,,228,"TGO","Togo","Without price control",2011,"","","International retail voice"
5329,"tpTelecom_Price_Retail_Fixed_International","Price regulation of retail international voice services",,,228,"TGO","Togo","With price control",2012,"","","International retail voice"
5329,"tpTelecom_Price_Retail_Fixed_International","Price regulation of retail international voice services",,,228,"TGO","Togo","With price control",2013,"","","International retail voice"
5329,"tpTelecom_Price_Retail_Fixed_International","Price regulation of retail international voice services",,,228,"TGO","Togo","With price control",2014,"","","International retail voice"
5329,"tpTelecom_Price_Retail_Fixed_International","Price regulation of retail international voice services",,,228,"TGO","Togo","With price control",2015,"","","International retail voice"
5329,"tpTelecom_Price_Retail_Fixed_International","Price regulation of retail international voice services",,,228,"TGO","Togo","With price control",2016,"","","International retail voice"
5329,"tpTelecom_Price_Retail_Fixed_International","Price regulation of retail international voice services",,,228,"TGO","Togo","With price control",2017,"","","International retail voice"
5329,"tpTelecom_Price_Retail_Fixed_International","Price regulation of retail international voice services",,,228,"TGO","Togo","With price control",2018,"","","International retail voice"
5329,"tpTelecom_Price_Retail_Fixed_International","Price regulation of retail international voice services",,,228,"TGO","Togo","With price control",2019,"","","International retail voice"
5329,"tpTelecom_Price_Retail_Fixed_International","Price regulation of retail international voice services",,,228,"TGO","Togo","With price control",2020,"","","International retail voice"
5329,"tpTelecom_Price_Retail_Fixed_International","Price regulation of retail international voice services",,,228,"TGO","Togo","With price control",2021,"","","International retail voice"
5329,"tpTelecom_Price_Retail_Fixed_International","Price regulation of retail international voice services",,,228,"TGO","Togo","With price control",2022,"","","International retail voice"
5329,"tpTelecom_Price_Retail_Fixed_International","Price regulation of retail international voice services",,,228,"TGO","Togo","Without price control",2024,"","","International retail voice"
5329,"tpTelecom_Price_Retail_Fixed_International","Price regulation of retail international voice services",,,229,"THA","Thailand","With price control",2010,"","","International retail voice"
5329,"tpTelecom_Price_Retail_Fixed_International","Price regulation of retail international voice services",,,229,"THA","Thailand","With price control",2011,"","","International retail voice"
5329,"tpTelecom_Price_Retail_Fixed_International","Price regulation of retail international voice services",,,229,"THA","Thailand","Without price control",2012,"","","International retail voice"
5329,"tpTelecom_Price_Retail_Fixed_International","Price regulation of retail international voice services",,,229,"THA","Thailand","Without price control",2018,"","","International retail voice"
5329,"tpTelecom_Price_Retail_Fixed_International","Price regulation of retail international voice services",,,229,"THA","Thailand","With price control",2019,"","","International retail voice"
5329,"tpTelecom_Price_Retail_Fixed_International","Price regulation of retail international voice services",,,232,"TON","Tonga","Without price control",2009,"","","International retail voice"
5329,"tpTelecom_Price_Retail_Fixed_International","Price regulation of retail international voice services",,,232,"TON","Tonga","Without price control",2018,"","","International retail voice"
5329,"tpTelecom_Price_Retail_Fixed_International","Price regulation of retail international voice services",,,232,"TON","Tonga","Without price control",2019,"","","International retail voice"
5329,"tpTelecom_Price_Retail_Fixed_International","Price regulation of retail international voice services",,,232,"TON","Tonga","Without price control",2021,"","","International retail voice"
5329,"tpTelecom_Price_Retail_Fixed_International","Price regulation of retail international voice services",,,232,"TON","Tonga","Without price control",2022,"","","International retail voice"
5329,"tpTelecom_Price_Retail_Fixed_International","Price regulation of retail international voice services",,,234,"TTO","Trinidad and Tobago","Without price control",2010,"","","International retail voice"
5329,"tpTelecom_Price_Retail_Fixed_International","Price regulation of retail international voice services",,,234,"TTO","Trinidad and Tobago","With price control",2011,"","","International retail voice"
5329,"tpTelecom_Price_Retail_Fixed_International","Price regulation of retail international voice services",,,234,"TTO","Trinidad and Tobago","With price control",2012,"","","International retail voice"
5329,"tpTelecom_Price_Retail_Fixed_International","Price regulation of retail international voice services",,,234,"TTO","Trinidad and Tobago","With price control",2013,"","","International retail voice"
5329,"tpTelecom_Price_Retail_Fixed_International","Price regulation of retail international voice services",,,234,"TTO","Trinidad and Tobago","Without price control",2014,"","","International retail voice"
5329,"tpTelecom_Price_Retail_Fixed_International","Price regulation of retail international voice services",,,234,"TTO","Trinidad and Tobago","Without price control",2015,"","","International retail voice"
5329,"tpTelecom_Price_Retail_Fixed_International","Price regulation of retail international voice services",,,234,"TTO","Trinidad and Tobago","Without price control",2016,"","","International retail voice"
5329,"tpTelecom_Price_Retail_Fixed_International","Price regulation of retail international voice services",,,234,"TTO","Trinidad and Tobago","Without price control",2017,"","","International retail voice"
5329,"tpTelecom_Price_Retail_Fixed_International","Price regulation of retail international voice services",,,234,"TTO","Trinidad and Tobago","Without price control",2018,"","","International retail voice"
5329,"tpTelecom_Price_Retail_Fixed_International","Price regulation of retail international voice services",,,234,"TTO","Trinidad and Tobago","Without price control",2019,"","","International retail voice"
5329,"tpTelecom_Price_Retail_Fixed_International","Price regulation of retail international voice services",,,234,"TTO","Trinidad and Tobago","Without price control",2020,"","","International retail voice"
5329,"tpTelecom_Price_Retail_Fixed_International","Price regulation of retail international voice services",,,234,"TTO","Trinidad and Tobago","Without price control",2021,"","","International retail voice"
5329,"tpTelecom_Price_Retail_Fixed_International","Price regulation of retail international voice services",,,234,"TTO","Trinidad and Tobago","Without price control",2022,"","","International retail voice"
5329,"tpTelecom_Price_Retail_Fixed_International","Price regulation of retail international voice services",,,234,"TTO","Trinidad and Tobago","Without price control",2023,"","","International retail voice"
5329,"tpTelecom_Price_Retail_Fixed_International","Price regulation of retail international voice services",,,234,"TTO","Trinidad and Tobago","Without price control",2024,"","","International retail voice"
5329,"tpTelecom_Price_Retail_Fixed_International","Price regulation of retail international voice services",,,235,"TUN","Tunisia","With price control",2011,"","","International retail voice"
5329,"tpTelecom_Price_Retail_Fixed_International","Price regulation of retail international voice services",,,235,"TUN","Tunisia","With price control",2012,"","","International retail voice"
5329,"tpTelecom_Price_Retail_Fixed_International","Price regulation of retail international voice services",,,235,"TUN","Tunisia","With price control",2013,"","","International retail voice"
5329,"tpTelecom_Price_Retail_Fixed_International","Price regulation of retail international voice services",,,235,"TUN","Tunisia","With price control",2014,"","","International retail voice"
5329,"tpTelecom_Price_Retail_Fixed_International","Price regulation of retail international voice services",,,235,"TUN","Tunisia","With price control",2015,"","","International retail voice"
5329,"tpTelecom_Price_Retail_Fixed_International","Price regulation of retail international voice services",,,235,"TUN","Tunisia","With price control",2016,"","","International retail voice"
5329,"tpTelecom_Price_Retail_Fixed_International","Price regulation of retail international voice services",,,235,"TUN","Tunisia","With price control",2017,"","","International retail voice"
5329,"tpTelecom_Price_Retail_Fixed_International","Price regulation of retail international voice services",,,235,"TUN","Tunisia","With price control",2018,"","","International retail voice"
5329,"tpTelecom_Price_Retail_Fixed_International","Price regulation of retail international voice services",,,235,"TUN","Tunisia","With price control",2019,"","","International retail voice"
5329,"tpTelecom_Price_Retail_Fixed_International","Price regulation of retail international voice services",,,235,"TUN","Tunisia","With price control",2020,"","","International retail voice"
5329,"tpTelecom_Price_Retail_Fixed_International","Price regulation of retail international voice services",,,235,"TUN","Tunisia","With price control",2021,"","","International retail voice"
5329,"tpTelecom_Price_Retail_Fixed_International","Price regulation of retail international voice services",,,235,"TUN","Tunisia","With price control",2022,"","","International retail voice"
5329,"tpTelecom_Price_Retail_Fixed_International","Price regulation of retail international voice services",,,235,"TUN","Tunisia","With price control",2023,"","","International retail voice"
5329,"tpTelecom_Price_Retail_Fixed_International","Price regulation of retail international voice services",,,235,"TUN","Tunisia","With price control",2024,"","","International retail voice"
5329,"tpTelecom_Price_Retail_Fixed_International","Price regulation of retail international voice services",,,236,"TUR","Türkiye","With price control",2009,"","","International retail voice"
5329,"tpTelecom_Price_Retail_Fixed_International","Price regulation of retail international voice services",,,236,"TUR","Türkiye","With price control",2010,"","","International retail voice"
5329,"tpTelecom_Price_Retail_Fixed_International","Price regulation of retail international voice services",,,236,"TUR","Türkiye","With price control",2011,"","","International retail voice"
5329,"tpTelecom_Price_Retail_Fixed_International","Price regulation of retail international voice services",,,236,"TUR","Türkiye","With price control",2012,"","","International retail voice"
5329,"tpTelecom_Price_Retail_Fixed_International","Price regulation of retail international voice services",,,236,"TUR","Türkiye","With price control",2013,"","","International retail voice"
5329,"tpTelecom_Price_Retail_Fixed_International","Price regulation of retail international voice services",,,236,"TUR","Türkiye","Without price control",2014,"","","International retail voice"
5329,"tpTelecom_Price_Retail_Fixed_International","Price regulation of retail international voice services",,,236,"TUR","Türkiye","Without price control",2015,"","","International retail voice"
5329,"tpTelecom_Price_Retail_Fixed_International","Price regulation of retail international voice services",,,236,"TUR","Türkiye","Without price control",2016,"","","International retail voice"
5329,"tpTelecom_Price_Retail_Fixed_International","Price regulation of retail international voice services",,,236,"TUR","Türkiye","Without price control",2017,"","","International retail voice"
5329,"tpTelecom_Price_Retail_Fixed_International","Price regulation of retail international voice services",,,236,"TUR","Türkiye","Without price control",2018,"","","International retail voice"
5329,"tpTelecom_Price_Retail_Fixed_International","Price regulation of retail international voice services",,,236,"TUR","Türkiye","Without price control",2019,"","","International retail voice"
5329,"tpTelecom_Price_Retail_Fixed_International","Price regulation of retail international voice services",,,236,"TUR","Türkiye","Without price control",2020,"","","International retail voice"
5329,"tpTelecom_Price_Retail_Fixed_International","Price regulation of retail international voice services",,,236,"TUR","Türkiye","Without price control",2021,"","","International retail voice"
5329,"tpTelecom_Price_Retail_Fixed_International","Price regulation of retail international voice services",,,236,"TUR","Türkiye","Without price control",2022,"","","International retail voice"
5329,"tpTelecom_Price_Retail_Fixed_International","Price regulation of retail international voice services",,,236,"TUR","Türkiye","Without price control",2023,"","","International retail voice"
5329,"tpTelecom_Price_Retail_Fixed_International","Price regulation of retail international voice services",,,236,"TUR","Türkiye","Without price control",2024,"","","International retail voice"
5329,"tpTelecom_Price_Retail_Fixed_International","Price regulation of retail international voice services",,,237,"TUV","Tuvalu","Without price control",2014,"","","International retail voice"
5329,"tpTelecom_Price_Retail_Fixed_International","Price regulation of retail international voice services",,,237,"TUV","Tuvalu","Without price control",2015,"","","International retail voice"
5329,"tpTelecom_Price_Retail_Fixed_International","Price regulation of retail international voice services",,,237,"TUV","Tuvalu","Without price control",2019,"","","International retail voice"
5329,"tpTelecom_Price_Retail_Fixed_International","Price regulation of retail international voice services",,,238,"TZA","Tanzania","Without price control",2009,"","","International retail voice"
5329,"tpTelecom_Price_Retail_Fixed_International","Price regulation of retail international voice services",,,238,"TZA","Tanzania","Without price control",2010,"","","International retail voice"
5329,"tpTelecom_Price_Retail_Fixed_International","Price regulation of retail international voice services",,,238,"TZA","Tanzania","Without price control",2013,"","","International retail voice"
5329,"tpTelecom_Price_Retail_Fixed_International","Price regulation of retail international voice services",,,238,"TZA","Tanzania","Without price control",2015,"","","International retail voice"
5329,"tpTelecom_Price_Retail_Fixed_International","Price regulation of retail international voice services",,,238,"TZA","Tanzania","Without price control",2017,"","","International retail voice"
5329,"tpTelecom_Price_Retail_Fixed_International","Price regulation of retail international voice services",,,238,"TZA","Tanzania","Without price control",2019,"","","International retail voice"
5329,"tpTelecom_Price_Retail_Fixed_International","Price regulation of retail international voice services",,,238,"TZA","Tanzania","Without price control",2020,"","","International retail voice"
5329,"tpTelecom_Price_Retail_Fixed_International","Price regulation of retail international voice services",,,238,"TZA","Tanzania","Without price control",2021,"","","International retail voice"
5329,"tpTelecom_Price_Retail_Fixed_International","Price regulation of retail international voice services",,,238,"TZA","Tanzania","Without price control",2022,"","","International retail voice"
5329,"tpTelecom_Price_Retail_Fixed_International","Price regulation of retail international voice services",,,238,"TZA","Tanzania","Without price control",2023,"","","International retail voice"
5329,"tpTelecom_Price_Retail_Fixed_International","Price regulation of retail international voice services",,,238,"TZA","Tanzania","Without price control",2024,"","","International retail voice"
5329,"tpTelecom_Price_Retail_Fixed_International","Price regulation of retail international voice services",,,239,"ARE","United Arab Emirates","With price control",2009,"","","International retail voice"
5329,"tpTelecom_Price_Retail_Fixed_International","Price regulation of retail international voice services",,,239,"ARE","United Arab Emirates","With price control",2011,"","","International retail voice"
5329,"tpTelecom_Price_Retail_Fixed_International","Price regulation of retail international voice services",,,239,"ARE","United Arab Emirates","With price control",2012,"","","International retail voice"
5329,"tpTelecom_Price_Retail_Fixed_International","Price regulation of retail international voice services",,,239,"ARE","United Arab Emirates","With price control",2013,"","","International retail voice"
5329,"tpTelecom_Price_Retail_Fixed_International","Price regulation of retail international voice services",,,239,"ARE","United Arab Emirates","With price control",2014,"","","International retail voice"
5329,"tpTelecom_Price_Retail_Fixed_International","Price regulation of retail international voice services",,,239,"ARE","United Arab Emirates","Without price control",2015,"","","International retail voice"
5329,"tpTelecom_Price_Retail_Fixed_International","Price regulation of retail international voice services",,,239,"ARE","United Arab Emirates","Without price control",2016,"","","International retail voice"
5329,"tpTelecom_Price_Retail_Fixed_International","Price regulation of retail international voice services",,,239,"ARE","United Arab Emirates","With price control",2017,"","","International retail voice"
5329,"tpTelecom_Price_Retail_Fixed_International","Price regulation of retail international voice services",,,239,"ARE","United Arab Emirates","With price control",2018,"","","International retail voice"
5329,"tpTelecom_Price_Retail_Fixed_International","Price regulation of retail international voice services",,,239,"ARE","United Arab Emirates","With price control",2019,"","","International retail voice"
5329,"tpTelecom_Price_Retail_Fixed_International","Price regulation of retail international voice services",,,239,"ARE","United Arab Emirates","With price control",2020,"","","International retail voice"
5329,"tpTelecom_Price_Retail_Fixed_International","Price regulation of retail international voice services",,,239,"ARE","United Arab Emirates","With price control",2021,"","","International retail voice"
5329,"tpTelecom_Price_Retail_Fixed_International","Price regulation of retail international voice services",,,239,"ARE","United Arab Emirates","With price control",2022,"","","International retail voice"
5329,"tpTelecom_Price_Retail_Fixed_International","Price regulation of retail international voice services",,,239,"ARE","United Arab Emirates","With price control",2023,"","","International retail voice"
5329,"tpTelecom_Price_Retail_Fixed_International","Price regulation of retail international voice services",,,239,"ARE","United Arab Emirates","With price control",2024,"","","International retail voice"
5329,"tpTelecom_Price_Retail_Fixed_International","Price regulation of retail international voice services",,,240,"UGA","Uganda","Without price control",2009,"","","International retail voice"
5329,"tpTelecom_Price_Retail_Fixed_International","Price regulation of retail international voice services",,,240,"UGA","Uganda","Without price control",2010,"","","International retail voice"
5329,"tpTelecom_Price_Retail_Fixed_International","Price regulation of retail international voice services",,,240,"UGA","Uganda","Without price control",2011,"","","International retail voice"
5329,"tpTelecom_Price_Retail_Fixed_International","Price regulation of retail international voice services",,,240,"UGA","Uganda","With price control",2012,"","","International retail voice"
5329,"tpTelecom_Price_Retail_Fixed_International","Price regulation of retail international voice services",,,240,"UGA","Uganda","Without price control",2013,"","","International retail voice"
5329,"tpTelecom_Price_Retail_Fixed_International","Price regulation of retail international voice services",,,240,"UGA","Uganda","Without price control",2017,"","","International retail voice"
5329,"tpTelecom_Price_Retail_Fixed_International","Price regulation of retail international voice services",,,240,"UGA","Uganda","With price control",2018,"","","International retail voice"
5329,"tpTelecom_Price_Retail_Fixed_International","Price regulation of retail international voice services",,,240,"UGA","Uganda","With price control",2019,"","","International retail voice"
5329,"tpTelecom_Price_Retail_Fixed_International","Price regulation of retail international voice services",,,240,"UGA","Uganda","With price control",2020,"","","International retail voice"
5329,"tpTelecom_Price_Retail_Fixed_International","Price regulation of retail international voice services",,,240,"UGA","Uganda","Without price control",2021,"","","International retail voice"
5329,"tpTelecom_Price_Retail_Fixed_International","Price regulation of retail international voice services",,,240,"UGA","Uganda","Without price control",2022,"","","International retail voice"
5329,"tpTelecom_Price_Retail_Fixed_International","Price regulation of retail international voice services",,,240,"UGA","Uganda","Without price control",2023,"","","International retail voice"
5329,"tpTelecom_Price_Retail_Fixed_International","Price regulation of retail international voice services",,,241,"UKR","Ukraine","Without price control",2011,"","","International retail voice"
5329,"tpTelecom_Price_Retail_Fixed_International","Price regulation of retail international voice services",,,241,"UKR","Ukraine","Without price control",2012,"","","International retail voice"
5329,"tpTelecom_Price_Retail_Fixed_International","Price regulation of retail international voice services",,,241,"UKR","Ukraine","Without price control",2013,"","","International retail voice"
5329,"tpTelecom_Price_Retail_Fixed_International","Price regulation of retail international voice services",,,241,"UKR","Ukraine","Without price control",2016,"","","International retail voice"
5329,"tpTelecom_Price_Retail_Fixed_International","Price regulation of retail international voice services",,,241,"UKR","Ukraine","Without price control",2017,"","","International retail voice"
5329,"tpTelecom_Price_Retail_Fixed_International","Price regulation of retail international voice services",,,241,"UKR","Ukraine","Without price control",2018,"","","International retail voice"
5329,"tpTelecom_Price_Retail_Fixed_International","Price regulation of retail international voice services",,,241,"UKR","Ukraine","Without price control",2019,"","","International retail voice"
5329,"tpTelecom_Price_Retail_Fixed_International","Price regulation of retail international voice services",,,241,"UKR","Ukraine","Without price control",2020,"","","International retail voice"
5329,"tpTelecom_Price_Retail_Fixed_International","Price regulation of retail international voice services",,,241,"UKR","Ukraine","Without price control",2021,"","","International retail voice"
5329,"tpTelecom_Price_Retail_Fixed_International","Price regulation of retail international voice services",,,241,"UKR","Ukraine","Without price control",2022,"","","International retail voice"
5329,"tpTelecom_Price_Retail_Fixed_International","Price regulation of retail international voice services",,,241,"UKR","Ukraine","Without price control",2023,"","","International retail voice"
5329,"tpTelecom_Price_Retail_Fixed_International","Price regulation of retail international voice services",,,241,"UKR","Ukraine","Without price control",2024,"","","International retail voice"
5329,"tpTelecom_Price_Retail_Fixed_International","Price regulation of retail international voice services",,,242,"URY","Uruguay","Without price control",2009,"","","International retail voice"
5329,"tpTelecom_Price_Retail_Fixed_International","Price regulation of retail international voice services",,,242,"URY","Uruguay","Without price control",2010,"","","International retail voice"
5329,"tpTelecom_Price_Retail_Fixed_International","Price regulation of retail international voice services",,,242,"URY","Uruguay","Without price control",2011,"","","International retail voice"
5329,"tpTelecom_Price_Retail_Fixed_International","Price regulation of retail international voice services",,,242,"URY","Uruguay","Without price control",2012,"","","International retail voice"
5329,"tpTelecom_Price_Retail_Fixed_International","Price regulation of retail international voice services",,,242,"URY","Uruguay","Without price control",2013,"","","International retail voice"
5329,"tpTelecom_Price_Retail_Fixed_International","Price regulation of retail international voice services",,,242,"URY","Uruguay","Without price control",2014,"","","International retail voice"
5329,"tpTelecom_Price_Retail_Fixed_International","Price regulation of retail international voice services",,,242,"URY","Uruguay","Without price control",2018,"","","International retail voice"
5329,"tpTelecom_Price_Retail_Fixed_International","Price regulation of retail international voice services",,,242,"URY","Uruguay","Without price control",2021,"","","International retail voice"
5329,"tpTelecom_Price_Retail_Fixed_International","Price regulation of retail international voice services",,,242,"URY","Uruguay","Without price control",2022,"","","International retail voice"
5329,"tpTelecom_Price_Retail_Fixed_International","Price regulation of retail international voice services",,,242,"URY","Uruguay","Without price control",2023,"","","International retail voice"
5329,"tpTelecom_Price_Retail_Fixed_International","Price regulation of retail international voice services",,,244,"USA","United States","Without price control",2016,"","","International retail voice"
5329,"tpTelecom_Price_Retail_Fixed_International","Price regulation of retail international voice services",,,244,"USA","United States","Without price control",2017,"","","International retail voice"
5329,"tpTelecom_Price_Retail_Fixed_International","Price regulation of retail international voice services",,,244,"USA","United States","Without price control",2018,"","","International retail voice"
5329,"tpTelecom_Price_Retail_Fixed_International","Price regulation of retail international voice services",,,244,"USA","United States","Without price control",2021,"","","International retail voice"
5329,"tpTelecom_Price_Retail_Fixed_International","Price regulation of retail international voice services",,,244,"USA","United States","Without price control",2022,"","","International retail voice"
5329,"tpTelecom_Price_Retail_Fixed_International","Price regulation of retail international voice services",,,244,"USA","United States","Without price control",2023,"","","International retail voice"
5329,"tpTelecom_Price_Retail_Fixed_International","Price regulation of retail international voice services",,,244,"USA","United States","Without price control",2024,"","","International retail voice"
5329,"tpTelecom_Price_Retail_Fixed_International","Price regulation of retail international voice services",,,245,"UZB","Uzbekistan","With price control",2018,"","","International retail voice"
5329,"tpTelecom_Price_Retail_Fixed_International","Price regulation of retail international voice services",,,245,"UZB","Uzbekistan","With price control",2019,"","","International retail voice"
5329,"tpTelecom_Price_Retail_Fixed_International","Price regulation of retail international voice services",,,245,"UZB","Uzbekistan","With price control",2022,"","","International retail voice"
5329,"tpTelecom_Price_Retail_Fixed_International","Price regulation of retail international voice services",,,245,"UZB","Uzbekistan","With price control",2023,"","","International retail voice"
5329,"tpTelecom_Price_Retail_Fixed_International","Price regulation of retail international voice services",,,245,"UZB","Uzbekistan","With price control",2024,"","","International retail voice"
5329,"tpTelecom_Price_Retail_Fixed_International","Price regulation of retail international voice services",,,246,"VCT","Saint Vincent and the Grenadines","Without price control",2009,"","","International retail voice"
5329,"tpTelecom_Price_Retail_Fixed_International","Price regulation of retail international voice services",,,246,"VCT","Saint Vincent and the Grenadines","Without price control",2011,"","","International retail voice"
5329,"tpTelecom_Price_Retail_Fixed_International","Price regulation of retail international voice services",,,246,"VCT","Saint Vincent and the Grenadines","Without price control",2012,"","","International retail voice"
5329,"tpTelecom_Price_Retail_Fixed_International","Price regulation of retail international voice services",,,246,"VCT","Saint Vincent and the Grenadines","With price control",2013,"","","International retail voice"
5329,"tpTelecom_Price_Retail_Fixed_International","Price regulation of retail international voice services",,,246,"VCT","Saint Vincent and the Grenadines","Without price control",2014,"","","International retail voice"
5329,"tpTelecom_Price_Retail_Fixed_International","Price regulation of retail international voice services",,,246,"VCT","Saint Vincent and the Grenadines","With price control",2015,"","","International retail voice"
5329,"tpTelecom_Price_Retail_Fixed_International","Price regulation of retail international voice services",,,246,"VCT","Saint Vincent and the Grenadines","With price control",2016,"","","International retail voice"
5329,"tpTelecom_Price_Retail_Fixed_International","Price regulation of retail international voice services",,,246,"VCT","Saint Vincent and the Grenadines","With price control",2017,"","","International retail voice"
5329,"tpTelecom_Price_Retail_Fixed_International","Price regulation of retail international voice services",,,246,"VCT","Saint Vincent and the Grenadines","Without price control",2018,"","","International retail voice"
5329,"tpTelecom_Price_Retail_Fixed_International","Price regulation of retail international voice services",,,246,"VCT","Saint Vincent and the Grenadines","Without price control",2019,"","","International retail voice"
5329,"tpTelecom_Price_Retail_Fixed_International","Price regulation of retail international voice services",,,246,"VCT","Saint Vincent and the Grenadines","Without price control",2020,"","","International retail voice"
5329,"tpTelecom_Price_Retail_Fixed_International","Price regulation of retail international voice services",,,246,"VCT","Saint Vincent and the Grenadines","Without price control",2021,"","","International retail voice"
5329,"tpTelecom_Price_Retail_Fixed_International","Price regulation of retail international voice services",,,246,"VCT","Saint Vincent and the Grenadines","Without price control",2022,"","","International retail voice"
5329,"tpTelecom_Price_Retail_Fixed_International","Price regulation of retail international voice services",,,246,"VCT","Saint Vincent and the Grenadines","Without price control",2023,"","","International retail voice"
5329,"tpTelecom_Price_Retail_Fixed_International","Price regulation of retail international voice services",,,246,"VCT","Saint Vincent and the Grenadines","Without price control",2024,"","","International retail voice"
5329,"tpTelecom_Price_Retail_Fixed_International","Price regulation of retail international voice services",,,247,"VEN","Venezuela","With price control",2012,"","","International retail voice"
5329,"tpTelecom_Price_Retail_Fixed_International","Price regulation of retail international voice services",,,247,"VEN","Venezuela","With price control",2014,"","","International retail voice"
5329,"tpTelecom_Price_Retail_Fixed_International","Price regulation of retail international voice services",,,247,"VEN","Venezuela","With price control",2015,"","","International retail voice"
5329,"tpTelecom_Price_Retail_Fixed_International","Price regulation of retail international voice services",,,247,"VEN","Venezuela","With price control",2016,"","","International retail voice"
5329,"tpTelecom_Price_Retail_Fixed_International","Price regulation of retail international voice services",,,247,"VEN","Venezuela","With price control",2017,"","","International retail voice"
5329,"tpTelecom_Price_Retail_Fixed_International","Price regulation of retail international voice services",,,247,"VEN","Venezuela","With price control",2018,"","","International retail voice"
5329,"tpTelecom_Price_Retail_Fixed_International","Price regulation of retail international voice services",,,247,"VEN","Venezuela","With price control",2019,"","","International retail voice"
5329,"tpTelecom_Price_Retail_Fixed_International","Price regulation of retail international voice services",,,247,"VEN","Venezuela","With price control",2022,"","","International retail voice"
5329,"tpTelecom_Price_Retail_Fixed_International","Price regulation of retail international voice services",,,247,"VEN","Venezuela","With price control",2023,"","","International retail voice"
5329,"tpTelecom_Price_Retail_Fixed_International","Price regulation of retail international voice services",,,250,"VNM","Viet Nam","With price control",2009,"","","International retail voice"
5329,"tpTelecom_Price_Retail_Fixed_International","Price regulation of retail international voice services",,,250,"VNM","Viet Nam","Without price control",2010,"","","International retail voice"
5329,"tpTelecom_Price_Retail_Fixed_International","Price regulation of retail international voice services",,,250,"VNM","Viet Nam","With price control",2011,"","","International retail voice"
5329,"tpTelecom_Price_Retail_Fixed_International","Price regulation of retail international voice services",,,250,"VNM","Viet Nam","With price control",2012,"","","International retail voice"
5329,"tpTelecom_Price_Retail_Fixed_International","Price regulation of retail international voice services",,,250,"VNM","Viet Nam","With price control",2013,"","","International retail voice"
5329,"tpTelecom_Price_Retail_Fixed_International","Price regulation of retail international voice services",,,250,"VNM","Viet Nam","With price control",2014,"","","International retail voice"
5329,"tpTelecom_Price_Retail_Fixed_International","Price regulation of retail international voice services",,,250,"VNM","Viet Nam","With price control",2015,"","","International retail voice"
5329,"tpTelecom_Price_Retail_Fixed_International","Price regulation of retail international voice services",,,250,"VNM","Viet Nam","With price control",2016,"","","International retail voice"
5329,"tpTelecom_Price_Retail_Fixed_International","Price regulation of retail international voice services",,,250,"VNM","Viet Nam","With price control",2017,"","","International retail voice"
5329,"tpTelecom_Price_Retail_Fixed_International","Price regulation of retail international voice services",,,250,"VNM","Viet Nam","With price control",2018,"","","International retail voice"
5329,"tpTelecom_Price_Retail_Fixed_International","Price regulation of retail international voice services",,,250,"VNM","Viet Nam","With price control",2019,"","","International retail voice"
5329,"tpTelecom_Price_Retail_Fixed_International","Price regulation of retail international voice services",,,250,"VNM","Viet Nam","With price control",2020,"","","International retail voice"
5329,"tpTelecom_Price_Retail_Fixed_International","Price regulation of retail international voice services",,,250,"VNM","Viet Nam","With price control",2021,"","","International retail voice"
5329,"tpTelecom_Price_Retail_Fixed_International","Price regulation of retail international voice services",,,251,"VUT","Vanuatu","Without price control",2011,"","","International retail voice"
5329,"tpTelecom_Price_Retail_Fixed_International","Price regulation of retail international voice services",,,251,"VUT","Vanuatu","Without price control",2012,"","","International retail voice"
5329,"tpTelecom_Price_Retail_Fixed_International","Price regulation of retail international voice services",,,251,"VUT","Vanuatu","Without price control",2013,"","","International retail voice"
5329,"tpTelecom_Price_Retail_Fixed_International","Price regulation of retail international voice services",,,251,"VUT","Vanuatu","Without price control",2014,"","","International retail voice"
5329,"tpTelecom_Price_Retail_Fixed_International","Price regulation of retail international voice services",,,251,"VUT","Vanuatu","With price control",2017,"","","International retail voice"
5329,"tpTelecom_Price_Retail_Fixed_International","Price regulation of retail international voice services",,,251,"VUT","Vanuatu","Without price control",2019,"","","International retail voice"
5329,"tpTelecom_Price_Retail_Fixed_International","Price regulation of retail international voice services",,,255,"YEM","Yemen","With price control",2021,"","","International retail voice"
5329,"tpTelecom_Price_Retail_Fixed_International","Price regulation of retail international voice services",,,256,"SRB","Serbia","With price control",2009,"","","International retail voice"
5329,"tpTelecom_Price_Retail_Fixed_International","Price regulation of retail international voice services",,,256,"SRB","Serbia","With price control",2010,"","","International retail voice"
5329,"tpTelecom_Price_Retail_Fixed_International","Price regulation of retail international voice services",,,256,"SRB","Serbia","With price control",2011,"","","International retail voice"
5329,"tpTelecom_Price_Retail_Fixed_International","Price regulation of retail international voice services",,,256,"SRB","Serbia","Without price control",2012,"","","International retail voice"
5329,"tpTelecom_Price_Retail_Fixed_International","Price regulation of retail international voice services",,,256,"SRB","Serbia","Without price control",2013,"","","International retail voice"
5329,"tpTelecom_Price_Retail_Fixed_International","Price regulation of retail international voice services",,,256,"SRB","Serbia","Without price control",2014,"","","International retail voice"
5329,"tpTelecom_Price_Retail_Fixed_International","Price regulation of retail international voice services",,,256,"SRB","Serbia","Without price control",2015,"","","International retail voice"
5329,"tpTelecom_Price_Retail_Fixed_International","Price regulation of retail international voice services",,,256,"SRB","Serbia","Without price control",2016,"","","International retail voice"
5329,"tpTelecom_Price_Retail_Fixed_International","Price regulation of retail international voice services",,,256,"SRB","Serbia","Without price control",2017,"","","International retail voice"
5329,"tpTelecom_Price_Retail_Fixed_International","Price regulation of retail international voice services",,,256,"SRB","Serbia","Without price control",2018,"","","International retail voice"
5329,"tpTelecom_Price_Retail_Fixed_International","Price regulation of retail international voice services",,,256,"SRB","Serbia","Without price control",2019,"","","International retail voice"
5329,"tpTelecom_Price_Retail_Fixed_International","Price regulation of retail international voice services",,,256,"SRB","Serbia","Without price control",2020,"","","International retail voice"
5329,"tpTelecom_Price_Retail_Fixed_International","Price regulation of retail international voice services",,,257,"COD","Dem. Rep. of the Congo","Without price control",2009,"","","International retail voice"
5329,"tpTelecom_Price_Retail_Fixed_International","Price regulation of retail international voice services",,,257,"COD","Dem. Rep. of the Congo","With price control",2010,"","","International retail voice"
5329,"tpTelecom_Price_Retail_Fixed_International","Price regulation of retail international voice services",,,257,"COD","Dem. Rep. of the Congo","With price control",2011,"","","International retail voice"
5329,"tpTelecom_Price_Retail_Fixed_International","Price regulation of retail international voice services",,,257,"COD","Dem. Rep. of the Congo","With price control",2012,"","","International retail voice"
5329,"tpTelecom_Price_Retail_Fixed_International","Price regulation of retail international voice services",,,257,"COD","Dem. Rep. of the Congo","Without price control",2013,"","","International retail voice"
5329,"tpTelecom_Price_Retail_Fixed_International","Price regulation of retail international voice services",,,257,"COD","Dem. Rep. of the Congo","Without price control",2014,"","","International retail voice"
5329,"tpTelecom_Price_Retail_Fixed_International","Price regulation of retail international voice services",,,257,"COD","Dem. Rep. of the Congo","With price control",2015,"","","International retail voice"
5329,"tpTelecom_Price_Retail_Fixed_International","Price regulation of retail international voice services",,,259,"ZMB","Zambia","Without price control",2009,"","","International retail voice"
5329,"tpTelecom_Price_Retail_Fixed_International","Price regulation of retail international voice services",,,259,"ZMB","Zambia","With price control",2011,"","","International retail voice"
5329,"tpTelecom_Price_Retail_Fixed_International","Price regulation of retail international voice services",,,259,"ZMB","Zambia","Without price control",2015,"","","International retail voice"
5329,"tpTelecom_Price_Retail_Fixed_International","Price regulation of retail international voice services",,,259,"ZMB","Zambia","Without price control",2016,"","","International retail voice"
5329,"tpTelecom_Price_Retail_Fixed_International","Price regulation of retail international voice services",,,259,"ZMB","Zambia","With price control",2017,"","","International retail voice"
5329,"tpTelecom_Price_Retail_Fixed_International","Price regulation of retail international voice services",,,259,"ZMB","Zambia","With price control",2018,"","","International retail voice"
5329,"tpTelecom_Price_Retail_Fixed_International","Price regulation of retail international voice services",,,259,"ZMB","Zambia","With price control",2019,"","","International retail voice"
5329,"tpTelecom_Price_Retail_Fixed_International","Price regulation of retail international voice services",,,259,"ZMB","Zambia","With price control",2020,"","","International retail voice"
5329,"tpTelecom_Price_Retail_Fixed_International","Price regulation of retail international voice services",,,259,"ZMB","Zambia","Without price control",2022,"","","International retail voice"
5329,"tpTelecom_Price_Retail_Fixed_International","Price regulation of retail international voice services",,,259,"ZMB","Zambia","Without price control",2023,"","","International retail voice"
5329,"tpTelecom_Price_Retail_Fixed_International","Price regulation of retail international voice services",,,259,"ZMB","Zambia","Without price control",2024,"","","International retail voice"
5329,"tpTelecom_Price_Retail_Fixed_International","Price regulation of retail international voice services",,,260,"ZWE","Zimbabwe","With price control",2009,"","","International retail voice"
5329,"tpTelecom_Price_Retail_Fixed_International","Price regulation of retail international voice services",,,260,"ZWE","Zimbabwe","Without price control",2010,"","","International retail voice"
5329,"tpTelecom_Price_Retail_Fixed_International","Price regulation of retail international voice services",,,260,"ZWE","Zimbabwe","With price control",2012,"","","International retail voice"
5329,"tpTelecom_Price_Retail_Fixed_International","Price regulation of retail international voice services",,,260,"ZWE","Zimbabwe","With price control",2013,"","","International retail voice"
5329,"tpTelecom_Price_Retail_Fixed_International","Price regulation of retail international voice services",,,260,"ZWE","Zimbabwe","With price control",2014,"","","International retail voice"
5329,"tpTelecom_Price_Retail_Fixed_International","Price regulation of retail international voice services",,,260,"ZWE","Zimbabwe","With price control",2015,"","","International retail voice"
5329,"tpTelecom_Price_Retail_Fixed_International","Price regulation of retail international voice services",,,260,"ZWE","Zimbabwe","With price control",2016,"","","International retail voice"
5329,"tpTelecom_Price_Retail_Fixed_International","Price regulation of retail international voice services",,,260,"ZWE","Zimbabwe","With price control",2017,"","","International retail voice"
5329,"tpTelecom_Price_Retail_Fixed_International","Price regulation of retail international voice services",,,260,"ZWE","Zimbabwe","With price control",2018,"","","International retail voice"
5329,"tpTelecom_Price_Retail_Fixed_International","Price regulation of retail international voice services",,,260,"ZWE","Zimbabwe","With price control",2019,"","","International retail voice"
5329,"tpTelecom_Price_Retail_Fixed_International","Price regulation of retail international voice services",,,260,"ZWE","Zimbabwe","With price control",2020,"","","International retail voice"
5329,"tpTelecom_Price_Retail_Fixed_International","Price regulation of retail international voice services",,,260,"ZWE","Zimbabwe","With price control",2021,"","","International retail voice"
5329,"tpTelecom_Price_Retail_Fixed_International","Price regulation of retail international voice services",,,260,"ZWE","Zimbabwe","With price control",2022,"","","International retail voice"
5329,"tpTelecom_Price_Retail_Fixed_International","Price regulation of retail international voice services",,,260,"ZWE","Zimbabwe","With price control",2023,"","","International retail voice"
5329,"tpTelecom_Price_Retail_Fixed_International","Price regulation of retail international voice services",,,260,"ZWE","Zimbabwe","With price control",2024,"","","International retail voice"
5329,"tpTelecom_Price_Retail_Fixed_International","Price regulation of retail international voice services",,,274,"MDA","Moldova","With price control",2009,"","","International retail voice"
5329,"tpTelecom_Price_Retail_Fixed_International","Price regulation of retail international voice services",,,274,"MDA","Moldova","With price control",2010,"","","International retail voice"
5329,"tpTelecom_Price_Retail_Fixed_International","Price regulation of retail international voice services",,,274,"MDA","Moldova","With price control",2011,"","","International retail voice"
5329,"tpTelecom_Price_Retail_Fixed_International","Price regulation of retail international voice services",,,274,"MDA","Moldova","With price control",2012,"","","International retail voice"
5329,"tpTelecom_Price_Retail_Fixed_International","Price regulation of retail international voice services",,,274,"MDA","Moldova","With price control",2013,"","","International retail voice"
5329,"tpTelecom_Price_Retail_Fixed_International","Price regulation of retail international voice services",,,274,"MDA","Moldova","With price control",2014,"","","International retail voice"
5329,"tpTelecom_Price_Retail_Fixed_International","Price regulation of retail international voice services",,,274,"MDA","Moldova","With price control",2016,"","","International retail voice"
5329,"tpTelecom_Price_Retail_Fixed_International","Price regulation of retail international voice services",,,274,"MDA","Moldova","Without price control",2017,"","","International retail voice"
5329,"tpTelecom_Price_Retail_Fixed_International","Price regulation of retail international voice services",,,274,"MDA","Moldova","Without price control",2018,"","","International retail voice"
5329,"tpTelecom_Price_Retail_Fixed_International","Price regulation of retail international voice services",,,274,"MDA","Moldova","Without price control",2019,"","","International retail voice"
5329,"tpTelecom_Price_Retail_Fixed_International","Price regulation of retail international voice services",,,274,"MDA","Moldova","Without price control",2020,"","","International retail voice"
5329,"tpTelecom_Price_Retail_Fixed_International","Price regulation of retail international voice services",,,274,"MDA","Moldova","Without price control",2021,"","","International retail voice"
5329,"tpTelecom_Price_Retail_Fixed_International","Price regulation of retail international voice services",,,274,"MDA","Moldova","Without price control",2022,"","","International retail voice"
5329,"tpTelecom_Price_Retail_Fixed_International","Price regulation of retail international voice services",,,274,"MDA","Moldova","Without price control",2023,"","","International retail voice"
5329,"tpTelecom_Price_Retail_Fixed_International","Price regulation of retail international voice services",,,274,"MDA","Moldova","Without price control",2024,"","","International retail voice"
5329,"tpTelecom_Price_Retail_Fixed_International","Price regulation of retail international voice services",,,275,"BIH","Bosnia and Herzegovina","With price control",2009,"","","International retail voice"
5329,"tpTelecom_Price_Retail_Fixed_International","Price regulation of retail international voice services",,,275,"BIH","Bosnia and Herzegovina","With price control",2010,"","","International retail voice"
5329,"tpTelecom_Price_Retail_Fixed_International","Price regulation of retail international voice services",,,275,"BIH","Bosnia and Herzegovina","With price control",2011,"","","International retail voice"
5329,"tpTelecom_Price_Retail_Fixed_International","Price regulation of retail international voice services",,,275,"BIH","Bosnia and Herzegovina","With price control",2012,"","","International retail voice"
5329,"tpTelecom_Price_Retail_Fixed_International","Price regulation of retail international voice services",,,275,"BIH","Bosnia and Herzegovina","With price control",2013,"","","International retail voice"
5329,"tpTelecom_Price_Retail_Fixed_International","Price regulation of retail international voice services",,,275,"BIH","Bosnia and Herzegovina","With price control",2014,"","","International retail voice"
5329,"tpTelecom_Price_Retail_Fixed_International","Price regulation of retail international voice services",,,275,"BIH","Bosnia and Herzegovina","With price control",2015,"","","International retail voice"
5329,"tpTelecom_Price_Retail_Fixed_International","Price regulation of retail international voice services",,,275,"BIH","Bosnia and Herzegovina","With price control",2016,"","","International retail voice"
5329,"tpTelecom_Price_Retail_Fixed_International","Price regulation of retail international voice services",,,275,"BIH","Bosnia and Herzegovina","With price control",2017,"","","International retail voice"
5329,"tpTelecom_Price_Retail_Fixed_International","Price regulation of retail international voice services",,,275,"BIH","Bosnia and Herzegovina","With price control",2019,"","","International retail voice"
5329,"tpTelecom_Price_Retail_Fixed_International","Price regulation of retail international voice services",,,275,"BIH","Bosnia and Herzegovina","With price control",2020,"","","International retail voice"
5329,"tpTelecom_Price_Retail_Fixed_International","Price regulation of retail international voice services",,,275,"BIH","Bosnia and Herzegovina","With price control",2021,"","","International retail voice"
5329,"tpTelecom_Price_Retail_Fixed_International","Price regulation of retail international voice services",,,275,"BIH","Bosnia and Herzegovina","With price control",2022,"","","International retail voice"
5329,"tpTelecom_Price_Retail_Fixed_International","Price regulation of retail international voice services",,,275,"BIH","Bosnia and Herzegovina","With price control",2023,"","","International retail voice"
5329,"tpTelecom_Price_Retail_Fixed_International","Price regulation of retail international voice services",,,275,"BIH","Bosnia and Herzegovina","With price control",2024,"","","International retail voice"
5329,"tpTelecom_Price_Retail_Fixed_International","Price regulation of retail international voice services",,,276,"GEO","Georgia","Without price control",2011,"","","International retail voice"
5329,"tpTelecom_Price_Retail_Fixed_International","Price regulation of retail international voice services",,,276,"GEO","Georgia","Without price control",2017,"","","International retail voice"
5329,"tpTelecom_Price_Retail_Fixed_International","Price regulation of retail international voice services",,,276,"GEO","Georgia","Without price control",2018,"","","International retail voice"
5329,"tpTelecom_Price_Retail_Fixed_International","Price regulation of retail international voice services",,,276,"GEO","Georgia","Without price control",2019,"","","International retail voice"
5329,"tpTelecom_Price_Retail_Fixed_International","Price regulation of retail international voice services",,,276,"GEO","Georgia","Without price control",2020,"","","International retail voice"
5329,"tpTelecom_Price_Retail_Fixed_International","Price regulation of retail international voice services",,,276,"GEO","Georgia","Without price control",2021,"","","International retail voice"
5329,"tpTelecom_Price_Retail_Fixed_International","Price regulation of retail international voice services",,,276,"GEO","Georgia","Without price control",2022,"","","International retail voice"
5329,"tpTelecom_Price_Retail_Fixed_International","Price regulation of retail international voice services",,,280,"KGZ","Kyrgyzstan","Without price control",2013,"","","International retail voice"
5329,"tpTelecom_Price_Retail_Fixed_International","Price regulation of retail international voice services",,,280,"KGZ","Kyrgyzstan","Without price control",2014,"","","International retail voice"
5329,"tpTelecom_Price_Retail_Fixed_International","Price regulation of retail international voice services",,,280,"KGZ","Kyrgyzstan","Without price control",2015,"","","International retail voice"
5329,"tpTelecom_Price_Retail_Fixed_International","Price regulation of retail international voice services",,,280,"KGZ","Kyrgyzstan","Without price control",2017,"","","International retail voice"
5329,"tpTelecom_Price_Retail_Fixed_International","Price regulation of retail international voice services",,,280,"KGZ","Kyrgyzstan","Without price control",2018,"","","International retail voice"
5329,"tpTelecom_Price_Retail_Fixed_International","Price regulation of retail international voice services",,,280,"KGZ","Kyrgyzstan","Without price control",2019,"","","International retail voice"
5329,"tpTelecom_Price_Retail_Fixed_International","Price regulation of retail international voice services",,,280,"KGZ","Kyrgyzstan","Without price control",2023,"","","International retail voice"
5329,"tpTelecom_Price_Retail_Fixed_International","Price regulation of retail international voice services",,,281,"SVK","Slovakia","Without price control",2012,"","","International retail voice"
5329,"tpTelecom_Price_Retail_Fixed_International","Price regulation of retail international voice services",,,281,"SVK","Slovakia","Without price control",2013,"","","International retail voice"
5329,"tpTelecom_Price_Retail_Fixed_International","Price regulation of retail international voice services",,,281,"SVK","Slovakia","Without price control",2014,"","","International retail voice"
5329,"tpTelecom_Price_Retail_Fixed_International","Price regulation of retail international voice services",,,281,"SVK","Slovakia","Without price control",2016,"","","International retail voice"
5329,"tpTelecom_Price_Retail_Fixed_International","Price regulation of retail international voice services",,,281,"SVK","Slovakia","Without price control",2017,"","","International retail voice"
5329,"tpTelecom_Price_Retail_Fixed_International","Price regulation of retail international voice services",,,281,"SVK","Slovakia","Without price control",2018,"","","International retail voice"
5329,"tpTelecom_Price_Retail_Fixed_International","Price regulation of retail international voice services",,,281,"SVK","Slovakia","Without price control",2019,"","","International retail voice"
5329,"tpTelecom_Price_Retail_Fixed_International","Price regulation of retail international voice services",,,281,"SVK","Slovakia","Without price control",2020,"","","International retail voice"
5329,"tpTelecom_Price_Retail_Fixed_International","Price regulation of retail international voice services",,,281,"SVK","Slovakia","Without price control",2021,"","","International retail voice"
5329,"tpTelecom_Price_Retail_Fixed_International","Price regulation of retail international voice services",,,281,"SVK","Slovakia","Without price control",2022,"","","International retail voice"
5329,"tpTelecom_Price_Retail_Fixed_International","Price regulation of retail international voice services",,,281,"SVK","Slovakia","Without price control",2023,"","","International retail voice"
5329,"tpTelecom_Price_Retail_Fixed_International","Price regulation of retail international voice services",,,281,"SVK","Slovakia","Without price control",2024,"","","International retail voice"
5329,"tpTelecom_Price_Retail_Fixed_International","Price regulation of retail international voice services",,,283,"MKD","North Macedonia","With price control",2012,"","","International retail voice"
5329,"tpTelecom_Price_Retail_Fixed_International","Price regulation of retail international voice services",,,283,"MKD","North Macedonia","Without price control",2017,"","","International retail voice"
5329,"tpTelecom_Price_Retail_Fixed_International","Price regulation of retail international voice services",,,283,"MKD","North Macedonia","Without price control",2018,"","","International retail voice"
5329,"tpTelecom_Price_Retail_Fixed_International","Price regulation of retail international voice services",,,285,"ERI","Eritrea","With price control",2021,"","","International retail voice"
5329,"tpTelecom_Price_Retail_Fixed_International","Price regulation of retail international voice services",,,302,"TLS","Timor-Leste","With price control",2020,"","","International retail voice"
5329,"tpTelecom_Price_Retail_Fixed_International","Price regulation of retail international voice services",,,302,"TLS","Timor-Leste","With price control",2022,"","","International retail voice"
5329,"tpTelecom_Price_Retail_Fixed_International","Price regulation of retail international voice services",,,308,"PSE","State of Palestine","With price control",2011,"","","International retail voice"
5329,"tpTelecom_Price_Retail_Fixed_International","Price regulation of retail international voice services",,,308,"PSE","State of Palestine","Without price control",2014,"","","International retail voice"
5329,"tpTelecom_Price_Retail_Fixed_International","Price regulation of retail international voice services",,,316,"MNE","Montenegro","With price control",2015,"","","International retail voice"
5329,"tpTelecom_Price_Retail_Fixed_International","Price regulation of retail international voice services",,,316,"MNE","Montenegro","Without price control",2016,"","","International retail voice"
5329,"tpTelecom_Price_Retail_Fixed_International","Price regulation of retail international voice services",,,316,"MNE","Montenegro","With price control",2019,"","","International retail voice"
5329,"tpTelecom_Price_Retail_Fixed_International","Price regulation of retail international voice services",,,316,"MNE","Montenegro","With price control",2020,"","","International retail voice"
5329,"tpTelecom_Price_Retail_Fixed_International","Price regulation of retail international voice services",,,316,"MNE","Montenegro","With price control",2021,"","","International retail voice"
5329,"tpTelecom_Price_Retail_Fixed_International","Price regulation of retail international voice services",,,316,"MNE","Montenegro","With price control",2022,"","","International retail voice"
5329,"tpTelecom_Price_Retail_Fixed_International","Price regulation of retail international voice services",,,316,"MNE","Montenegro","With price control",2023,"","","International retail voice"
5329,"tpTelecom_Price_Retail_Fixed_International","Price regulation of retail international voice services",,,316,"MNE","Montenegro","With price control",2024,"","","International retail voice"