"seriesID","seriesCode","seriesName","seriesParent","seriesUnits","entityID","entityIso","entityName","dataValue","dataYear","dataNote","dataSource","seriesDescription"
9145,"HHU271_HHTotalIndividual","Individuals using a mobile cellular telephone",,"%",11,"DZA","Algeria","91.6578424657585",2018,"","Ministry of Post, Telecommunications, Technologies and Digital","Refers to the proportion of individuals using a mobile (cellular) or smart telephone. An individual uses a mobile cellular telephone if he/she has a mobile cellular phone device with at least one active SIM card for personal use."
9145,"HHU271_HHTotalIndividual","Individuals using a mobile cellular telephone",,"%",16,"ARG","Argentina","78.9470551440604",2016,"","NATIONAL INSTITUTE OF STATISTICS AND CENSUS (INDEC)","Refers to the proportion of individuals using a mobile (cellular) or smart telephone. An individual uses a mobile cellular telephone if he/she has a mobile cellular phone device with at least one active SIM card for personal use."
9145,"HHU271_HHTotalIndividual","Individuals using a mobile cellular telephone",,"%",16,"ARG","Argentina","81.2291481603604",2017,"","NATIONAL INSTITUTE OF STATISTICS AND CENSUS (INDEC)","Refers to the proportion of individuals using a mobile (cellular) or smart telephone. An individual uses a mobile cellular telephone if he/she has a mobile cellular phone device with at least one active SIM card for personal use."
9145,"HHU271_HHTotalIndividual","Individuals using a mobile cellular telephone",,"%",16,"ARG","Argentina","88.0881444428222",2021,"","INDEC - Instituto Nacional de Estadística y Censo","Refers to the proportion of individuals using a mobile (cellular) or smart telephone. An individual uses a mobile cellular telephone if he/she has a mobile cellular phone device with at least one active SIM card for personal use."
9145,"HHU271_HHTotalIndividual","Individuals using a mobile cellular telephone",,"%",16,"ARG","Argentina","90.4919513529987",2024,"","Instituto Nacional de Estadistica y Censos","Refers to the proportion of individuals using a mobile (cellular) or smart telephone. An individual uses a mobile cellular telephone if he/she has a mobile cellular phone device with at least one active SIM card for personal use."
9145,"HHU271_HHTotalIndividual","Individuals using a mobile cellular telephone",,"%",18,"SAU","Saudi Arabia","61.5750215768809",2016,"","CITC","Refers to the proportion of individuals using a mobile (cellular) or smart telephone. An individual uses a mobile cellular telephone if he/she has a mobile cellular phone device with at least one active SIM card for personal use."
9145,"HHU271_HHTotalIndividual","Individuals using a mobile cellular telephone",,"%",18,"SAU","Saudi Arabia","94.3",2017,"","Communication and Information Technology Commission (CITC)","Refers to the proportion of individuals using a mobile (cellular) or smart telephone. An individual uses a mobile cellular telephone if he/she has a mobile cellular phone device with at least one active SIM card for personal use."
9145,"HHU271_HHTotalIndividual","Individuals using a mobile cellular telephone",,"%",18,"SAU","Saudi Arabia","97.4650105487142",2018,"","Communication and Information Technology Commission","Refers to the proportion of individuals using a mobile (cellular) or smart telephone. An individual uses a mobile cellular telephone if he/she has a mobile cellular phone device with at least one active SIM card for personal use."
9145,"HHU271_HHTotalIndividual","Individuals using a mobile cellular telephone",,"%",18,"SAU","Saudi Arabia","99.158695856323",2019,"","Communications andI nformation Technology Commision","Refers to the proportion of individuals using a mobile (cellular) or smart telephone. An individual uses a mobile cellular telephone if he/she has a mobile cellular phone device with at least one active SIM card for personal use."
9145,"HHU271_HHTotalIndividual","Individuals using a mobile cellular telephone",,"%",18,"SAU","Saudi Arabia","99.3933396643099",2020,"","Communications andI nformation Technology Commision","Refers to the proportion of individuals using a mobile (cellular) or smart telephone. An individual uses a mobile cellular telephone if he/she has a mobile cellular phone device with at least one active SIM card for personal use."
9145,"HHU271_HHTotalIndividual","Individuals using a mobile cellular telephone",,"%",18,"SAU","Saudi Arabia","100.0",2021,"","Communications andI nformation Technology Commision","Refers to the proportion of individuals using a mobile (cellular) or smart telephone. An individual uses a mobile cellular telephone if he/she has a mobile cellular phone device with at least one active SIM card for personal use."
9145,"HHU271_HHTotalIndividual","Individuals using a mobile cellular telephone",,"%",18,"SAU","Saudi Arabia","100.0",2022,"","Communications & IT Commission","Refers to the proportion of individuals using a mobile (cellular) or smart telephone. An individual uses a mobile cellular telephone if he/she has a mobile cellular phone device with at least one active SIM card for personal use."
9145,"HHU271_HHTotalIndividual","Individuals using a mobile cellular telephone",,"%",18,"SAU","Saudi Arabia","100.0",2023,"Results are based on unweighted survey data","Communications & IT Commission","Refers to the proportion of individuals using a mobile (cellular) or smart telephone. An individual uses a mobile cellular telephone if he/she has a mobile cellular phone device with at least one active SIM card for personal use."
9145,"HHU271_HHTotalIndividual","Individuals using a mobile cellular telephone",,"%",18,"SAU","Saudi Arabia","100.0",2024,"Results are based on unweighted survey data using quota sampling","Communications, Space and Technology Commission","Refers to the proportion of individuals using a mobile (cellular) or smart telephone. An individual uses a mobile cellular telephone if he/she has a mobile cellular phone device with at least one active SIM card for personal use."
9145,"HHU271_HHTotalIndividual","Individuals using a mobile cellular telephone",,"%",24,"AUT","Austria","84.5213919495548",2006,"","Eurostat","Refers to the proportion of individuals using a mobile (cellular) or smart telephone. An individual uses a mobile cellular telephone if he/she has a mobile cellular phone device with at least one active SIM card for personal use."
9145,"HHU271_HHTotalIndividual","Individuals using a mobile cellular telephone",,"%",24,"AUT","Austria","87.538171640847",2007,"","Eurostat","Refers to the proportion of individuals using a mobile (cellular) or smart telephone. An individual uses a mobile cellular telephone if he/she has a mobile cellular phone device with at least one active SIM card for personal use."
9145,"HHU271_HHTotalIndividual","Individuals using a mobile cellular telephone",,"%",24,"AUT","Austria","90.4337183998129",2008,"","Eurostat","Refers to the proportion of individuals using a mobile (cellular) or smart telephone. An individual uses a mobile cellular telephone if he/she has a mobile cellular phone device with at least one active SIM card for personal use."
9145,"HHU271_HHTotalIndividual","Individuals using a mobile cellular telephone",,"%",24,"AUT","Austria","92.6933071295993",2012,"","Eurostat","Refers to the proportion of individuals using a mobile (cellular) or smart telephone. An individual uses a mobile cellular telephone if he/she has a mobile cellular phone device with at least one active SIM card for personal use."
9145,"HHU271_HHTotalIndividual","Individuals using a mobile cellular telephone",,"%",25,"AZE","Azerbaijan","69.5084934080158",2008,"","State Statistical Committee","Refers to the proportion of individuals using a mobile (cellular) or smart telephone. An individual uses a mobile cellular telephone if he/she has a mobile cellular phone device with at least one active SIM card for personal use."
9145,"HHU271_HHTotalIndividual","Individuals using a mobile cellular telephone",,"%",25,"AZE","Azerbaijan","83.2855256467291",2010,"","State Statistical Committee","Refers to the proportion of individuals using a mobile (cellular) or smart telephone. An individual uses a mobile cellular telephone if he/she has a mobile cellular phone device with at least one active SIM card for personal use."
9145,"HHU271_HHTotalIndividual","Individuals using a mobile cellular telephone",,"%",25,"AZE","Azerbaijan","88.0",2017,"","State Statistical Committee","Refers to the proportion of individuals using a mobile (cellular) or smart telephone. An individual uses a mobile cellular telephone if he/she has a mobile cellular phone device with at least one active SIM card for personal use."
9145,"HHU271_HHTotalIndividual","Individuals using a mobile cellular telephone",,"%",25,"AZE","Azerbaijan","86.8999977443948",2018,"","State Statistical Committee","Refers to the proportion of individuals using a mobile (cellular) or smart telephone. An individual uses a mobile cellular telephone if he/she has a mobile cellular phone device with at least one active SIM card for personal use."
9145,"HHU271_HHTotalIndividual","Individuals using a mobile cellular telephone",,"%",25,"AZE","Azerbaijan","86.9000018251741",2019,"","State Statistical Committee","Refers to the proportion of individuals using a mobile (cellular) or smart telephone. An individual uses a mobile cellular telephone if he/she has a mobile cellular phone device with at least one active SIM card for personal use."
9145,"HHU271_HHTotalIndividual","Individuals using a mobile cellular telephone",,"%",25,"AZE","Azerbaijan","89.0999956181772",2020,"","State Statistical Committee","Refers to the proportion of individuals using a mobile (cellular) or smart telephone. An individual uses a mobile cellular telephone if he/she has a mobile cellular phone device with at least one active SIM card for personal use."
9145,"HHU271_HHTotalIndividual","Individuals using a mobile cellular telephone",,"%",25,"AZE","Azerbaijan","89.8999976681305",2021,"","State Statistical Committee","Refers to the proportion of individuals using a mobile (cellular) or smart telephone. An individual uses a mobile cellular telephone if he/she has a mobile cellular phone device with at least one active SIM card for personal use."
9145,"HHU271_HHTotalIndividual","Individuals using a mobile cellular telephone",,"%",25,"AZE","Azerbaijan","90.5000054163552",2022,"","State Statistical Committee of the Republic of Azerbaijan","Refers to the proportion of individuals using a mobile (cellular) or smart telephone. An individual uses a mobile cellular telephone if he/she has a mobile cellular phone device with at least one active SIM card for personal use."
9145,"HHU271_HHTotalIndividual","Individuals using a mobile cellular telephone",,"%",25,"AZE","Azerbaijan","91.3000021478586",2023,"","State Statistical Committee of the Republic of Azerbaijan","Refers to the proportion of individuals using a mobile (cellular) or smart telephone. An individual uses a mobile cellular telephone if he/she has a mobile cellular phone device with at least one active SIM card for personal use."
9145,"HHU271_HHTotalIndividual","Individuals using a mobile cellular telephone",,"%",25,"AZE","Azerbaijan","91.29999702590229",2025,"","State Statistical Committee of the Republic of Azerbaijan","Refers to the proportion of individuals using a mobile (cellular) or smart telephone. An individual uses a mobile cellular telephone if he/she has a mobile cellular phone device with at least one active SIM card for personal use."
9145,"HHU271_HHTotalIndividual","Individuals using a mobile cellular telephone",,"%",27,"BRA","Brazil","75.0412284601627",2009,"","Brazilian Steering Committee","Refers to the proportion of individuals using a mobile (cellular) or smart telephone. An individual uses a mobile cellular telephone if he/she has a mobile cellular phone device with at least one active SIM card for personal use."
9145,"HHU271_HHTotalIndividual","Individuals using a mobile cellular telephone",,"%",27,"BRA","Brazil","78.5108619154091",2010,"Information available only for the period in the last 3 months.","Data based on the World Telecommunication/ICT Indicators Database","Refers to the proportion of individuals using a mobile (cellular) or smart telephone. An individual uses a mobile cellular telephone if he/she has a mobile cellular phone device with at least one active SIM card for personal use."
9145,"HHU271_HHTotalIndividual","Individuals using a mobile cellular telephone",,"%",27,"BRA","Brazil","85.1404631906055",2013,"","NIC.br","Refers to the proportion of individuals using a mobile (cellular) or smart telephone. An individual uses a mobile cellular telephone if he/she has a mobile cellular phone device with at least one active SIM card for personal use."
9145,"HHU271_HHTotalIndividual","Individuals using a mobile cellular telephone",,"%",27,"BRA","Brazil","85.9058238401106",2014,"","NIC.br","Refers to the proportion of individuals using a mobile (cellular) or smart telephone. An individual uses a mobile cellular telephone if he/she has a mobile cellular phone device with at least one active SIM card for personal use."
9145,"HHU271_HHTotalIndividual","Individuals using a mobile cellular telephone",,"%",27,"BRA","Brazil","87.5853352656214",2016,"","NIC.br","Refers to the proportion of individuals using a mobile (cellular) or smart telephone. An individual uses a mobile cellular telephone if he/she has a mobile cellular phone device with at least one active SIM card for personal use."
9145,"HHU271_HHTotalIndividual","Individuals using a mobile cellular telephone",,"%",27,"BRA","Brazil","87.6717974223674",2017,"","NIC.br","Refers to the proportion of individuals using a mobile (cellular) or smart telephone. An individual uses a mobile cellular telephone if he/she has a mobile cellular phone device with at least one active SIM card for personal use."
9145,"HHU271_HHTotalIndividual","Individuals using a mobile cellular telephone",,"%",27,"BRA","Brazil","88.0367397233898",2018,"","NIC.br","Refers to the proportion of individuals using a mobile (cellular) or smart telephone. An individual uses a mobile cellular telephone if he/she has a mobile cellular phone device with at least one active SIM card for personal use."
9145,"HHU271_HHTotalIndividual","Individuals using a mobile cellular telephone",,"%",27,"BRA","Brazil","89.9904083014007",2019,"","NIC.br","Refers to the proportion of individuals using a mobile (cellular) or smart telephone. An individual uses a mobile cellular telephone if he/she has a mobile cellular phone device with at least one active SIM card for personal use."
9145,"HHU271_HHTotalIndividual","Individuals using a mobile cellular telephone",,"%",27,"BRA","Brazil","93.2512682928805",2020,"","NIC.br","Refers to the proportion of individuals using a mobile (cellular) or smart telephone. An individual uses a mobile cellular telephone if he/she has a mobile cellular phone device with at least one active SIM card for personal use."
9145,"HHU271_HHTotalIndividual","Individuals using a mobile cellular telephone",,"%",27,"BRA","Brazil","92.2237077606838",2021,"","NIC.br","Refers to the proportion of individuals using a mobile (cellular) or smart telephone. An individual uses a mobile cellular telephone if he/she has a mobile cellular phone device with at least one active SIM card for personal use."
9145,"HHU271_HHTotalIndividual","Individuals using a mobile cellular telephone",,"%",27,"BRA","Brazil","91.6446851055134",2022,"","NIC.br","Refers to the proportion of individuals using a mobile (cellular) or smart telephone. An individual uses a mobile cellular telephone if he/she has a mobile cellular phone device with at least one active SIM card for personal use."
9145,"HHU271_HHTotalIndividual","Individuals using a mobile cellular telephone",,"%",27,"BRA","Brazil","92.6846791752021",2023,"","NIC.br","Refers to the proportion of individuals using a mobile (cellular) or smart telephone. An individual uses a mobile cellular telephone if he/she has a mobile cellular phone device with at least one active SIM card for personal use."
9145,"HHU271_HHTotalIndividual","Individuals using a mobile cellular telephone",,"%",27,"BRA","Brazil","92.3810624891612",2024,"","NIC.br","Refers to the proportion of individuals using a mobile (cellular) or smart telephone. An individual uses a mobile cellular telephone if he/she has a mobile cellular phone device with at least one active SIM card for personal use."
9145,"HHU271_HHTotalIndividual","Individuals using a mobile cellular telephone",,"%",30,"BEL","Belgium","86.6594729874793",2006,"","Eurostat","Refers to the proportion of individuals using a mobile (cellular) or smart telephone. An individual uses a mobile cellular telephone if he/she has a mobile cellular phone device with at least one active SIM card for personal use."
9145,"HHU271_HHTotalIndividual","Individuals using a mobile cellular telephone",,"%",30,"BEL","Belgium","87.8853732726994",2007,"","Eurostat","Refers to the proportion of individuals using a mobile (cellular) or smart telephone. An individual uses a mobile cellular telephone if he/she has a mobile cellular phone device with at least one active SIM card for personal use."
9145,"HHU271_HHTotalIndividual","Individuals using a mobile cellular telephone",,"%",30,"BEL","Belgium","88.2127987296424",2008,"","Eurostat","Refers to the proportion of individuals using a mobile (cellular) or smart telephone. An individual uses a mobile cellular telephone if he/she has a mobile cellular phone device with at least one active SIM card for personal use."
9145,"HHU271_HHTotalIndividual","Individuals using a mobile cellular telephone",,"%",30,"BEL","Belgium","90.7107999204059",2012,"","Eurostat","Refers to the proportion of individuals using a mobile (cellular) or smart telephone. An individual uses a mobile cellular telephone if he/she has a mobile cellular phone device with at least one active SIM card for personal use."
9145,"HHU271_HHTotalIndividual","Individuals using a mobile cellular telephone",,"%",30,"BEL","Belgium","96.7128506318106",2016,"","Statbel (Algemene Directie Statistiek - Statistics Belgium)
Statbel (Direction générale Statistique - Statistics Belgium)","Refers to the proportion of individuals using a mobile (cellular) or smart telephone. An individual uses a mobile cellular telephone if he/she has a mobile cellular phone device with at least one active SIM card for personal use."
9145,"HHU271_HHTotalIndividual","Individuals using a mobile cellular telephone",,"%",30,"BEL","Belgium","97.2861859198332",2017,"","Statbel (Algemene Directie Statistiek - Statistics Belgium)
Statbel (Direction générale Statistique - Statistics Belgium)","Refers to the proportion of individuals using a mobile (cellular) or smart telephone. An individual uses a mobile cellular telephone if he/she has a mobile cellular phone device with at least one active SIM card for personal use."
9145,"HHU271_HHTotalIndividual","Individuals using a mobile cellular telephone",,"%",30,"BEL","Belgium","82.8164948537476",2020,"Refers to smart phone use","Statistics Belgium (Statbel)","Refers to the proportion of individuals using a mobile (cellular) or smart telephone. An individual uses a mobile cellular telephone if he/she has a mobile cellular phone device with at least one active SIM card for personal use."
9145,"HHU271_HHTotalIndividual","Individuals using a mobile cellular telephone",,"%",30,"BEL","Belgium","90.0292265169415",2021,"Refers to smart phone use","Statistics Belgium (Statbel)","Refers to the proportion of individuals using a mobile (cellular) or smart telephone. An individual uses a mobile cellular telephone if he/she has a mobile cellular phone device with at least one active SIM card for personal use."
9145,"HHU271_HHTotalIndividual","Individuals using a mobile cellular telephone",,"%",30,"BEL","Belgium","87.2233112767937",2023,"Refers to smart phone use","Statbel (Directorate General Statistics - Statistics Belgium)","Refers to the proportion of individuals using a mobile (cellular) or smart telephone. An individual uses a mobile cellular telephone if he/she has a mobile cellular phone device with at least one active SIM card for personal use."
9145,"HHU271_HHTotalIndividual","Individuals using a mobile cellular telephone",,"%",34,"BGD","Bangladesh","81.180837987764",2013,"","Bangladesh Bureau of Statistics (BBS)","Refers to the proportion of individuals using a mobile (cellular) or smart telephone. An individual uses a mobile cellular telephone if he/she has a mobile cellular phone device with at least one active SIM card for personal use."
9145,"HHU271_HHTotalIndividual","Individuals using a mobile cellular telephone",,"%",34,"BGD","Bangladesh","89.9332108527819",2021,"","Bangladesh Bureau of Statistics (BBS)","Refers to the proportion of individuals using a mobile (cellular) or smart telephone. An individual uses a mobile cellular telephone if he/she has a mobile cellular phone device with at least one active SIM card for personal use."
9145,"HHU271_HHTotalIndividual","Individuals using a mobile cellular telephone",,"%",34,"BGD","Bangladesh","90.5031627748307",2023,"","Bangladesh Bureau of Statistics","Refers to the proportion of individuals using a mobile (cellular) or smart telephone. An individual uses a mobile cellular telephone if he/she has a mobile cellular phone device with at least one active SIM card for personal use."
9145,"HHU271_HHTotalIndividual","Individuals using a mobile cellular telephone",,"%",34,"BGD","Bangladesh","88.21933372092884",2024,"","Bangladesh Bureau of Statistics","Refers to the proportion of individuals using a mobile (cellular) or smart telephone. An individual uses a mobile cellular telephone if he/she has a mobile cellular phone device with at least one active SIM card for personal use."
9145,"HHU271_HHTotalIndividual","Individuals using a mobile cellular telephone",,"%",35,"BHR","Bahrain","98.9999579040423",2008,"","Telecommunications Regulatory Authority","Refers to the proportion of individuals using a mobile (cellular) or smart telephone. An individual uses a mobile cellular telephone if he/she has a mobile cellular phone device with at least one active SIM card for personal use."
9145,"HHU271_HHTotalIndividual","Individuals using a mobile cellular telephone",,"%",35,"BHR","Bahrain","99.0000167483848",2011,"Estimated based on TRA 2011 Residential consumer survey","Telecommunications Regulatory Authority (TRA)","Refers to the proportion of individuals using a mobile (cellular) or smart telephone. An individual uses a mobile cellular telephone if he/she has a mobile cellular phone device with at least one active SIM card for personal use."
9145,"HHU271_HHTotalIndividual","Individuals using a mobile cellular telephone",,"%",35,"BHR","Bahrain","87.1199713011838",2012,"Estimated based on TRA 2011 Residential consumer survey","Telecommunications Regulatory Authority (TRA)","Refers to the proportion of individuals using a mobile (cellular) or smart telephone. An individual uses a mobile cellular telephone if he/she has a mobile cellular phone device with at least one active SIM card for personal use."
9145,"HHU271_HHTotalIndividual","Individuals using a mobile cellular telephone",,"%",35,"BHR","Bahrain","97.4252711050921",2013,"","Telecommunications Regulatory Authority (TRA)","Refers to the proportion of individuals using a mobile (cellular) or smart telephone. An individual uses a mobile cellular telephone if he/she has a mobile cellular phone device with at least one active SIM card for personal use."
9145,"HHU271_HHTotalIndividual","Individuals using a mobile cellular telephone",,"%",35,"BHR","Bahrain","97.4252918550381",2014,"","Telecommunications Regulatory Authority (TRA)","Refers to the proportion of individuals using a mobile (cellular) or smart telephone. An individual uses a mobile cellular telephone if he/she has a mobile cellular phone device with at least one active SIM card for personal use."
9145,"HHU271_HHTotalIndividual","Individuals using a mobile cellular telephone",,"%",35,"BHR","Bahrain","99.9999081631903",2015,"","Telecommunications Regulatory Authority (TRA) Bahrain","Refers to the proportion of individuals using a mobile (cellular) or smart telephone. An individual uses a mobile cellular telephone if he/she has a mobile cellular phone device with at least one active SIM card for personal use."
9145,"HHU271_HHTotalIndividual","Individuals using a mobile cellular telephone",,"%",35,"BHR","Bahrain","100.0",2016,"Estimated based on TRA 2016 Residential consumer survey","Telecommunications Regulatory Authority (TRA)","Refers to the proportion of individuals using a mobile (cellular) or smart telephone. An individual uses a mobile cellular telephone if he/she has a mobile cellular phone device with at least one active SIM card for personal use."
9145,"HHU271_HHTotalIndividual","Individuals using a mobile cellular telephone",,"%",35,"BHR","Bahrain","99.9999169748974",2017,"Estimated based on TRA 2017 Residential consumer survey","Telecommunications Regulatory Authority (TRA)","Refers to the proportion of individuals using a mobile (cellular) or smart telephone. An individual uses a mobile cellular telephone if he/she has a mobile cellular phone device with at least one active SIM card for personal use."
9145,"HHU271_HHTotalIndividual","Individuals using a mobile cellular telephone",,"%",35,"BHR","Bahrain","100.0",2018,"estimated based on 2018 residential survey","Telecommunications Regulatory Authority (TRA)","Refers to the proportion of individuals using a mobile (cellular) or smart telephone. An individual uses a mobile cellular telephone if he/she has a mobile cellular phone device with at least one active SIM card for personal use."
9145,"HHU271_HHTotalIndividual","Individuals using a mobile cellular telephone",,"%",35,"BHR","Bahrain","100.0",2019,"estimated based on 2019 residential survey","Telecommunications Regulatory Authority (TRA)","Refers to the proportion of individuals using a mobile (cellular) or smart telephone. An individual uses a mobile cellular telephone if he/she has a mobile cellular phone device with at least one active SIM card for personal use."
9145,"HHU271_HHTotalIndividual","Individuals using a mobile cellular telephone",,"%",35,"BHR","Bahrain","100.0",2020,"estimated based on 2020 residential survey","Telecommunications Regulatory Authority (TRA)","Refers to the proportion of individuals using a mobile (cellular) or smart telephone. An individual uses a mobile cellular telephone if he/she has a mobile cellular phone device with at least one active SIM card for personal use."
9145,"HHU271_HHTotalIndividual","Individuals using a mobile cellular telephone",,"%",35,"BHR","Bahrain","100.0",2021,"estimated based on 2021 residential survey","Telecommunications Regulatory Authority (TRA)","Refers to the proportion of individuals using a mobile (cellular) or smart telephone. An individual uses a mobile cellular telephone if he/she has a mobile cellular phone device with at least one active SIM card for personal use."
9145,"HHU271_HHTotalIndividual","Individuals using a mobile cellular telephone",,"%",35,"BHR","Bahrain","100.0",2022,"Estimated based on 2022 residential survey","Information and E-Government Authority","Refers to the proportion of individuals using a mobile (cellular) or smart telephone. An individual uses a mobile cellular telephone if he/she has a mobile cellular phone device with at least one active SIM card for personal use."
9145,"HHU271_HHTotalIndividual","Individuals using a mobile cellular telephone",,"%",35,"BHR","Bahrain","100.0",2023,"Estimated based on 2023 residential survey","TRA bahrain","Refers to the proportion of individuals using a mobile (cellular) or smart telephone. An individual uses a mobile cellular telephone if he/she has a mobile cellular phone device with at least one active SIM card for personal use."
9145,"HHU271_HHTotalIndividual","Individuals using a mobile cellular telephone",,"%",35,"BHR","Bahrain","100.0",2024,"","TRA bahrain","Refers to the proportion of individuals using a mobile (cellular) or smart telephone. An individual uses a mobile cellular telephone if he/she has a mobile cellular phone device with at least one active SIM card for personal use."
9145,"HHU271_HHTotalIndividual","Individuals using a mobile cellular telephone",,"%",37,"BLR","Belarus","89.9263173274016",2013,"","Национальный статистический комитет Республики Беларусь","Refers to the proportion of individuals using a mobile (cellular) or smart telephone. An individual uses a mobile cellular telephone if he/she has a mobile cellular phone device with at least one active SIM card for personal use."
9145,"HHU271_HHTotalIndividual","Individuals using a mobile cellular telephone",,"%",37,"BLR","Belarus","91.340394940734",2014,"during the recent 12 months","Национальный статистический комитет Республики Беларусь","Refers to the proportion of individuals using a mobile (cellular) or smart telephone. An individual uses a mobile cellular telephone if he/she has a mobile cellular phone device with at least one active SIM card for personal use."
9145,"HHU271_HHTotalIndividual","Individuals using a mobile cellular telephone",,"%",37,"BLR","Belarus","92.0165759038868",2015,"during the recent 12 months","Национальный статистический комитет Республики Беларусь","Refers to the proportion of individuals using a mobile (cellular) or smart telephone. An individual uses a mobile cellular telephone if he/she has a mobile cellular phone device with at least one active SIM card for personal use."
9145,"HHU271_HHTotalIndividual","Individuals using a mobile cellular telephone",,"%",37,"BLR","Belarus","96.0147976418835",2016,"during the recent 12 months","Национальный статистический комитет Республики Беларусь","Refers to the proportion of individuals using a mobile (cellular) or smart telephone. An individual uses a mobile cellular telephone if he/she has a mobile cellular phone device with at least one active SIM card for personal use."
9145,"HHU271_HHTotalIndividual","Individuals using a mobile cellular telephone",,"%",37,"BLR","Belarus","96.6303166953058",2017,"in the last 12 months","Национальный статистический комитет Республики Беларусь","Refers to the proportion of individuals using a mobile (cellular) or smart telephone. An individual uses a mobile cellular telephone if he/she has a mobile cellular phone device with at least one active SIM card for personal use."
9145,"HHU271_HHTotalIndividual","Individuals using a mobile cellular telephone",,"%",37,"BLR","Belarus","97.1604033181993",2018,"in the last 12 months","Национальный статистический комитет Республики Беларусь","Refers to the proportion of individuals using a mobile (cellular) or smart telephone. An individual uses a mobile cellular telephone if he/she has a mobile cellular phone device with at least one active SIM card for personal use."
9145,"HHU271_HHTotalIndividual","Individuals using a mobile cellular telephone",,"%",37,"BLR","Belarus","97.4218495935863",2019,"in the last 12 months","Национальный статистический комитет Республики Беларусь","Refers to the proportion of individuals using a mobile (cellular) or smart telephone. An individual uses a mobile cellular telephone if he/she has a mobile cellular phone device with at least one active SIM card for personal use."
9145,"HHU271_HHTotalIndividual","Individuals using a mobile cellular telephone",,"%",37,"BLR","Belarus","97.9331542902223",2020,"in the last 12 months","Национальный статистический комитет Республики Беларусь","Refers to the proportion of individuals using a mobile (cellular) or smart telephone. An individual uses a mobile cellular telephone if he/she has a mobile cellular phone device with at least one active SIM card for personal use."
9145,"HHU271_HHTotalIndividual","Individuals using a mobile cellular telephone",,"%",37,"BLR","Belarus","98.2920788909577",2021,"in the last 12 months","National Statistical Committee of the Republic of Belarus","Refers to the proportion of individuals using a mobile (cellular) or smart telephone. An individual uses a mobile cellular telephone if he/she has a mobile cellular phone device with at least one active SIM card for personal use."
9145,"HHU271_HHTotalIndividual","Individuals using a mobile cellular telephone",,"%",37,"BLR","Belarus","98.5929416416779",2022,"In the last 12 months","National Statistical Committee of the Republic of Belarus (Belstat)","Refers to the proportion of individuals using a mobile (cellular) or smart telephone. An individual uses a mobile cellular telephone if he/she has a mobile cellular phone device with at least one active SIM card for personal use."
9145,"HHU271_HHTotalIndividual","Individuals using a mobile cellular telephone",,"%",37,"BLR","Belarus","98.7601799602123",2023,"In the last 12 months","National Statistical Committee of the Republic of Belarus (Belstat)","Refers to the proportion of individuals using a mobile (cellular) or smart telephone. An individual uses a mobile cellular telephone if he/she has a mobile cellular phone device with at least one active SIM card for personal use."
9145,"HHU271_HHTotalIndividual","Individuals using a mobile cellular telephone",,"%",37,"BLR","Belarus","98.9496316616323",2024,"in the last 12 months","National Statistical Committee of the Republic of Belarus (Belstat)","Refers to the proportion of individuals using a mobile (cellular) or smart telephone. An individual uses a mobile cellular telephone if he/she has a mobile cellular phone device with at least one active SIM card for personal use."
9145,"HHU271_HHTotalIndividual","Individuals using a mobile cellular telephone",,"%",39,"BOL","Bolivia (Plurinational State of)","58.5678812276836",2009,"","INSTITUTO NACIONAL DE ESTADÍSTICA","Refers to the proportion of individuals using a mobile (cellular) or smart telephone. An individual uses a mobile cellular telephone if he/she has a mobile cellular phone device with at least one active SIM card for personal use."
9145,"HHU271_HHTotalIndividual","Individuals using a mobile cellular telephone",,"%",39,"BOL","Bolivia (Plurinational State of)","69.4848031771056",2013,"","INSTITUTO NACIONAL DE ESTADÍSTICA","Refers to the proportion of individuals using a mobile (cellular) or smart telephone. An individual uses a mobile cellular telephone if he/she has a mobile cellular phone device with at least one active SIM card for personal use."
9145,"HHU271_HHTotalIndividual","Individuals using a mobile cellular telephone",,"%",39,"BOL","Bolivia (Plurinational State of)","70.3510335895229",2014,"","Statistic National Institute","Refers to the proportion of individuals using a mobile (cellular) or smart telephone. An individual uses a mobile cellular telephone if he/she has a mobile cellular phone device with at least one active SIM card for personal use."
9145,"HHU271_HHTotalIndividual","Individuals using a mobile cellular telephone",,"%",39,"BOL","Bolivia (Plurinational State of)","69.737663310944",2018,"","Statistic National Institute","Refers to the proportion of individuals using a mobile (cellular) or smart telephone. An individual uses a mobile cellular telephone if he/she has a mobile cellular phone device with at least one active SIM card for personal use."
9145,"HHU271_HHTotalIndividual","Individuals using a mobile cellular telephone",,"%",39,"BOL","Bolivia (Plurinational State of)","70.38013435811",2019,"","Statistic National Institute","Refers to the proportion of individuals using a mobile (cellular) or smart telephone. An individual uses a mobile cellular telephone if he/she has a mobile cellular phone device with at least one active SIM card for personal use."
9145,"HHU271_HHTotalIndividual","Individuals using a mobile cellular telephone",,"%",39,"BOL","Bolivia (Plurinational State of)","79.6228694501985",2020,"","Instituto Nacional de Estadística","Refers to the proportion of individuals using a mobile (cellular) or smart telephone. An individual uses a mobile cellular telephone if he/she has a mobile cellular phone device with at least one active SIM card for personal use."
9145,"HHU271_HHTotalIndividual","Individuals using a mobile cellular telephone",,"%",39,"BOL","Bolivia (Plurinational State of)","82.7597620080504",2021,"","Instituto Nacional de Estadística","Refers to the proportion of individuals using a mobile (cellular) or smart telephone. An individual uses a mobile cellular telephone if he/she has a mobile cellular phone device with at least one active SIM card for personal use."
9145,"HHU271_HHTotalIndividual","Individuals using a mobile cellular telephone",,"%",40,"BWA","Botswana","85.2586875345098",2014,"","Statistics Botswana","Refers to the proportion of individuals using a mobile (cellular) or smart telephone. An individual uses a mobile cellular telephone if he/she has a mobile cellular phone device with at least one active SIM card for personal use."
9145,"HHU271_HHTotalIndividual","Individuals using a mobile cellular telephone",,"%",40,"BWA","Botswana","84.16271975329671",2024,"","Statistics Botswana","Refers to the proportion of individuals using a mobile (cellular) or smart telephone. An individual uses a mobile cellular telephone if he/she has a mobile cellular phone device with at least one active SIM card for personal use."
9145,"HHU271_HHTotalIndividual","Individuals using a mobile cellular telephone",,"%",45,"BGR","Bulgaria","60.7950574381047",2006,"","Eurostat","Refers to the proportion of individuals using a mobile (cellular) or smart telephone. An individual uses a mobile cellular telephone if he/she has a mobile cellular phone device with at least one active SIM card for personal use."
9145,"HHU271_HHTotalIndividual","Individuals using a mobile cellular telephone",,"%",45,"BGR","Bulgaria","70.296497357195",2007,"","Eurostat","Refers to the proportion of individuals using a mobile (cellular) or smart telephone. An individual uses a mobile cellular telephone if he/she has a mobile cellular phone device with at least one active SIM card for personal use."
9145,"HHU271_HHTotalIndividual","Individuals using a mobile cellular telephone",,"%",45,"BGR","Bulgaria","78.1704791110042",2008,"","Eurostat","Refers to the proportion of individuals using a mobile (cellular) or smart telephone. An individual uses a mobile cellular telephone if he/she has a mobile cellular phone device with at least one active SIM card for personal use."
9145,"HHU271_HHTotalIndividual","Individuals using a mobile cellular telephone",,"%",45,"BGR","Bulgaria","81.5344915687276",2012,"","Eurostat","Refers to the proportion of individuals using a mobile (cellular) or smart telephone. An individual uses a mobile cellular telephone if he/she has a mobile cellular phone device with at least one active SIM card for personal use."
9145,"HHU271_HHTotalIndividual","Individuals using a mobile cellular telephone",,"%",49,"CHL","Chile","33.4528319922556",2003,"","Ministerio de Planificación","Refers to the proportion of individuals using a mobile (cellular) or smart telephone. An individual uses a mobile cellular telephone if he/she has a mobile cellular phone device with at least one active SIM card for personal use."
9145,"HHU271_HHTotalIndividual","Individuals using a mobile cellular telephone",,"%",49,"CHL","Chile","50.1907554893086",2006,"","Ministerio de Planificación","Refers to the proportion of individuals using a mobile (cellular) or smart telephone. An individual uses a mobile cellular telephone if he/she has a mobile cellular phone device with at least one active SIM card for personal use."
9145,"HHU271_HHTotalIndividual","Individuals using a mobile cellular telephone",,"%",49,"CHL","Chile","64.9039802269399",2009,"pob. >= 5 años","Ministerio de Planificación","Refers to the proportion of individuals using a mobile (cellular) or smart telephone. An individual uses a mobile cellular telephone if he/she has a mobile cellular phone device with at least one active SIM card for personal use."
9145,"HHU271_HHTotalIndividual","Individuals using a mobile cellular telephone",,"%",49,"CHL","Chile","92.9689971465005",2023,"","Instituto Nacional de Estadisticas","Refers to the proportion of individuals using a mobile (cellular) or smart telephone. An individual uses a mobile cellular telephone if he/she has a mobile cellular phone device with at least one active SIM card for personal use."
9145,"HHU271_HHTotalIndividual","Individuals using a mobile cellular telephone",,"%",49,"CHL","Chile","94.78788315864709",2024,"","Instituto Nacional de Estadisticas","Refers to the proportion of individuals using a mobile (cellular) or smart telephone. An individual uses a mobile cellular telephone if he/she has a mobile cellular phone device with at least one active SIM card for personal use."
9145,"HHU271_HHTotalIndividual","Individuals using a mobile cellular telephone",,"%",53,"COL","Colombia","86.8398108662979",2012,"","Departamento Administrativo Nacional de Estadística - DANE","Refers to the proportion of individuals using a mobile (cellular) or smart telephone. An individual uses a mobile cellular telephone if he/she has a mobile cellular phone device with at least one active SIM card for personal use."
9145,"HHU271_HHTotalIndividual","Individuals using a mobile cellular telephone",,"%",53,"COL","Colombia","85.8792929706796",2013,"","Departamento Administrativo Nacional de Estadística - DANE","Refers to the proportion of individuals using a mobile (cellular) or smart telephone. An individual uses a mobile cellular telephone if he/she has a mobile cellular phone device with at least one active SIM card for personal use."
9145,"HHU271_HHTotalIndividual","Individuals using a mobile cellular telephone",,"%",53,"COL","Colombia","82.9381652512151",2014,"En la encuesta se refiere a las personas que tienen teléfono móvil celular o acceden al servicio sin tener celular.","Departamento Administrativo Nacional de Estadística - DANE","Refers to the proportion of individuals using a mobile (cellular) or smart telephone. An individual uses a mobile cellular telephone if he/she has a mobile cellular phone device with at least one active SIM card for personal use."
9145,"HHU271_HHTotalIndividual","Individuals using a mobile cellular telephone",,"%",53,"COL","Colombia","85.9862510701883",2015,"En la ECV se refiere a las personas que utilizan teléfono móvil celular independientemente de si lo poseen o no.","Departamento Administrativo Nacional de Estadística - DANE","Refers to the proportion of individuals using a mobile (cellular) or smart telephone. An individual uses a mobile cellular telephone if he/she has a mobile cellular phone device with at least one active SIM card for personal use."
9145,"HHU271_HHTotalIndividual","Individuals using a mobile cellular telephone",,"%",53,"COL","Colombia","85.8296626105423",2016,"En la ECV se refiere a las personas que utilizan teléfono móvil celular independientemente de si lo poseen o no.","Departamento Administrativo Nacional de Estadística - DANE","Refers to the proportion of individuals using a mobile (cellular) or smart telephone. An individual uses a mobile cellular telephone if he/she has a mobile cellular phone device with at least one active SIM card for personal use."
9145,"HHU271_HHTotalIndividual","Individuals using a mobile cellular telephone",,"%",53,"COL","Colombia","86.343846757839",2017,"En la ECV se refiere a las personas que utilizan teléfono móvil celular independientemente de si lo poseen o no.","Departamento Administrativo Nacional de Estadística - DANE","Refers to the proportion of individuals using a mobile (cellular) or smart telephone. An individual uses a mobile cellular telephone if he/she has a mobile cellular phone device with at least one active SIM card for personal use."
9145,"HHU271_HHTotalIndividual","Individuals using a mobile cellular telephone",,"%",53,"COL","Colombia","85.2044494517803",2018,"En la encuesta se refiere a las personas que utilizan teléfono móvil celular independientemente de si lo poseen o no.","Departamento Administrativo Nacional de Estadística - DANE","Refers to the proportion of individuals using a mobile (cellular) or smart telephone. An individual uses a mobile cellular telephone if he/she has a mobile cellular phone device with at least one active SIM card for personal use."
9145,"HHU271_HHTotalIndividual","Individuals using a mobile cellular telephone",,"%",53,"COL","Colombia","90.8754264305768",2021,"En la encuesta se refiere a las personas que utilizan teléfono móvil celular independientemente de si lo poseen o no.","Departamento Administrativo Nacional de Estadística - DANE","Refers to the proportion of individuals using a mobile (cellular) or smart telephone. An individual uses a mobile cellular telephone if he/she has a mobile cellular phone device with at least one active SIM card for personal use."
9145,"HHU271_HHTotalIndividual","Individuals using a mobile cellular telephone",,"%",53,"COL","Colombia","89.9627252419637",2022,"","Departamento Administrativo Nacional de Estadistica (DANE)","Refers to the proportion of individuals using a mobile (cellular) or smart telephone. An individual uses a mobile cellular telephone if he/she has a mobile cellular phone device with at least one active SIM card for personal use."
9145,"HHU271_HHTotalIndividual","Individuals using a mobile cellular telephone",,"%",53,"COL","Colombia","90.4153263350031",2023,"In the survey, this refers to individuals who use a cell phone regardless of whether they own it or not.","Departamento Administrativo Nacional de Estadistica (DANE)","Refers to the proportion of individuals using a mobile (cellular) or smart telephone. An individual uses a mobile cellular telephone if he/she has a mobile cellular phone device with at least one active SIM card for personal use."
9145,"HHU271_HHTotalIndividual","Individuals using a mobile cellular telephone",,"%",53,"COL","Colombia","90.55725057553401",2024,"The survey refers to individuals who use cell phones regardless of whether they own them or not.","Departamento Administrativo Nacional de Estadistica (DANE)","Refers to the proportion of individuals using a mobile (cellular) or smart telephone. An individual uses a mobile cellular telephone if he/she has a mobile cellular phone device with at least one active SIM card for personal use."
9145,"HHU271_HHTotalIndividual","Individuals using a mobile cellular telephone",,"%",61,"CIV","Côte d'Ivoire","73.7293172977462",2019,"","ARTCI","Refers to the proportion of individuals using a mobile (cellular) or smart telephone. An individual uses a mobile cellular telephone if he/she has a mobile cellular phone device with at least one active SIM card for personal use."
9145,"HHU271_HHTotalIndividual","Individuals using a mobile cellular telephone",,"%",61,"CIV","Côte d'Ivoire","69.1414763818811",2022,"","ARTCI","Refers to the proportion of individuals using a mobile (cellular) or smart telephone. An individual uses a mobile cellular telephone if he/she has a mobile cellular phone device with at least one active SIM card for personal use."
9145,"HHU271_HHTotalIndividual","Individuals using a mobile cellular telephone",,"%",61,"CIV","Côte d'Ivoire","69.3649124102004",2023,"","ARTCI","Refers to the proportion of individuals using a mobile (cellular) or smart telephone. An individual uses a mobile cellular telephone if he/she has a mobile cellular phone device with at least one active SIM card for personal use."
9145,"HHU271_HHTotalIndividual","Individuals using a mobile cellular telephone",,"%",61,"CIV","Côte d'Ivoire","72.44932083843057",2024,"","ARTCI","Refers to the proportion of individuals using a mobile (cellular) or smart telephone. An individual uses a mobile cellular telephone if he/she has a mobile cellular phone device with at least one active SIM card for personal use."
9145,"HHU271_HHTotalIndividual","Individuals using a mobile cellular telephone",,"%",62,"CRI","Costa Rica","29.546321550172",2005,"","Instituto Nacional de Estadística y Censos","Refers to the proportion of individuals using a mobile (cellular) or smart telephone. An individual uses a mobile cellular telephone if he/she has a mobile cellular phone device with at least one active SIM card for personal use."
9145,"HHU271_HHTotalIndividual","Individuals using a mobile cellular telephone",,"%",62,"CRI","Costa Rica","46.3109606638446",2008,"","Instituto Nacional de Estadística y Censos","Refers to the proportion of individuals using a mobile (cellular) or smart telephone. An individual uses a mobile cellular telephone if he/she has a mobile cellular phone device with at least one active SIM card for personal use."
9145,"HHU271_HHTotalIndividual","Individuals using a mobile cellular telephone",,"%",62,"CRI","Costa Rica","73.022800462794",2012,"","Instituto Nacional de Estadística y Censos","Refers to the proportion of individuals using a mobile (cellular) or smart telephone. An individual uses a mobile cellular telephone if he/she has a mobile cellular phone device with at least one active SIM card for personal use."
9145,"HHU271_HHTotalIndividual","Individuals using a mobile cellular telephone",,"%",62,"CRI","Costa Rica","111.138757118994",2016,"","Instituto Nacional de Estadística y Censos","Refers to the proportion of individuals using a mobile (cellular) or smart telephone. An individual uses a mobile cellular telephone if he/she has a mobile cellular phone device with at least one active SIM card for personal use."
9145,"HHU271_HHTotalIndividual","Individuals using a mobile cellular telephone",,"%",62,"CRI","Costa Rica","88.0808043362672",2017,"","Instituto Nacional de Estadística y Censos","Refers to the proportion of individuals using a mobile (cellular) or smart telephone. An individual uses a mobile cellular telephone if he/she has a mobile cellular phone device with at least one active SIM card for personal use."
9145,"HHU271_HHTotalIndividual","Individuals using a mobile cellular telephone",,"%",62,"CRI","Costa Rica","89.5739974993633",2020,"","Instituto Nacional de Estadística y Censos","Refers to the proportion of individuals using a mobile (cellular) or smart telephone. An individual uses a mobile cellular telephone if he/she has a mobile cellular phone device with at least one active SIM card for personal use."
9145,"HHU271_HHTotalIndividual","Individuals using a mobile cellular telephone",,"%",62,"CRI","Costa Rica","90.285130896499",2021,"","Instituto Nacional de Estadística y Censos","Refers to the proportion of individuals using a mobile (cellular) or smart telephone. An individual uses a mobile cellular telephone if he/she has a mobile cellular phone device with at least one active SIM card for personal use."
9145,"HHU271_HHTotalIndividual","Individuals using a mobile cellular telephone",,"%",62,"CRI","Costa Rica","90.4101616877192",2022,"","Instituto Nacional de Estadisticas y Censos","Refers to the proportion of individuals using a mobile (cellular) or smart telephone. An individual uses a mobile cellular telephone if he/she has a mobile cellular phone device with at least one active SIM card for personal use."
9145,"HHU271_HHTotalIndividual","Individuals using a mobile cellular telephone",,"%",62,"CRI","Costa Rica","88.6692495048764",2023,"","Instituto Nacional de Estadisticas y Censos","Refers to the proportion of individuals using a mobile (cellular) or smart telephone. An individual uses a mobile cellular telephone if he/she has a mobile cellular phone device with at least one active SIM card for personal use."
9145,"HHU271_HHTotalIndividual","Individuals using a mobile cellular telephone",,"%",63,"CUB","Cuba","11.2688549357897",2013,"","Oficina Nacional de Estadística e Información","Refers to the proportion of individuals using a mobile (cellular) or smart telephone. An individual uses a mobile cellular telephone if he/she has a mobile cellular phone device with at least one active SIM card for personal use."
9145,"HHU271_HHTotalIndividual","Individuals using a mobile cellular telephone",,"%",63,"CUB","Cuba","31.9213658197989",2015,"","ONEI","Refers to the proportion of individuals using a mobile (cellular) or smart telephone. An individual uses a mobile cellular telephone if he/she has a mobile cellular phone device with at least one active SIM card for personal use."
9145,"HHU271_HHTotalIndividual","Individuals using a mobile cellular telephone",,"%",63,"CUB","Cuba","44.1266423700436",2017,"","ONEI","Refers to the proportion of individuals using a mobile (cellular) or smart telephone. An individual uses a mobile cellular telephone if he/she has a mobile cellular phone device with at least one active SIM card for personal use."
9145,"HHU271_HHTotalIndividual","Individuals using a mobile cellular telephone",,"%",66,"CYP","Cyprus","88.0950578566021",2006,"","Eurostat","Refers to the proportion of individuals using a mobile (cellular) or smart telephone. An individual uses a mobile cellular telephone if he/she has a mobile cellular phone device with at least one active SIM card for personal use."
9145,"HHU271_HHTotalIndividual","Individuals using a mobile cellular telephone",,"%",66,"CYP","Cyprus","91.1597790829571",2007,"","Eurostat","Refers to the proportion of individuals using a mobile (cellular) or smart telephone. An individual uses a mobile cellular telephone if he/she has a mobile cellular phone device with at least one active SIM card for personal use."
9145,"HHU271_HHTotalIndividual","Individuals using a mobile cellular telephone",,"%",66,"CYP","Cyprus","90.6115368385957",2008,"","Eurostat","Refers to the proportion of individuals using a mobile (cellular) or smart telephone. An individual uses a mobile cellular telephone if he/she has a mobile cellular phone device with at least one active SIM card for personal use."
9145,"HHU271_HHTotalIndividual","Individuals using a mobile cellular telephone",,"%",66,"CYP","Cyprus","96.3711748850484",2012,"","Eurostat","Refers to the proportion of individuals using a mobile (cellular) or smart telephone. An individual uses a mobile cellular telephone if he/she has a mobile cellular phone device with at least one active SIM card for personal use."
9145,"HHU271_HHTotalIndividual","Individuals using a mobile cellular telephone",,"%",66,"CYP","Cyprus","98.8081131514351",2019,"","STATISTICAL SERVICE OF CYPRUS","Refers to the proportion of individuals using a mobile (cellular) or smart telephone. An individual uses a mobile cellular telephone if he/she has a mobile cellular phone device with at least one active SIM card for personal use."
9145,"HHU271_HHTotalIndividual","Individuals using a mobile cellular telephone",,"%",66,"CYP","Cyprus","99.2467680432315",2020,"","Statistical Service of Cyprus","Refers to the proportion of individuals using a mobile (cellular) or smart telephone. An individual uses a mobile cellular telephone if he/she has a mobile cellular phone device with at least one active SIM card for personal use."
9145,"HHU271_HHTotalIndividual","Individuals using a mobile cellular telephone",,"%",67,"DEU","Germany","83.2383734489349",2006,"","Eurostat","Refers to the proportion of individuals using a mobile (cellular) or smart telephone. An individual uses a mobile cellular telephone if he/she has a mobile cellular phone device with at least one active SIM card for personal use."
9145,"HHU271_HHTotalIndividual","Individuals using a mobile cellular telephone",,"%",67,"DEU","Germany","85.4640712251452",2007,"","Eurostat","Refers to the proportion of individuals using a mobile (cellular) or smart telephone. An individual uses a mobile cellular telephone if he/she has a mobile cellular phone device with at least one active SIM card for personal use."
9145,"HHU271_HHTotalIndividual","Individuals using a mobile cellular telephone",,"%",67,"DEU","Germany","86.4702937880556",2008,"","Eurostat","Refers to the proportion of individuals using a mobile (cellular) or smart telephone. An individual uses a mobile cellular telephone if he/she has a mobile cellular phone device with at least one active SIM card for personal use."
9145,"HHU271_HHTotalIndividual","Individuals using a mobile cellular telephone",,"%",67,"DEU","Germany","88.6248005950421",2012,"","Eurostat","Refers to the proportion of individuals using a mobile (cellular) or smart telephone. An individual uses a mobile cellular telephone if he/she has a mobile cellular phone device with at least one active SIM card for personal use."
9145,"HHU271_HHTotalIndividual","Individuals using a mobile cellular telephone",,"%",67,"DEU","Germany","81.5664819755631",2020,"Refers to smart phone use","Statistisches Bundesamt (Destatis)","Refers to the proportion of individuals using a mobile (cellular) or smart telephone. An individual uses a mobile cellular telephone if he/she has a mobile cellular phone device with at least one active SIM card for personal use."
9145,"HHU271_HHTotalIndividual","Individuals using a mobile cellular telephone",,"%",67,"DEU","Germany","77.3079825833493",2021,"Refers to smart phone use","Statistisches Bundesamt (Destatis)","Refers to the proportion of individuals using a mobile (cellular) or smart telephone. An individual uses a mobile cellular telephone if he/she has a mobile cellular phone device with at least one active SIM card for personal use."
9145,"HHU271_HHTotalIndividual","Individuals using a mobile cellular telephone",,"%",71,"DNK","Denmark","90.4936528897186",2006,"","Eurostat","Refers to the proportion of individuals using a mobile (cellular) or smart telephone. An individual uses a mobile cellular telephone if he/she has a mobile cellular phone device with at least one active SIM card for personal use."
9145,"HHU271_HHTotalIndividual","Individuals using a mobile cellular telephone",,"%",71,"DNK","Denmark","85.6925744445554",2007,"","Eurostat","Refers to the proportion of individuals using a mobile (cellular) or smart telephone. An individual uses a mobile cellular telephone if he/she has a mobile cellular phone device with at least one active SIM card for personal use."
9145,"HHU271_HHTotalIndividual","Individuals using a mobile cellular telephone",,"%",71,"DNK","Denmark","93.3107087730072",2008,"","Eurostat","Refers to the proportion of individuals using a mobile (cellular) or smart telephone. An individual uses a mobile cellular telephone if he/she has a mobile cellular phone device with at least one active SIM card for personal use."
9145,"HHU271_HHTotalIndividual","Individuals using a mobile cellular telephone",,"%",71,"DNK","Denmark","96.7905026922617",2012,"","Eurostat","Refers to the proportion of individuals using a mobile (cellular) or smart telephone. An individual uses a mobile cellular telephone if he/she has a mobile cellular phone device with at least one active SIM card for personal use."
9145,"HHU271_HHTotalIndividual","Individuals using a mobile cellular telephone",,"%",71,"DNK","Denmark","88.494546540117",2018,"","Statistics Denmark ","Refers to the proportion of individuals using a mobile (cellular) or smart telephone. An individual uses a mobile cellular telephone if he/she has a mobile cellular phone device with at least one active SIM card for personal use."
9145,"HHU271_HHTotalIndividual","Individuals using a mobile cellular telephone",,"%",72,"DOM","Dominican Rep.","85.7514137025844",2017,"","National Bureau of Statistics","Refers to the proportion of individuals using a mobile (cellular) or smart telephone. An individual uses a mobile cellular telephone if he/she has a mobile cellular phone device with at least one active SIM card for personal use."
9145,"HHU271_HHTotalIndividual","Individuals using a mobile cellular telephone",,"%",72,"DOM","Dominican Rep.","89.8351100672959",2018,"","National Bureau of Statistics","Refers to the proportion of individuals using a mobile (cellular) or smart telephone. An individual uses a mobile cellular telephone if he/she has a mobile cellular phone device with at least one active SIM card for personal use."
9145,"HHU271_HHTotalIndividual","Individuals using a mobile cellular telephone",,"%",72,"DOM","Dominican Rep.","87.0828329251691",2021,"","National Bureau of Statistics.","Refers to the proportion of individuals using a mobile (cellular) or smart telephone. An individual uses a mobile cellular telephone if he/she has a mobile cellular phone device with at least one active SIM card for personal use."
9145,"HHU271_HHTotalIndividual","Individuals using a mobile cellular telephone",,"%",72,"DOM","Dominican Rep.","84.1058254014211",2022,"","Oficina Nacional de Estadistica","Refers to the proportion of individuals using a mobile (cellular) or smart telephone. An individual uses a mobile cellular telephone if he/she has a mobile cellular phone device with at least one active SIM card for personal use."
9145,"HHU271_HHTotalIndividual","Individuals using a mobile cellular telephone",,"%",72,"DOM","Dominican Rep.","91.8141423328698",2024,"","Oficina Nacional de Estadistica","Refers to the proportion of individuals using a mobile (cellular) or smart telephone. An individual uses a mobile cellular telephone if he/she has a mobile cellular phone device with at least one active SIM card for personal use."
9145,"HHU271_HHTotalIndividual","Individuals using a mobile cellular telephone",,"%",73,"ESP","Spain","82.97495622856",2006,"","Eurostat","Refers to the proportion of individuals using a mobile (cellular) or smart telephone. An individual uses a mobile cellular telephone if he/she has a mobile cellular phone device with at least one active SIM card for personal use."
9145,"HHU271_HHTotalIndividual","Individuals using a mobile cellular telephone",,"%",73,"ESP","Spain","86.4783032229289",2007,"","Eurostat","Refers to the proportion of individuals using a mobile (cellular) or smart telephone. An individual uses a mobile cellular telephone if he/she has a mobile cellular phone device with at least one active SIM card for personal use."
9145,"HHU271_HHTotalIndividual","Individuals using a mobile cellular telephone",,"%",73,"ESP","Spain","88.7518317757237",2008,"","Eurostat","Refers to the proportion of individuals using a mobile (cellular) or smart telephone. An individual uses a mobile cellular telephone if he/she has a mobile cellular phone device with at least one active SIM card for personal use."
9145,"HHU271_HHTotalIndividual","Individuals using a mobile cellular telephone",,"%",73,"ESP","Spain","94.3775004204824",2012,"","Eurostat","Refers to the proportion of individuals using a mobile (cellular) or smart telephone. An individual uses a mobile cellular telephone if he/she has a mobile cellular phone device with at least one active SIM card for personal use."
9145,"HHU271_HHTotalIndividual","Individuals using a mobile cellular telephone",,"%",73,"ESP","Spain","96.159308978435",2017,"","Instituto Nacional de Estadística (INE)","Refers to the proportion of individuals using a mobile (cellular) or smart telephone. An individual uses a mobile cellular telephone if he/she has a mobile cellular phone device with at least one active SIM card for personal use."
9145,"HHU271_HHTotalIndividual","Individuals using a mobile cellular telephone",,"%",73,"ESP","Spain","96.9244214927427",2019,"","Instituto Nacional de Estadística (INE)","Refers to the proportion of individuals using a mobile (cellular) or smart telephone. An individual uses a mobile cellular telephone if he/she has a mobile cellular phone device with at least one active SIM card for personal use."
9145,"HHU271_HHTotalIndividual","Individuals using a mobile cellular telephone",,"%",73,"ESP","Spain","98.8897786407785",2020,"","Instituto Nacional de Estadística (INE)","Refers to the proportion of individuals using a mobile (cellular) or smart telephone. An individual uses a mobile cellular telephone if he/she has a mobile cellular phone device with at least one active SIM card for personal use."
9145,"HHU271_HHTotalIndividual","Individuals using a mobile cellular telephone",,"%",73,"ESP","Spain","99.1745936787007",2021,"","Instituto Nacional de Estadística (INE)","Refers to the proportion of individuals using a mobile (cellular) or smart telephone. An individual uses a mobile cellular telephone if he/she has a mobile cellular phone device with at least one active SIM card for personal use."
9145,"HHU271_HHTotalIndividual","Individuals using a mobile cellular telephone",,"%",73,"ESP","Spain","99.2473541637929",2022,"Used a mobile cellular telephone","Instituto Nacional de Estadistica","Refers to the proportion of individuals using a mobile (cellular) or smart telephone. An individual uses a mobile cellular telephone if he/she has a mobile cellular phone device with at least one active SIM card for personal use."
9145,"HHU271_HHTotalIndividual","Individuals using a mobile cellular telephone",,"%",73,"ESP","Spain","99.1838363405559",2023,"","Instituto Nacional de Estadistica","Refers to the proportion of individuals using a mobile (cellular) or smart telephone. An individual uses a mobile cellular telephone if he/she has a mobile cellular phone device with at least one active SIM card for personal use."
9145,"HHU271_HHTotalIndividual","Individuals using a mobile cellular telephone",,"%",73,"ESP","Spain","99.141004661541",2024,"","Instituto Nacional de Estadistica","Refers to the proportion of individuals using a mobile (cellular) or smart telephone. An individual uses a mobile cellular telephone if he/she has a mobile cellular phone device with at least one active SIM card for personal use."
9145,"HHU271_HHTotalIndividual","Individuals using a mobile cellular telephone",,"%",74,"EGY","Egypt","77.6653532424375",2013,"","Ministry of Communications and Information Technology","Refers to the proportion of individuals using a mobile (cellular) or smart telephone. An individual uses a mobile cellular telephone if he/she has a mobile cellular phone device with at least one active SIM card for personal use."
9145,"HHU271_HHTotalIndividual","Individuals using a mobile cellular telephone",,"%",74,"EGY","Egypt","80.9789164212782",2014,"","Ministry of Communications and Information Technology","Refers to the proportion of individuals using a mobile (cellular) or smart telephone. An individual uses a mobile cellular telephone if he/she has a mobile cellular phone device with at least one active SIM card for personal use."
9145,"HHU271_HHTotalIndividual","Individuals using a mobile cellular telephone",,"%",74,"EGY","Egypt","86.7007395386275",2015,"","Central Agency For Public Mobilization And Statistics (CAPMAS)","Refers to the proportion of individuals using a mobile (cellular) or smart telephone. An individual uses a mobile cellular telephone if he/she has a mobile cellular phone device with at least one active SIM card for personal use."
9145,"HHU271_HHTotalIndividual","Individuals using a mobile cellular telephone",,"%",74,"EGY","Egypt","89.3468733874567",2016,"","Central Agency For Public Mobilization And Statistics (CAPMAS)","Refers to the proportion of individuals using a mobile (cellular) or smart telephone. An individual uses a mobile cellular telephone if he/she has a mobile cellular phone device with at least one active SIM card for personal use."
9145,"HHU271_HHTotalIndividual","Individuals using a mobile cellular telephone",,"%",74,"EGY","Egypt","98.0370109237997",2017,"","Central Agency For Public Mobilization And Statistics (CAPMAS)","Refers to the proportion of individuals using a mobile (cellular) or smart telephone. An individual uses a mobile cellular telephone if he/she has a mobile cellular phone device with at least one active SIM card for personal use."
9145,"HHU271_HHTotalIndividual","Individuals using a mobile cellular telephone",,"%",74,"EGY","Egypt","99.4349626701701",2018,"","Ministry of Communications and Information Technology","Refers to the proportion of individuals using a mobile (cellular) or smart telephone. An individual uses a mobile cellular telephone if he/she has a mobile cellular phone device with at least one active SIM card for personal use."
9145,"HHU271_HHTotalIndividual","Individuals using a mobile cellular telephone",,"%",74,"EGY","Egypt","99.3777125541248",2019,"","Ministry of Communications and Information Technology","Refers to the proportion of individuals using a mobile (cellular) or smart telephone. An individual uses a mobile cellular telephone if he/she has a mobile cellular phone device with at least one active SIM card for personal use."
9145,"HHU271_HHTotalIndividual","Individuals using a mobile cellular telephone",,"%",74,"EGY","Egypt","99.4072154619607",2020,"","Ministry of Communications and Information Technology","Refers to the proportion of individuals using a mobile (cellular) or smart telephone. An individual uses a mobile cellular telephone if he/she has a mobile cellular phone device with at least one active SIM card for personal use."
9145,"HHU271_HHTotalIndividual","Individuals using a mobile cellular telephone",,"%",74,"EGY","Egypt","97.5743691836583",2022,"","Ministry of Communications and Information Technology","Refers to the proportion of individuals using a mobile (cellular) or smart telephone. An individual uses a mobile cellular telephone if he/she has a mobile cellular phone device with at least one active SIM card for personal use."
9145,"HHU271_HHTotalIndividual","Individuals using a mobile cellular telephone",,"%",75,"ECU","Ecuador","37.7051832526687",2008,"","Instituto Nacional de Estadística y Censos (INEC)","Refers to the proportion of individuals using a mobile (cellular) or smart telephone. An individual uses a mobile cellular telephone if he/she has a mobile cellular phone device with at least one active SIM card for personal use."
9145,"HHU271_HHTotalIndividual","Individuals using a mobile cellular telephone",,"%",75,"ECU","Ecuador","40.2313311531167",2009,"","Instituto Nacional de Estadística y Censos (INEC)","Refers to the proportion of individuals using a mobile (cellular) or smart telephone. An individual uses a mobile cellular telephone if he/she has a mobile cellular phone device with at least one active SIM card for personal use."
9145,"HHU271_HHTotalIndividual","Individuals using a mobile cellular telephone",,"%",76,"EST","Estonia","88.6662701441818",2006,"","Eurostat","Refers to the proportion of individuals using a mobile (cellular) or smart telephone. An individual uses a mobile cellular telephone if he/she has a mobile cellular phone device with at least one active SIM card for personal use."
9145,"HHU271_HHTotalIndividual","Individuals using a mobile cellular telephone",,"%",76,"EST","Estonia","92.8811029536478",2007,"","Eurostat","Refers to the proportion of individuals using a mobile (cellular) or smart telephone. An individual uses a mobile cellular telephone if he/she has a mobile cellular phone device with at least one active SIM card for personal use."
9145,"HHU271_HHTotalIndividual","Individuals using a mobile cellular telephone",,"%",76,"EST","Estonia","92.6388210888987",2008,"","Eurostat","Refers to the proportion of individuals using a mobile (cellular) or smart telephone. An individual uses a mobile cellular telephone if he/she has a mobile cellular phone device with at least one active SIM card for personal use."
9145,"HHU271_HHTotalIndividual","Individuals using a mobile cellular telephone",,"%",76,"EST","Estonia","84.2206419753086",2012,"","Eurostat","Refers to the proportion of individuals using a mobile (cellular) or smart telephone. An individual uses a mobile cellular telephone if he/she has a mobile cellular phone device with at least one active SIM card for personal use."
9145,"HHU271_HHTotalIndividual","Individuals using a mobile cellular telephone",,"%",77,"ETH","Ethiopia","63.802709357895",2021,"Ages 10+, access to a cellphone","Ethiopia Statistics Service - Statistical report on the 2021 Labour Force and Migration Survey","Refers to the proportion of individuals using a mobile (cellular) or smart telephone. An individual uses a mobile cellular telephone if he/she has a mobile cellular phone device with at least one active SIM card for personal use."
9145,"HHU271_HHTotalIndividual","Individuals using a mobile cellular telephone",,"%",78,"FRA","France","73.4586254931468",2006,"","Eurostat","Refers to the proportion of individuals using a mobile (cellular) or smart telephone. An individual uses a mobile cellular telephone if he/she has a mobile cellular phone device with at least one active SIM card for personal use."
9145,"HHU271_HHTotalIndividual","Individuals using a mobile cellular telephone",,"%",78,"FRA","France","76.7729925366096",2007,"","Eurostat","Refers to the proportion of individuals using a mobile (cellular) or smart telephone. An individual uses a mobile cellular telephone if he/she has a mobile cellular phone device with at least one active SIM card for personal use."
9145,"HHU271_HHTotalIndividual","Individuals using a mobile cellular telephone",,"%",78,"FRA","France","83.4845806499603",2008,"","Eurostat","Refers to the proportion of individuals using a mobile (cellular) or smart telephone. An individual uses a mobile cellular telephone if he/she has a mobile cellular phone device with at least one active SIM card for personal use."
9145,"HHU271_HHTotalIndividual","Individuals using a mobile cellular telephone",,"%",78,"FRA","France","89.657800795944",2012,"","Eurostat","Refers to the proportion of individuals using a mobile (cellular) or smart telephone. An individual uses a mobile cellular telephone if he/she has a mobile cellular phone device with at least one active SIM card for personal use."
9145,"HHU271_HHTotalIndividual","Individuals using a mobile cellular telephone",,"%",81,"FIN","Finland","95.7492298419931",2006,"","Eurostat","Refers to the proportion of individuals using a mobile (cellular) or smart telephone. An individual uses a mobile cellular telephone if he/she has a mobile cellular phone device with at least one active SIM card for personal use."
9145,"HHU271_HHTotalIndividual","Individuals using a mobile cellular telephone",,"%",81,"FIN","Finland","96.7196261107335",2007,"","Eurostat","Refers to the proportion of individuals using a mobile (cellular) or smart telephone. An individual uses a mobile cellular telephone if he/she has a mobile cellular phone device with at least one active SIM card for personal use."
9145,"HHU271_HHTotalIndividual","Individuals using a mobile cellular telephone",,"%",81,"FIN","Finland","97.3083370540925",2008,"","Eurostat","Refers to the proportion of individuals using a mobile (cellular) or smart telephone. An individual uses a mobile cellular telephone if he/she has a mobile cellular phone device with at least one active SIM card for personal use."
9145,"HHU271_HHTotalIndividual","Individuals using a mobile cellular telephone",,"%",81,"FIN","Finland","98.7595907928389",2012,"","Eurostat","Refers to the proportion of individuals using a mobile (cellular) or smart telephone. An individual uses a mobile cellular telephone if he/she has a mobile cellular phone device with at least one active SIM card for personal use."
9145,"HHU271_HHTotalIndividual","Individuals using a mobile cellular telephone",,"%",84,"GBR","United Kingdom","89.66469691358",2006,"","Eurostat","Refers to the proportion of individuals using a mobile (cellular) or smart telephone. An individual uses a mobile cellular telephone if he/she has a mobile cellular phone device with at least one active SIM card for personal use."
9145,"HHU271_HHTotalIndividual","Individuals using a mobile cellular telephone",,"%",84,"GBR","United Kingdom","90.6389760945107",2007,"","Eurostat","Refers to the proportion of individuals using a mobile (cellular) or smart telephone. An individual uses a mobile cellular telephone if he/she has a mobile cellular phone device with at least one active SIM card for personal use."
9145,"HHU271_HHTotalIndividual","Individuals using a mobile cellular telephone",,"%",84,"GBR","United Kingdom","93.1984921484321",2008,"","Eurostat","Refers to the proportion of individuals using a mobile (cellular) or smart telephone. An individual uses a mobile cellular telephone if he/she has a mobile cellular phone device with at least one active SIM card for personal use."
9145,"HHU271_HHTotalIndividual","Individuals using a mobile cellular telephone",,"%",84,"GBR","United Kingdom","94.1699991683336",2012,"","Eurostat","Refers to the proportion of individuals using a mobile (cellular) or smart telephone. An individual uses a mobile cellular telephone if he/she has a mobile cellular phone device with at least one active SIM card for personal use."
9145,"HHU271_HHTotalIndividual","Individuals using a mobile cellular telephone",,"%",90,"GHA","Ghana","47.6682585285379",2010,"","Central Statistical Agency.","Refers to the proportion of individuals using a mobile (cellular) or smart telephone. An individual uses a mobile cellular telephone if he/she has a mobile cellular phone device with at least one active SIM card for personal use."
9145,"HHU271_HHTotalIndividual","Individuals using a mobile cellular telephone",,"%",95,"GRC","Greece","75.8624185284371",2006,"","Eurostat","Refers to the proportion of individuals using a mobile (cellular) or smart telephone. An individual uses a mobile cellular telephone if he/she has a mobile cellular phone device with at least one active SIM card for personal use."
9145,"HHU271_HHTotalIndividual","Individuals using a mobile cellular telephone",,"%",95,"GRC","Greece","80.2924576268087",2007,"","Eurostat","Refers to the proportion of individuals using a mobile (cellular) or smart telephone. An individual uses a mobile cellular telephone if he/she has a mobile cellular phone device with at least one active SIM card for personal use."
9145,"HHU271_HHTotalIndividual","Individuals using a mobile cellular telephone",,"%",95,"GRC","Greece","81.9552364839229",2008,"","Eurostat","Refers to the proportion of individuals using a mobile (cellular) or smart telephone. An individual uses a mobile cellular telephone if he/she has a mobile cellular phone device with at least one active SIM card for personal use."
9145,"HHU271_HHTotalIndividual","Individuals using a mobile cellular telephone",,"%",95,"GRC","Greece","88.7565015203005",2012,"","Eurostat","Refers to the proportion of individuals using a mobile (cellular) or smart telephone. An individual uses a mobile cellular telephone if he/she has a mobile cellular phone device with at least one active SIM card for personal use."
9145,"HHU271_HHTotalIndividual","Individuals using a mobile cellular telephone",,"%",103,"HKG","Hong Kong, China","63.503354619675",2008,"","Census and Statistics Department","Refers to the proportion of individuals using a mobile (cellular) or smart telephone. An individual uses a mobile cellular telephone if he/she has a mobile cellular phone device with at least one active SIM card for personal use."
9145,"HHU271_HHTotalIndividual","Individuals using a mobile cellular telephone",,"%",103,"HKG","Hong Kong, China","66.4896793247583",2009,"","Census and Statistics Department","Refers to the proportion of individuals using a mobile (cellular) or smart telephone. An individual uses a mobile cellular telephone if he/she has a mobile cellular phone device with at least one active SIM card for personal use."
9145,"HHU271_HHTotalIndividual","Individuals using a mobile cellular telephone",,"%",103,"HKG","Hong Kong, China","71.5181213606135",2012,"Individuals who used a mobile cellular telephone with Internet connection.","Census and Statistics Department","Refers to the proportion of individuals using a mobile (cellular) or smart telephone. An individual uses a mobile cellular telephone if he/she has a mobile cellular phone device with at least one active SIM card for personal use."
9145,"HHU271_HHTotalIndividual","Individuals using a mobile cellular telephone",,"%",103,"HKG","Hong Kong, China","61.1225785963798",2013,"","Census and Statistics Department","Refers to the proportion of individuals using a mobile (cellular) or smart telephone. An individual uses a mobile cellular telephone if he/she has a mobile cellular phone device with at least one active SIM card for personal use."
9145,"HHU271_HHTotalIndividual","Individuals using a mobile cellular telephone",,"%",103,"HKG","Hong Kong, China","95.3747905535709",2014,"Owned and used a mobile cellular telephone (including smartphone), or accessed the Internet via smartphones in the last twelve months.","Census and Statistics Department","Refers to the proportion of individuals using a mobile (cellular) or smart telephone. An individual uses a mobile cellular telephone if he/she has a mobile cellular phone device with at least one active SIM card for personal use."
9145,"HHU271_HHTotalIndividual","Individuals using a mobile cellular telephone",,"%",103,"HKG","Hong Kong, China","96.7043522075959",2015,"Owned and used a mobile cellular telephone (including smartphone), or accessed the Internet via smartphones in the last twelve months.","Census and Statistics Department","Refers to the proportion of individuals using a mobile (cellular) or smart telephone. An individual uses a mobile cellular telephone if he/she has a mobile cellular phone device with at least one active SIM card for personal use."
9145,"HHU271_HHTotalIndividual","Individuals using a mobile cellular telephone",,"%",103,"HKG","Hong Kong, China","96.5934221051146",2016,"Owned and used a mobile cellular telephone (including smartphone), or accessed the Internet via smartphones in the last twelve months.","Census and Statistics Department","Refers to the proportion of individuals using a mobile (cellular) or smart telephone. An individual uses a mobile cellular telephone if he/she has a mobile cellular phone device with at least one active SIM card for personal use."
9145,"HHU271_HHTotalIndividual","Individuals using a mobile cellular telephone",,"%",103,"HKG","Hong Kong, China","97.0516736271271",2017,"Owned and used a mobile cellular telephone (including smartphone), or accessed the Internet via smartphones in the last twelve months.","Census and Statistics Department","Refers to the proportion of individuals using a mobile (cellular) or smart telephone. An individual uses a mobile cellular telephone if he/she has a mobile cellular phone device with at least one active SIM card for personal use."
9145,"HHU271_HHTotalIndividual","Individuals using a mobile cellular telephone",,"%",103,"HKG","Hong Kong, China","97.0341406117182",2018,"Owned and used a mobile cellular telephone (including smartphone), or accessed the Internet via smartphones in the last twelve months.","Census and Statistics Department","Refers to the proportion of individuals using a mobile (cellular) or smart telephone. An individual uses a mobile cellular telephone if he/she has a mobile cellular phone device with at least one active SIM card for personal use."
9145,"HHU271_HHTotalIndividual","Individuals using a mobile cellular telephone",,"%",103,"HKG","Hong Kong, China","97.5440101732829",2019,"Owned and used a mobile cellular telephone (including smartphone), or accessed the Internet via smartphones in the last twelve months.","Census and Statistics Department","Refers to the proportion of individuals using a mobile (cellular) or smart telephone. An individual uses a mobile cellular telephone if he/she has a mobile cellular phone device with at least one active SIM card for personal use."
9145,"HHU271_HHTotalIndividual","Individuals using a mobile cellular telephone",,"%",103,"HKG","Hong Kong, China","97.4782167719331",2020,"Owned and used a mobile cellular telephone (including smartphone), or accessed the Internet via smartphones in the last twelve months.","Census and Statistics Department","Refers to the proportion of individuals using a mobile (cellular) or smart telephone. An individual uses a mobile cellular telephone if he/she has a mobile cellular phone device with at least one active SIM card for personal use."
9145,"HHU271_HHTotalIndividual","Individuals using a mobile cellular telephone",,"%",103,"HKG","Hong Kong, China","97.7881383497777",2021,"Owned and used a mobile cellular telephone (including smartphone), or accessed the Internet via smartphones in the last twelve months.","Census and Statistics Department","Refers to the proportion of individuals using a mobile (cellular) or smart telephone. An individual uses a mobile cellular telephone if he/she has a mobile cellular phone device with at least one active SIM card for personal use."
9145,"HHU271_HHTotalIndividual","Individuals using a mobile cellular telephone",,"%",103,"HKG","Hong Kong, China","98.5669335493318",2022,"Owned and used a mobile cellular telephone (including smartphone), or accessed the Internet via smartphones in the last twelve months.","Census and Statistics Department","Refers to the proportion of individuals using a mobile (cellular) or smart telephone. An individual uses a mobile cellular telephone if he/she has a mobile cellular phone device with at least one active SIM card for personal use."
9145,"HHU271_HHTotalIndividual","Individuals using a mobile cellular telephone",,"%",103,"HKG","Hong Kong, China","98.5600531858634",2023,"","Census and Statistics Department, Hong Kong Special Administrative Region, China","Refers to the proportion of individuals using a mobile (cellular) or smart telephone. An individual uses a mobile cellular telephone if he/she has a mobile cellular phone device with at least one active SIM card for personal use."
9145,"HHU271_HHTotalIndividual","Individuals using a mobile cellular telephone",,"%",103,"HKG","Hong Kong, China","98.40563143011852",2024,"In previous 12 months. Excludes foreign domestic helpers.","Census and Statistics Department, Hong Kong Special Administrative Region, China","Refers to the proportion of individuals using a mobile (cellular) or smart telephone. An individual uses a mobile cellular telephone if he/she has a mobile cellular phone device with at least one active SIM card for personal use."
9145,"HHU271_HHTotalIndividual","Individuals using a mobile cellular telephone",,"%",104,"HND","Honduras","29.5625960707353",2008,"","Instituto Nacional de Estadistica de Honduras (INE)","Refers to the proportion of individuals using a mobile (cellular) or smart telephone. An individual uses a mobile cellular telephone if he/she has a mobile cellular phone device with at least one active SIM card for personal use."
9145,"HHU271_HHTotalIndividual","Individuals using a mobile cellular telephone",,"%",105,"HUN","Hungary","74.2400285264829",2006,"","Eurostat","Refers to the proportion of individuals using a mobile (cellular) or smart telephone. An individual uses a mobile cellular telephone if he/she has a mobile cellular phone device with at least one active SIM card for personal use."
9145,"HHU271_HHTotalIndividual","Individuals using a mobile cellular telephone",,"%",105,"HUN","Hungary","85.3599493887182",2007,"","Eurostat","Refers to the proportion of individuals using a mobile (cellular) or smart telephone. An individual uses a mobile cellular telephone if he/she has a mobile cellular phone device with at least one active SIM card for personal use."
9145,"HHU271_HHTotalIndividual","Individuals using a mobile cellular telephone",,"%",105,"HUN","Hungary","93.5077982999537",2008,"","Eurostat","Refers to the proportion of individuals using a mobile (cellular) or smart telephone. An individual uses a mobile cellular telephone if he/she has a mobile cellular phone device with at least one active SIM card for personal use."
9145,"HHU271_HHTotalIndividual","Individuals using a mobile cellular telephone",,"%",105,"HUN","Hungary","91.5564991494468",2012,"","Eurostat","Refers to the proportion of individuals using a mobile (cellular) or smart telephone. An individual uses a mobile cellular telephone if he/she has a mobile cellular phone device with at least one active SIM card for personal use."
9145,"HHU271_HHTotalIndividual","Individuals using a mobile cellular telephone",,"%",106,"NLD","Netherlands","88.2760581144405",2006,"","Eurostat","Refers to the proportion of individuals using a mobile (cellular) or smart telephone. An individual uses a mobile cellular telephone if he/she has a mobile cellular phone device with at least one active SIM card for personal use."
9145,"HHU271_HHTotalIndividual","Individuals using a mobile cellular telephone",,"%",106,"NLD","Netherlands","90.4769748132128",2007,"","Eurostat","Refers to the proportion of individuals using a mobile (cellular) or smart telephone. An individual uses a mobile cellular telephone if he/she has a mobile cellular phone device with at least one active SIM card for personal use."
9145,"HHU271_HHTotalIndividual","Individuals using a mobile cellular telephone",,"%",106,"NLD","Netherlands","92.2950435046073",2008,"","Eurostat","Refers to the proportion of individuals using a mobile (cellular) or smart telephone. An individual uses a mobile cellular telephone if he/she has a mobile cellular phone device with at least one active SIM card for personal use."
9145,"HHU271_HHTotalIndividual","Individuals using a mobile cellular telephone",,"%",106,"NLD","Netherlands","87.0164026367767",2012,"","Eurostat","Refers to the proportion of individuals using a mobile (cellular) or smart telephone. An individual uses a mobile cellular telephone if he/she has a mobile cellular phone device with at least one active SIM card for personal use."
9145,"HHU271_HHTotalIndividual","Individuals using a mobile cellular telephone",,"%",107,"HRV","Croatia","77.1528822845017",2007,"","Eurostat","Refers to the proportion of individuals using a mobile (cellular) or smart telephone. An individual uses a mobile cellular telephone if he/she has a mobile cellular phone device with at least one active SIM card for personal use."
9145,"HHU271_HHTotalIndividual","Individuals using a mobile cellular telephone",,"%",107,"HRV","Croatia","81.3469249708111",2008,"","Eurostat","Refers to the proportion of individuals using a mobile (cellular) or smart telephone. An individual uses a mobile cellular telephone if he/she has a mobile cellular phone device with at least one active SIM card for personal use."
9145,"HHU271_HHTotalIndividual","Individuals using a mobile cellular telephone",,"%",107,"HRV","Croatia","84.6291875802498",2012,"","Eurostat","Refers to the proportion of individuals using a mobile (cellular) or smart telephone. An individual uses a mobile cellular telephone if he/she has a mobile cellular phone device with at least one active SIM card for personal use."
9145,"HHU271_HHTotalIndividual","Individuals using a mobile cellular telephone",,"%",111,"ITA","Italy","86.7078428284111",2006,"","Eurostat","Refers to the proportion of individuals using a mobile (cellular) or smart telephone. An individual uses a mobile cellular telephone if he/she has a mobile cellular phone device with at least one active SIM card for personal use."
9145,"HHU271_HHTotalIndividual","Individuals using a mobile cellular telephone",,"%",111,"ITA","Italy","89.1966564487415",2007,"","Eurostat","Refers to the proportion of individuals using a mobile (cellular) or smart telephone. An individual uses a mobile cellular telephone if he/she has a mobile cellular phone device with at least one active SIM card for personal use."
9145,"HHU271_HHTotalIndividual","Individuals using a mobile cellular telephone",,"%",111,"ITA","Italy","90.2069537895603",2008,"","Eurostat","Refers to the proportion of individuals using a mobile (cellular) or smart telephone. An individual uses a mobile cellular telephone if he/she has a mobile cellular phone device with at least one active SIM card for personal use."
9145,"HHU271_HHTotalIndividual","Individuals using a mobile cellular telephone",,"%",111,"ITA","Italy","81.8277001920715",2012,"","Eurostat","Refers to the proportion of individuals using a mobile (cellular) or smart telephone. An individual uses a mobile cellular telephone if he/she has a mobile cellular phone device with at least one active SIM card for personal use."
9145,"HHU271_HHTotalIndividual","Individuals using a mobile cellular telephone",,"%",111,"ITA","Italy","91.5019230953334",2017,"Population age 6+","Istat – National Institute of Statistics","Refers to the proportion of individuals using a mobile (cellular) or smart telephone. An individual uses a mobile cellular telephone if he/she has a mobile cellular phone device with at least one active SIM card for personal use."
9145,"HHU271_HHTotalIndividual","Individuals using a mobile cellular telephone",,"%",111,"ITA","Italy","96.4707299713884",2022,"","Italian National Institute of Statistics","Refers to the proportion of individuals using a mobile (cellular) or smart telephone. An individual uses a mobile cellular telephone if he/she has a mobile cellular phone device with at least one active SIM card for personal use."
9145,"HHU271_HHTotalIndividual","Individuals using a mobile cellular telephone",,"%",111,"ITA","Italy","95.9538426627858",2023,"","Italian National Institute of Statistics","Refers to the proportion of individuals using a mobile (cellular) or smart telephone. An individual uses a mobile cellular telephone if he/she has a mobile cellular phone device with at least one active SIM card for personal use."
9145,"HHU271_HHTotalIndividual","Individuals using a mobile cellular telephone",,"%",113,"IND","India","85.7",2025,"","Ministry of Statistics and Programme Implementation","Refers to the proportion of individuals using a mobile (cellular) or smart telephone. An individual uses a mobile cellular telephone if he/she has a mobile cellular phone device with at least one active SIM card for personal use."
9145,"HHU271_HHTotalIndividual","Individuals using a mobile cellular telephone",,"%",114,"IDN","Indonesia","27.0007450867178",2009,"","Badan Pusat Statistik","Refers to the proportion of individuals using a mobile (cellular) or smart telephone. An individual uses a mobile cellular telephone if he/she has a mobile cellular phone device with at least one active SIM card for personal use."
9145,"HHU271_HHTotalIndividual","Individuals using a mobile cellular telephone",,"%",114,"IDN","Indonesia","34.506337813334",2010,"","","Refers to the proportion of individuals using a mobile (cellular) or smart telephone. An individual uses a mobile cellular telephone if he/she has a mobile cellular phone device with at least one active SIM card for personal use."
9145,"HHU271_HHTotalIndividual","Individuals using a mobile cellular telephone",,"%",114,"IDN","Indonesia","71.9895473421681",2017,"","BADAN PUSAT STATISTIK (STATISTICS INDONESIA)","Refers to the proportion of individuals using a mobile (cellular) or smart telephone. An individual uses a mobile cellular telephone if he/she has a mobile cellular phone device with at least one active SIM card for personal use."
9145,"HHU271_HHTotalIndividual","Individuals using a mobile cellular telephone",,"%",114,"IDN","Indonesia","73.7731478186937",2018,"","BADAN PUSAT STATISTIK (STATISTICS INDONESIA)","Refers to the proportion of individuals using a mobile (cellular) or smart telephone. An individual uses a mobile cellular telephone if he/she has a mobile cellular phone device with at least one active SIM card for personal use."
9145,"HHU271_HHTotalIndividual","Individuals using a mobile cellular telephone",,"%",114,"IDN","Indonesia","75.5658033489757",2019,"","BADAN PUSAT STATISTIK (STATISTICS INDONESIA)","Refers to the proportion of individuals using a mobile (cellular) or smart telephone. An individual uses a mobile cellular telephone if he/she has a mobile cellular phone device with at least one active SIM card for personal use."
9145,"HHU271_HHTotalIndividual","Individuals using a mobile cellular telephone",,"%",114,"IDN","Indonesia","78.5619285659385",2020,"","BPS-Statistics Indonesia","Refers to the proportion of individuals using a mobile (cellular) or smart telephone. An individual uses a mobile cellular telephone if he/she has a mobile cellular phone device with at least one active SIM card for personal use."
9145,"HHU271_HHTotalIndividual","Individuals using a mobile cellular telephone",,"%",114,"IDN","Indonesia","81.2846550416014",2021,"","BPS-Statistics Indonesia","Refers to the proportion of individuals using a mobile (cellular) or smart telephone. An individual uses a mobile cellular telephone if he/she has a mobile cellular phone device with at least one active SIM card for personal use."
9145,"HHU271_HHTotalIndividual","Individuals using a mobile cellular telephone",,"%",114,"IDN","Indonesia","81.322013477399",2022,"","BPS-Statistics Indonesia","Refers to the proportion of individuals using a mobile (cellular) or smart telephone. An individual uses a mobile cellular telephone if he/she has a mobile cellular phone device with at least one active SIM card for personal use."
9145,"HHU271_HHTotalIndividual","Individuals using a mobile cellular telephone",,"%",114,"IDN","Indonesia","81.5437121993513",2023,"","BPS-Statistics Indonesia","Refers to the proportion of individuals using a mobile (cellular) or smart telephone. An individual uses a mobile cellular telephone if he/she has a mobile cellular phone device with at least one active SIM card for personal use."
9145,"HHU271_HHTotalIndividual","Individuals using a mobile cellular telephone",,"%",114,"IDN","Indonesia","82.046442585537",2024,"","BPS-Statistics Indonesia","Refers to the proportion of individuals using a mobile (cellular) or smart telephone. An individual uses a mobile cellular telephone if he/she has a mobile cellular phone device with at least one active SIM card for personal use."
9145,"HHU271_HHTotalIndividual","Individuals using a mobile cellular telephone",,"%",115,"IRL","Ireland","90.6038643506795",2006,"","Eurostat","Refers to the proportion of individuals using a mobile (cellular) or smart telephone. An individual uses a mobile cellular telephone if he/she has a mobile cellular phone device with at least one active SIM card for personal use."
9145,"HHU271_HHTotalIndividual","Individuals using a mobile cellular telephone",,"%",115,"IRL","Ireland","93.8137661215098",2007,"","Eurostat","Refers to the proportion of individuals using a mobile (cellular) or smart telephone. An individual uses a mobile cellular telephone if he/she has a mobile cellular phone device with at least one active SIM card for personal use."
9145,"HHU271_HHTotalIndividual","Individuals using a mobile cellular telephone",,"%",115,"IRL","Ireland","94.591970434765",2008,"","Eurostat","Refers to the proportion of individuals using a mobile (cellular) or smart telephone. An individual uses a mobile cellular telephone if he/she has a mobile cellular phone device with at least one active SIM card for personal use."
9145,"HHU271_HHTotalIndividual","Individuals using a mobile cellular telephone",,"%",115,"IRL","Ireland","93.1836068631108",2012,"","Eurostat","Refers to the proportion of individuals using a mobile (cellular) or smart telephone. An individual uses a mobile cellular telephone if he/she has a mobile cellular phone device with at least one active SIM card for personal use."
9145,"HHU271_HHTotalIndividual","Individuals using a mobile cellular telephone",,"%",116,"IRN","Iran (Islamic Republic of)","49.8272316746063",2010,"","Statistical Center of Iran (SCI)","Refers to the proportion of individuals using a mobile (cellular) or smart telephone. An individual uses a mobile cellular telephone if he/she has a mobile cellular phone device with at least one active SIM card for personal use."
9145,"HHU271_HHTotalIndividual","Individuals using a mobile cellular telephone",,"%",116,"IRN","Iran (Islamic Republic of)","67.2180088285813",2013,"","Statistical Centre of Iran","Refers to the proportion of individuals using a mobile (cellular) or smart telephone. An individual uses a mobile cellular telephone if he/she has a mobile cellular phone device with at least one active SIM card for personal use."
9145,"HHU271_HHTotalIndividual","Individuals using a mobile cellular telephone",,"%",116,"IRN","Iran (Islamic Republic of)","79.9043306947837",2015,"Number of individuals who used a mobile cellular telephone: 56,375,934   ;     Not used mobile cellular telephone: 15,800,326    ;     No Response: 198,949","Statistical Centre of Iran","Refers to the proportion of individuals using a mobile (cellular) or smart telephone. An individual uses a mobile cellular telephone if he/she has a mobile cellular phone device with at least one active SIM card for personal use."
9145,"HHU271_HHTotalIndividual","Individuals using a mobile cellular telephone",,"%",116,"IRN","Iran (Islamic Republic of)","80.7463071267528",2017,"Number of individuals who used a mobile cellular telephone: 58,394,397   ;     Not used mobile cellular telephone: 13,737,482    ;     No Response: 186,471","Statistical Centre of Iran","Refers to the proportion of individuals using a mobile (cellular) or smart telephone. An individual uses a mobile cellular telephone if he/she has a mobile cellular phone device with at least one active SIM card for personal use."
9145,"HHU271_HHTotalIndividual","Individuals using a mobile cellular telephone",,"%",116,"IRN","Iran (Islamic Republic of)","91.9970321068387",2021,"","Statistical Centre of Iran","Refers to the proportion of individuals using a mobile (cellular) or smart telephone. An individual uses a mobile cellular telephone if he/she has a mobile cellular phone device with at least one active SIM card for personal use."
9145,"HHU271_HHTotalIndividual","Individuals using a mobile cellular telephone",,"%",117,"IRQ","Iraq","78.9088865662339",2022,"","Authority of Statistics and Geographic Information Systems","Refers to the proportion of individuals using a mobile (cellular) or smart telephone. An individual uses a mobile cellular telephone if he/she has a mobile cellular phone device with at least one active SIM card for personal use."
9145,"HHU271_HHTotalIndividual","Individuals using a mobile cellular telephone",,"%",118,"ISL","Iceland","97.0778843359489",2006,"","Eurostat","Refers to the proportion of individuals using a mobile (cellular) or smart telephone. An individual uses a mobile cellular telephone if he/she has a mobile cellular phone device with at least one active SIM card for personal use."
9145,"HHU271_HHTotalIndividual","Individuals using a mobile cellular telephone",,"%",118,"ISL","Iceland","96.8339830141423",2007,"","Eurostat","Refers to the proportion of individuals using a mobile (cellular) or smart telephone. An individual uses a mobile cellular telephone if he/she has a mobile cellular phone device with at least one active SIM card for personal use."
9145,"HHU271_HHTotalIndividual","Individuals using a mobile cellular telephone",,"%",118,"ISL","Iceland","98.0155427927006",2008,"","Eurostat","Refers to the proportion of individuals using a mobile (cellular) or smart telephone. An individual uses a mobile cellular telephone if he/she has a mobile cellular phone device with at least one active SIM card for personal use."
9145,"HHU271_HHTotalIndividual","Individuals using a mobile cellular telephone",,"%",118,"ISL","Iceland","97.8400890868597",2012,"","Eurostat","Refers to the proportion of individuals using a mobile (cellular) or smart telephone. An individual uses a mobile cellular telephone if he/she has a mobile cellular phone device with at least one active SIM card for personal use."
9145,"HHU271_HHTotalIndividual","Individuals using a mobile cellular telephone",,"%",119,"ISR","Israel","91.2505983483911",2010,"No of individuals who has a cellphone at their disposal","CENTRAL BUREAU OF STATISTICS","Refers to the proportion of individuals using a mobile (cellular) or smart telephone. An individual uses a mobile cellular telephone if he/she has a mobile cellular phone device with at least one active SIM card for personal use."
9145,"HHU271_HHTotalIndividual","Individuals using a mobile cellular telephone",,"%",120,"JPN","Japan","73.7999996106591",2007,"Includes PHS (Personal Handyphone System)","Ministry of Internal Affairs and Communications","Refers to the proportion of individuals using a mobile (cellular) or smart telephone. An individual uses a mobile cellular telephone if he/she has a mobile cellular phone device with at least one active SIM card for personal use."
9145,"HHU271_HHTotalIndividual","Individuals using a mobile cellular telephone",,"%",120,"JPN","Japan","75.3999998840348",2008,"Includes PHS (Personal Handyphone System).","Ministry of Internal Affairs and Communications","Refers to the proportion of individuals using a mobile (cellular) or smart telephone. An individual uses a mobile cellular telephone if he/she has a mobile cellular phone device with at least one active SIM card for personal use."
9145,"HHU271_HHTotalIndividual","Individuals using a mobile cellular telephone",,"%",120,"JPN","Japan","74.8251487447756",2009,"Includes PHS.","Ministry of Internal Affairs and Communications","Refers to the proportion of individuals using a mobile (cellular) or smart telephone. An individual uses a mobile cellular telephone if he/she has a mobile cellular phone device with at least one active SIM card for personal use."
9145,"HHU271_HHTotalIndividual","Individuals using a mobile cellular telephone",,"%",120,"JPN","Japan","73.5959829730958",2010,"","Ministry of Internal Affairs and Communications","Refers to the proportion of individuals using a mobile (cellular) or smart telephone. An individual uses a mobile cellular telephone if he/she has a mobile cellular phone device with at least one active SIM card for personal use."
9145,"HHU271_HHTotalIndividual","Individuals using a mobile cellular telephone",,"%",120,"JPN","Japan","71.4414146912786",2013,"","Ministry of Internal Affairs and Communications","Refers to the proportion of individuals using a mobile (cellular) or smart telephone. An individual uses a mobile cellular telephone if he/she has a mobile cellular phone device with at least one active SIM card for personal use."
9145,"HHU271_HHTotalIndividual","Individuals using a mobile cellular telephone",,"%",120,"JPN","Japan","73.6891679748823",2014,"estimated by the following method. (The estimation population of more than 6 years old)×(Survey result(%)). Includes PHS (Personal Handyphone System) and PDA (Personal Digital Assistant). Used in the last 12 months","Ministry of Internal Affairs and Communications","Refers to the proportion of individuals using a mobile (cellular) or smart telephone. An individual uses a mobile cellular telephone if he/she has a mobile cellular phone device with at least one active SIM card for personal use."
9145,"HHU271_HHTotalIndividual","Individuals using a mobile cellular telephone",,"%",120,"JPN","Japan","81.4956847284112",2015,"estimated by the following method. (The estimation population of more than 6 years old)×(Survey result(%)). Includes PHS (Personal Handyphone System) and PDA (Personal Digital Assistant). Used in the last 12 months","Ministry of Internal Affairs and Communications","Refers to the proportion of individuals using a mobile (cellular) or smart telephone. An individual uses a mobile cellular telephone if he/she has a mobile cellular phone device with at least one active SIM card for personal use."
9145,"HHU271_HHTotalIndividual","Individuals using a mobile cellular telephone",,"%",120,"JPN","Japan","76.4421007318123",2016,"estimated by the following method. (The estimation population of more than 6 years old)×(Survey result(%)). Includes PHS (Personal Handyphone System) and PDA (Personal Digital Assistant). Used in the last 12 months","Ministry of Internal Affairs and Communications","Refers to the proportion of individuals using a mobile (cellular) or smart telephone. An individual uses a mobile cellular telephone if he/she has a mobile cellular phone device with at least one active SIM card for personal use."
9145,"HHU271_HHTotalIndividual","Individuals using a mobile cellular telephone",,"%",120,"JPN","Japan","80.7634358753601",2017,"estimated by the following method. (The estimation population of more than 6 years old)×(Survey result(%)). Used in the last 12 months","Ministry of Internal Affairs and Communications","Refers to the proportion of individuals using a mobile (cellular) or smart telephone. An individual uses a mobile cellular telephone if he/she has a mobile cellular phone device with at least one active SIM card for personal use."
9145,"HHU271_HHTotalIndividual","Individuals using a mobile cellular telephone",,"%",120,"JPN","Japan","72.9065416718063",2018,"Estimated by the following method; (The estimation population of more than 6 years old in 2018)*(Survey result(%)) in the last 12 months","Ministry of Internal Affairs and Communications","Refers to the proportion of individuals using a mobile (cellular) or smart telephone. An individual uses a mobile cellular telephone if he/she has a mobile cellular phone device with at least one active SIM card for personal use."
9145,"HHU271_HHTotalIndividual","Individuals using a mobile cellular telephone",,"%",120,"JPN","Japan","84.8538191359511",2019,"","Ministry of Internal Affairs and Communications","Refers to the proportion of individuals using a mobile (cellular) or smart telephone. An individual uses a mobile cellular telephone if he/she has a mobile cellular phone device with at least one active SIM card for personal use."
9145,"HHU271_HHTotalIndividual","Individuals using a mobile cellular telephone",,"%",120,"JPN","Japan","79.0979216659886",2020,"Estimated by the following method; (The estimation population of more than 6 years old in 2019)*(Survey result(%)) in the last 12 months","Ministry of Internal Affairs and Communications","Refers to the proportion of individuals using a mobile (cellular) or smart telephone. An individual uses a mobile cellular telephone if he/she has a mobile cellular phone device with at least one active SIM card for personal use."
9145,"HHU271_HHTotalIndividual","Individuals using a mobile cellular telephone",,"%",120,"JPN","Japan","81.0286846354904",2021,"Estimated population of more than 6 years old*Survey result(%) in the last 12 months","Ministry of Internal Affairs and Communications","Refers to the proportion of individuals using a mobile (cellular) or smart telephone. An individual uses a mobile cellular telephone if he/she has a mobile cellular phone device with at least one active SIM card for personal use."
9145,"HHU271_HHTotalIndividual","Individuals using a mobile cellular telephone",,"%",120,"JPN","Japan","93.8085536313689",2022,"In the last 12 months","Ministry of Internal Affairs and Communications","Refers to the proportion of individuals using a mobile (cellular) or smart telephone. An individual uses a mobile cellular telephone if he/she has a mobile cellular phone device with at least one active SIM card for personal use."
9145,"HHU271_HHTotalIndividual","Individuals using a mobile cellular telephone",,"%",120,"JPN","Japan","93.78466503075734",2024,"","Ministry of Internal Affairs and Communications","Refers to the proportion of individuals using a mobile (cellular) or smart telephone. An individual uses a mobile cellular telephone if he/she has a mobile cellular phone device with at least one active SIM card for personal use."
9145,"HHU271_HHTotalIndividual","Individuals using a mobile cellular telephone",,"%",122,"JAM","Jamaica","88.492186296942",2010,"","STATISTICAL INSTITUTE OF JAMAICA","Refers to the proportion of individuals using a mobile (cellular) or smart telephone. An individual uses a mobile cellular telephone if he/she has a mobile cellular phone device with at least one active SIM card for personal use."
9145,"HHU271_HHTotalIndividual","Individuals using a mobile cellular telephone",,"%",122,"JAM","Jamaica","85.3083658014081",2011,"","Statistical Institute of Jamaica","Refers to the proportion of individuals using a mobile (cellular) or smart telephone. An individual uses a mobile cellular telephone if he/she has a mobile cellular phone device with at least one active SIM card for personal use."
9145,"HHU271_HHTotalIndividual","Individuals using a mobile cellular telephone",,"%",122,"JAM","Jamaica","89.0761266196692",2012,"","Statistical Institue of Jamaica","Refers to the proportion of individuals using a mobile (cellular) or smart telephone. An individual uses a mobile cellular telephone if he/she has a mobile cellular phone device with at least one active SIM card for personal use."
9145,"HHU271_HHTotalIndividual","Individuals using a mobile cellular telephone",,"%",122,"JAM","Jamaica","90.4459601532865",2014,"Data on individual use of ICTs was obtained for persons 14 years and older. Individual use of all ICTs refer to the last 12 months.","Statistical Institute of Jamaica","Refers to the proportion of individuals using a mobile (cellular) or smart telephone. An individual uses a mobile cellular telephone if he/she has a mobile cellular phone device with at least one active SIM card for personal use."
9145,"HHU271_HHTotalIndividual","Individuals using a mobile cellular telephone",,"%",122,"JAM","Jamaica","83.8036122970848",2015,"","Statistical Institute of Jamaica (STATIN)","Refers to the proportion of individuals using a mobile (cellular) or smart telephone. An individual uses a mobile cellular telephone if he/she has a mobile cellular phone device with at least one active SIM card for personal use."
9145,"HHU271_HHTotalIndividual","Individuals using a mobile cellular telephone",,"%",122,"JAM","Jamaica","82.6311923861797",2016,"","THE STATISTICAL INSTITUTE OF JAMAICA (STATIN)","Refers to the proportion of individuals using a mobile (cellular) or smart telephone. An individual uses a mobile cellular telephone if he/she has a mobile cellular phone device with at least one active SIM card for personal use."
9145,"HHU271_HHTotalIndividual","Individuals using a mobile cellular telephone",,"%",122,"JAM","Jamaica","83.6860556770323",2017,"","Statistical Institute of Jamaica","Refers to the proportion of individuals using a mobile (cellular) or smart telephone. An individual uses a mobile cellular telephone if he/she has a mobile cellular phone device with at least one active SIM card for personal use."
9145,"HHU271_HHTotalIndividual","Individuals using a mobile cellular telephone",,"%",122,"JAM","Jamaica","87.3667846482799",2021,"","Statistical Institute of Jamaica","Refers to the proportion of individuals using a mobile (cellular) or smart telephone. An individual uses a mobile cellular telephone if he/she has a mobile cellular phone device with at least one active SIM card for personal use."
9145,"HHU271_HHTotalIndividual","Individuals using a mobile cellular telephone",,"%",122,"JAM","Jamaica","91.6103972242645",2023,"","Statistical Institute of Jamaica","Refers to the proportion of individuals using a mobile (cellular) or smart telephone. An individual uses a mobile cellular telephone if he/she has a mobile cellular phone device with at least one active SIM card for personal use."
9145,"HHU271_HHTotalIndividual","Individuals using a mobile cellular telephone",,"%",124,"JOR","Jordan","95.3244195806171",2023,"","Ministry of Digital Economy and Entrepreneurship","Refers to the proportion of individuals using a mobile (cellular) or smart telephone. An individual uses a mobile cellular telephone if he/she has a mobile cellular phone device with at least one active SIM card for personal use."
9145,"HHU271_HHTotalIndividual","Individuals using a mobile cellular telephone",,"%",124,"JOR","Jordan","97.79789981693006",2024,"","Ministry of Digital Economy and Entrepreneurship","Refers to the proportion of individuals using a mobile (cellular) or smart telephone. An individual uses a mobile cellular telephone if he/she has a mobile cellular phone device with at least one active SIM card for personal use."
9145,"HHU271_HHTotalIndividual","Individuals using a mobile cellular telephone",,"%",125,"KEN","Kenya","68.2411706747101",2015,"","KENYA NATIONAL BUREAU OF STATISTICS","Refers to the proportion of individuals using a mobile (cellular) or smart telephone. An individual uses a mobile cellular telephone if he/she has a mobile cellular phone device with at least one active SIM card for personal use."
9145,"HHU271_HHTotalIndividual","Individuals using a mobile cellular telephone",,"%",125,"KEN","Kenya","55.1518668314028",2019,"","KENYA NATIONAL BUREAU OF STATISTICS","Refers to the proportion of individuals using a mobile (cellular) or smart telephone. An individual uses a mobile cellular telephone if he/she has a mobile cellular phone device with at least one active SIM card for personal use."
9145,"HHU271_HHTotalIndividual","Individuals using a mobile cellular telephone",,"%",125,"KEN","Kenya","64.9498821441246",2024,"","Kenya National Bureau of Statistics","Refers to the proportion of individuals using a mobile (cellular) or smart telephone. An individual uses a mobile cellular telephone if he/she has a mobile cellular phone device with at least one active SIM card for personal use."
9145,"HHU271_HHTotalIndividual","Individuals using a mobile cellular telephone",,"%",128,"KOR","Korea (Rep. of)","81.2251551680582",2008,"","Korea Communications Commission (KCC)","Refers to the proportion of individuals using a mobile (cellular) or smart telephone. An individual uses a mobile cellular telephone if he/she has a mobile cellular phone device with at least one active SIM card for personal use."
9145,"HHU271_HHTotalIndividual","Individuals using a mobile cellular telephone",,"%",128,"KOR","Korea (Rep. of)","83.3660224108481",2009,"","Korea Communications Commission (KCC)","Refers to the proportion of individuals using a mobile (cellular) or smart telephone. An individual uses a mobile cellular telephone if he/she has a mobile cellular phone device with at least one active SIM card for personal use."
9145,"HHU271_HHTotalIndividual","Individuals using a mobile cellular telephone",,"%",128,"KOR","Korea (Rep. of)","87.235815972448",2011,"","Korea Communications Commission (KCC)","Refers to the proportion of individuals using a mobile (cellular) or smart telephone. An individual uses a mobile cellular telephone if he/she has a mobile cellular phone device with at least one active SIM card for personal use."
9145,"HHU271_HHTotalIndividual","Individuals using a mobile cellular telephone",,"%",128,"KOR","Korea (Rep. of)","87.5443407831999",2012,"","Ministry of Science, ICT & Future Planning(MSIP)","Refers to the proportion of individuals using a mobile (cellular) or smart telephone. An individual uses a mobile cellular telephone if he/she has a mobile cellular phone device with at least one active SIM card for personal use."
9145,"HHU271_HHTotalIndividual","Individuals using a mobile cellular telephone",,"%",128,"KOR","Korea (Rep. of)","94.7346249474347",2013,"","Ministry of Science, ICT & Future Planning(MSIP)","Refers to the proportion of individuals using a mobile (cellular) or smart telephone. An individual uses a mobile cellular telephone if he/she has a mobile cellular phone device with at least one active SIM card for personal use."
9145,"HHU271_HHTotalIndividual","Individuals using a mobile cellular telephone",,"%",128,"KOR","Korea (Rep. of)","98.8225833607651",2014,"","Ministry of Science, ICT & Future Planning(MSIP)","Refers to the proportion of individuals using a mobile (cellular) or smart telephone. An individual uses a mobile cellular telephone if he/she has a mobile cellular phone device with at least one active SIM card for personal use."
9145,"HHU271_HHTotalIndividual","Individuals using a mobile cellular telephone",,"%",128,"KOR","Korea (Rep. of)","99.2809198169345",2015,"","Ministry of Science, ICT & Future Planning(MSIP)","Refers to the proportion of individuals using a mobile (cellular) or smart telephone. An individual uses a mobile cellular telephone if he/she has a mobile cellular phone device with at least one active SIM card for personal use."
9145,"HHU271_HHTotalIndividual","Individuals using a mobile cellular telephone",,"%",128,"KOR","Korea (Rep. of)","99.5530626556853",2016,"","Ministry of Science and ICT(MSIT)","Refers to the proportion of individuals using a mobile (cellular) or smart telephone. An individual uses a mobile cellular telephone if he/she has a mobile cellular phone device with at least one active SIM card for personal use."
9145,"HHU271_HHTotalIndividual","Individuals using a mobile cellular telephone",,"%",128,"KOR","Korea (Rep. of)","99.7456492913079",2017,"","Ministriy of Sceience and ICT(MSIT)","Refers to the proportion of individuals using a mobile (cellular) or smart telephone. An individual uses a mobile cellular telephone if he/she has a mobile cellular phone device with at least one active SIM card for personal use."
9145,"HHU271_HHTotalIndividual","Individuals using a mobile cellular telephone",,"%",128,"KOR","Korea (Rep. of)","99.7481326813112",2018,"","Ministriy of Sceience and ICT(MSIT)","Refers to the proportion of individuals using a mobile (cellular) or smart telephone. An individual uses a mobile cellular telephone if he/she has a mobile cellular phone device with at least one active SIM card for personal use."
9145,"HHU271_HHTotalIndividual","Individuals using a mobile cellular telephone",,"%",128,"KOR","Korea (Rep. of)","99.8837181120357",2019,"","Ministriy of Sceience and ICT(MSIT)","Refers to the proportion of individuals using a mobile (cellular) or smart telephone. An individual uses a mobile cellular telephone if he/she has a mobile cellular phone device with at least one active SIM card for personal use."
9145,"HHU271_HHTotalIndividual","Individuals using a mobile cellular telephone",,"%",128,"KOR","Korea (Rep. of)","99.8650327680765",2020,"","Ministriy of Sceience and ICT(MSIT)","Refers to the proportion of individuals using a mobile (cellular) or smart telephone. An individual uses a mobile cellular telephone if he/she has a mobile cellular phone device with at least one active SIM card for personal use."
9145,"HHU271_HHTotalIndividual","Individuals using a mobile cellular telephone",,"%",128,"KOR","Korea (Rep. of)","99.9175066429863",2021,"","Ministriy of Sceience and ICT(MSIT)","Refers to the proportion of individuals using a mobile (cellular) or smart telephone. An individual uses a mobile cellular telephone if he/she has a mobile cellular phone device with at least one active SIM card for personal use."
9145,"HHU271_HHTotalIndividual","Individuals using a mobile cellular telephone",,"%",128,"KOR","Korea (Rep. of)","99.9501992783972",2022,"","Ministry of Science and ICT","Refers to the proportion of individuals using a mobile (cellular) or smart telephone. An individual uses a mobile cellular telephone if he/she has a mobile cellular phone device with at least one active SIM card for personal use."
9145,"HHU271_HHTotalIndividual","Individuals using a mobile cellular telephone",,"%",128,"KOR","Korea (Rep. of)","99.7581498148449",2023,"","Ministry of Science and ICT","Refers to the proportion of individuals using a mobile (cellular) or smart telephone. An individual uses a mobile cellular telephone if he/she has a mobile cellular phone device with at least one active SIM card for personal use."
9145,"HHU271_HHTotalIndividual","Individuals using a mobile cellular telephone",,"%",128,"KOR","Korea (Rep. of)","99.9307769118454",2024,"","Ministry of Science and ICT","Refers to the proportion of individuals using a mobile (cellular) or smart telephone. An individual uses a mobile cellular telephone if he/she has a mobile cellular phone device with at least one active SIM card for personal use."
9145,"HHU271_HHTotalIndividual","Individuals using a mobile cellular telephone",,"%",130,"KWT","Kuwait","97.0000062215641",2017,"","comminucations and information technology regulatory authority","Refers to the proportion of individuals using a mobile (cellular) or smart telephone. An individual uses a mobile cellular telephone if he/she has a mobile cellular phone device with at least one active SIM card for personal use."
9145,"HHU271_HHTotalIndividual","Individuals using a mobile cellular telephone",,"%",130,"KWT","Kuwait","99.0221521423223",2018,"","comminucations and information technology regulatory authority","Refers to the proportion of individuals using a mobile (cellular) or smart telephone. An individual uses a mobile cellular telephone if he/she has a mobile cellular phone device with at least one active SIM card for personal use."
9145,"HHU271_HHTotalIndividual","Individuals using a mobile cellular telephone",,"%",130,"KWT","Kuwait","99.2999999889753",2020,"","Communication and Information Technology Regulatory Authority","Refers to the proportion of individuals using a mobile (cellular) or smart telephone. An individual uses a mobile cellular telephone if he/she has a mobile cellular phone device with at least one active SIM card for personal use."
9145,"HHU271_HHTotalIndividual","Individuals using a mobile cellular telephone",,"%",130,"KWT","Kuwait","99.3",2021,"","Communication and Information Technology Regulatory Authority","Refers to the proportion of individuals using a mobile (cellular) or smart telephone. An individual uses a mobile cellular telephone if he/she has a mobile cellular phone device with at least one active SIM card for personal use."
9145,"HHU271_HHTotalIndividual","Individuals using a mobile cellular telephone",,"%",130,"KWT","Kuwait","97.5994681282008",2023,"","Communication and Information Technology Regulatory Authority","Refers to the proportion of individuals using a mobile (cellular) or smart telephone. An individual uses a mobile cellular telephone if he/she has a mobile cellular phone device with at least one active SIM card for personal use."
9145,"HHU271_HHTotalIndividual","Individuals using a mobile cellular telephone",,"%",130,"KWT","Kuwait","99.27430901932743",2025,"Based on quota sampling","Communication and Information Technology Regulatory Authority","Refers to the proportion of individuals using a mobile (cellular) or smart telephone. An individual uses a mobile cellular telephone if he/she has a mobile cellular phone device with at least one active SIM card for personal use."
9145,"HHU271_HHTotalIndividual","Individuals using a mobile cellular telephone",,"%",138,"LTU","Lithuania","81.366496925442",2006,"","Eurostat","Refers to the proportion of individuals using a mobile (cellular) or smart telephone. An individual uses a mobile cellular telephone if he/she has a mobile cellular phone device with at least one active SIM card for personal use."
9145,"HHU271_HHTotalIndividual","Individuals using a mobile cellular telephone",,"%",138,"LTU","Lithuania","85.5685269294056",2007,"","Eurostat","Refers to the proportion of individuals using a mobile (cellular) or smart telephone. An individual uses a mobile cellular telephone if he/she has a mobile cellular phone device with at least one active SIM card for personal use."
9145,"HHU271_HHTotalIndividual","Individuals using a mobile cellular telephone",,"%",138,"LTU","Lithuania","87.914500437135",2008,"","Eurostat","Refers to the proportion of individuals using a mobile (cellular) or smart telephone. An individual uses a mobile cellular telephone if he/she has a mobile cellular phone device with at least one active SIM card for personal use."
9145,"HHU271_HHTotalIndividual","Individuals using a mobile cellular telephone",,"%",138,"LTU","Lithuania","93.7092902781452",2010,"","Department of statistics (Statistics Lithuania)","Refers to the proportion of individuals using a mobile (cellular) or smart telephone. An individual uses a mobile cellular telephone if he/she has a mobile cellular phone device with at least one active SIM card for personal use."
9145,"HHU271_HHTotalIndividual","Individuals using a mobile cellular telephone",,"%",138,"LTU","Lithuania","94.9933092521139",2012,"","Eurostat","Refers to the proportion of individuals using a mobile (cellular) or smart telephone. An individual uses a mobile cellular telephone if he/she has a mobile cellular phone device with at least one active SIM card for personal use."
9145,"HHU271_HHTotalIndividual","Individuals using a mobile cellular telephone",,"%",139,"LUX","Luxembourg","92.9416388636881",2006,"","Eurostat","Refers to the proportion of individuals using a mobile (cellular) or smart telephone. An individual uses a mobile cellular telephone if he/she has a mobile cellular phone device with at least one active SIM card for personal use."
9145,"HHU271_HHTotalIndividual","Individuals using a mobile cellular telephone",,"%",139,"LUX","Luxembourg","94.481229308514",2007,"","Eurostat","Refers to the proportion of individuals using a mobile (cellular) or smart telephone. An individual uses a mobile cellular telephone if he/she has a mobile cellular phone device with at least one active SIM card for personal use."
9145,"HHU271_HHTotalIndividual","Individuals using a mobile cellular telephone",,"%",139,"LUX","Luxembourg","95.1359419683337",2008,"","Eurostat","Refers to the proportion of individuals using a mobile (cellular) or smart telephone. An individual uses a mobile cellular telephone if he/she has a mobile cellular phone device with at least one active SIM card for personal use."
9145,"HHU271_HHTotalIndividual","Individuals using a mobile cellular telephone",,"%",139,"LUX","Luxembourg","95.3022369089985",2012,"","Eurostat","Refers to the proportion of individuals using a mobile (cellular) or smart telephone. An individual uses a mobile cellular telephone if he/she has a mobile cellular phone device with at least one active SIM card for personal use."
9145,"HHU271_HHTotalIndividual","Individuals using a mobile cellular telephone",,"%",139,"LUX","Luxembourg","88.6161017892251",2021,"Refers to smart phone use","STATEC","Refers to the proportion of individuals using a mobile (cellular) or smart telephone. An individual uses a mobile cellular telephone if he/she has a mobile cellular phone device with at least one active SIM card for personal use."
9145,"HHU271_HHTotalIndividual","Individuals using a mobile cellular telephone",,"%",139,"LUX","Luxembourg","90.9272149893883",2023,"Refers to smart phone use","Institut National de la Statistique et des Etudes Economiques du Grand-Duché de Luxembourg (STATEC)Service Central de la Statistique et des Etudes Economiques (STATEC)","Refers to the proportion of individuals using a mobile (cellular) or smart telephone. An individual uses a mobile cellular telephone if he/she has a mobile cellular phone device with at least one active SIM card for personal use."
9145,"HHU271_HHTotalIndividual","Individuals using a mobile cellular telephone",,"%",140,"LVA","Latvia","83.5124815485984",2006,"","Eurostat","Refers to the proportion of individuals using a mobile (cellular) or smart telephone. An individual uses a mobile cellular telephone if he/she has a mobile cellular phone device with at least one active SIM card for personal use."
9145,"HHU271_HHTotalIndividual","Individuals using a mobile cellular telephone",,"%",140,"LVA","Latvia","84.7672441086073",2007,"","Eurostat","Refers to the proportion of individuals using a mobile (cellular) or smart telephone. An individual uses a mobile cellular telephone if he/she has a mobile cellular phone device with at least one active SIM card for personal use."
9145,"HHU271_HHTotalIndividual","Individuals using a mobile cellular telephone",,"%",140,"LVA","Latvia","89.5110739187309",2008,"","Eurostat","Refers to the proportion of individuals using a mobile (cellular) or smart telephone. An individual uses a mobile cellular telephone if he/she has a mobile cellular phone device with at least one active SIM card for personal use."
9145,"HHU271_HHTotalIndividual","Individuals using a mobile cellular telephone",,"%",140,"LVA","Latvia","86.071825675762",2012,"","Eurostat","Refers to the proportion of individuals using a mobile (cellular) or smart telephone. An individual uses a mobile cellular telephone if he/she has a mobile cellular phone device with at least one active SIM card for personal use."
9145,"HHU271_HHTotalIndividual","Individuals using a mobile cellular telephone",,"%",141,"MAC","Macao, China","92.2502489213409",2014,"","Statistics and Census Service","Refers to the proportion of individuals using a mobile (cellular) or smart telephone. An individual uses a mobile cellular telephone if he/she has a mobile cellular phone device with at least one active SIM card for personal use."
9145,"HHU271_HHTotalIndividual","Individuals using a mobile cellular telephone",,"%",141,"MAC","Macao, China","92.2202076808966",2015,"","Statistics and Census Service","Refers to the proportion of individuals using a mobile (cellular) or smart telephone. An individual uses a mobile cellular telephone if he/she has a mobile cellular phone device with at least one active SIM card for personal use."
9145,"HHU271_HHTotalIndividual","Individuals using a mobile cellular telephone",,"%",141,"MAC","Macao, China","91.6870814959987",2016,"Individuals aged 3 and above using computer/Internet/mobile in the last 3 months prior to the date of interview.","Statistics and Census Service","Refers to the proportion of individuals using a mobile (cellular) or smart telephone. An individual uses a mobile cellular telephone if he/she has a mobile cellular phone device with at least one active SIM card for personal use."
9145,"HHU271_HHTotalIndividual","Individuals using a mobile cellular telephone",,"%",141,"MAC","Macao, China","90.8502024291498",2017,"Individuals aged 3 and above using computer/Internet/mobile in the last 3 months prior to the date of interview.","Statistics and Census Service","Refers to the proportion of individuals using a mobile (cellular) or smart telephone. An individual uses a mobile cellular telephone if he/she has a mobile cellular phone device with at least one active SIM card for personal use."
9145,"HHU271_HHTotalIndividual","Individuals using a mobile cellular telephone",,"%",141,"MAC","Macao, China","91.7222751827137",2018,"Individuals aged 3 and above using computer/Internet/mobile in the last 3 months prior to the date of interview.","Statistics and Census Service","Refers to the proportion of individuals using a mobile (cellular) or smart telephone. An individual uses a mobile cellular telephone if he/she has a mobile cellular phone device with at least one active SIM card for personal use."
9145,"HHU271_HHTotalIndividual","Individuals using a mobile cellular telephone",,"%",141,"MAC","Macao, China","93.8227533757566",2021,"Applicable to individuals aged 3 and above.","Statistics and Census Service","Refers to the proportion of individuals using a mobile (cellular) or smart telephone. An individual uses a mobile cellular telephone if he/she has a mobile cellular phone device with at least one active SIM card for personal use."
9145,"HHU271_HHTotalIndividual","Individuals using a mobile cellular telephone",,"%",142,"MUS","Mauritius","74.1559481767289",2010,"","Central Statistics Office","Refers to the proportion of individuals using a mobile (cellular) or smart telephone. An individual uses a mobile cellular telephone if he/she has a mobile cellular phone device with at least one active SIM card for personal use."
9145,"HHU271_HHTotalIndividual","Individuals using a mobile cellular telephone",,"%",142,"MUS","Mauritius","79.688105417587",2012,"","Statistics Mauritius","Refers to the proportion of individuals using a mobile (cellular) or smart telephone. An individual uses a mobile cellular telephone if he/she has a mobile cellular phone device with at least one active SIM card for personal use."
9145,"HHU271_HHTotalIndividual","Individuals using a mobile cellular telephone",,"%",142,"MUS","Mauritius","82.0282022818536",2014,"Not available","Statistics Mauritius","Refers to the proportion of individuals using a mobile (cellular) or smart telephone. An individual uses a mobile cellular telephone if he/she has a mobile cellular phone device with at least one active SIM card for personal use."
9145,"HHU271_HHTotalIndividual","Individuals using a mobile cellular telephone",,"%",142,"MUS","Mauritius","85.8705723193153",2018,"","Statistics Mauritius","Refers to the proportion of individuals using a mobile (cellular) or smart telephone. An individual uses a mobile cellular telephone if he/she has a mobile cellular phone device with at least one active SIM card for personal use."
9145,"HHU271_HHTotalIndividual","Individuals using a mobile cellular telephone",,"%",142,"MUS","Mauritius","90.7418282686925",2020,"","Statistics Mauritius","Refers to the proportion of individuals using a mobile (cellular) or smart telephone. An individual uses a mobile cellular telephone if he/she has a mobile cellular phone device with at least one active SIM card for personal use."
9145,"HHU271_HHTotalIndividual","Individuals using a mobile cellular telephone",,"%",142,"MUS","Mauritius","81.78915863568601",2024,"","Statistics Mauritius","Refers to the proportion of individuals using a mobile (cellular) or smart telephone. An individual uses a mobile cellular telephone if he/she has a mobile cellular phone device with at least one active SIM card for personal use."
9145,"HHU271_HHTotalIndividual","Individuals using a mobile cellular telephone",,"%",147,"MEX","Mexico","43.9185321268427",2009,"La población objetivo de la ENDUTIH son los individuos de seis, o más, años de edad. Por lo tanto, esta cifra corresponde a una estimación de dicha población","Instituto Nacional de Estadística y Geografía (INEGI)","Refers to the proportion of individuals using a mobile (cellular) or smart telephone. An individual uses a mobile cellular telephone if he/she has a mobile cellular phone device with at least one active SIM card for personal use."
9145,"HHU271_HHTotalIndividual","Individuals using a mobile cellular telephone",,"%",147,"MEX","Mexico","50.1077214052024",2010,"","Instituto Nacional de Estadística y Geografía (INEGI)","Refers to the proportion of individuals using a mobile (cellular) or smart telephone. An individual uses a mobile cellular telephone if he/she has a mobile cellular phone device with at least one active SIM card for personal use."
9145,"HHU271_HHTotalIndividual","Individuals using a mobile cellular telephone",,"%",147,"MEX","Mexico","55.0662400749531",2011,"","INEGI","Refers to the proportion of individuals using a mobile (cellular) or smart telephone. An individual uses a mobile cellular telephone if he/she has a mobile cellular phone device with at least one active SIM card for personal use."
9145,"HHU271_HHTotalIndividual","Individuals using a mobile cellular telephone",,"%",147,"MEX","Mexico","62.0042913080415",2013,"","Instituto Nacional de Estadística y Geografía","Refers to the proportion of individuals using a mobile (cellular) or smart telephone. An individual uses a mobile cellular telephone if he/she has a mobile cellular phone device with at least one active SIM card for personal use."
9145,"HHU271_HHTotalIndividual","Individuals using a mobile cellular telephone",,"%",147,"MEX","Mexico","62.9604883541031",2014,"","Instituto Nacional de Estadística y Geografía (INEGI)","Refers to the proportion of individuals using a mobile (cellular) or smart telephone. An individual uses a mobile cellular telephone if he/she has a mobile cellular phone device with at least one active SIM card for personal use."
9145,"HHU271_HHTotalIndividual","Individuals using a mobile cellular telephone",,"%",147,"MEX","Mexico","71.4670076209081",2015,"","Instituto Nacional de Estadística y Geografía (INEGI)","Refers to the proportion of individuals using a mobile (cellular) or smart telephone. An individual uses a mobile cellular telephone if he/she has a mobile cellular phone device with at least one active SIM card for personal use."
9145,"HHU271_HHTotalIndividual","Individuals using a mobile cellular telephone",,"%",147,"MEX","Mexico","73.631829045881",2016,"","Instituto Nacional de Estadística y Geografía (INEGI)","Refers to the proportion of individuals using a mobile (cellular) or smart telephone. An individual uses a mobile cellular telephone if he/she has a mobile cellular phone device with at least one active SIM card for personal use."
9145,"HHU271_HHTotalIndividual","Individuals using a mobile cellular telephone",,"%",147,"MEX","Mexico","72.1410115021266",2017,"","Instituto Nacional de Estadística y Geografía (INEGI)","Refers to the proportion of individuals using a mobile (cellular) or smart telephone. An individual uses a mobile cellular telephone if he/she has a mobile cellular phone device with at least one active SIM card for personal use."
9145,"HHU271_HHTotalIndividual","Individuals using a mobile cellular telephone",,"%",147,"MEX","Mexico","73.3383503627455",2018,"","Instituto Nacional de Estadística y Geografía (INEGI)","Refers to the proportion of individuals using a mobile (cellular) or smart telephone. An individual uses a mobile cellular telephone if he/she has a mobile cellular phone device with at least one active SIM card for personal use."
9145,"HHU271_HHTotalIndividual","Individuals using a mobile cellular telephone",,"%",147,"MEX","Mexico","74.9410139947142",2019,"","Instituto Nacional de Estadística y Geografía (INEGI)","Refers to the proportion of individuals using a mobile (cellular) or smart telephone. An individual uses a mobile cellular telephone if he/she has a mobile cellular phone device with at least one active SIM card for personal use."
9145,"HHU271_HHTotalIndividual","Individuals using a mobile cellular telephone",,"%",147,"MEX","Mexico","75.1428050734193",2020,"","Instituto Nacional de Estadística y Geografía (INEGI)","Refers to the proportion of individuals using a mobile (cellular) or smart telephone. An individual uses a mobile cellular telephone if he/she has a mobile cellular phone device with at least one active SIM card for personal use."
9145,"HHU271_HHTotalIndividual","Individuals using a mobile cellular telephone",,"%",147,"MEX","Mexico","78.3331467198229",2021,"","Instituto Nacional de Estadística y Geografía (INEGI)","Refers to the proportion of individuals using a mobile (cellular) or smart telephone. An individual uses a mobile cellular telephone if he/she has a mobile cellular phone device with at least one active SIM card for personal use."
9145,"HHU271_HHTotalIndividual","Individuals using a mobile cellular telephone",,"%",147,"MEX","Mexico","79.2389234739154",2022,"","Instituto Nacional de Estadística y Geografía (INEGI)","Refers to the proportion of individuals using a mobile (cellular) or smart telephone. An individual uses a mobile cellular telephone if he/she has a mobile cellular phone device with at least one active SIM card for personal use."
9145,"HHU271_HHTotalIndividual","Individuals using a mobile cellular telephone",,"%",147,"MEX","Mexico","81.379925136336",2023,"","Instituto Nacional de Estadística y Geografía (INEGI)","Refers to the proportion of individuals using a mobile (cellular) or smart telephone. An individual uses a mobile cellular telephone if he/she has a mobile cellular phone device with at least one active SIM card for personal use."
9145,"HHU271_HHTotalIndividual","Individuals using a mobile cellular telephone",,"%",147,"MEX","Mexico","81.73333271312583",2024,"","Instituto Nacional de Estadística y Geografía (INEGI)","Refers to the proportion of individuals using a mobile (cellular) or smart telephone. An individual uses a mobile cellular telephone if he/she has a mobile cellular phone device with at least one active SIM card for personal use."
9145,"HHU271_HHTotalIndividual","Individuals using a mobile cellular telephone",,"%",148,"MYS","Malaysia","97.5001075685211",2015,"","Department of Statistics Malaysia","Refers to the proportion of individuals using a mobile (cellular) or smart telephone. An individual uses a mobile cellular telephone if he/she has a mobile cellular phone device with at least one active SIM card for personal use."
9145,"HHU271_HHTotalIndividual","Individuals using a mobile cellular telephone",,"%",148,"MYS","Malaysia","97.6711573891301",2017,"","Department of Statistics Malaysia","Refers to the proportion of individuals using a mobile (cellular) or smart telephone. An individual uses a mobile cellular telephone if he/she has a mobile cellular phone device with at least one active SIM card for personal use."
9145,"HHU271_HHTotalIndividual","Individuals using a mobile cellular telephone",,"%",148,"MYS","Malaysia","97.9347733599135",2018,"","Department of Statistics Malaysia","Refers to the proportion of individuals using a mobile (cellular) or smart telephone. An individual uses a mobile cellular telephone if he/she has a mobile cellular phone device with at least one active SIM card for personal use."
9145,"HHU271_HHTotalIndividual","Individuals using a mobile cellular telephone",,"%",148,"MYS","Malaysia","97.9425312955988",2019,"","Department of Statistics, Malaysia","Refers to the proportion of individuals using a mobile (cellular) or smart telephone. An individual uses a mobile cellular telephone if he/she has a mobile cellular phone device with at least one active SIM card for personal use."
9145,"HHU271_HHTotalIndividual","Individuals using a mobile cellular telephone",,"%",148,"MYS","Malaysia","98.2353770874199",2020,"","Department of Statistics, Malaysia","Refers to the proportion of individuals using a mobile (cellular) or smart telephone. An individual uses a mobile cellular telephone if he/she has a mobile cellular phone device with at least one active SIM card for personal use."
9145,"HHU271_HHTotalIndividual","Individuals using a mobile cellular telephone",,"%",148,"MYS","Malaysia","98.7394930909539",2021,"","Department of Statistics, Malaysia","Refers to the proportion of individuals using a mobile (cellular) or smart telephone. An individual uses a mobile cellular telephone if he/she has a mobile cellular phone device with at least one active SIM card for personal use."
9145,"HHU271_HHTotalIndividual","Individuals using a mobile cellular telephone",,"%",148,"MYS","Malaysia","99.1435078719558",2022,"","Department of Statistics","Refers to the proportion of individuals using a mobile (cellular) or smart telephone. An individual uses a mobile cellular telephone if he/she has a mobile cellular phone device with at least one active SIM card for personal use."
9145,"HHU271_HHTotalIndividual","Individuals using a mobile cellular telephone",,"%",148,"MYS","Malaysia","99.379547857395",2023,"","Department of Statistics","Refers to the proportion of individuals using a mobile (cellular) or smart telephone. An individual uses a mobile cellular telephone if he/she has a mobile cellular phone device with at least one active SIM card for personal use."
9145,"HHU271_HHTotalIndividual","Individuals using a mobile cellular telephone",,"%",148,"MYS","Malaysia","99.5244722899028",2024,"","Department of Statistics","Refers to the proportion of individuals using a mobile (cellular) or smart telephone. An individual uses a mobile cellular telephone if he/she has a mobile cellular phone device with at least one active SIM card for personal use."
9145,"HHU271_HHTotalIndividual","Individuals using a mobile cellular telephone",,"%",151,"MLT","Malta","80.957453739901",2006,"","Eurostat","Refers to the proportion of individuals using a mobile (cellular) or smart telephone. An individual uses a mobile cellular telephone if he/she has a mobile cellular phone device with at least one active SIM card for personal use."
9145,"HHU271_HHTotalIndividual","Individuals using a mobile cellular telephone",,"%",151,"MLT","Malta","86.4735045539802",2007,"","Eurostat","Refers to the proportion of individuals using a mobile (cellular) or smart telephone. An individual uses a mobile cellular telephone if he/she has a mobile cellular phone device with at least one active SIM card for personal use."
9145,"HHU271_HHTotalIndividual","Individuals using a mobile cellular telephone",,"%",151,"MLT","Malta","85.921981822569",2008,"","Eurostat","Refers to the proportion of individuals using a mobile (cellular) or smart telephone. An individual uses a mobile cellular telephone if he/she has a mobile cellular phone device with at least one active SIM card for personal use."
9145,"HHU271_HHTotalIndividual","Individuals using a mobile cellular telephone",,"%",151,"MLT","Malta","85.7661847894406",2012,"","Eurostat","Refers to the proportion of individuals using a mobile (cellular) or smart telephone. An individual uses a mobile cellular telephone if he/she has a mobile cellular phone device with at least one active SIM card for personal use."
9145,"HHU271_HHTotalIndividual","Individuals using a mobile cellular telephone",,"%",155,"MAR","Morocco","83.2604450740667",2014,"","AGENCE NATIONALE DE REGLEMENTATION DES TELECOMMUJNICATIONS","Refers to the proportion of individuals using a mobile (cellular) or smart telephone. An individual uses a mobile cellular telephone if he/she has a mobile cellular phone device with at least one active SIM card for personal use."
9145,"HHU271_HHTotalIndividual","Individuals using a mobile cellular telephone",,"%",155,"MAR","Morocco","91.9030621155301",2015,"","Agence Nationale de Réglementation des Télécommunications (ANRT)","Refers to the proportion of individuals using a mobile (cellular) or smart telephone. An individual uses a mobile cellular telephone if he/she has a mobile cellular phone device with at least one active SIM card for personal use."
9145,"HHU271_HHTotalIndividual","Individuals using a mobile cellular telephone",,"%",155,"MAR","Morocco","91.9577915129848",2016,"","Agence Nationale de Réglementation des Télécommunications (ANRT)","Refers to the proportion of individuals using a mobile (cellular) or smart telephone. An individual uses a mobile cellular telephone if he/she has a mobile cellular phone device with at least one active SIM card for personal use."
9145,"HHU271_HHTotalIndividual","Individuals using a mobile cellular telephone",,"%",155,"MAR","Morocco","96.7917507260157",2017,"","Agence Nationale de Réglementation des Télécommunications (ANRT)","Refers to the proportion of individuals using a mobile (cellular) or smart telephone. An individual uses a mobile cellular telephone if he/she has a mobile cellular phone device with at least one active SIM card for personal use."
9145,"HHU271_HHTotalIndividual","Individuals using a mobile cellular telephone",,"%",155,"MAR","Morocco","95.3871158013754",2018,"","Agence Nationale de Réglementation des Télécommunications (ANRT)","Refers to the proportion of individuals using a mobile (cellular) or smart telephone. An individual uses a mobile cellular telephone if he/she has a mobile cellular phone device with at least one active SIM card for personal use."
9145,"HHU271_HHTotalIndividual","Individuals using a mobile cellular telephone",,"%",155,"MAR","Morocco","98.5954636074933",2021,"","Agence Nationale de Réglementation des Télécommunications (ANRT)","Refers to the proportion of individuals using a mobile (cellular) or smart telephone. An individual uses a mobile cellular telephone if he/she has a mobile cellular phone device with at least one active SIM card for personal use."
9145,"HHU271_HHTotalIndividual","Individuals using a mobile cellular telephone",,"%",161,"MWI","Malawi","69.5055344005559",2023,"","National Statistical Office of Malawi","Refers to the proportion of individuals using a mobile (cellular) or smart telephone. An individual uses a mobile cellular telephone if he/she has a mobile cellular phone device with at least one active SIM card for personal use."
9145,"HHU271_HHTotalIndividual","Individuals using a mobile cellular telephone",,"%",163,"NIC","Nicaragua","34.7920392880136",2006,"","Instituto Nacional de Información de Desarrollo","Refers to the proportion of individuals using a mobile (cellular) or smart telephone. An individual uses a mobile cellular telephone if he/she has a mobile cellular phone device with at least one active SIM card for personal use."
9145,"HHU271_HHTotalIndividual","Individuals using a mobile cellular telephone",,"%",170,"NOR","Norway","95.721385605142",2006,"","Eurostat","Refers to the proportion of individuals using a mobile (cellular) or smart telephone. An individual uses a mobile cellular telephone if he/she has a mobile cellular phone device with at least one active SIM card for personal use."
9145,"HHU271_HHTotalIndividual","Individuals using a mobile cellular telephone",,"%",170,"NOR","Norway","97.2110776060669",2007,"","Eurostat","Refers to the proportion of individuals using a mobile (cellular) or smart telephone. An individual uses a mobile cellular telephone if he/she has a mobile cellular phone device with at least one active SIM card for personal use."
9145,"HHU271_HHTotalIndividual","Individuals using a mobile cellular telephone",,"%",170,"NOR","Norway","97.710085487327",2008,"","Eurostat","Refers to the proportion of individuals using a mobile (cellular) or smart telephone. An individual uses a mobile cellular telephone if he/she has a mobile cellular phone device with at least one active SIM card for personal use."
9145,"HHU271_HHTotalIndividual","Individuals using a mobile cellular telephone",,"%",170,"NOR","Norway","99.2693953692527",2012,"","Eurostat","Refers to the proportion of individuals using a mobile (cellular) or smart telephone. An individual uses a mobile cellular telephone if he/she has a mobile cellular phone device with at least one active SIM card for personal use."
9145,"HHU271_HHTotalIndividual","Individuals using a mobile cellular telephone",,"%",173,"NZL","New Zealand","77.7642770352369",2006,"","Statistics New Zealand","Refers to the proportion of individuals using a mobile (cellular) or smart telephone. An individual uses a mobile cellular telephone if he/she has a mobile cellular phone device with at least one active SIM card for personal use."
9145,"HHU271_HHTotalIndividual","Individuals using a mobile cellular telephone",,"%",173,"NZL","New Zealand","84.965763620125",2009,"","Statistics New Zealand","Refers to the proportion of individuals using a mobile (cellular) or smart telephone. An individual uses a mobile cellular telephone if he/she has a mobile cellular phone device with at least one active SIM card for personal use."
9145,"HHU271_HHTotalIndividual","Individuals using a mobile cellular telephone",,"%",176,"OMN","Oman","83.8837663176491",2013,"","Information Technology Authority (ITA) ","Refers to the proportion of individuals using a mobile (cellular) or smart telephone. An individual uses a mobile cellular telephone if he/she has a mobile cellular phone device with at least one active SIM card for personal use."
9145,"HHU271_HHTotalIndividual","Individuals using a mobile cellular telephone",,"%",176,"OMN","Oman","93.9517976462832",2016,"","Information Technology Authority (ITA) ","Refers to the proportion of individuals using a mobile (cellular) or smart telephone. An individual uses a mobile cellular telephone if he/she has a mobile cellular phone device with at least one active SIM card for personal use."
9145,"HHU271_HHTotalIndividual","Individuals using a mobile cellular telephone",,"%",182,"PAK","Pakistan","84.7389420404379",2016,"","PAKISTAN BUREAU OF STATISTICS","Refers to the proportion of individuals using a mobile (cellular) or smart telephone. An individual uses a mobile cellular telephone if he/she has a mobile cellular phone device with at least one active SIM card for personal use."
9145,"HHU271_HHTotalIndividual","Individuals using a mobile cellular telephone",,"%",182,"PAK","Pakistan","86.0427134729794",2020,"","Pakistan Bureau of Statistics","Refers to the proportion of individuals using a mobile (cellular) or smart telephone. An individual uses a mobile cellular telephone if he/she has a mobile cellular phone device with at least one active SIM card for personal use."
9145,"HHU271_HHTotalIndividual","Individuals using a mobile cellular telephone",,"%",184,"PHL","Philippines","84.4444704211777",2022,"","Department of  Information and Communications Technology","Refers to the proportion of individuals using a mobile (cellular) or smart telephone. An individual uses a mobile cellular telephone if he/she has a mobile cellular phone device with at least one active SIM card for personal use."
9145,"HHU271_HHTotalIndividual","Individuals using a mobile cellular telephone",,"%",184,"PHL","Philippines","81.61199339554956",2024,"","Department of  Information and Communications Technology","Refers to the proportion of individuals using a mobile (cellular) or smart telephone. An individual uses a mobile cellular telephone if he/she has a mobile cellular phone device with at least one active SIM card for personal use."
9145,"HHU271_HHTotalIndividual","Individuals using a mobile cellular telephone",,"%",189,"PAN","Panama","76.0060742587523",2012,"","INSTITUTO NACIONAL DE ESTADÍSTICA Y CENSO - CONTRALORÍA GENERAL","Refers to the proportion of individuals using a mobile (cellular) or smart telephone. An individual uses a mobile cellular telephone if he/she has a mobile cellular phone device with at least one active SIM card for personal use."
9145,"HHU271_HHTotalIndividual","Individuals using a mobile cellular telephone",,"%",189,"PAN","Panama","82.0787670672263",2015,"","CONTRALORIA GENERAL - INSTITUTO NACIONAL DE ESTADÌSTICA Y CENSO","Refers to the proportion of individuals using a mobile (cellular) or smart telephone. An individual uses a mobile cellular telephone if he/she has a mobile cellular phone device with at least one active SIM card for personal use."
9145,"HHU271_HHTotalIndividual","Individuals using a mobile cellular telephone",,"%",189,"PAN","Panama","81.0122687558674",2023,"","Instituto Nacional de Estadistica y Censo","Refers to the proportion of individuals using a mobile (cellular) or smart telephone. An individual uses a mobile cellular telephone if he/she has a mobile cellular phone device with at least one active SIM card for personal use."
9145,"HHU271_HHTotalIndividual","Individuals using a mobile cellular telephone",,"%",190,"POL","Poland","67.7239164650326",2006,"","Eurostat","Refers to the proportion of individuals using a mobile (cellular) or smart telephone. An individual uses a mobile cellular telephone if he/she has a mobile cellular phone device with at least one active SIM card for personal use."
9145,"HHU271_HHTotalIndividual","Individuals using a mobile cellular telephone",,"%",190,"POL","Poland","73.9673896190587",2007,"","Eurostat","Refers to the proportion of individuals using a mobile (cellular) or smart telephone. An individual uses a mobile cellular telephone if he/she has a mobile cellular phone device with at least one active SIM card for personal use."
9145,"HHU271_HHTotalIndividual","Individuals using a mobile cellular telephone",,"%",190,"POL","Poland","77.4610267431969",2008,"","Eurostat","Refers to the proportion of individuals using a mobile (cellular) or smart telephone. An individual uses a mobile cellular telephone if he/she has a mobile cellular phone device with at least one active SIM card for personal use."
9145,"HHU271_HHTotalIndividual","Individuals using a mobile cellular telephone",,"%",190,"POL","Poland","84.9632009941057",2012,"","Eurostat","Refers to the proportion of individuals using a mobile (cellular) or smart telephone. An individual uses a mobile cellular telephone if he/she has a mobile cellular phone device with at least one active SIM card for personal use."
9145,"HHU271_HHTotalIndividual","Individuals using a mobile cellular telephone",,"%",191,"PRT","Portugal","77.9835277085658",2006,"","Eurostat","Refers to the proportion of individuals using a mobile (cellular) or smart telephone. An individual uses a mobile cellular telephone if he/she has a mobile cellular phone device with at least one active SIM card for personal use."
9145,"HHU271_HHTotalIndividual","Individuals using a mobile cellular telephone",,"%",191,"PRT","Portugal","82.6044280412461",2007,"","Eurostat","Refers to the proportion of individuals using a mobile (cellular) or smart telephone. An individual uses a mobile cellular telephone if he/she has a mobile cellular phone device with at least one active SIM card for personal use."
9145,"HHU271_HHTotalIndividual","Individuals using a mobile cellular telephone",,"%",191,"PRT","Portugal","84.4584280529632",2008,"","Eurostat","Refers to the proportion of individuals using a mobile (cellular) or smart telephone. An individual uses a mobile cellular telephone if he/she has a mobile cellular phone device with at least one active SIM card for personal use."
9145,"HHU271_HHTotalIndividual","Individuals using a mobile cellular telephone",,"%",191,"PRT","Portugal","93.3543980899724",2012,"","Eurostat","Refers to the proportion of individuals using a mobile (cellular) or smart telephone. An individual uses a mobile cellular telephone if he/she has a mobile cellular phone device with at least one active SIM card for personal use."
9145,"HHU271_HHTotalIndividual","Individuals using a mobile cellular telephone",,"%",192,"PRY","Paraguay","87.431639706452",2015,"","Dirección General de Estadística, Encuestas y Censos (DGEEC)","Refers to the proportion of individuals using a mobile (cellular) or smart telephone. An individual uses a mobile cellular telephone if he/she has a mobile cellular phone device with at least one active SIM card for personal use."
9145,"HHU271_HHTotalIndividual","Individuals using a mobile cellular telephone",,"%",192,"PRY","Paraguay","83.2502952038723",2017,"","Dirección General de Estadística, Encuestas y Censos (DGEEC)","Refers to the proportion of individuals using a mobile (cellular) or smart telephone. An individual uses a mobile cellular telephone if he/she has a mobile cellular phone device with at least one active SIM card for personal use."
9145,"HHU271_HHTotalIndividual","Individuals using a mobile cellular telephone",,"%",192,"PRY","Paraguay","84.2533518212038",2018,"","Dirección General de Estadística, Encuestas y Censos (DGEEC)","Refers to the proportion of individuals using a mobile (cellular) or smart telephone. An individual uses a mobile cellular telephone if he/she has a mobile cellular phone device with at least one active SIM card for personal use."
9145,"HHU271_HHTotalIndividual","Individuals using a mobile cellular telephone",,"%",192,"PRY","Paraguay","84.5195045836115",2019,"","Dirección General de Estadística, Encuestas y Censos (DGEEC)","Refers to the proportion of individuals using a mobile (cellular) or smart telephone. An individual uses a mobile cellular telephone if he/she has a mobile cellular phone device with at least one active SIM card for personal use."
9145,"HHU271_HHTotalIndividual","Individuals using a mobile cellular telephone",,"%",192,"PRY","Paraguay","87.8796298955634",2020,"","Instituto Nacional de Estadística (INE)","Refers to the proportion of individuals using a mobile (cellular) or smart telephone. An individual uses a mobile cellular telephone if he/she has a mobile cellular phone device with at least one active SIM card for personal use."
9145,"HHU271_HHTotalIndividual","Individuals using a mobile cellular telephone",,"%",192,"PRY","Paraguay","87.4670970912858",2022,"","Instituto Nacional de Estadística (INE)","Refers to the proportion of individuals using a mobile (cellular) or smart telephone. An individual uses a mobile cellular telephone if he/she has a mobile cellular phone device with at least one active SIM card for personal use."
9145,"HHU271_HHTotalIndividual","Individuals using a mobile cellular telephone",,"%",192,"PRY","Paraguay","87.0072147061322",2023,"","Direccion General de Estadistica, Encuestas y Censos","Refers to the proportion of individuals using a mobile (cellular) or smart telephone. An individual uses a mobile cellular telephone if he/she has a mobile cellular phone device with at least one active SIM card for personal use."
9145,"HHU271_HHTotalIndividual","Individuals using a mobile cellular telephone",,"%",192,"PRY","Paraguay","88.1123046726934",2024,"","Instituto Nacional de Estadística","Refers to the proportion of individuals using a mobile (cellular) or smart telephone. An individual uses a mobile cellular telephone if he/she has a mobile cellular phone device with at least one active SIM card for personal use."
9145,"HHU271_HHTotalIndividual","Individuals using a mobile cellular telephone",,"%",193,"PER","Peru","93.9908136278955",2017,"El periodo de referencia es el mes anterior.","INSTITUTO NACIONAL DE ESTADÍSTICA E INFORMÁTICA - INEI","Refers to the proportion of individuals using a mobile (cellular) or smart telephone. An individual uses a mobile cellular telephone if he/she has a mobile cellular phone device with at least one active SIM card for personal use."
9145,"HHU271_HHTotalIndividual","Individuals using a mobile cellular telephone",,"%",193,"PER","Peru","97.0939494928988",2018,"El período de referencia es el mes anterior","Instituto Nacional de Estadística e Informática - INEI","Refers to the proportion of individuals using a mobile (cellular) or smart telephone. An individual uses a mobile cellular telephone if he/she has a mobile cellular phone device with at least one active SIM card for personal use."
9145,"HHU271_HHTotalIndividual","Individuals using a mobile cellular telephone",,"%",193,"PER","Peru","90.2143508879768",2019,"La información corresponde a la población de 14 y más años de edad y el período de referencia es el mes anterior.","Instituto Nacional de Estadística e Informática - INEI","Refers to the proportion of individuals using a mobile (cellular) or smart telephone. An individual uses a mobile cellular telephone if he/she has a mobile cellular phone device with at least one active SIM card for personal use."
9145,"HHU271_HHTotalIndividual","Individuals using a mobile cellular telephone",,"%",193,"PER","Peru","93.631354255011",2020,"La información corresponde a la población de 14 y más años de edad y el período de referencia es el mes anterior.","Instituto Nacional de Estadística e Informática - INEI","Refers to the proportion of individuals using a mobile (cellular) or smart telephone. An individual uses a mobile cellular telephone if he/she has a mobile cellular phone device with at least one active SIM card for personal use."
9145,"HHU271_HHTotalIndividual","Individuals using a mobile cellular telephone",,"%",193,"PER","Peru","93.4765655801583",2021,"La información corresponde a la población de 14 y más años de edad y el período de referencia es el mes anterior.","Instituto Nacional de Estadística e Informática - INEI","Refers to the proportion of individuals using a mobile (cellular) or smart telephone. An individual uses a mobile cellular telephone if he/she has a mobile cellular phone device with at least one active SIM card for personal use."
9145,"HHU271_HHTotalIndividual","Individuals using a mobile cellular telephone",,"%",193,"PER","Peru","93.9001461894",2022,"The information refers to the population 14 years of age and older and the reference period is the previous month","Instituto Nacional de Estadistica e Informatica","Refers to the proportion of individuals using a mobile (cellular) or smart telephone. An individual uses a mobile cellular telephone if he/she has a mobile cellular phone device with at least one active SIM card for personal use."
9145,"HHU271_HHTotalIndividual","Individuals using a mobile cellular telephone",,"%",193,"PER","Peru","94.4060317279256",2023,"The information corresponds to the population aged 14 and older, and the reference period is the previous month.","Instituto Nacional de Estadistica e Informatica","Refers to the proportion of individuals using a mobile (cellular) or smart telephone. An individual uses a mobile cellular telephone if he/she has a mobile cellular phone device with at least one active SIM card for personal use."
9145,"HHU271_HHTotalIndividual","Individuals using a mobile cellular telephone",,"%",193,"PER","Peru","94.5881623197393",2024,"La información corresponde a la población de 14 y más años de edad y el período de referencia es el mes anterior.","Instituto Nacional de Estadistica e Informatica","Refers to the proportion of individuals using a mobile (cellular) or smart telephone. An individual uses a mobile cellular telephone if he/she has a mobile cellular phone device with at least one active SIM card for personal use."
9145,"HHU271_HHTotalIndividual","Individuals using a mobile cellular telephone",,"%",195,"PRI","Puerto Rico","61.914916291053",2010,"Source: Connect Puerto Rico, 2010. Topic: Cell Phone Ownership.","Instituto de Estadísticas de Puerto Rico","Refers to the proportion of individuals using a mobile (cellular) or smart telephone. An individual uses a mobile cellular telephone if he/she has a mobile cellular phone device with at least one active SIM card for personal use."
9145,"HHU271_HHTotalIndividual","Individuals using a mobile cellular telephone",,"%",195,"PRI","Puerto Rico","39.9999858752623",2011,"","Instituto de Estadisticas de Puerto Rico","Refers to the proportion of individuals using a mobile (cellular) or smart telephone. An individual uses a mobile cellular telephone if he/she has a mobile cellular phone device with at least one active SIM card for personal use."
9145,"HHU271_HHTotalIndividual","Individuals using a mobile cellular telephone",,"%",195,"PRI","Puerto Rico","89.9999680434155",2012,"","Instituto de Estadisticas de Puerto Rico","Refers to the proportion of individuals using a mobile (cellular) or smart telephone. An individual uses a mobile cellular telephone if he/she has a mobile cellular phone device with at least one active SIM card for personal use."
9145,"HHU271_HHTotalIndividual","Individuals using a mobile cellular telephone",,"%",195,"PRI","Puerto Rico","40.0000071402764",2013,"","Instituto de Estadisticas de Puerto Rico","Refers to the proportion of individuals using a mobile (cellular) or smart telephone. An individual uses a mobile cellular telephone if he/she has a mobile cellular phone device with at least one active SIM card for personal use."
9145,"HHU271_HHTotalIndividual","Individuals using a mobile cellular telephone",,"%",196,"QAT","Qatar","97.5971050973658",2008,"","Supreme Council Of Information & Communication Technology (ictQATAR)","Refers to the proportion of individuals using a mobile (cellular) or smart telephone. An individual uses a mobile cellular telephone if he/she has a mobile cellular phone device with at least one active SIM card for personal use."
9145,"HHU271_HHTotalIndividual","Individuals using a mobile cellular telephone",,"%",196,"QAT","Qatar","98.0842085810207",2009,"","Supreme Council Of Information & Communication Technology (ictQATAR)","Refers to the proportion of individuals using a mobile (cellular) or smart telephone. An individual uses a mobile cellular telephone if he/she has a mobile cellular phone device with at least one active SIM card for personal use."
9145,"HHU271_HHTotalIndividual","Individuals using a mobile cellular telephone",,"%",196,"QAT","Qatar","98.5714370482893",2010,"","Supreme Council Of Information & Communication Technology (ictQATAR)","Refers to the proportion of individuals using a mobile (cellular) or smart telephone. An individual uses a mobile cellular telephone if he/she has a mobile cellular phone device with at least one active SIM card for personal use."
9145,"HHU271_HHTotalIndividual","Individuals using a mobile cellular telephone",,"%",196,"QAT","Qatar","99.3332462396999",2011,"","Supreme Council Of Information & Communication Technology (ictQATAR)","Refers to the proportion of individuals using a mobile (cellular) or smart telephone. An individual uses a mobile cellular telephone if he/she has a mobile cellular phone device with at least one active SIM card for personal use."
9145,"HHU271_HHTotalIndividual","Individuals using a mobile cellular telephone",,"%",196,"QAT","Qatar","99.5965911191279",2012,"","Ministry Of Information & Communication Technology (ictQATAR)","Refers to the proportion of individuals using a mobile (cellular) or smart telephone. An individual uses a mobile cellular telephone if he/she has a mobile cellular phone device with at least one active SIM card for personal use."
9145,"HHU271_HHTotalIndividual","Individuals using a mobile cellular telephone",,"%",196,"QAT","Qatar","99.8419339456389",2013,"In-scope population refers to mainstream population living in households.","Ministry Of Information & Communication Technology (ictQATAR)","Refers to the proportion of individuals using a mobile (cellular) or smart telephone. An individual uses a mobile cellular telephone if he/she has a mobile cellular phone device with at least one active SIM card for personal use."
9145,"HHU271_HHTotalIndividual","Individuals using a mobile cellular telephone",,"%",196,"QAT","Qatar","99.9745124307654",2015,"","Ministry Of Transport and Communications","Refers to the proportion of individuals using a mobile (cellular) or smart telephone. An individual uses a mobile cellular telephone if he/she has a mobile cellular phone device with at least one active SIM card for personal use."
9145,"HHU271_HHTotalIndividual","Individuals using a mobile cellular telephone",,"%",196,"QAT","Qatar","99.9833276783938",2016,"","Ministry of Transport and Communications","Refers to the proportion of individuals using a mobile (cellular) or smart telephone. An individual uses a mobile cellular telephone if he/she has a mobile cellular phone device with at least one active SIM card for personal use."
9145,"HHU271_HHTotalIndividual","Individuals using a mobile cellular telephone",,"%",196,"QAT","Qatar","99.9916483027007",2017,"","Ministry of Transport and Communications","Refers to the proportion of individuals using a mobile (cellular) or smart telephone. An individual uses a mobile cellular telephone if he/she has a mobile cellular phone device with at least one active SIM card for personal use."
9145,"HHU271_HHTotalIndividual","Individuals using a mobile cellular telephone",,"%",196,"QAT","Qatar","100.0",2018,"","Ministry Of Transport and Communications","Refers to the proportion of individuals using a mobile (cellular) or smart telephone. An individual uses a mobile cellular telephone if he/she has a mobile cellular phone device with at least one active SIM card for personal use."
9145,"HHU271_HHTotalIndividual","Individuals using a mobile cellular telephone",,"%",196,"QAT","Qatar","100.0",2019,"","Ministry of Transport and Communications","Refers to the proportion of individuals using a mobile (cellular) or smart telephone. An individual uses a mobile cellular telephone if he/she has a mobile cellular phone device with at least one active SIM card for personal use."
9145,"HHU271_HHTotalIndividual","Individuals using a mobile cellular telephone",,"%",196,"QAT","Qatar","100.0",2020,"","Ministry of Transport and Communications","Refers to the proportion of individuals using a mobile (cellular) or smart telephone. An individual uses a mobile cellular telephone if he/she has a mobile cellular phone device with at least one active SIM card for personal use."
9145,"HHU271_HHTotalIndividual","Individuals using a mobile cellular telephone",,"%",200,"ROU","Romania","55.9802890486638",2006,"","Eurostat","Refers to the proportion of individuals using a mobile (cellular) or smart telephone. An individual uses a mobile cellular telephone if he/she has a mobile cellular phone device with at least one active SIM card for personal use."
9145,"HHU271_HHTotalIndividual","Individuals using a mobile cellular telephone",,"%",200,"ROU","Romania","67.0429582763577",2007,"","Eurostat","Refers to the proportion of individuals using a mobile (cellular) or smart telephone. An individual uses a mobile cellular telephone if he/she has a mobile cellular phone device with at least one active SIM card for personal use."
9145,"HHU271_HHTotalIndividual","Individuals using a mobile cellular telephone",,"%",200,"ROU","Romania","75.1016846176524",2008,"","Eurostat","Refers to the proportion of individuals using a mobile (cellular) or smart telephone. An individual uses a mobile cellular telephone if he/she has a mobile cellular phone device with at least one active SIM card for personal use."
9145,"HHU271_HHTotalIndividual","Individuals using a mobile cellular telephone",,"%",200,"ROU","Romania","52.5975982088337",2012,"","Eurostat","Refers to the proportion of individuals using a mobile (cellular) or smart telephone. An individual uses a mobile cellular telephone if he/she has a mobile cellular phone device with at least one active SIM card for personal use."
9145,"HHU271_HHTotalIndividual","Individuals using a mobile cellular telephone",,"%",200,"ROU","Romania","60.7932688010793",2018,"Number of individuals using the Internet in the last three months on the mobile phone or smart phone","National Institute of Statistics","Refers to the proportion of individuals using a mobile (cellular) or smart telephone. An individual uses a mobile cellular telephone if he/she has a mobile cellular phone device with at least one active SIM card for personal use."
9145,"HHU271_HHTotalIndividual","Individuals using a mobile cellular telephone",,"%",200,"ROU","Romania","66.5077249485095",2020,"Number of individuals who used a smart phone in the last three months","National Institute of Statistics","Refers to the proportion of individuals using a mobile (cellular) or smart telephone. An individual uses a mobile cellular telephone if he/she has a mobile cellular phone device with at least one active SIM card for personal use."
9145,"HHU271_HHTotalIndividual","Individuals using a mobile cellular telephone",,"%",200,"ROU","Romania","80.7295247613846",2021,"Number of individuals aged 16-74 who have used a mobile phone or smart phone in the last three months","National Institute of Statistics","Refers to the proportion of individuals using a mobile (cellular) or smart telephone. An individual uses a mobile cellular telephone if he/she has a mobile cellular phone device with at least one active SIM card for personal use."
9145,"HHU271_HHTotalIndividual","Individuals using a mobile cellular telephone",,"%",203,"SWE","Sweden","93.2689188373102",2006,"","Eurostat","Refers to the proportion of individuals using a mobile (cellular) or smart telephone. An individual uses a mobile cellular telephone if he/she has a mobile cellular phone device with at least one active SIM card for personal use."
9145,"HHU271_HHTotalIndividual","Individuals using a mobile cellular telephone",,"%",203,"SWE","Sweden","94.3424892669086",2007,"","Eurostat","Refers to the proportion of individuals using a mobile (cellular) or smart telephone. An individual uses a mobile cellular telephone if he/she has a mobile cellular phone device with at least one active SIM card for personal use."
9145,"HHU271_HHTotalIndividual","Individuals using a mobile cellular telephone",,"%",203,"SWE","Sweden","95.1502953305878",2008,"","Eurostat","Refers to the proportion of individuals using a mobile (cellular) or smart telephone. An individual uses a mobile cellular telephone if he/she has a mobile cellular phone device with at least one active SIM card for personal use."
9145,"HHU271_HHTotalIndividual","Individuals using a mobile cellular telephone",,"%",203,"SWE","Sweden","96.5625945915075",2012,"","Eurostat","Refers to the proportion of individuals using a mobile (cellular) or smart telephone. An individual uses a mobile cellular telephone if he/she has a mobile cellular phone device with at least one active SIM card for personal use."
9145,"HHU271_HHTotalIndividual","Individuals using a mobile cellular telephone",,"%",203,"SWE","Sweden","76.1420512114882",2017,"","Statistics Sweden (Statistiska centralbyrån )","Refers to the proportion of individuals using a mobile (cellular) or smart telephone. An individual uses a mobile cellular telephone if he/she has a mobile cellular phone device with at least one active SIM card for personal use."
9145,"HHU271_HHTotalIndividual","Individuals using a mobile cellular telephone",,"%",203,"SWE","Sweden","87.6411192214112",2021,"Refers to smart phone use","Statistics Sweden","Refers to the proportion of individuals using a mobile (cellular) or smart telephone. An individual uses a mobile cellular telephone if he/she has a mobile cellular phone device with at least one active SIM card for personal use."
9145,"HHU271_HHTotalIndividual","Individuals using a mobile cellular telephone",,"%",206,"SEN","Senegal","64.427673657156",2009,"","Agence Nationale de la Statistique et de la Démographie","Refers to the proportion of individuals using a mobile (cellular) or smart telephone. An individual uses a mobile cellular telephone if he/she has a mobile cellular phone device with at least one active SIM card for personal use."
9145,"HHU271_HHTotalIndividual","Individuals using a mobile cellular telephone",,"%",210,"SLV","El Salvador","54.8557488143877",2010,"","Dirección General de Estadística y Censos. (DIGESTYC)","Refers to the proportion of individuals using a mobile (cellular) or smart telephone. An individual uses a mobile cellular telephone if he/she has a mobile cellular phone device with at least one active SIM card for personal use."
9145,"HHU271_HHTotalIndividual","Individuals using a mobile cellular telephone",,"%",210,"SLV","El Salvador","69.7095195908434",2011,"","Dirección General de Estadística y Censos. (DIGESTYC)","Refers to the proportion of individuals using a mobile (cellular) or smart telephone. An individual uses a mobile cellular telephone if he/she has a mobile cellular phone device with at least one active SIM card for personal use."
9145,"HHU271_HHTotalIndividual","Individuals using a mobile cellular telephone",,"%",210,"SLV","El Salvador","72.8356582208107",2012,"","Dirección General de Estadística y Censos. (DIGESTYC)","Refers to the proportion of individuals using a mobile (cellular) or smart telephone. An individual uses a mobile cellular telephone if he/she has a mobile cellular phone device with at least one active SIM card for personal use."
9145,"HHU271_HHTotalIndividual","Individuals using a mobile cellular telephone",,"%",210,"SLV","El Salvador","76.2394885635992",2013,"","Dirección General de Estadística y Censos. (DIGESTYC)","Refers to the proportion of individuals using a mobile (cellular) or smart telephone. An individual uses a mobile cellular telephone if he/she has a mobile cellular phone device with at least one active SIM card for personal use."
9145,"HHU271_HHTotalIndividual","Individuals using a mobile cellular telephone",,"%",210,"SLV","El Salvador","79.1174077406253",2014,"","Dirección General de Estadística y Censos. (DIGESTYC)","Refers to the proportion of individuals using a mobile (cellular) or smart telephone. An individual uses a mobile cellular telephone if he/she has a mobile cellular phone device with at least one active SIM card for personal use."
9145,"HHU271_HHTotalIndividual","Individuals using a mobile cellular telephone",,"%",210,"SLV","El Salvador","80.920587297868",2017,"","Dirección General de Estadística y Censos. (DIGESTYC)","Refers to the proportion of individuals using a mobile (cellular) or smart telephone. An individual uses a mobile cellular telephone if he/she has a mobile cellular phone device with at least one active SIM card for personal use."
9145,"HHU271_HHTotalIndividual","Individuals using a mobile cellular telephone",,"%",210,"SLV","El Salvador","85.0348545152508",2019,"","Dirección General de Estadística y Censos. (DIGESTYC)","Refers to the proportion of individuals using a mobile (cellular) or smart telephone. An individual uses a mobile cellular telephone if he/she has a mobile cellular phone device with at least one active SIM card for personal use."
9145,"HHU271_HHTotalIndividual","Individuals using a mobile cellular telephone",,"%",210,"SLV","El Salvador","85.6887138387492",2020,"","Dirección General de Estadística y Censos. (DIGESTYC)","Refers to the proportion of individuals using a mobile (cellular) or smart telephone. An individual uses a mobile cellular telephone if he/she has a mobile cellular phone device with at least one active SIM card for personal use."
9145,"HHU271_HHTotalIndividual","Individuals using a mobile cellular telephone",,"%",214,"SGP","Singapore","86.9031417402635",2009,"Residents aged 7 yrs and above","Infocomm Development Authority of Singapore","Refers to the proportion of individuals using a mobile (cellular) or smart telephone. An individual uses a mobile cellular telephone if he/she has a mobile cellular phone device with at least one active SIM card for personal use."
9145,"HHU271_HHTotalIndividual","Individuals using a mobile cellular telephone",,"%",214,"SGP","Singapore","83.9472265715239",2014,"","Infocomm Development Authority of Singapore","Refers to the proportion of individuals using a mobile (cellular) or smart telephone. An individual uses a mobile cellular telephone if he/she has a mobile cellular phone device with at least one active SIM card for personal use."
9145,"HHU271_HHTotalIndividual","Individuals using a mobile cellular telephone",,"%",214,"SGP","Singapore","88.8024671142405",2017,"","Infocomm Media Development Authority","Refers to the proportion of individuals using a mobile (cellular) or smart telephone. An individual uses a mobile cellular telephone if he/she has a mobile cellular phone device with at least one active SIM card for personal use."
9145,"HHU271_HHTotalIndividual","Individuals using a mobile cellular telephone",,"%",219,"CHE","Switzerland","92.7245827002125",2019,"","Office fédéral de la statistique","Refers to the proportion of individuals using a mobile (cellular) or smart telephone. An individual uses a mobile cellular telephone if he/she has a mobile cellular phone device with at least one active SIM card for personal use."
9145,"HHU271_HHTotalIndividual","Individuals using a mobile cellular telephone",,"%",219,"CHE","Switzerland","97.8152061459289",2021,"Break in time series: change of the positionning of the question in the 2021 questionnaire and questions for plausibility checks","Office fédéral de la statistique","Refers to the proportion of individuals using a mobile (cellular) or smart telephone. An individual uses a mobile cellular telephone if he/she has a mobile cellular phone device with at least one active SIM card for personal use."
9145,"HHU271_HHTotalIndividual","Individuals using a mobile cellular telephone",,"%",219,"CHE","Switzerland","98.2805393272133",2023,"","Swiss Federal Statistical Office","Refers to the proportion of individuals using a mobile (cellular) or smart telephone. An individual uses a mobile cellular telephone if he/she has a mobile cellular phone device with at least one active SIM card for personal use."
9145,"HHU271_HHTotalIndividual","Individuals using a mobile cellular telephone",,"%",219,"CHE","Switzerland","98.03179202832276",2025,"","Swiss Federal Statistical Office","Refers to the proportion of individuals using a mobile (cellular) or smart telephone. An individual uses a mobile cellular telephone if he/she has a mobile cellular phone device with at least one active SIM card for personal use."
9145,"HHU271_HHTotalIndividual","Individuals using a mobile cellular telephone",,"%",221,"SVN","Slovenia","85.4460786041876",2006,"","Eurostat","Refers to the proportion of individuals using a mobile (cellular) or smart telephone. An individual uses a mobile cellular telephone if he/she has a mobile cellular phone device with at least one active SIM card for personal use."
9145,"HHU271_HHTotalIndividual","Individuals using a mobile cellular telephone",,"%",221,"SVN","Slovenia","88.3658555945032",2007,"","Eurostat","Refers to the proportion of individuals using a mobile (cellular) or smart telephone. An individual uses a mobile cellular telephone if he/she has a mobile cellular phone device with at least one active SIM card for personal use."
9145,"HHU271_HHTotalIndividual","Individuals using a mobile cellular telephone",,"%",221,"SVN","Slovenia","89.3121004912624",2008,"","Eurostat","Refers to the proportion of individuals using a mobile (cellular) or smart telephone. An individual uses a mobile cellular telephone if he/she has a mobile cellular phone device with at least one active SIM card for personal use."
9145,"HHU271_HHTotalIndividual","Individuals using a mobile cellular telephone",,"%",221,"SVN","Slovenia","94.2357997962303",2012,"","Eurostat","Refers to the proportion of individuals using a mobile (cellular) or smart telephone. An individual uses a mobile cellular telephone if he/she has a mobile cellular phone device with at least one active SIM card for personal use."
9145,"HHU271_HHTotalIndividual","Individuals using a mobile cellular telephone",,"%",221,"SVN","Slovenia","97.4522894979211",2017,"Usage of mobile phone by individual aged 16 to 74 years. Reference period (last 3 months) was not included in the question.","Statistical Office of the Republic of Slovenia ","Refers to the proportion of individuals using a mobile (cellular) or smart telephone. An individual uses a mobile cellular telephone if he/she has a mobile cellular phone device with at least one active SIM card for personal use."
9145,"HHU271_HHTotalIndividual","Individuals using a mobile cellular telephone",,"%",221,"SVN","Slovenia","96.234371099276",2018,"","Statistical Office of the Republic of Slovenia ","Refers to the proportion of individuals using a mobile (cellular) or smart telephone. An individual uses a mobile cellular telephone if he/she has a mobile cellular phone device with at least one active SIM card for personal use."
9145,"HHU271_HHTotalIndividual","Individuals using a mobile cellular telephone",,"%",221,"SVN","Slovenia","97.2503302308995",2019,"","Statistical Office of the Republic of Slovenia ","Refers to the proportion of individuals using a mobile (cellular) or smart telephone. An individual uses a mobile cellular telephone if he/she has a mobile cellular phone device with at least one active SIM card for personal use."
9145,"HHU271_HHTotalIndividual","Individuals using a mobile cellular telephone",,"%",221,"SVN","Slovenia","97.3722782656792",2020,"","Statistical Office of the Republic of Slovenia ","Refers to the proportion of individuals using a mobile (cellular) or smart telephone. An individual uses a mobile cellular telephone if he/she has a mobile cellular phone device with at least one active SIM card for personal use."
9145,"HHU271_HHTotalIndividual","Individuals using a mobile cellular telephone",,"%",221,"SVN","Slovenia","98.0550533602446",2021,"Individuals aged 16 to 74 years that use the device for private purposes (no time period)","Statistical Office of the Republic of Slovenia ","Refers to the proportion of individuals using a mobile (cellular) or smart telephone. An individual uses a mobile cellular telephone if he/she has a mobile cellular phone device with at least one active SIM card for personal use."
9145,"HHU271_HHTotalIndividual","Individuals using a mobile cellular telephone",,"%",221,"SVN","Slovenia","97.7578294514104",2022,"Individuals aged 16 to 74 years that use the device for private purposes (no time period)","Statistical Office of the Republic of Slovenia","Refers to the proportion of individuals using a mobile (cellular) or smart telephone. An individual uses a mobile cellular telephone if he/she has a mobile cellular phone device with at least one active SIM card for personal use."
9145,"HHU271_HHTotalIndividual","Individuals using a mobile cellular telephone",,"%",221,"SVN","Slovenia","98.4684906063807",2023,"Individuals aged 16 to 74 years that use the device for private purposes (no time period)","Statistical Office of the Republic of Slovenia","Refers to the proportion of individuals using a mobile (cellular) or smart telephone. An individual uses a mobile cellular telephone if he/she has a mobile cellular phone device with at least one active SIM card for personal use."
9145,"HHU271_HHTotalIndividual","Individuals using a mobile cellular telephone",,"%",221,"SVN","Slovenia","97.9607765741734",2024,"Individuals aged 16 to 74 years that use the device for private purposes (no time period)","Statistical Office of the Republic of Slovenia","Refers to the proportion of individuals using a mobile (cellular) or smart telephone. An individual uses a mobile cellular telephone if he/she has a mobile cellular phone device with at least one active SIM card for personal use."
9145,"HHU271_HHTotalIndividual","Individuals using a mobile cellular telephone",,"%",227,"CZE","Czech Republic","87.8461064753582",2006,"","Eurostat","Refers to the proportion of individuals using a mobile (cellular) or smart telephone. An individual uses a mobile cellular telephone if he/she has a mobile cellular phone device with at least one active SIM card for personal use."
9145,"HHU271_HHTotalIndividual","Individuals using a mobile cellular telephone",,"%",227,"CZE","Czech Republic","90.1412971072707",2007,"","Eurostat","Refers to the proportion of individuals using a mobile (cellular) or smart telephone. An individual uses a mobile cellular telephone if he/she has a mobile cellular phone device with at least one active SIM card for personal use."
9145,"HHU271_HHTotalIndividual","Individuals using a mobile cellular telephone",,"%",227,"CZE","Czech Republic","92.528073736273",2008,"","Eurostat","Refers to the proportion of individuals using a mobile (cellular) or smart telephone. An individual uses a mobile cellular telephone if he/she has a mobile cellular phone device with at least one active SIM card for personal use."
9145,"HHU271_HHTotalIndividual","Individuals using a mobile cellular telephone",,"%",227,"CZE","Czech Republic","95.9899958048595",2012,"","Eurostat","Refers to the proportion of individuals using a mobile (cellular) or smart telephone. An individual uses a mobile cellular telephone if he/she has a mobile cellular phone device with at least one active SIM card for personal use."
9145,"HHU271_HHTotalIndividual","Individuals using a mobile cellular telephone",,"%",227,"CZE","Czech Republic","97.7483185607003",2017,"","Czech Statistical Office","Refers to the proportion of individuals using a mobile (cellular) or smart telephone. An individual uses a mobile cellular telephone if he/she has a mobile cellular phone device with at least one active SIM card for personal use."
9145,"HHU271_HHTotalIndividual","Individuals using a mobile cellular telephone",,"%",227,"CZE","Czech Republic","95.9946737573595",2018,"","Czech Statistical Office","Refers to the proportion of individuals using a mobile (cellular) or smart telephone. An individual uses a mobile cellular telephone if he/she has a mobile cellular phone device with at least one active SIM card for personal use."
9145,"HHU271_HHTotalIndividual","Individuals using a mobile cellular telephone",,"%",227,"CZE","Czech Republic","96.8586546132499",2019,"","Czech Statistical Office","Refers to the proportion of individuals using a mobile (cellular) or smart telephone. An individual uses a mobile cellular telephone if he/she has a mobile cellular phone device with at least one active SIM card for personal use."
9145,"HHU271_HHTotalIndividual","Individuals using a mobile cellular telephone",,"%",227,"CZE","Czech Republic","98.7803527908348",2020,"","Czech Statistical Office","Refers to the proportion of individuals using a mobile (cellular) or smart telephone. An individual uses a mobile cellular telephone if he/she has a mobile cellular phone device with at least one active SIM card for personal use."
9145,"HHU271_HHTotalIndividual","Individuals using a mobile cellular telephone",,"%",227,"CZE","Czech Republic","98.7626206120315",2021,"","Czech Statistical Office","Refers to the proportion of individuals using a mobile (cellular) or smart telephone. An individual uses a mobile cellular telephone if he/she has a mobile cellular phone device with at least one active SIM card for personal use."
9145,"HHU271_HHTotalIndividual","Individuals using a mobile cellular telephone",,"%",227,"CZE","Czech Republic","98.8167162143443",2022,"","Czech Statistical Office","Refers to the proportion of individuals using a mobile (cellular) or smart telephone. An individual uses a mobile cellular telephone if he/she has a mobile cellular phone device with at least one active SIM card for personal use."
9145,"HHU271_HHTotalIndividual","Individuals using a mobile cellular telephone",,"%",227,"CZE","Czech Republic","98.7712430418898",2023,"","Czech Statistical Office","Refers to the proportion of individuals using a mobile (cellular) or smart telephone. An individual uses a mobile cellular telephone if he/she has a mobile cellular phone device with at least one active SIM card for personal use."
9145,"HHU271_HHTotalIndividual","Individuals using a mobile cellular telephone",,"%",227,"CZE","Czech Republic","99.090647571043",2024,"","Czech Statistical Office","Refers to the proportion of individuals using a mobile (cellular) or smart telephone. An individual uses a mobile cellular telephone if he/she has a mobile cellular phone device with at least one active SIM card for personal use."
9145,"HHU271_HHTotalIndividual","Individuals using a mobile cellular telephone",,"%",229,"THA","Thailand","52.7977444993163",2008,"","National Statistical Office","Refers to the proportion of individuals using a mobile (cellular) or smart telephone. An individual uses a mobile cellular telephone if he/she has a mobile cellular phone device with at least one active SIM card for personal use."
9145,"HHU271_HHTotalIndividual","Individuals using a mobile cellular telephone",,"%",229,"THA","Thailand","56.8120947258695",2009,"","National Statistical Office","Refers to the proportion of individuals using a mobile (cellular) or smart telephone. An individual uses a mobile cellular telephone if he/she has a mobile cellular phone device with at least one active SIM card for personal use."
9145,"HHU271_HHTotalIndividual","Individuals using a mobile cellular telephone",,"%",229,"THA","Thailand","61.7852871811546",2010,"","National Statistical Office","Refers to the proportion of individuals using a mobile (cellular) or smart telephone. An individual uses a mobile cellular telephone if he/she has a mobile cellular phone device with at least one active SIM card for personal use."
9145,"HHU271_HHTotalIndividual","Individuals using a mobile cellular telephone",,"%",229,"THA","Thailand","66.3837360179132",2011,"","National Statistical Office","Refers to the proportion of individuals using a mobile (cellular) or smart telephone. An individual uses a mobile cellular telephone if he/she has a mobile cellular phone device with at least one active SIM card for personal use."
9145,"HHU271_HHTotalIndividual","Individuals using a mobile cellular telephone",,"%",229,"THA","Thailand","70.1490752470489",2012,"","National Statistical Office","Refers to the proportion of individuals using a mobile (cellular) or smart telephone. An individual uses a mobile cellular telephone if he/she has a mobile cellular phone device with at least one active SIM card for personal use."
9145,"HHU271_HHTotalIndividual","Individuals using a mobile cellular telephone",,"%",229,"THA","Thailand","73.3229362478167",2013,"","National Statistical Office","Refers to the proportion of individuals using a mobile (cellular) or smart telephone. An individual uses a mobile cellular telephone if he/she has a mobile cellular phone device with at least one active SIM card for personal use."
9145,"HHU271_HHTotalIndividual","Individuals using a mobile cellular telephone",,"%",229,"THA","Thailand","77.1683486996347",2014,"","National Statistical Office","Refers to the proportion of individuals using a mobile (cellular) or smart telephone. An individual uses a mobile cellular telephone if he/she has a mobile cellular phone device with at least one active SIM card for personal use."
9145,"HHU271_HHTotalIndividual","Individuals using a mobile cellular telephone",,"%",229,"THA","Thailand","79.286990438729",2015,"","National Statistical Office","Refers to the proportion of individuals using a mobile (cellular) or smart telephone. An individual uses a mobile cellular telephone if he/she has a mobile cellular phone device with at least one active SIM card for personal use."
9145,"HHU271_HHTotalIndividual","Individuals using a mobile cellular telephone",,"%",229,"THA","Thailand","81.3975999232925",2016,"","National Statistical Office of Thailand","Refers to the proportion of individuals using a mobile (cellular) or smart telephone. An individual uses a mobile cellular telephone if he/she has a mobile cellular phone device with at least one active SIM card for personal use."
9145,"HHU271_HHTotalIndividual","Individuals using a mobile cellular telephone",,"%",229,"THA","Thailand","88.1457085552615",2017,"","National Statistical Office of Thailand","Refers to the proportion of individuals using a mobile (cellular) or smart telephone. An individual uses a mobile cellular telephone if he/she has a mobile cellular phone device with at least one active SIM card for personal use."
9145,"HHU271_HHTotalIndividual","Individuals using a mobile cellular telephone",,"%",229,"THA","Thailand","89.5445758620746",2018,"","National Statistical Office of Thailand","Refers to the proportion of individuals using a mobile (cellular) or smart telephone. An individual uses a mobile cellular telephone if he/she has a mobile cellular phone device with at least one active SIM card for personal use."
9145,"HHU271_HHTotalIndividual","Individuals using a mobile cellular telephone",,"%",229,"THA","Thailand","94.800801705928",2020,"","National Statistical Office of Thailand","Refers to the proportion of individuals using a mobile (cellular) or smart telephone. An individual uses a mobile cellular telephone if he/she has a mobile cellular phone device with at least one active SIM card for personal use."
9145,"HHU271_HHTotalIndividual","Individuals using a mobile cellular telephone",,"%",229,"THA","Thailand","94.6864782763412",2021,"","","Refers to the proportion of individuals using a mobile (cellular) or smart telephone. An individual uses a mobile cellular telephone if he/she has a mobile cellular phone device with at least one active SIM card for personal use."
9145,"HHU271_HHTotalIndividual","Individuals using a mobile cellular telephone",,"%",229,"THA","Thailand","95.2922222152798",2022,"","National Statistical Office","Refers to the proportion of individuals using a mobile (cellular) or smart telephone. An individual uses a mobile cellular telephone if he/she has a mobile cellular phone device with at least one active SIM card for personal use."
9145,"HHU271_HHTotalIndividual","Individuals using a mobile cellular telephone",,"%",229,"THA","Thailand","95.4694577762229",2023,"","National Statistical Office","Refers to the proportion of individuals using a mobile (cellular) or smart telephone. An individual uses a mobile cellular telephone if he/she has a mobile cellular phone device with at least one active SIM card for personal use."
9145,"HHU271_HHTotalIndividual","Individuals using a mobile cellular telephone",,"%",229,"THA","Thailand","95.7035208921928",2024,"","National Statistical Office","Refers to the proportion of individuals using a mobile (cellular) or smart telephone. An individual uses a mobile cellular telephone if he/she has a mobile cellular phone device with at least one active SIM card for personal use."
9145,"HHU271_HHTotalIndividual","Individuals using a mobile cellular telephone",,"%",234,"TTO","Trinidad and Tobago","81.9346765407147",2011,"","Central Statistical Office","Refers to the proportion of individuals using a mobile (cellular) or smart telephone. An individual uses a mobile cellular telephone if he/she has a mobile cellular phone device with at least one active SIM card for personal use."
9145,"HHU271_HHTotalIndividual","Individuals using a mobile cellular telephone",,"%",236,"TUR","Türkiye","68.0685791713345",2007,"","Eurostat","Refers to the proportion of individuals using a mobile (cellular) or smart telephone. An individual uses a mobile cellular telephone if he/she has a mobile cellular phone device with at least one active SIM card for personal use."
9145,"HHU271_HHTotalIndividual","Individuals using a mobile cellular telephone",,"%",236,"TUR","Türkiye","79.8786996181487",2012,"","Eurostat","Refers to the proportion of individuals using a mobile (cellular) or smart telephone. An individual uses a mobile cellular telephone if he/she has a mobile cellular phone device with at least one active SIM card for personal use."
9145,"HHU271_HHTotalIndividual","Individuals using a mobile cellular telephone",,"%",236,"TUR","Türkiye","92.6852233791852",2018,"","Turkish Statistical Institute","Refers to the proportion of individuals using a mobile (cellular) or smart telephone. An individual uses a mobile cellular telephone if he/she has a mobile cellular phone device with at least one active SIM card for personal use."
9145,"HHU271_HHTotalIndividual","Individuals using a mobile cellular telephone",,"%",236,"TUR","Türkiye","93.4968941526193",2019,"","Turkish Statistical Institute","Refers to the proportion of individuals using a mobile (cellular) or smart telephone. An individual uses a mobile cellular telephone if he/she has a mobile cellular phone device with at least one active SIM card for personal use."
9145,"HHU271_HHTotalIndividual","Individuals using a mobile cellular telephone",,"%",236,"TUR","Türkiye","95.2624794320385",2020,"","Turkish Statistical Institute","Refers to the proportion of individuals using a mobile (cellular) or smart telephone. An individual uses a mobile cellular telephone if he/she has a mobile cellular phone device with at least one active SIM card for personal use."
9145,"HHU271_HHTotalIndividual","Individuals using a mobile cellular telephone",,"%",236,"TUR","Türkiye","95.9770115716092",2021,"","Turkish Statistical Institute (TurkStat)","Refers to the proportion of individuals using a mobile (cellular) or smart telephone. An individual uses a mobile cellular telephone if he/she has a mobile cellular phone device with at least one active SIM card for personal use."
9145,"HHU271_HHTotalIndividual","Individuals using a mobile cellular telephone",,"%",236,"TUR","Türkiye","95.8128535429444",2022,"","Turkish Statistical Institute (TurkStat)","Refers to the proportion of individuals using a mobile (cellular) or smart telephone. An individual uses a mobile cellular telephone if he/she has a mobile cellular phone device with at least one active SIM card for personal use."
9145,"HHU271_HHTotalIndividual","Individuals using a mobile cellular telephone",,"%",236,"TUR","Türkiye","97.2705911946875",2023,"Current users of mobile cellular telephone","Turkish Statistical Institute","Refers to the proportion of individuals using a mobile (cellular) or smart telephone. An individual uses a mobile cellular telephone if he/she has a mobile cellular phone device with at least one active SIM card for personal use."
9145,"HHU271_HHTotalIndividual","Individuals using a mobile cellular telephone",,"%",236,"TUR","Türkiye","96.9426084598215",2024,"","Turkish Statistical Institute","Refers to the proportion of individuals using a mobile (cellular) or smart telephone. An individual uses a mobile cellular telephone if he/she has a mobile cellular phone device with at least one active SIM card for personal use."
9145,"HHU271_HHTotalIndividual","Individuals using a mobile cellular telephone",,"%",236,"TUR","Türkiye","97.6561679769232",2025,"Current users of mobile cellular telephone","Turkish Statistical Institute","Refers to the proportion of individuals using a mobile (cellular) or smart telephone. An individual uses a mobile cellular telephone if he/she has a mobile cellular phone device with at least one active SIM card for personal use."
9145,"HHU271_HHTotalIndividual","Individuals using a mobile cellular telephone",,"%",239,"ARE","United Arab Emirates","99.8221986877986",2012,"","Telecommunications Regulatory Authority ","Refers to the proportion of individuals using a mobile (cellular) or smart telephone. An individual uses a mobile cellular telephone if he/she has a mobile cellular phone device with at least one active SIM card for personal use."
9145,"HHU271_HHTotalIndividual","Individuals using a mobile cellular telephone",,"%",239,"ARE","United Arab Emirates","100.0",2017,"","Telecommunications Regulatory Authority ","Refers to the proportion of individuals using a mobile (cellular) or smart telephone. An individual uses a mobile cellular telephone if he/she has a mobile cellular phone device with at least one active SIM card for personal use."
9145,"HHU271_HHTotalIndividual","Individuals using a mobile cellular telephone",,"%",239,"ARE","United Arab Emirates","100.0",2018,"","Telecommunication Regulatory Authority","Refers to the proportion of individuals using a mobile (cellular) or smart telephone. An individual uses a mobile cellular telephone if he/she has a mobile cellular phone device with at least one active SIM card for personal use."
9145,"HHU271_HHTotalIndividual","Individuals using a mobile cellular telephone",,"%",239,"ARE","United Arab Emirates","100.0",2019,"","Telecommunication Regulatory Authority","Refers to the proportion of individuals using a mobile (cellular) or smart telephone. An individual uses a mobile cellular telephone if he/she has a mobile cellular phone device with at least one active SIM card for personal use."
9145,"HHU271_HHTotalIndividual","Individuals using a mobile cellular telephone",,"%",239,"ARE","United Arab Emirates","100.0",2020,"","Telecommunications & Digital Gevernment Regulatory Authority","Refers to the proportion of individuals using a mobile (cellular) or smart telephone. An individual uses a mobile cellular telephone if he/she has a mobile cellular phone device with at least one active SIM card for personal use."
9145,"HHU271_HHTotalIndividual","Individuals using a mobile cellular telephone",,"%",239,"ARE","United Arab Emirates","100.0",2021,"","Telecommunications & Digital Gevernment Regulatory Authority","Refers to the proportion of individuals using a mobile (cellular) or smart telephone. An individual uses a mobile cellular telephone if he/she has a mobile cellular phone device with at least one active SIM card for personal use."
9145,"HHU271_HHTotalIndividual","Individuals using a mobile cellular telephone",,"%",239,"ARE","United Arab Emirates","100.0",2022,"","Telecommunications Regulatory Authority","Refers to the proportion of individuals using a mobile (cellular) or smart telephone. An individual uses a mobile cellular telephone if he/she has a mobile cellular phone device with at least one active SIM card for personal use."
9145,"HHU271_HHTotalIndividual","Individuals using a mobile cellular telephone",,"%",239,"ARE","United Arab Emirates","100.0",2023,"Based on non-probabilistic sampling (snowballing) reweighted for representativeness","Telecommunications Regulatory Authority","Refers to the proportion of individuals using a mobile (cellular) or smart telephone. An individual uses a mobile cellular telephone if he/she has a mobile cellular phone device with at least one active SIM card for personal use."
9145,"HHU271_HHTotalIndividual","Individuals using a mobile cellular telephone",,"%",239,"ARE","United Arab Emirates","100.0",2024,"","Telecommunications & Digital Government Regulatory Authority","Refers to the proportion of individuals using a mobile (cellular) or smart telephone. An individual uses a mobile cellular telephone if he/she has a mobile cellular phone device with at least one active SIM card for personal use."
9145,"HHU271_HHTotalIndividual","Individuals using a mobile cellular telephone",,"%",242,"URY","Uruguay","67.4217446803771",2009,"","Instituto Nacional de Estadistica. Uruguay","Refers to the proportion of individuals using a mobile (cellular) or smart telephone. An individual uses a mobile cellular telephone if he/she has a mobile cellular phone device with at least one active SIM card for personal use."
9145,"HHU271_HHTotalIndividual","Individuals using a mobile cellular telephone",,"%",242,"URY","Uruguay","71.5920732149306",2011,"","Instituto Nacional de Estadistica. Uruguay","Refers to the proportion of individuals using a mobile (cellular) or smart telephone. An individual uses a mobile cellular telephone if he/she has a mobile cellular phone device with at least one active SIM card for personal use."
9145,"HHU271_HHTotalIndividual","Individuals using a mobile cellular telephone",,"%",242,"URY","Uruguay","71.633548661227",2012,"","I.N.E","Refers to the proportion of individuals using a mobile (cellular) or smart telephone. An individual uses a mobile cellular telephone if he/she has a mobile cellular phone device with at least one active SIM card for personal use."
9145,"HHU271_HHTotalIndividual","Individuals using a mobile cellular telephone",,"%",242,"URY","Uruguay","89.4323327849459",2022,"","Instituto Nacional de Estadistica","Refers to the proportion of individuals using a mobile (cellular) or smart telephone. An individual uses a mobile cellular telephone if he/she has a mobile cellular phone device with at least one active SIM card for personal use."
9145,"HHU271_HHTotalIndividual","Individuals using a mobile cellular telephone",,"%",242,"URY","Uruguay","95.5016462160492",2024,"","Instituto Nacional de Estadistica","Refers to the proportion of individuals using a mobile (cellular) or smart telephone. An individual uses a mobile cellular telephone if he/she has a mobile cellular phone device with at least one active SIM card for personal use."
9145,"HHU271_HHTotalIndividual","Individuals using a mobile cellular telephone",,"%",245,"UZB","Uzbekistan","93.9165564597848",2018,"","The State Committee of the Republic of Uzbekistan on Statistics","Refers to the proportion of individuals using a mobile (cellular) or smart telephone. An individual uses a mobile cellular telephone if he/she has a mobile cellular phone device with at least one active SIM card for personal use."
9145,"HHU271_HHTotalIndividual","Individuals using a mobile cellular telephone",,"%",245,"UZB","Uzbekistan","93.4",2020,"","The State Committee of the Republic of Uzbekistan on Statistics","Refers to the proportion of individuals using a mobile (cellular) or smart telephone. An individual uses a mobile cellular telephone if he/she has a mobile cellular phone device with at least one active SIM card for personal use."
9145,"HHU271_HHTotalIndividual","Individuals using a mobile cellular telephone",,"%",245,"UZB","Uzbekistan","95.7449748993759",2021,"","The State Committee of the Republic of Uzbekistan on Statistics","Refers to the proportion of individuals using a mobile (cellular) or smart telephone. An individual uses a mobile cellular telephone if he/she has a mobile cellular phone device with at least one active SIM card for personal use."
9145,"HHU271_HHTotalIndividual","Individuals using a mobile cellular telephone",,"%",245,"UZB","Uzbekistan","97.8",2022,"","Statistics Agency under the President of the Republic of Uzbekistan","Refers to the proportion of individuals using a mobile (cellular) or smart telephone. An individual uses a mobile cellular telephone if he/she has a mobile cellular phone device with at least one active SIM card for personal use."
9145,"HHU271_HHTotalIndividual","Individuals using a mobile cellular telephone",,"%",250,"VNM","Viet Nam","87.6",2020,"","Ministry of Information and Communications","Refers to the proportion of individuals using a mobile (cellular) or smart telephone. An individual uses a mobile cellular telephone if he/she has a mobile cellular phone device with at least one active SIM card for personal use."
9145,"HHU271_HHTotalIndividual","Individuals using a mobile cellular telephone",,"%",250,"VNM","Viet Nam","83.82",2023,"","Ministry of Information and Communications","Refers to the proportion of individuals using a mobile (cellular) or smart telephone. An individual uses a mobile cellular telephone if he/she has a mobile cellular phone device with at least one active SIM card for personal use."
9145,"HHU271_HHTotalIndividual","Individuals using a mobile cellular telephone",,"%",250,"VNM","Viet Nam","84.75",2024,"","General Statistics Office of Vietnam","Refers to the proportion of individuals using a mobile (cellular) or smart telephone. An individual uses a mobile cellular telephone if he/she has a mobile cellular phone device with at least one active SIM card for personal use."
9145,"HHU271_HHTotalIndividual","Individuals using a mobile cellular telephone",,"%",256,"SRB","Serbia","76.7895547518203",2007,"","Eurostat","Refers to the proportion of individuals using a mobile (cellular) or smart telephone. An individual uses a mobile cellular telephone if he/she has a mobile cellular phone device with at least one active SIM card for personal use."
9145,"HHU271_HHTotalIndividual","Individuals using a mobile cellular telephone",,"%",256,"SRB","Serbia","91.751798366727",2016,"","Statistical office of the Republic of Serbia","Refers to the proportion of individuals using a mobile (cellular) or smart telephone. An individual uses a mobile cellular telephone if he/she has a mobile cellular phone device with at least one active SIM card for personal use."
9145,"HHU271_HHTotalIndividual","Individuals using a mobile cellular telephone",,"%",256,"SRB","Serbia","92.5602147756709",2017,"","Statistical office of the Republic of Serbia","Refers to the proportion of individuals using a mobile (cellular) or smart telephone. An individual uses a mobile cellular telephone if he/she has a mobile cellular phone device with at least one active SIM card for personal use."
9145,"HHU271_HHTotalIndividual","Individuals using a mobile cellular telephone",,"%",256,"SRB","Serbia","93.4865711313037",2018,"","Statistical office of the Republic of Serbia","Refers to the proportion of individuals using a mobile (cellular) or smart telephone. An individual uses a mobile cellular telephone if he/she has a mobile cellular phone device with at least one active SIM card for personal use."
9145,"HHU271_HHTotalIndividual","Individuals using a mobile cellular telephone",,"%",260,"ZWE","Zimbabwe","67.9269932641736",2014,"","Zimbabwe National Statistics Agency (ZIMSTAT)","Refers to the proportion of individuals using a mobile (cellular) or smart telephone. An individual uses a mobile cellular telephone if he/she has a mobile cellular phone device with at least one active SIM card for personal use."
9145,"HHU271_HHTotalIndividual","Individuals using a mobile cellular telephone",,"%",260,"ZWE","Zimbabwe","67.7576420190103",2020,"","Zimbabwe National Statistics Agency (ZIMSTAT)","Refers to the proportion of individuals using a mobile (cellular) or smart telephone. An individual uses a mobile cellular telephone if he/she has a mobile cellular phone device with at least one active SIM card for personal use."
9145,"HHU271_HHTotalIndividual","Individuals using a mobile cellular telephone",,"%",274,"MDA","Moldova","77.9999971939237",2009,"","THE MINISTRY OF INFORMATION TECHNOLOGY AND COMMUNICATIONS","Refers to the proportion of individuals using a mobile (cellular) or smart telephone. An individual uses a mobile cellular telephone if he/she has a mobile cellular phone device with at least one active SIM card for personal use."
9145,"HHU271_HHTotalIndividual","Individuals using a mobile cellular telephone",,"%",275,"BIH","Bosnia and Herzegovina","63.5910523783533",2021,"Mobile phones and smartphones both included","Agency for statistics of Bosnia and Herzegovina","Refers to the proportion of individuals using a mobile (cellular) or smart telephone. An individual uses a mobile cellular telephone if he/she has a mobile cellular phone device with at least one active SIM card for personal use."
9145,"HHU271_HHTotalIndividual","Individuals using a mobile cellular telephone",,"%",276,"GEO","Georgia","79.8895007635628",2017,"","Geostat","Refers to the proportion of individuals using a mobile (cellular) or smart telephone. An individual uses a mobile cellular telephone if he/she has a mobile cellular phone device with at least one active SIM card for personal use."
9145,"HHU271_HHTotalIndividual","Individuals using a mobile cellular telephone",,"%",276,"GEO","Georgia","91.1944817130929",2018,"","National Statistics Office of Georgia - GEOSTAT","Refers to the proportion of individuals using a mobile (cellular) or smart telephone. An individual uses a mobile cellular telephone if he/she has a mobile cellular phone device with at least one active SIM card for personal use."
9145,"HHU271_HHTotalIndividual","Individuals using a mobile cellular telephone",,"%",276,"GEO","Georgia","92.8065086949532",2019,"","National Statistics Office of Georgia - Geostat","Refers to the proportion of individuals using a mobile (cellular) or smart telephone. An individual uses a mobile cellular telephone if he/she has a mobile cellular phone device with at least one active SIM card for personal use."
9145,"HHU271_HHTotalIndividual","Individuals using a mobile cellular telephone",,"%",276,"GEO","Georgia","93.5220521015138",2020,"","National Statistics Office of Georgia - Geostat","Refers to the proportion of individuals using a mobile (cellular) or smart telephone. An individual uses a mobile cellular telephone if he/she has a mobile cellular phone device with at least one active SIM card for personal use."
9145,"HHU271_HHTotalIndividual","Individuals using a mobile cellular telephone",,"%",276,"GEO","Georgia","93.9215581853536",2021,"","National Statistics Office of Georgia - Geostat","Refers to the proportion of individuals using a mobile (cellular) or smart telephone. An individual uses a mobile cellular telephone if he/she has a mobile cellular phone device with at least one active SIM card for personal use."
9145,"HHU271_HHTotalIndividual","Individuals using a mobile cellular telephone",,"%",276,"GEO","Georgia","93.7688423918834",2022,"","National Statistics Office of Georgia","Refers to the proportion of individuals using a mobile (cellular) or smart telephone. An individual uses a mobile cellular telephone if he/she has a mobile cellular phone device with at least one active SIM card for personal use."
9145,"HHU271_HHTotalIndividual","Individuals using a mobile cellular telephone",,"%",276,"GEO","Georgia","95.4333585887689",2023,"","National Statistics Office of Georgia","Refers to the proportion of individuals using a mobile (cellular) or smart telephone. An individual uses a mobile cellular telephone if he/she has a mobile cellular phone device with at least one active SIM card for personal use."
9145,"HHU271_HHTotalIndividual","Individuals using a mobile cellular telephone",,"%",276,"GEO","Georgia","96.17785981940676",2024,"","National Statistics Office of Georgia","Refers to the proportion of individuals using a mobile (cellular) or smart telephone. An individual uses a mobile cellular telephone if he/she has a mobile cellular phone device with at least one active SIM card for personal use."
9145,"HHU271_HHTotalIndividual","Individuals using a mobile cellular telephone",,"%",277,"KAZ","Kazakhstan","80.8210261031188",2015,"","Ministry of National Economy of the Republic of Kazakhstan
Committee on Statistics","Refers to the proportion of individuals using a mobile (cellular) or smart telephone. An individual uses a mobile cellular telephone if he/she has a mobile cellular phone device with at least one active SIM card for personal use."
9145,"HHU271_HHTotalIndividual","Individuals using a mobile cellular telephone",,"%",277,"KAZ","Kazakhstan","89.5450024013304",2016,"","Ministry of National Economy of the Republic of Kazakhstan
Committee on Statistics","Refers to the proportion of individuals using a mobile (cellular) or smart telephone. An individual uses a mobile cellular telephone if he/she has a mobile cellular phone device with at least one active SIM card for personal use."
9145,"HHU271_HHTotalIndividual","Individuals using a mobile cellular telephone",,"%",277,"KAZ","Kazakhstan","91.1613551973408",2017,"","Ministry of National Economy of the Republic of Kazakhstan
Committee on Statistics","Refers to the proportion of individuals using a mobile (cellular) or smart telephone. An individual uses a mobile cellular telephone if he/she has a mobile cellular phone device with at least one active SIM card for personal use."
9145,"HHU271_HHTotalIndividual","Individuals using a mobile cellular telephone",,"%",277,"KAZ","Kazakhstan","92.9662271567476",2018,"","Ministry of National Economy of the Republic of Kazakhstan
Committee on Statistics","Refers to the proportion of individuals using a mobile (cellular) or smart telephone. An individual uses a mobile cellular telephone if he/she has a mobile cellular phone device with at least one active SIM card for personal use."
9145,"HHU271_HHTotalIndividual","Individuals using a mobile cellular telephone",,"%",277,"KAZ","Kazakhstan","92.9973202941149",2019,"","Ministry of National Economy of the Republic of Kazakhstan
Committee on Statistics","Refers to the proportion of individuals using a mobile (cellular) or smart telephone. An individual uses a mobile cellular telephone if he/she has a mobile cellular phone device with at least one active SIM card for personal use."
9145,"HHU271_HHTotalIndividual","Individuals using a mobile cellular telephone",,"%",277,"KAZ","Kazakhstan","94.459148480557",2020,"","Agency for Strategic planning and reforms of the Republic of Kazakhstan Bureau of National statistics","Refers to the proportion of individuals using a mobile (cellular) or smart telephone. An individual uses a mobile cellular telephone if he/she has a mobile cellular phone device with at least one active SIM card for personal use."
9145,"HHU271_HHTotalIndividual","Individuals using a mobile cellular telephone",,"%",277,"KAZ","Kazakhstan","95.9829551126223",2021,"","Agency for Strategic planning and reforms of the Republic of Kazakhstan Bureau of National statistics","Refers to the proportion of individuals using a mobile (cellular) or smart telephone. An individual uses a mobile cellular telephone if he/she has a mobile cellular phone device with at least one active SIM card for personal use."
9145,"HHU271_HHTotalIndividual","Individuals using a mobile cellular telephone",,"%",277,"KAZ","Kazakhstan","94.6666858237905",2022,"","Committee on Statistics, Ministry of National Economy of the Republic of Kazakhstan","Refers to the proportion of individuals using a mobile (cellular) or smart telephone. An individual uses a mobile cellular telephone if he/she has a mobile cellular phone device with at least one active SIM card for personal use."
9145,"HHU271_HHTotalIndividual","Individuals using a mobile cellular telephone",,"%",277,"KAZ","Kazakhstan","95.7460753227346",2023,"","Bureau of National statistics Agency for Strategic planning and reforms of the Republic of Kazakhstan","Refers to the proportion of individuals using a mobile (cellular) or smart telephone. An individual uses a mobile cellular telephone if he/she has a mobile cellular phone device with at least one active SIM card for personal use."
9145,"HHU271_HHTotalIndividual","Individuals using a mobile cellular telephone",,"%",277,"KAZ","Kazakhstan","96.24304695322891",2024,"","Bureau of National statistics Agency for Strategic planning and reforms of the Republic of Kazakhstan","Refers to the proportion of individuals using a mobile (cellular) or smart telephone. An individual uses a mobile cellular telephone if he/she has a mobile cellular phone device with at least one active SIM card for personal use."
9145,"HHU271_HHTotalIndividual","Individuals using a mobile cellular telephone",,"%",281,"SVK","Slovakia","87.0361650300604",2006,"","Eurostat","Refers to the proportion of individuals using a mobile (cellular) or smart telephone. An individual uses a mobile cellular telephone if he/she has a mobile cellular phone device with at least one active SIM card for personal use."
9145,"HHU271_HHTotalIndividual","Individuals using a mobile cellular telephone",,"%",281,"SVK","Slovakia","91.1975303317808",2007,"","Eurostat","Refers to the proportion of individuals using a mobile (cellular) or smart telephone. An individual uses a mobile cellular telephone if he/she has a mobile cellular phone device with at least one active SIM card for personal use."
9145,"HHU271_HHTotalIndividual","Individuals using a mobile cellular telephone",,"%",281,"SVK","Slovakia","93.6940403243823",2008,"","Eurostat","Refers to the proportion of individuals using a mobile (cellular) or smart telephone. An individual uses a mobile cellular telephone if he/she has a mobile cellular phone device with at least one active SIM card for personal use."
9145,"HHU271_HHTotalIndividual","Individuals using a mobile cellular telephone",,"%",281,"SVK","Slovakia","93.1134064279328",2012,"","Eurostat","Refers to the proportion of individuals using a mobile (cellular) or smart telephone. An individual uses a mobile cellular telephone if he/she has a mobile cellular phone device with at least one active SIM card for personal use."
9145,"HHU271_HHTotalIndividual","Individuals using a mobile cellular telephone",,"%",283,"MKD","North Macedonia","63.4694762068658",2006,"","Eurostat","Refers to the proportion of individuals using a mobile (cellular) or smart telephone. An individual uses a mobile cellular telephone if he/she has a mobile cellular phone device with at least one active SIM card for personal use."
9145,"HHU271_HHTotalIndividual","Individuals using a mobile cellular telephone",,"%",283,"MKD","North Macedonia","78.724305877301",2008,"","Eurostat","Refers to the proportion of individuals using a mobile (cellular) or smart telephone. An individual uses a mobile cellular telephone if he/she has a mobile cellular phone device with at least one active SIM card for personal use."
9145,"HHU271_HHTotalIndividual","Individuals using a mobile cellular telephone",,"%",283,"MKD","North Macedonia","68.3583958346247",2012,"","Eurostat","Refers to the proportion of individuals using a mobile (cellular) or smart telephone. An individual uses a mobile cellular telephone if he/she has a mobile cellular phone device with at least one active SIM card for personal use."
9145,"HHU271_HHTotalIndividual","Individuals using a mobile cellular telephone",,"%",283,"MKD","North Macedonia","61.4504863105307",2017,"","State Statistical Office","Refers to the proportion of individuals using a mobile (cellular) or smart telephone. An individual uses a mobile cellular telephone if he/she has a mobile cellular phone device with at least one active SIM card for personal use."
9145,"HHU271_HHTotalIndividual","Individuals using a mobile cellular telephone",,"%",308,"PSE","State of Palestine","29.9998872557386",2004,"","Palestinian Central Bureau of Statistics\ Science and Technology Statistics Department","Refers to the proportion of individuals using a mobile (cellular) or smart telephone. An individual uses a mobile cellular telephone if he/she has a mobile cellular phone device with at least one active SIM card for personal use."
9145,"HHU271_HHTotalIndividual","Individuals using a mobile cellular telephone",,"%",308,"PSE","State of Palestine","34.998620214264",2006,"","Palestinian Central Bureau of Statistics","Refers to the proportion of individuals using a mobile (cellular) or smart telephone. An individual uses a mobile cellular telephone if he/she has a mobile cellular phone device with at least one active SIM card for personal use."
9145,"HHU271_HHTotalIndividual","Individuals using a mobile cellular telephone",,"%",308,"PSE","State of Palestine","54.3022641953183",2009,"","Palestinian Central Bureau of Statistics","Refers to the proportion of individuals using a mobile (cellular) or smart telephone. An individual uses a mobile cellular telephone if he/she has a mobile cellular phone device with at least one active SIM card for personal use."
9145,"HHU271_HHTotalIndividual","Individuals using a mobile cellular telephone",,"%",308,"PSE","State of Palestine","65.2235444837008",2011,"","Palestinian Central Bureau of Statiatics","Refers to the proportion of individuals using a mobile (cellular) or smart telephone. An individual uses a mobile cellular telephone if he/she has a mobile cellular phone device with at least one active SIM card for personal use."
9145,"HHU271_HHTotalIndividual","Individuals using a mobile cellular telephone",,"%",308,"PSE","State of Palestine","86.0874240911803",2019,"","Palestinian Central Bureau of Statistics","Refers to the proportion of individuals using a mobile (cellular) or smart telephone. An individual uses a mobile cellular telephone if he/she has a mobile cellular phone device with at least one active SIM card for personal use."
9145,"HHU271_HHTotalIndividual","Individuals using a mobile cellular telephone",,"%",316,"MNE","Montenegro","90.8021541378406",2012,"","Eurostat","Refers to the proportion of individuals using a mobile (cellular) or smart telephone. An individual uses a mobile cellular telephone if he/she has a mobile cellular phone device with at least one active SIM card for personal use."
9145,"HHU271_HHTotalIndividual","Individuals using a mobile cellular telephone",,"%",316,"MNE","Montenegro","94.5272306147129",2015,"","Statistical Office of Montenegro","Refers to the proportion of individuals using a mobile (cellular) or smart telephone. An individual uses a mobile cellular telephone if he/she has a mobile cellular phone device with at least one active SIM card for personal use."