"seriesID","seriesCode","seriesName","seriesParent","seriesUnits","entityID","entityIso","entityName","dataValue","dataYear","dataNote","dataSource","seriesDescription"
11623,"i271pt","Mobile-cellular numbers ported ",,"count",7,"ZAF","South Africa","537488.0",2014,"","Independent Communications Authority of South Africa","Refers to the number of mobile porting transactions that have been carried out during the reference year"
11623,"i271pt","Mobile-cellular numbers ported ",,"count",7,"ZAF","South Africa","1085424.0",2015,"This number should be treated with caution as one big operator did not submit the figure to us.","Independent Communications Authority of South Africa","Refers to the number of mobile porting transactions that have been carried out during the reference year"
11623,"i271pt","Mobile-cellular numbers ported ",,"count",7,"ZAF","South Africa","1829625.0",2016,"","Independent Communication Authority of South Africa","Refers to the number of mobile porting transactions that have been carried out during the reference year"
11623,"i271pt","Mobile-cellular numbers ported ",,"count",7,"ZAF","South Africa","2433751.0",2017,"","Independent Communication Authority of South Africa","Refers to the number of mobile porting transactions that have been carried out during the reference year"
11623,"i271pt","Mobile-cellular numbers ported ",,"count",7,"ZAF","South Africa","2383809.0",2018,"","Independent Communications Authority of South Africa","Refers to the number of mobile porting transactions that have been carried out during the reference year"
11623,"i271pt","Mobile-cellular numbers ported ",,"count",7,"ZAF","South Africa","1569691.0",2019,"","Independent Communications Authority of South Africa","Refers to the number of mobile porting transactions that have been carried out during the reference year"
11623,"i271pt","Mobile-cellular numbers ported ",,"count",7,"ZAF","South Africa","290053.0",2020,"","Independent Communications Authority of South Africa","Refers to the number of mobile porting transactions that have been carried out during the reference year"
11623,"i271pt","Mobile-cellular numbers ported ",,"count",7,"ZAF","South Africa","262735.0",2021,"","Independent Communications Authority of South Africa","Refers to the number of mobile porting transactions that have been carried out during the reference year"
11623,"i271pt","Mobile-cellular numbers ported ",,"count",7,"ZAF","South Africa","157003.0",2022,"","Independent Communications Authority of South Africa","Refers to the number of mobile porting transactions that have been carried out during the reference year"
11623,"i271pt","Mobile-cellular numbers ported ",,"count",7,"ZAF","South Africa","157120.0",2023,"","Independent Communications Authority of South Africa","Refers to the number of mobile porting transactions that have been carried out during the reference year"
11623,"i271pt","Mobile-cellular numbers ported ",,"count",7,"ZAF","South Africa","166702.0",2024,"","Independent Communications Authority of South Africa","Refers to the number of mobile porting transactions that have been carried out during the reference year"
11623,"i271pt","Mobile-cellular numbers ported ",,"count",10,"ALB","Albania","59696.0",2011,"","Minister for Innovation and ICT","Refers to the number of mobile porting transactions that have been carried out during the reference year"
11623,"i271pt","Mobile-cellular numbers ported ",,"count",10,"ALB","Albania","97149.0",2012,"","National Agency on Information Society","Refers to the number of mobile porting transactions that have been carried out during the reference year"
11623,"i271pt","Mobile-cellular numbers ported ",,"count",10,"ALB","Albania","101622.0",2013,"","National Agency on Information Society","Refers to the number of mobile porting transactions that have been carried out during the reference year"
11623,"i271pt","Mobile-cellular numbers ported ",,"count",10,"ALB","Albania","102796.0",2014,"","Minister of State for the Innovation and Public Administration","Refers to the number of mobile porting transactions that have been carried out during the reference year"
11623,"i271pt","Mobile-cellular numbers ported ",,"count",10,"ALB","Albania","95782.0",2015,"","Minister of State for the Innovation and Public Administration","Refers to the number of mobile porting transactions that have been carried out during the reference year"
11623,"i271pt","Mobile-cellular numbers ported ",,"count",10,"ALB","Albania","150703.0",2016,"","AKEP","Refers to the number of mobile porting transactions that have been carried out during the reference year"
11623,"i271pt","Mobile-cellular numbers ported ",,"count",10,"ALB","Albania","206217.0",2017,"","Ministry of Infrastructure and Energy","Refers to the number of mobile porting transactions that have been carried out during the reference year"
11623,"i271pt","Mobile-cellular numbers ported ",,"count",10,"ALB","Albania","90210.0",2018,"","Ministry of Infrastructure and Energy","Refers to the number of mobile porting transactions that have been carried out during the reference year"
11623,"i271pt","Mobile-cellular numbers ported ",,"count",10,"ALB","Albania","53756.0",2019,"","Ministry of Infrastructure and Energy","Refers to the number of mobile porting transactions that have been carried out during the reference year"
11623,"i271pt","Mobile-cellular numbers ported ",,"count",10,"ALB","Albania","125605.0",2020,"","Ministry of Infrastructure and Energy","Refers to the number of mobile porting transactions that have been carried out during the reference year"
11623,"i271pt","Mobile-cellular numbers ported ",,"count",10,"ALB","Albania","121331.0",2021,"","Ministry of Infrastructure and Energy","Refers to the number of mobile porting transactions that have been carried out during the reference year"
11623,"i271pt","Mobile-cellular numbers ported ",,"count",10,"ALB","Albania","44243.0",2022,"","Ministry of Infrastructure and Energy","Refers to the number of mobile porting transactions that have been carried out during the reference year"
11623,"i271pt","Mobile-cellular numbers ported ",,"count",10,"ALB","Albania","38861.0",2023,"","Ministry of Infrastructure and Energy","Refers to the number of mobile porting transactions that have been carried out during the reference year"
11623,"i271pt","Mobile-cellular numbers ported ",,"count",10,"ALB","Albania","19452.0",2024,"","Ministry of Infrastructure and Energy","Refers to the number of mobile porting transactions that have been carried out during the reference year"
11623,"i271pt","Mobile-cellular numbers ported ",,"count",11,"DZA","Algeria","0.0",2013,"Service not available.","","Refers to the number of mobile porting transactions that have been carried out during the reference year"
11623,"i271pt","Mobile-cellular numbers ported ",,"count",11,"DZA","Algeria","0.0",2014,"Service not available.","","Refers to the number of mobile porting transactions that have been carried out during the reference year"
11623,"i271pt","Mobile-cellular numbers ported ",,"count",11,"DZA","Algeria","0.0",2015,"Service not available.","Ministère de la  Poste et des Technologies de l'Information et de la Communication","Refers to the number of mobile porting transactions that have been carried out during the reference year"
11623,"i271pt","Mobile-cellular numbers ported ",,"count",11,"DZA","Algeria","0.0",2016,"","Ministère de la Poste, des Télécommunications, des Technologies et du Numérique","Refers to the number of mobile porting transactions that have been carried out during the reference year"
11623,"i271pt","Mobile-cellular numbers ported ",,"count",11,"DZA","Algeria","0.0",2017,"Une nouvelle loi a été adopté en 2018 qui offre la possibilité  de portabilité des  numéros","Ministère de la Poste et des Télécommunications","Refers to the number of mobile porting transactions that have been carried out during the reference year"
11623,"i271pt","Mobile-cellular numbers ported ",,"count",11,"DZA","Algeria","0.0",2018,"Une nouvelle loi a été adopté en 2018 qui offre la possibilité  de portabilité des  numéros, les texte d'application sont en cour d'élaboration,","Ministère de la Poste et des Télécommunications","Refers to the number of mobile porting transactions that have been carried out during the reference year"
11623,"i271pt","Mobile-cellular numbers ported ",,"count",11,"DZA","Algeria","0.0",2019,"","Ministère de la Poste et des Télécommunications","Refers to the number of mobile porting transactions that have been carried out during the reference year"
11623,"i271pt","Mobile-cellular numbers ported ",,"count",11,"DZA","Algeria","0.0",2020,"Décret exécutif n° 21-199 du 29 Ramadhan 1442 correspondant au 11 mai 2021 fixant les conditions et les modalités de la mise en œuvre de la portabilité des numéros de téléphonie mobile .","Ministère de la Poste et des Télécommunications","Refers to the number of mobile porting transactions that have been carried out during the reference year"
11623,"i271pt","Mobile-cellular numbers ported ",,"count",11,"DZA","Algeria","0.0",2021,"Mise en œuvre du Décret exécutif n° 21-199 du 29 Ramadhan 1442 correspondant au 11 mai 2021 fixant les conditions et les modalités de la mise en œuvre de la portabilité des numéros de téléphonie mobile  est en cours.","Ministère de la Poste et des Télécommunications","Refers to the number of mobile porting transactions that have been carried out during the reference year"
11623,"i271pt","Mobile-cellular numbers ported ",,"count",11,"DZA","Algeria","0.0",2022,"Décret exécutif n° 21-199 du 29 Ramadhan 1442 correspondant au 11 mai 2021 fixant les conditions et les modalités de la mise en œuvre de la portabilité des numéros de téléphonie mobile .","Ministère de la Poste et des Télécommunications","Refers to the number of mobile porting transactions that have been carried out during the reference year"
11623,"i271pt","Mobile-cellular numbers ported ",,"count",11,"DZA","Algeria","0.0",2023,"Décret exécutif n° 21-199 du 29 Ramadhan 1442 correspondant au 11 mai 2021 fixant les conditions et les modalités de la mise en œuvre de la portabilité des numéros de téléphonie mobile .","Ministère de la Poste et des Télécommunications","Refers to the number of mobile porting transactions that have been carried out during the reference year"
11623,"i271pt","Mobile-cellular numbers ported ",,"count",11,"DZA","Algeria","0.0",2024,"Décret exécutif n° 21-199 du 29 Ramadhan 1442 correspondant au 11 mai 2021 fixant les conditions et les modalités de la mise en œuvre de la portabilité des numéros de téléphonie mobile .","Ministère de la Poste et des Télécommunications","Refers to the number of mobile porting transactions that have been carried out during the reference year"
11623,"i271pt","Mobile-cellular numbers ported ",,"count",14,"AND","Andorra","0.0",2021,"","Andorra Telecom SAU","Refers to the number of mobile porting transactions that have been carried out during the reference year"
11623,"i271pt","Mobile-cellular numbers ported ",,"count",14,"AND","Andorra","0.0",2022,"","Andorra Telecom SAU","Refers to the number of mobile porting transactions that have been carried out during the reference year"
11623,"i271pt","Mobile-cellular numbers ported ",,"count",14,"AND","Andorra","0.0",2023,"","Andorra Telecom SAU","Refers to the number of mobile porting transactions that have been carried out during the reference year"
11623,"i271pt","Mobile-cellular numbers ported ",,"count",14,"AND","Andorra","0.0",2024,"","Andorra Telecom SAU","Refers to the number of mobile porting transactions that have been carried out during the reference year"
11623,"i271pt","Mobile-cellular numbers ported ",,"count",16,"ARG","Argentina","248767.0",2012,"","Comisión Nacional de Comunicaciones","Refers to the number of mobile porting transactions that have been carried out during the reference year"
11623,"i271pt","Mobile-cellular numbers ported ",,"count",16,"ARG","Argentina","236734.0",2013,"","Comisión Nacional de Comunicaciones","Refers to the number of mobile porting transactions that have been carried out during the reference year"
11623,"i271pt","Mobile-cellular numbers ported ",,"count",16,"ARG","Argentina","802721.0",2014,"","Comisión Nacional de Comunicaciones","Refers to the number of mobile porting transactions that have been carried out during the reference year"
11623,"i271pt","Mobile-cellular numbers ported ",,"count",16,"ARG","Argentina","1291106.0",2015,"","Ente Nacional de Comunicaciones","Refers to the number of mobile porting transactions that have been carried out during the reference year"
11623,"i271pt","Mobile-cellular numbers ported ",,"count",16,"ARG","Argentina","1708747.0",2016,"","Ente Nacional de Comunicaciones","Refers to the number of mobile porting transactions that have been carried out during the reference year"
11623,"i271pt","Mobile-cellular numbers ported ",,"count",16,"ARG","Argentina","1248193.0",2017,"","Ente Nacional de Comunicaciones","Refers to the number of mobile porting transactions that have been carried out during the reference year"
11623,"i271pt","Mobile-cellular numbers ported ",,"count",16,"ARG","Argentina","1652610.0",2018,"","Ente Nacional de Comunicaciones","Refers to the number of mobile porting transactions that have been carried out during the reference year"
11623,"i271pt","Mobile-cellular numbers ported ",,"count",16,"ARG","Argentina","3538533.0",2019,"","Ente Nacional de Comunicaciones","Refers to the number of mobile porting transactions that have been carried out during the reference year"
11623,"i271pt","Mobile-cellular numbers ported ",,"count",16,"ARG","Argentina","2981522.0",2020,"","Ente Nacional de Comunicaciones","Refers to the number of mobile porting transactions that have been carried out during the reference year"
11623,"i271pt","Mobile-cellular numbers ported ",,"count",16,"ARG","Argentina","2828455.0",2021,"","Ente Nacional de Comunicaciones","Refers to the number of mobile porting transactions that have been carried out during the reference year"
11623,"i271pt","Mobile-cellular numbers ported ",,"count",16,"ARG","Argentina","3608338.0",2022,"","Ente Nacional de Comunicaciones","Refers to the number of mobile porting transactions that have been carried out during the reference year"
11623,"i271pt","Mobile-cellular numbers ported ",,"count",16,"ARG","Argentina","2174187.0",2023,"","Ente Nacional de Comunicaciones","Refers to the number of mobile porting transactions that have been carried out during the reference year"
11623,"i271pt","Mobile-cellular numbers ported ",,"count",16,"ARG","Argentina","2507532.0",2024,"","Ente Nacional de Comunicaciones","Refers to the number of mobile porting transactions that have been carried out during the reference year"
11623,"i271pt","Mobile-cellular numbers ported ",,"count",17,"ARM","Armenia","0.0",2011,"","Ministry of Transport and Communication of Armenia","Refers to the number of mobile porting transactions that have been carried out during the reference year"
11623,"i271pt","Mobile-cellular numbers ported ",,"count",17,"ARM","Armenia","0.0",2012,"","Ministry of Transport and Communication of Armenia","Refers to the number of mobile porting transactions that have been carried out during the reference year"
11623,"i271pt","Mobile-cellular numbers ported ",,"count",17,"ARM","Armenia","0.0",2013,"","Ministry of Transport and Communication of Armenia","Refers to the number of mobile porting transactions that have been carried out during the reference year"
11623,"i271pt","Mobile-cellular numbers ported ",,"count",17,"ARM","Armenia","26684.0",2014,"","Ministry of Transport and Communication of Armenia","Refers to the number of mobile porting transactions that have been carried out during the reference year"
11623,"i271pt","Mobile-cellular numbers ported ",,"count",17,"ARM","Armenia","23338.0",2015,"","Ministry of Transport and Communication of Armenia","Refers to the number of mobile porting transactions that have been carried out during the reference year"
11623,"i271pt","Mobile-cellular numbers ported ",,"count",17,"ARM","Armenia","25787.0",2016,"","Ministry of Transport, Communication and Information Technologies of Armenia","Refers to the number of mobile porting transactions that have been carried out during the reference year"
11623,"i271pt","Mobile-cellular numbers ported ",,"count",17,"ARM","Armenia","30149.0",2017,"","Ministry of Transport, Communication and Information Technologies of Armenia","Refers to the number of mobile porting transactions that have been carried out during the reference year"
11623,"i271pt","Mobile-cellular numbers ported ",,"count",17,"ARM","Armenia","27193.0",2018,"","Ministry of High-Tech Industry of Armenia","Refers to the number of mobile porting transactions that have been carried out during the reference year"
11623,"i271pt","Mobile-cellular numbers ported ",,"count",17,"ARM","Armenia","22188.0",2019,"","Ministry of High-Tech Industry of Armenia","Refers to the number of mobile porting transactions that have been carried out during the reference year"
11623,"i271pt","Mobile-cellular numbers ported ",,"count",17,"ARM","Armenia","21267.0",2020,"","Ministry of High-Tech Industry of Armenia","Refers to the number of mobile porting transactions that have been carried out during the reference year"
11623,"i271pt","Mobile-cellular numbers ported ",,"count",17,"ARM","Armenia","37710.0",2021,"","Ministry of High-Tech Industry of Armenia","Refers to the number of mobile porting transactions that have been carried out during the reference year"
11623,"i271pt","Mobile-cellular numbers ported ",,"count",17,"ARM","Armenia","43893.0",2022,"","Ministry of High-Tech Industry of Armenia","Refers to the number of mobile porting transactions that have been carried out during the reference year"
11623,"i271pt","Mobile-cellular numbers ported ",,"count",17,"ARM","Armenia","44215.0",2023,"","Ministry of High-Tech Industry of Armenia","Refers to the number of mobile porting transactions that have been carried out during the reference year"
11623,"i271pt","Mobile-cellular numbers ported ",,"count",17,"ARM","Armenia","58025.0",2024,"","Ministry of High-Tech Industry of Armenia","Refers to the number of mobile porting transactions that have been carried out during the reference year"
11623,"i271pt","Mobile-cellular numbers ported ",,"count",18,"SAU","Saudi Arabia","50692.0",2007,"","CITC","Refers to the number of mobile porting transactions that have been carried out during the reference year"
11623,"i271pt","Mobile-cellular numbers ported ",,"count",18,"SAU","Saudi Arabia","159547.0",2008,"","Communication and Information Technology Commission","Refers to the number of mobile porting transactions that have been carried out during the reference year"
11623,"i271pt","Mobile-cellular numbers ported ",,"count",18,"SAU","Saudi Arabia","174922.0",2009,"","Communication and Information Technology Commission","Refers to the number of mobile porting transactions that have been carried out during the reference year"
11623,"i271pt","Mobile-cellular numbers ported ",,"count",18,"SAU","Saudi Arabia","60568.0",2010,"","Communication and Information Technology Commission","Refers to the number of mobile porting transactions that have been carried out during the reference year"
11623,"i271pt","Mobile-cellular numbers ported ",,"count",18,"SAU","Saudi Arabia","44020.0",2011,"","Communication and Information Technology Commission","Refers to the number of mobile porting transactions that have been carried out during the reference year"
11623,"i271pt","Mobile-cellular numbers ported ",,"count",18,"SAU","Saudi Arabia","25275.0",2012,"","Communication and Information Technology Commission","Refers to the number of mobile porting transactions that have been carried out during the reference year"
11623,"i271pt","Mobile-cellular numbers ported ",,"count",18,"SAU","Saudi Arabia","424593.0",2013,"","Communication and Information Technology Commission","Refers to the number of mobile porting transactions that have been carried out during the reference year"
11623,"i271pt","Mobile-cellular numbers ported ",,"count",18,"SAU","Saudi Arabia","559544.0",2014,"","Communication and Information Technology Commission","Refers to the number of mobile porting transactions that have been carried out during the reference year"
11623,"i271pt","Mobile-cellular numbers ported ",,"count",18,"SAU","Saudi Arabia","742779.0",2015,"","Communication and Information Technology Commission","Refers to the number of mobile porting transactions that have been carried out during the reference year"
11623,"i271pt","Mobile-cellular numbers ported ",,"count",18,"SAU","Saudi Arabia","1000795.0",2016,"","Communications and Information Technology Commission (CITC)","Refers to the number of mobile porting transactions that have been carried out during the reference year"
11623,"i271pt","Mobile-cellular numbers ported ",,"count",18,"SAU","Saudi Arabia","842265.0",2017,"","Communications and Information Technology Commission (CITC)","Refers to the number of mobile porting transactions that have been carried out during the reference year"
11623,"i271pt","Mobile-cellular numbers ported ",,"count",18,"SAU","Saudi Arabia","764233.0",2018,"","CITC","Refers to the number of mobile porting transactions that have been carried out during the reference year"
11623,"i271pt","Mobile-cellular numbers ported ",,"count",18,"SAU","Saudi Arabia","771032.0",2019,"","Communication and Information Technology Commission","Refers to the number of mobile porting transactions that have been carried out during the reference year"
11623,"i271pt","Mobile-cellular numbers ported ",,"count",18,"SAU","Saudi Arabia","866717.0",2020,"","Communication and Information Technology Commission","Refers to the number of mobile porting transactions that have been carried out during the reference year"
11623,"i271pt","Mobile-cellular numbers ported ",,"count",18,"SAU","Saudi Arabia","858363.0",2021,"","Communication and Information Technology Commission","Refers to the number of mobile porting transactions that have been carried out during the reference year"
11623,"i271pt","Mobile-cellular numbers ported ",,"count",18,"SAU","Saudi Arabia","1565800.0",2022,"","Communication and Information Technology Commission","Refers to the number of mobile porting transactions that have been carried out during the reference year"
11623,"i271pt","Mobile-cellular numbers ported ",,"count",18,"SAU","Saudi Arabia","2189744.0",2023,"","Communication and Information Technology Commission","Refers to the number of mobile porting transactions that have been carried out during the reference year"
11623,"i271pt","Mobile-cellular numbers ported ",,"count",20,"ATG","Antigua and Barbuda","0.0",2009,"","Ministry of Information, Broadcasting and Telecommunications","Refers to the number of mobile porting transactions that have been carried out during the reference year"
11623,"i271pt","Mobile-cellular numbers ported ",,"count",20,"ATG","Antigua and Barbuda","0.0",2010,"","Ministry of Information, Broadcasting, Telecommunications, Science & Technology","Refers to the number of mobile porting transactions that have been carried out during the reference year"
11623,"i271pt","Mobile-cellular numbers ported ",,"count",20,"ATG","Antigua and Barbuda","0.0",2011,"","Telecom Divison/Ministry of Information, Broadcasting, Telecommunications, Science & Technology","Refers to the number of mobile porting transactions that have been carried out during the reference year"
11623,"i271pt","Mobile-cellular numbers ported ",,"count",20,"ATG","Antigua and Barbuda","0.0",2012,"","Telecom Divison/Ministry of Telecommunications, Science & Technology","Refers to the number of mobile porting transactions that have been carried out during the reference year"
11623,"i271pt","Mobile-cellular numbers ported ",,"count",20,"ATG","Antigua and Barbuda","0.0",2013,"","Telecoms Divison/Ministry of Information, Broadcasting, Telecommunications, & Information Technology","Refers to the number of mobile porting transactions that have been carried out during the reference year"
11623,"i271pt","Mobile-cellular numbers ported ",,"count",23,"AUS","Australia","1346689.0",2009,"ACMA Communications Report 2009-10.","ACMA.","Refers to the number of mobile porting transactions that have been carried out during the reference year"
11623,"i271pt","Mobile-cellular numbers ported ",,"count",23,"AUS","Australia","1660873.0",2010,"ACMA Communications Report 2009-10.","ACMA.","Refers to the number of mobile porting transactions that have been carried out during the reference year"
11623,"i271pt","Mobile-cellular numbers ported ",,"count",23,"AUS","Australia","1896016.0",2011,"ACMA Communications Report 2011-12, p.87","ACMA.","Refers to the number of mobile porting transactions that have been carried out during the reference year"
11623,"i271pt","Mobile-cellular numbers ported ",,"count",23,"AUS","Australia","2627350.0",2012,"ACMA Communications Report 2011-12, p.87","ACMA.","Refers to the number of mobile porting transactions that have been carried out during the reference year"
11623,"i271pt","Mobile-cellular numbers ported ",,"count",23,"AUS","Australia","1743485.0",2013,"ACMA Communications Report##2012-13, p.77","ACMA.","Refers to the number of mobile porting transactions that have been carried out during the reference year"
11623,"i271pt","Mobile-cellular numbers ported ",,"count",23,"AUS","Australia","1668163.0",2014,"ACMA Communications Report 2014","ACMA","Refers to the number of mobile porting transactions that have been carried out during the reference year"
11623,"i271pt","Mobile-cellular numbers ported ",,"count",23,"AUS","Australia","1721284.0",2015,"ACMA Communications Report 2014-2015 (p.11)","Department of Communications and the Arts","Refers to the number of mobile porting transactions that have been carried out during the reference year"
11623,"i271pt","Mobile-cellular numbers ported ",,"count",23,"AUS","Australia","1733834.0",2016,"12 months to June.##Source: ACMA Communications Report 2017-18, pp.119##Table 4.15##Number portability - local, freephone and local rate, and mobile numbers ported, by financial year##https://www.acma.gov.au/-/media/Research-and-Analysis/Report/pdf/Communications-report-2017-18-pdf.pdf?la=en","Department of Communications and the Arts","Refers to the number of mobile porting transactions that have been carried out during the reference year"
11623,"i271pt","Mobile-cellular numbers ported ",,"count",23,"AUS","Australia","1871233.0",2017,"12 months to June.##Source: ACMA Communications Report 2017-18, pp.119##Table 4.15##Number portability - local, freephone and local rate, and mobile numbers ported, by financial year##https://www.acma.gov.au/-/media/Research-and-Analysis/Report/pdf/Communications-report-2017-18-pdf.pdf?la=en","Department of Infrastructure, Transport, Regional Development and Communications","Refers to the number of mobile porting transactions that have been carried out during the reference year"
11623,"i271pt","Mobile-cellular numbers ported ",,"count",23,"AUS","Australia","2271593.0",2018,"12 months to June.##Source: ACMA Communications Report 2017-18, pp.119##Table 4.15##Number portability - local, freephone and local rate, and mobile numbers ported, by financial year##https://www.acma.gov.au/-/media/Research-and-Analysis/Report/pdf/Communications-report-2017-18-pdf.pdf?la=en","Department of Infrastructure, Transport, Regional Development and Communications","Refers to the number of mobile porting transactions that have been carried out during the reference year"
11623,"i271pt","Mobile-cellular numbers ported ",,"count",23,"AUS","Australia","2550345.0",2019,"12 months to June.##Source: ACMA Communications Report 2018-19, pp.128##Table 4.14, Number portability - local, freephone and local rate, and mobile numbers ported, by financial year##https://www.acma.gov.au/sites/default/files/2020-02/Communications%20report%202018-19.pdf","Department of Infrastructure, Transport, Regional Development and Communications","Refers to the number of mobile porting transactions that have been carried out during the reference year"
11623,"i271pt","Mobile-cellular numbers ported ",,"count",24,"AUT","Austria","105000.0",2007,"","Regulatory Authority for Broadcasting and Telecommunications (Rundfunk und Telekom Regulierungs-GmbH; RTR-GmbH)","Refers to the number of mobile porting transactions that have been carried out during the reference year"
11623,"i271pt","Mobile-cellular numbers ported ",,"count",24,"AUT","Austria","132000.0",2008,"","Regulatory Authority for Broadcasting and Telecommunications (Rundfunk und Telekom Regulierungs-GmbH; RTR-GmbH)","Refers to the number of mobile porting transactions that have been carried out during the reference year"
11623,"i271pt","Mobile-cellular numbers ported ",,"count",24,"AUT","Austria","157000.0",2009,"","Regulatory Authority for Broadcasting and Telecommunications (Rundfunk und Telekom Regulierungs-GmbH; RTR-GmbH)","Refers to the number of mobile porting transactions that have been carried out during the reference year"
11623,"i271pt","Mobile-cellular numbers ported ",,"count",24,"AUT","Austria","221000.0",2010,"","Rundfunk und Telekom Regulierungs-GmbH","Refers to the number of mobile porting transactions that have been carried out during the reference year"
11623,"i271pt","Mobile-cellular numbers ported ",,"count",24,"AUT","Austria","235000.0",2011,"","Rundfunk und Telekom Regulierungs-GmbH","Refers to the number of mobile porting transactions that have been carried out during the reference year"
11623,"i271pt","Mobile-cellular numbers ported ",,"count",24,"AUT","Austria","288000.0",2012,"","Rundfunk und Telekom Regulierungs-GmbH","Refers to the number of mobile porting transactions that have been carried out during the reference year"
11623,"i271pt","Mobile-cellular numbers ported ",,"count",24,"AUT","Austria","237000.0",2013,"","Austrian Regulatory Authority for Broadcasting and Telecommunications","Refers to the number of mobile porting transactions that have been carried out during the reference year"
11623,"i271pt","Mobile-cellular numbers ported ",,"count",24,"AUT","Austria","179122.0",2014,"","Austrian Regulatory Authority for Broadcasting and Telecommunications","Refers to the number of mobile porting transactions that have been carried out during the reference year"
11623,"i271pt","Mobile-cellular numbers ported ",,"count",24,"AUT","Austria","193040.0",2015,"","Austrian Regulatory Authority for Broadcasting and Telecommunications","Refers to the number of mobile porting transactions that have been carried out during the reference year"
11623,"i271pt","Mobile-cellular numbers ported ",,"count",24,"AUT","Austria","225050.0",2016,"","RTR GmbH","Refers to the number of mobile porting transactions that have been carried out during the reference year"
11623,"i271pt","Mobile-cellular numbers ported ",,"count",24,"AUT","Austria","247634.0",2017,"","RTR GmbH","Refers to the number of mobile porting transactions that have been carried out during the reference year"
11623,"i271pt","Mobile-cellular numbers ported ",,"count",24,"AUT","Austria","344003.0",2018,"","Austrian Regulatory Authority for Broadcasting and Telecommunications","Refers to the number of mobile porting transactions that have been carried out during the reference year"
11623,"i271pt","Mobile-cellular numbers ported ",,"count",24,"AUT","Austria","297064.0",2019,"","Austrian Regulatory Authority for Broadcasting and Telecommunications","Refers to the number of mobile porting transactions that have been carried out during the reference year"
11623,"i271pt","Mobile-cellular numbers ported ",,"count",24,"AUT","Austria","248716.0",2020,"","Austrian Regulatory Authority for Broadcasting and Telecommunications","Refers to the number of mobile porting transactions that have been carried out during the reference year"
11623,"i271pt","Mobile-cellular numbers ported ",,"count",24,"AUT","Austria","274661.0",2021,"","Austrian Regulatory Authority for Broadcasting and Telecommunications","Refers to the number of mobile porting transactions that have been carried out during the reference year"
11623,"i271pt","Mobile-cellular numbers ported ",,"count",24,"AUT","Austria","386819.0",2022,"","Austrian Regulatory Authority for Broadcasting and Telecommunications","Refers to the number of mobile porting transactions that have been carried out during the reference year"
11623,"i271pt","Mobile-cellular numbers ported ",,"count",24,"AUT","Austria","420049.0",2023,"","Austrian Regulatory Authority for Broadcasting and Telecommunications","Refers to the number of mobile porting transactions that have been carried out during the reference year"
11623,"i271pt","Mobile-cellular numbers ported ",,"count",24,"AUT","Austria","814970.0",2024,"","Austrian Regulatory Authority for Broadcasting and Telecommunications","Refers to the number of mobile porting transactions that have been carried out during the reference year"
11623,"i271pt","Mobile-cellular numbers ported ",,"count",25,"AZE","Azerbaijan","14557.0",2014,"","Ministry of Communications and High Technologies (MC&HT)","Refers to the number of mobile porting transactions that have been carried out during the reference year"
11623,"i271pt","Mobile-cellular numbers ported ",,"count",25,"AZE","Azerbaijan","18494.0",2015,"","Ministry of Communications and High Technologies (MC&HT)","Refers to the number of mobile porting transactions that have been carried out during the reference year"
11623,"i271pt","Mobile-cellular numbers ported ",,"count",25,"AZE","Azerbaijan","62469.0",2016,"","Ministry of Transport, Communications and High Technologies","Refers to the number of mobile porting transactions that have been carried out during the reference year"
11623,"i271pt","Mobile-cellular numbers ported ",,"count",25,"AZE","Azerbaijan","51151.0",2017,"","Ministry of Transport, Communications and High Technologies","Refers to the number of mobile porting transactions that have been carried out during the reference year"
11623,"i271pt","Mobile-cellular numbers ported ",,"count",25,"AZE","Azerbaijan","44672.0",2018,"","Ministry of Transport, Communications and High Technologies","Refers to the number of mobile porting transactions that have been carried out during the reference year"
11623,"i271pt","Mobile-cellular numbers ported ",,"count",25,"AZE","Azerbaijan","47344.0",2019,"","Ministry of Digital Development and Transport","Refers to the number of mobile porting transactions that have been carried out during the reference year"
11623,"i271pt","Mobile-cellular numbers ported ",,"count",25,"AZE","Azerbaijan","42067.0",2020,"","Ministry of Digital Development and Transport","Refers to the number of mobile porting transactions that have been carried out during the reference year"
11623,"i271pt","Mobile-cellular numbers ported ",,"count",25,"AZE","Azerbaijan","42856.0",2021,"","Ministry of Digital Development and Transport","Refers to the number of mobile porting transactions that have been carried out during the reference year"
11623,"i271pt","Mobile-cellular numbers ported ",,"count",25,"AZE","Azerbaijan","27600.0",2022,"","Ministry of Digital Development and Transport","Refers to the number of mobile porting transactions that have been carried out during the reference year"
11623,"i271pt","Mobile-cellular numbers ported ",,"count",25,"AZE","Azerbaijan","31200.0",2023,"","Ministry of Digital Development and Transport","Refers to the number of mobile porting transactions that have been carried out during the reference year"
11623,"i271pt","Mobile-cellular numbers ported ",,"count",25,"AZE","Azerbaijan","32091.0",2024,"","Ministry of Digital Development and Transport","Refers to the number of mobile porting transactions that have been carried out during the reference year"
11623,"i271pt","Mobile-cellular numbers ported ",,"count",27,"BRA","Brazil","76858.0",2008,"","National Agency of Telecomunications","Refers to the number of mobile porting transactions that have been carried out during the reference year"
11623,"i271pt","Mobile-cellular numbers ported ",,"count",27,"BRA","Brazil","2286079.0",2009,"Source: ABR Telecom. Implementation started in september 2008, being fully implemented in march 2009.","National Agency of Telecomunications","Refers to the number of mobile porting transactions that have been carried out during the reference year"
11623,"i271pt","Mobile-cellular numbers ported ",,"count",27,"BRA","Brazil","3063980.0",2010,"Source: ABR Telecom.","Agência Nacional de Telecomunicaçőes","Refers to the number of mobile porting transactions that have been carried out during the reference year"
11623,"i271pt","Mobile-cellular numbers ported ",,"count",27,"BRA","Brazil","3382754.0",2011,"Source: ABR Telecom","Agência Nacional de Telecomunicaçőes","Refers to the number of mobile porting transactions that have been carried out during the reference year"
11623,"i271pt","Mobile-cellular numbers ported ",,"count",27,"BRA","Brazil","2835078.0",2012,"Source: ABR Telecom","Agência Nacional de Telecomunicaçőes","Refers to the number of mobile porting transactions that have been carried out during the reference year"
11623,"i271pt","Mobile-cellular numbers ported ",,"count",27,"BRA","Brazil","2285101.0",2013,"","Agência Nacional de Telecomunicaçőes","Refers to the number of mobile porting transactions that have been carried out during the reference year"
11623,"i271pt","Mobile-cellular numbers ported ",,"count",27,"BRA","Brazil","2381145.0",2014,"","Agência Nacional de Telecomunicaçőes","Refers to the number of mobile porting transactions that have been carried out during the reference year"
11623,"i271pt","Mobile-cellular numbers ported ",,"count",27,"BRA","Brazil","2632041.0",2015,"","Agência Nacional de Telecomunicaçőes","Refers to the number of mobile porting transactions that have been carried out during the reference year"
11623,"i271pt","Mobile-cellular numbers ported ",,"count",27,"BRA","Brazil","3326999.0",2016,"Source: ABR Telecom","National Telecommunication Agency - Anatel","Refers to the number of mobile porting transactions that have been carried out during the reference year"
11623,"i271pt","Mobile-cellular numbers ported ",,"count",27,"BRA","Brazil","4399532.0",2017,"Source: ABR Telecom","National Telecommunication Agency - Anatel","Refers to the number of mobile porting transactions that have been carried out during the reference year"
11623,"i271pt","Mobile-cellular numbers ported ",,"count",27,"BRA","Brazil","5272957.0",2018,"Source: ABR Telecom","Anatel","Refers to the number of mobile porting transactions that have been carried out during the reference year"
11623,"i271pt","Mobile-cellular numbers ported ",,"count",27,"BRA","Brazil","7416736.0",2019,"","Agência Nacional de Telecomunicaçőes","Refers to the number of mobile porting transactions that have been carried out during the reference year"
11623,"i271pt","Mobile-cellular numbers ported ",,"count",27,"BRA","Brazil","7139204.0",2020,"","Agência Nacional de Telecomunicaçőes","Refers to the number of mobile porting transactions that have been carried out during the reference year"
11623,"i271pt","Mobile-cellular numbers ported ",,"count",27,"BRA","Brazil","7288826.0",2021,"","Agência Nacional de Telecomunicaçőes","Refers to the number of mobile porting transactions that have been carried out during the reference year"
11623,"i271pt","Mobile-cellular numbers ported ",,"count",27,"BRA","Brazil","8437420.0",2022,"Source: ABR Telecom, available at (https://www.abrtelecom.com.br/numeros-portabilidade/total-geral)","Agência Nacional de Telecomunicaçőes","Refers to the number of mobile porting transactions that have been carried out during the reference year"
11623,"i271pt","Mobile-cellular numbers ported ",,"count",27,"BRA","Brazil","5511711.0",2023,"Source: ABR Telecom, available at (https://www.abrtelecom.com.br/numeros-portabilidade/total-geral)","Agência Nacional de Telecomunicaçőes","Refers to the number of mobile porting transactions that have been carried out during the reference year"
11623,"i271pt","Mobile-cellular numbers ported ",,"count",27,"BRA","Brazil","4969993.0",2024,"Source: ABR Telecom, available at (https://www.abrtelecom.com.br/servicos/entidades-reguladas/portabilidade-numerica)","Agência Nacional de Telecomunicaçőes","Refers to the number of mobile porting transactions that have been carried out during the reference year"
11623,"i271pt","Mobile-cellular numbers ported ",,"count",28,"BHS","Bahamas","23542.0",2017,"","Utilities Regulation and Competition Authority","Refers to the number of mobile porting transactions that have been carried out during the reference year"
11623,"i271pt","Mobile-cellular numbers ported ",,"count",29,"BDI","Burundi","0.0",2009,"","Agence de Régulation et de Contrôle des Télécommunications ","Refers to the number of mobile porting transactions that have been carried out during the reference year"
11623,"i271pt","Mobile-cellular numbers ported ",,"count",29,"BDI","Burundi","0.0",2010,"","Agence de Régulation et de Contrôle des Télécommunications ","Refers to the number of mobile porting transactions that have been carried out during the reference year"
11623,"i271pt","Mobile-cellular numbers ported ",,"count",29,"BDI","Burundi","0.0",2011,"","Agence de Régulation et de Contrôle des Télécommunications ","Refers to the number of mobile porting transactions that have been carried out during the reference year"
11623,"i271pt","Mobile-cellular numbers ported ",,"count",29,"BDI","Burundi","0.0",2012,"","Agence de Régulation et de Contrôle des Télécommunications ","Refers to the number of mobile porting transactions that have been carried out during the reference year"
11623,"i271pt","Mobile-cellular numbers ported ",,"count",29,"BDI","Burundi","0.0",2013,"","Agence de Régulation et de Contrôle des Télécommunications ","Refers to the number of mobile porting transactions that have been carried out during the reference year"
11623,"i271pt","Mobile-cellular numbers ported ",,"count",29,"BDI","Burundi","0.0",2014,"","Agence de Régulation et de Contrôle des Télécommunications ","Refers to the number of mobile porting transactions that have been carried out during the reference year"
11623,"i271pt","Mobile-cellular numbers ported ",,"count",29,"BDI","Burundi","0.0",2015,"","Agence de Régulation et de Contrôle des Télécommunications ","Refers to the number of mobile porting transactions that have been carried out during the reference year"
11623,"i271pt","Mobile-cellular numbers ported ",,"count",29,"BDI","Burundi","0.0",2016,"Agence de Régulation et de Contrôle des Télécommunications","AGENCE DE REGULATION ET DE CONTROLE DES TELECOMMUNICATIONS","Refers to the number of mobile porting transactions that have been carried out during the reference year"
11623,"i271pt","Mobile-cellular numbers ported ",,"count",29,"BDI","Burundi","0.0",2017,"Agence de Régulation et de Contrôle des Télécommunications","AGENCE DE REGULATION ET DE CONTROLE DES TELECOMMUNICATIONS","Refers to the number of mobile porting transactions that have been carried out during the reference year"
11623,"i271pt","Mobile-cellular numbers ported ",,"count",29,"BDI","Burundi","0.0",2018,"Agence de Régulation et de Contrôle des Télécommunications","AGENCE DE REGULATION ET DE CONTROLE DES TELECOMMUNICATIONS(ARCT)","Refers to the number of mobile porting transactions that have been carried out during the reference year"
11623,"i271pt","Mobile-cellular numbers ported ",,"count",29,"BDI","Burundi","0.0",2019,"","Agence de Régulation et de Contrôle des Télécommunications ","Refers to the number of mobile porting transactions that have been carried out during the reference year"
11623,"i271pt","Mobile-cellular numbers ported ",,"count",29,"BDI","Burundi","0.0",2020,"","Agence de Régulation et de Contrôle des Télécommunications ","Refers to the number of mobile porting transactions that have been carried out during the reference year"
11623,"i271pt","Mobile-cellular numbers ported ",,"count",29,"BDI","Burundi","0.0",2021,"","Agence de Régulation et de Contrôle des Télécommunications","Refers to the number of mobile porting transactions that have been carried out during the reference year"
11623,"i271pt","Mobile-cellular numbers ported ",,"count",29,"BDI","Burundi","0.0",2022,"","Agence de Régulation et de Contrôle des Télécommunications","Refers to the number of mobile porting transactions that have been carried out during the reference year"
11623,"i271pt","Mobile-cellular numbers ported ",,"count",29,"BDI","Burundi","0.0",2023,"AGENCE DE REGULATION ET DE CONTROLE DES TELECOMMUNICATIONS","Agence de Régulation et de Contrôle des Télécommunications","Refers to the number of mobile porting transactions that have been carried out during the reference year"
11623,"i271pt","Mobile-cellular numbers ported ",,"count",30,"BEL","Belgium","481533.0",2008,"","Belgian Institute for Postal Services and Telecommunications ","Refers to the number of mobile porting transactions that have been carried out during the reference year"
11623,"i271pt","Mobile-cellular numbers ported ",,"count",30,"BEL","Belgium","577485.0",2009,"","Belgian Institute for Postal Services and Telecommunications ","Refers to the number of mobile porting transactions that have been carried out during the reference year"
11623,"i271pt","Mobile-cellular numbers ported ",,"count",30,"BEL","Belgium","587350.0",2010,"Number of transactions","Belgian Institute for Postal Services and Telecommunications ","Refers to the number of mobile porting transactions that have been carried out during the reference year"
11623,"i271pt","Mobile-cellular numbers ported ",,"count",30,"BEL","Belgium","731169.0",2011,"","Belgian Institute for Postal Services and Telecommunications ","Refers to the number of mobile porting transactions that have been carried out during the reference year"
11623,"i271pt","Mobile-cellular numbers ported ",,"count",30,"BEL","Belgium","989054.0",2012,"","Belgian Institute for Postal Services and Telecommunications ","Refers to the number of mobile porting transactions that have been carried out during the reference year"
11623,"i271pt","Mobile-cellular numbers ported ",,"count",30,"BEL","Belgium","1218085.0",2013,"","Belgian Institute for Postal Services and Telecommunications ","Refers to the number of mobile porting transactions that have been carried out during the reference year"
11623,"i271pt","Mobile-cellular numbers ported ",,"count",30,"BEL","Belgium","1117891.0",2014,"","Belgian Institute for Postal Services and Telecommunications ","Refers to the number of mobile porting transactions that have been carried out during the reference year"
11623,"i271pt","Mobile-cellular numbers ported ",,"count",30,"BEL","Belgium","1009291.0",2015,"","Belgian Institute for Postal Services and Telecommunications ","Refers to the number of mobile porting transactions that have been carried out during the reference year"
11623,"i271pt","Mobile-cellular numbers ported ",,"count",30,"BEL","Belgium","1083392.0",2016,"","Belgian Institute for Postal Services and Telecommunications ","Refers to the number of mobile porting transactions that have been carried out during the reference year"
11623,"i271pt","Mobile-cellular numbers ported ",,"count",30,"BEL","Belgium","1179045.0",2017,"","Belgian Institute for Postal Services and Telecommunications ","Refers to the number of mobile porting transactions that have been carried out during the reference year"
11623,"i271pt","Mobile-cellular numbers ported ",,"count",30,"BEL","Belgium","1386484.0",2018,"","Belgian Institute for Postal Services and Telecommunications ","Refers to the number of mobile porting transactions that have been carried out during the reference year"
11623,"i271pt","Mobile-cellular numbers ported ",,"count",30,"BEL","Belgium","1216301.0",2019,"","Belgian Institute for Postal Services and Telecommunications ","Refers to the number of mobile porting transactions that have been carried out during the reference year"
11623,"i271pt","Mobile-cellular numbers ported ",,"count",30,"BEL","Belgium","1169002.0",2020,"","Belgian Institute for Postal Services and Telecommunications ","Refers to the number of mobile porting transactions that have been carried out during the reference year"
11623,"i271pt","Mobile-cellular numbers ported ",,"count",30,"BEL","Belgium","1041151.0",2021,"","Belgian Institute for Postal Services and Telecommunications","Refers to the number of mobile porting transactions that have been carried out during the reference year"
11623,"i271pt","Mobile-cellular numbers ported ",,"count",30,"BEL","Belgium","1027969.0",2022,"","","Refers to the number of mobile porting transactions that have been carried out during the reference year"
11623,"i271pt","Mobile-cellular numbers ported ",,"count",30,"BEL","Belgium","1046646.0",2023,"","","Refers to the number of mobile porting transactions that have been carried out during the reference year"
11623,"i271pt","Mobile-cellular numbers ported ",,"count",30,"BEL","Belgium","1102751.0",2024,"","Belgian Institute for Postal Services and Telecommunications","Refers to the number of mobile porting transactions that have been carried out during the reference year"
11623,"i271pt","Mobile-cellular numbers ported ",,"count",31,"BEN","Benin","157.0",2018,"","ARCEP BENIN","Refers to the number of mobile porting transactions that have been carried out during the reference year"
11623,"i271pt","Mobile-cellular numbers ported ",,"count",31,"BEN","Benin","1358.0",2019,"","Autorité de Régulation des Communications Electroniques et de la Poste (ARCEP- Bénin)","Refers to the number of mobile porting transactions that have been carried out during the reference year"
11623,"i271pt","Mobile-cellular numbers ported ",,"count",31,"BEN","Benin","1896.0",2020,"Le service de la portabilité mobile est opérationnel au Bénin depuis septembre 2018","Autorité de Régulation des Communications Electroniques et de la Poste (ARCEP- Bénin)","Refers to the number of mobile porting transactions that have been carried out during the reference year"
11623,"i271pt","Mobile-cellular numbers ported ",,"count",31,"BEN","Benin","5419.0",2021,"","Autorité de Régulation des Communications Electroniques et de la Poste (ARCEP- Bénin)","Refers to the number of mobile porting transactions that have been carried out during the reference year"
11623,"i271pt","Mobile-cellular numbers ported ",,"count",31,"BEN","Benin","11525.0",2022,"","Autorité de Régulation des Communications Electroniques et de la Poste (ARCEP- Bénin)","Refers to the number of mobile porting transactions that have been carried out during the reference year"
11623,"i271pt","Mobile-cellular numbers ported ",,"count",31,"BEN","Benin","17120.0",2023,"","Autorité de Régulation des Communications Electroniques et de la Poste (ARCEP- Bénin)","Refers to the number of mobile porting transactions that have been carried out during the reference year"
11623,"i271pt","Mobile-cellular numbers ported ",,"count",31,"BEN","Benin","18776.0",2024,"","Autorité de Régulation des Communications Electroniques et de la Poste (ARCEP- Bénin)","Refers to the number of mobile porting transactions that have been carried out during the reference year"
11623,"i271pt","Mobile-cellular numbers ported ",,"count",32,"BMU","Bermuda","5247.0",2024,"This it the total number of ports (both fixed and mobile). Data on just mobile or just fixed is not available.","Bermuda Government Dept of Energy","Refers to the number of mobile porting transactions that have been carried out during the reference year"
11623,"i271pt","Mobile-cellular numbers ported ",,"count",33,"BFA","Burkina Faso","0.0",2015,"","Autorité de Régulation des Communications Électroniques et des Postes (ARCEP)","Refers to the number of mobile porting transactions that have been carried out during the reference year"
11623,"i271pt","Mobile-cellular numbers ported ",,"count",33,"BFA","Burkina Faso","0.0",2016,"","Autorité de régulation des communications","Refers to the number of mobile porting transactions that have been carried out during the reference year"
11623,"i271pt","Mobile-cellular numbers ported ",,"count",33,"BFA","Burkina Faso","0.0",2017,"","Autorité de régulation des communications","Refers to the number of mobile porting transactions that have been carried out during the reference year"
11623,"i271pt","Mobile-cellular numbers ported ",,"count",33,"BFA","Burkina Faso","0.0",2018,"","Autorité de régulation des communications électroniques et des Postes (ARCEP)","Refers to the number of mobile porting transactions that have been carried out during the reference year"
11623,"i271pt","Mobile-cellular numbers ported ",,"count",34,"BGD","Bangladesh","486203.0",2018,"June,2019","Bangladesh Telecommunication Regulatory Commission","Refers to the number of mobile porting transactions that have been carried out during the reference year"
11623,"i271pt","Mobile-cellular numbers ported ",,"count",34,"BGD","Bangladesh","853603.0",2019,"December, 2019","Bangladesh Telecommunication Regulatory Commission","Refers to the number of mobile porting transactions that have been carried out during the reference year"
11623,"i271pt","Mobile-cellular numbers ported ",,"count",34,"BGD","Bangladesh","359254.0",2020,"June, 2021","Bangladesh Telecommunication Regulatory Commission","Refers to the number of mobile porting transactions that have been carried out during the reference year"
11623,"i271pt","Mobile-cellular numbers ported ",,"count",34,"BGD","Bangladesh","79619.0",2021,"June, 2022","Bangladesh Telecommunication Regulatory Commission","Refers to the number of mobile porting transactions that have been carried out during the reference year"
11623,"i271pt","Mobile-cellular numbers ported ",,"count",34,"BGD","Bangladesh","44300.0",2022,"","Bangladesh Telecommunication Regulatory Commission","Refers to the number of mobile porting transactions that have been carried out during the reference year"
11623,"i271pt","Mobile-cellular numbers ported ",,"count",34,"BGD","Bangladesh","48124.0",2023,"June, 2024","Bangladesh Telecommunication Regulatory Commission","Refers to the number of mobile porting transactions that have been carried out during the reference year"
11623,"i271pt","Mobile-cellular numbers ported ",,"count",34,"BGD","Bangladesh","50036.0",2024,"December, 2024","Bangladesh Telecommunication Regulatory Commission","Refers to the number of mobile porting transactions that have been carried out during the reference year"
11623,"i271pt","Mobile-cellular numbers ported ",,"count",35,"BHR","Bahrain","19934.0",2011,"","Telecommunications Regulatory Authority ","Refers to the number of mobile porting transactions that have been carried out during the reference year"
11623,"i271pt","Mobile-cellular numbers ported ",,"count",35,"BHR","Bahrain","38887.0",2012,"","Telecommunications Regulatory Authority ","Refers to the number of mobile porting transactions that have been carried out during the reference year"
11623,"i271pt","Mobile-cellular numbers ported ",,"count",35,"BHR","Bahrain","27991.0",2013,"","Telecommunications Regulatory Authority ","Refers to the number of mobile porting transactions that have been carried out during the reference year"
11623,"i271pt","Mobile-cellular numbers ported ",,"count",35,"BHR","Bahrain","41709.0",2014,"","Telecommunications Regulatory Authority ","Refers to the number of mobile porting transactions that have been carried out during the reference year"
11623,"i271pt","Mobile-cellular numbers ported ",,"count",35,"BHR","Bahrain","49747.0",2015,"","Telecommunications Regulatory Authority ","Refers to the number of mobile porting transactions that have been carried out during the reference year"
11623,"i271pt","Mobile-cellular numbers ported ",,"count",35,"BHR","Bahrain","55656.0",2016,"","Telecommunications Regulatory Authority (TRA Bahrain)","Refers to the number of mobile porting transactions that have been carried out during the reference year"
11623,"i271pt","Mobile-cellular numbers ported ",,"count",35,"BHR","Bahrain","17846.0",2017,"","TRA Bahrain","Refers to the number of mobile porting transactions that have been carried out during the reference year"
11623,"i271pt","Mobile-cellular numbers ported ",,"count",35,"BHR","Bahrain","11462.0",2018,"","TRA","Refers to the number of mobile porting transactions that have been carried out during the reference year"
11623,"i271pt","Mobile-cellular numbers ported ",,"count",35,"BHR","Bahrain","12083.0",2019,"Revised from 17'036","Telecommunications Regulatory Authority ","Refers to the number of mobile porting transactions that have been carried out during the reference year"
11623,"i271pt","Mobile-cellular numbers ported ",,"count",35,"BHR","Bahrain","12453.0",2020,"","Telecommunications Regulatory Authority ","Refers to the number of mobile porting transactions that have been carried out during the reference year"
11623,"i271pt","Mobile-cellular numbers ported ",,"count",35,"BHR","Bahrain","21683.0",2021,"","Telecommunications Regulatory Authority","Refers to the number of mobile porting transactions that have been carried out during the reference year"
11623,"i271pt","Mobile-cellular numbers ported ",,"count",35,"BHR","Bahrain","53566.0",2022,"","Telecommunications Regulatory Authority","Refers to the number of mobile porting transactions that have been carried out during the reference year"
11623,"i271pt","Mobile-cellular numbers ported ",,"count",35,"BHR","Bahrain","16941.0",2023,"reduction due to lack of offers","Telecommunications Regulatory Authority","Refers to the number of mobile porting transactions that have been carried out during the reference year"
11623,"i271pt","Mobile-cellular numbers ported ",,"count",35,"BHR","Bahrain","18793.0",2024,"","Telecommunications Regulatory Authority","Refers to the number of mobile porting transactions that have been carried out during the reference year"
11623,"i271pt","Mobile-cellular numbers ported ",,"count",37,"BLR","Belarus","6500.0",2012,"","Ministry of Communications and Informatization","Refers to the number of mobile porting transactions that have been carried out during the reference year"
11623,"i271pt","Mobile-cellular numbers ported ",,"count",37,"BLR","Belarus","11400.0",2013,"","Ministry of Communications and Informatization","Refers to the number of mobile porting transactions that have been carried out during the reference year"
11623,"i271pt","Mobile-cellular numbers ported ",,"count",37,"BLR","Belarus","28897.0",2014,"","Ministry of Communications and Informatization","Refers to the number of mobile porting transactions that have been carried out during the reference year"
11623,"i271pt","Mobile-cellular numbers ported ",,"count",37,"BLR","Belarus","62260.0",2015,"","Ministry of Communications and Informatization","Refers to the number of mobile porting transactions that have been carried out during the reference year"
11623,"i271pt","Mobile-cellular numbers ported ",,"count",37,"BLR","Belarus","74958.0",2016,"","Ministry of Informatization and communication of the Republic of Belarus","Refers to the number of mobile porting transactions that have been carried out during the reference year"
11623,"i271pt","Mobile-cellular numbers ported ",,"count",37,"BLR","Belarus","104843.0",2017,"","Ministry of Communications and Informatization of the Republic of Belarus","Refers to the number of mobile porting transactions that have been carried out during the reference year"
11623,"i271pt","Mobile-cellular numbers ported ",,"count",37,"BLR","Belarus","225025.0",2018,"","The Ministry of Communications and Informatization of the Republic of Belarus","Refers to the number of mobile porting transactions that have been carried out during the reference year"
11623,"i271pt","Mobile-cellular numbers ported ",,"count",37,"BLR","Belarus","81137.0",2019,"","Ministry of Communications and Informatization","Refers to the number of mobile porting transactions that have been carried out during the reference year"
11623,"i271pt","Mobile-cellular numbers ported ",,"count",37,"BLR","Belarus","158150.0",2020,"","Ministry of Communications and Informatization","Refers to the number of mobile porting transactions that have been carried out during the reference year"
11623,"i271pt","Mobile-cellular numbers ported ",,"count",37,"BLR","Belarus","159896.0",2021,"","Ministry of Communications and Informatization","Refers to the number of mobile porting transactions that have been carried out during the reference year"
11623,"i271pt","Mobile-cellular numbers ported ",,"count",37,"BLR","Belarus","147094.0",2022,"","","Refers to the number of mobile porting transactions that have been carried out during the reference year"
11623,"i271pt","Mobile-cellular numbers ported ",,"count",37,"BLR","Belarus","32344.0",2023,"","Ministry of Communications and Informatization","Refers to the number of mobile porting transactions that have been carried out during the reference year"
11623,"i271pt","Mobile-cellular numbers ported ",,"count",37,"BLR","Belarus","28925.0",2024,"","","Refers to the number of mobile porting transactions that have been carried out during the reference year"
11623,"i271pt","Mobile-cellular numbers ported ",,"count",39,"BOL","Bolivia (Plurinational State of)","46664.0",2018,"Mobile Portability was launched 10/01/2018","ATT - AUtoridad de Regulacion y Fiscalizacion de Telecomunicaciones y Transportes","Refers to the number of mobile porting transactions that have been carried out during the reference year"
11623,"i271pt","Mobile-cellular numbers ported ",,"count",39,"BOL","Bolivia (Plurinational State of)","148342.0",2019,"","Autoridad de Regulación y Fiscalización de Telecomunicaciones y Transportes","Refers to the number of mobile porting transactions that have been carried out during the reference year"
11623,"i271pt","Mobile-cellular numbers ported ",,"count",39,"BOL","Bolivia (Plurinational State of)","263392.0",2024,"","Autoridad de Regulación y Fiscalización de Telecomunicaciones y Transportes","Refers to the number of mobile porting transactions that have been carried out during the reference year"
11623,"i271pt","Mobile-cellular numbers ported ",,"count",40,"BWA","Botswana","0.0",2012,"","Botswana Communications Regulatory Authority (BOCRA)","Refers to the number of mobile porting transactions that have been carried out during the reference year"
11623,"i271pt","Mobile-cellular numbers ported ",,"count",40,"BWA","Botswana","0.0",2021,"","Botswana Communications Regulatory Authority (BOCRA)","Refers to the number of mobile porting transactions that have been carried out during the reference year"
11623,"i271pt","Mobile-cellular numbers ported ",,"count",40,"BWA","Botswana","0.0",2022,"Number portability not yet available.","Botswana Communications Regulatory Authority (BOCRA)","Refers to the number of mobile porting transactions that have been carried out during the reference year"
11623,"i271pt","Mobile-cellular numbers ported ",,"count",40,"BWA","Botswana","0.0",2023,"Number portability not yet available.","Botswana Communications Regulatory Authority (BOCRA)","Refers to the number of mobile porting transactions that have been carried out during the reference year"
11623,"i271pt","Mobile-cellular numbers ported ",,"count",40,"BWA","Botswana","0.0",2024,"Number portability not yet available.","Botswana Communications Regulatory Authority (BOCRA)","Refers to the number of mobile porting transactions that have been carried out during the reference year"
11623,"i271pt","Mobile-cellular numbers ported ",,"count",41,"BRB","Barbados","0.0",2011,"","Division of Energy & Telecommunications","Refers to the number of mobile porting transactions that have been carried out during the reference year"
11623,"i271pt","Mobile-cellular numbers ported ",,"count",41,"BRB","Barbados","0.0",2014,"","Division of Energy & Telecommunications                ","Refers to the number of mobile porting transactions that have been carried out during the reference year"
11623,"i271pt","Mobile-cellular numbers ported ",,"count",41,"BRB","Barbados","0.0",2016,"","Ministry Of Innovation Science & Smart Technology","Refers to the number of mobile porting transactions that have been carried out during the reference year"
11623,"i271pt","Mobile-cellular numbers ported ",,"count",41,"BRB","Barbados","0.0",2017,"","Ministry of Innovation Science & Smart Technology","Refers to the number of mobile porting transactions that have been carried out during the reference year"
11623,"i271pt","Mobile-cellular numbers ported ",,"count",41,"BRB","Barbados","0.0",2018,"","Ministry of Innovation Science & Smart Technology","Refers to the number of mobile porting transactions that have been carried out during the reference year"
11623,"i271pt","Mobile-cellular numbers ported ",,"count",42,"MMR","Myanmar","524260.0",2009,"","Ministry of Communications, Posts and Telegraphs","Refers to the number of mobile porting transactions that have been carried out during the reference year"
11623,"i271pt","Mobile-cellular numbers ported ",,"count",42,"MMR","Myanmar","0.0",2024,"","Posts and Telecommunications Department, Ministry of Transport and Communications","Refers to the number of mobile porting transactions that have been carried out during the reference year"
11623,"i271pt","Mobile-cellular numbers ported ",,"count",43,"BRN","Brunei Darussalam","4152.0",2022,"2021 data would be 5,498 on the successful porting-in for mobile cellular subscribers as per reported from Telecom provider ###2022 data was based on the successful porting-in for mobile cellular subscribers as per reported from Telecom provider.","Authority for Info-communications Technology Industry of Brunei Darussalam","Refers to the number of mobile porting transactions that have been carried out during the reference year"
11623,"i271pt","Mobile-cellular numbers ported ",,"count",43,"BRN","Brunei Darussalam","5667.0",2023,"2023 data was based on the successful porting-in for mobile cellular subscribers as per reported from Telecom provider.","Authority for Info-communications Technology Industry of Brunei Darussalam","Refers to the number of mobile porting transactions that have been carried out during the reference year"
11623,"i271pt","Mobile-cellular numbers ported ",,"count",43,"BRN","Brunei Darussalam","5274.0",2024,"2024 data was based on the successful porting-in for mobile cellular subscribers a s per reported from Telecom provider","Authority for Info-communications Technology Industry of Brunei Darussalam","Refers to the number of mobile porting transactions that have been carried out during the reference year"
11623,"i271pt","Mobile-cellular numbers ported ",,"count",44,"BTN","Bhutan","0.0",2012,"Service not available.","Ministry of Information & Communications","Refers to the number of mobile porting transactions that have been carried out during the reference year"
11623,"i271pt","Mobile-cellular numbers ported ",,"count",44,"BTN","Bhutan","0.0",2013,"Service not avialable","Ministry of Information & Communications","Refers to the number of mobile porting transactions that have been carried out during the reference year"
11623,"i271pt","Mobile-cellular numbers ported ",,"count",44,"BTN","Bhutan","0.0",2016,"Not available","Ministry of Information and Communications","Refers to the number of mobile porting transactions that have been carried out during the reference year"
11623,"i271pt","Mobile-cellular numbers ported ",,"count",44,"BTN","Bhutan","0.0",2017,"Not Avialable","Ministry of Information and Communications","Refers to the number of mobile porting transactions that have been carried out during the reference year"
11623,"i271pt","Mobile-cellular numbers ported ",,"count",44,"BTN","Bhutan","0.0",2018,"Not available","Ministry of Information & Communications","Refers to the number of mobile porting transactions that have been carried out during the reference year"
11623,"i271pt","Mobile-cellular numbers ported ",,"count",44,"BTN","Bhutan","0.0",2019,"not available","Ministry of Information & Communications","Refers to the number of mobile porting transactions that have been carried out during the reference year"
11623,"i271pt","Mobile-cellular numbers ported ",,"count",44,"BTN","Bhutan","0.0",2020,"service not available","Ministry of Information & Communications","Refers to the number of mobile porting transactions that have been carried out during the reference year"
11623,"i271pt","Mobile-cellular numbers ported ",,"count",44,"BTN","Bhutan","0.0",2024,"","Government Technology Agency","Refers to the number of mobile porting transactions that have been carried out during the reference year"
11623,"i271pt","Mobile-cellular numbers ported ",,"count",45,"BGR","Bulgaria","23918.0",2008,"The service has been launched in april 2008. This figure represent the ported numbers from april 2008 till the end of the year.","Communications Regulation Commission","Refers to the number of mobile porting transactions that have been carried out during the reference year"
11623,"i271pt","Mobile-cellular numbers ported ",,"count",45,"BGR","Bulgaria","31912.0",2009,"Ported numbers during 2009","Communications Regulation Commission","Refers to the number of mobile porting transactions that have been carried out during the reference year"
11623,"i271pt","Mobile-cellular numbers ported ",,"count",45,"BGR","Bulgaria","76085.0",2010,"","Communications Regulation Commission","Refers to the number of mobile porting transactions that have been carried out during the reference year"
11623,"i271pt","Mobile-cellular numbers ported ",,"count",45,"BGR","Bulgaria","115995.0",2011,"","Communications Regulation Commission","Refers to the number of mobile porting transactions that have been carried out during the reference year"
11623,"i271pt","Mobile-cellular numbers ported ",,"count",45,"BGR","Bulgaria","173373.0",2012,"","Communications Regulation Commission","Refers to the number of mobile porting transactions that have been carried out during the reference year"
11623,"i271pt","Mobile-cellular numbers ported ",,"count",45,"BGR","Bulgaria","199923.0",2013,"","Communications Regulation Commission","Refers to the number of mobile porting transactions that have been carried out during the reference year"
11623,"i271pt","Mobile-cellular numbers ported ",,"count",45,"BGR","Bulgaria","254993.0",2014,"","Communications Regulation Commission","Refers to the number of mobile porting transactions that have been carried out during the reference year"
11623,"i271pt","Mobile-cellular numbers ported ",,"count",45,"BGR","Bulgaria","357778.0",2015,"","Communications Regulation Commission","Refers to the number of mobile porting transactions that have been carried out during the reference year"
11623,"i271pt","Mobile-cellular numbers ported ",,"count",45,"BGR","Bulgaria","422170.0",2016,"","Communications Regulation Commission","Refers to the number of mobile porting transactions that have been carried out during the reference year"
11623,"i271pt","Mobile-cellular numbers ported ",,"count",45,"BGR","Bulgaria","313470.0",2017,"","Communications Regulation Commission","Refers to the number of mobile porting transactions that have been carried out during the reference year"
11623,"i271pt","Mobile-cellular numbers ported ",,"count",45,"BGR","Bulgaria","246592.0",2018,"","Communications Regulation Commission","Refers to the number of mobile porting transactions that have been carried out during the reference year"
11623,"i271pt","Mobile-cellular numbers ported ",,"count",45,"BGR","Bulgaria","170991.0",2019,"","Communications Regulation Commission","Refers to the number of mobile porting transactions that have been carried out during the reference year"
11623,"i271pt","Mobile-cellular numbers ported ",,"count",45,"BGR","Bulgaria","135852.0",2020,"","Communications Regulation Commission","Refers to the number of mobile porting transactions that have been carried out during the reference year"
11623,"i271pt","Mobile-cellular numbers ported ",,"count",45,"BGR","Bulgaria","195718.0",2021,"","Communications Regulation Commission","Refers to the number of mobile porting transactions that have been carried out during the reference year"
11623,"i271pt","Mobile-cellular numbers ported ",,"count",45,"BGR","Bulgaria","240397.0",2022,"","Communications Regulation Commission","Refers to the number of mobile porting transactions that have been carried out during the reference year"
11623,"i271pt","Mobile-cellular numbers ported ",,"count",45,"BGR","Bulgaria","302338.0",2023,"","Communications Regulation Commission","Refers to the number of mobile porting transactions that have been carried out during the reference year"
11623,"i271pt","Mobile-cellular numbers ported ",,"count",45,"BGR","Bulgaria","358480.0",2024,"","Communications Regulation Commission","Refers to the number of mobile porting transactions that have been carried out during the reference year"
11623,"i271pt","Mobile-cellular numbers ported ",,"count",46,"CAF","Central African Rep.","0.0",2009,"","Agence de Régulation des Télécommunications (ART)","Refers to the number of mobile porting transactions that have been carried out during the reference year"
11623,"i271pt","Mobile-cellular numbers ported ",,"count",46,"CAF","Central African Rep.","0.0",2010,"","Agence de régulation des télécommunications","Refers to the number of mobile porting transactions that have been carried out during the reference year"
11623,"i271pt","Mobile-cellular numbers ported ",,"count",46,"CAF","Central African Rep.","0.0",2011,"","Agence de Régulation des Télécommunications (ART)","Refers to the number of mobile porting transactions that have been carried out during the reference year"
11623,"i271pt","Mobile-cellular numbers ported ",,"count",46,"CAF","Central African Rep.","0.0",2012,"","Agence de Régulation des Télécommunications (ART)","Refers to the number of mobile porting transactions that have been carried out during the reference year"
11623,"i271pt","Mobile-cellular numbers ported ",,"count",46,"CAF","Central African Rep.","0.0",2017,"","Autorité de Régulation des Communications Electroniques et de la Poste","Refers to the number of mobile porting transactions that have been carried out during the reference year"
11623,"i271pt","Mobile-cellular numbers ported ",,"count",46,"CAF","Central African Rep.","0.0",2018,"","Autorité de Régulation des Communications Electroniques et de la Poste","Refers to the number of mobile porting transactions that have been carried out during the reference year"
11623,"i271pt","Mobile-cellular numbers ported ",,"count",46,"CAF","Central African Rep.","0.0",2019,"","Autorité de Régulation des Communications Electroniques et de la Poste","Refers to the number of mobile porting transactions that have been carried out during the reference year"
11623,"i271pt","Mobile-cellular numbers ported ",,"count",47,"CAN","Canada","2912491.0",2011,"Canadian Local Number Portability Consortium","Canadian Radio-television and Telecommunications Commission","Refers to the number of mobile porting transactions that have been carried out during the reference year"
11623,"i271pt","Mobile-cellular numbers ported ",,"count",48,"KHM","Cambodia","0.0",2014,"","Telecommunication Regulator of Cambodia (TRC)","Refers to the number of mobile porting transactions that have been carried out during the reference year"
11623,"i271pt","Mobile-cellular numbers ported ",,"count",48,"KHM","Cambodia","0.0",2015,"","Telecommunication Regulator of Cambodia (TRC)","Refers to the number of mobile porting transactions that have been carried out during the reference year"
11623,"i271pt","Mobile-cellular numbers ported ",,"count",48,"KHM","Cambodia","0.0",2016,"Number portability is not implemented in Cambodia","Telecommunication Regulator of Cambodia","Refers to the number of mobile porting transactions that have been carried out during the reference year"
11623,"i271pt","Mobile-cellular numbers ported ",,"count",48,"KHM","Cambodia","0.0",2017,"Number portability is not implemented in Cambodia","Telecommunication Regulator of Cambodia","Refers to the number of mobile porting transactions that have been carried out during the reference year"
11623,"i271pt","Mobile-cellular numbers ported ",,"count",48,"KHM","Cambodia","0.0",2018,"Number portability is not implemented in Cambodia","Telecommunication Regulator of Cambodia (TRC)","Refers to the number of mobile porting transactions that have been carried out during the reference year"
11623,"i271pt","Mobile-cellular numbers ported ",,"count",48,"KHM","Cambodia","0.0",2019,"Number portability is not implemented in Cambodia","Telecommunication Regulator of Cambodia (TRC)","Refers to the number of mobile porting transactions that have been carried out during the reference year"
11623,"i271pt","Mobile-cellular numbers ported ",,"count",48,"KHM","Cambodia","0.0",2020,"Number portability is not implemented in Cambodia","Telecommunication Regulator of Cambodia (TRC)","Refers to the number of mobile porting transactions that have been carried out during the reference year"
11623,"i271pt","Mobile-cellular numbers ported ",,"count",49,"CHL","Chile","0.0",2007,"","Subtel","Refers to the number of mobile porting transactions that have been carried out during the reference year"
11623,"i271pt","Mobile-cellular numbers ported ",,"count",49,"CHL","Chile","0.0",2008,"","Subtel","Refers to the number of mobile porting transactions that have been carried out during the reference year"
11623,"i271pt","Mobile-cellular numbers ported ",,"count",49,"CHL","Chile","0.0",2009,"","Subtel","Refers to the number of mobile porting transactions that have been carried out during the reference year"
11623,"i271pt","Mobile-cellular numbers ported ",,"count",49,"CHL","Chile","0.0",2010,"","","Refers to the number of mobile porting transactions that have been carried out during the reference year"
11623,"i271pt","Mobile-cellular numbers ported ",,"count",49,"CHL","Chile","0.0",2011,"","Subsecretaría de Telecomunicaciones","Refers to the number of mobile porting transactions that have been carried out during the reference year"
11623,"i271pt","Mobile-cellular numbers ported ",,"count",49,"CHL","Chile","749427.0",2012,"MNP started in January 2012.","Subsecretaría de Telecomunicaciones","Refers to the number of mobile porting transactions that have been carried out during the reference year"
11623,"i271pt","Mobile-cellular numbers ported ",,"count",49,"CHL","Chile","807869.0",2013,"","Subsecretaría de Telecomunicaciones","Refers to the number of mobile porting transactions that have been carried out during the reference year"
11623,"i271pt","Mobile-cellular numbers ported ",,"count",49,"CHL","Chile","1293054.0",2014,"","Subsecretaría de Telecomunicaciones","Refers to the number of mobile porting transactions that have been carried out during the reference year"
11623,"i271pt","Mobile-cellular numbers ported ",,"count",49,"CHL","Chile","1955802.0",2015,"","Subsecretaría de Telecomunicaciones","Refers to the number of mobile porting transactions that have been carried out during the reference year"
11623,"i271pt","Mobile-cellular numbers ported ",,"count",49,"CHL","Chile","3215491.0",2016,"","Subsecretaría de Telecomunicaciones","Refers to the number of mobile porting transactions that have been carried out during the reference year"
11623,"i271pt","Mobile-cellular numbers ported ",,"count",49,"CHL","Chile","4378592.0",2017,"","Subsecretaría de Telecomunicaciones","Refers to the number of mobile porting transactions that have been carried out during the reference year"
11623,"i271pt","Mobile-cellular numbers ported ",,"count",49,"CHL","Chile","3873314.0",2018,"","Subsecretaría de Telecomunicaciones","Refers to the number of mobile porting transactions that have been carried out during the reference year"
11623,"i271pt","Mobile-cellular numbers ported ",,"count",49,"CHL","Chile","3362890.0",2019,"","Subsecretaría de Telecomunicaciones","Refers to the number of mobile porting transactions that have been carried out during the reference year"
11623,"i271pt","Mobile-cellular numbers ported ",,"count",49,"CHL","Chile","3062421.0",2020,"","Subsecretaría de Telecomunicaciones","Refers to the number of mobile porting transactions that have been carried out during the reference year"
11623,"i271pt","Mobile-cellular numbers ported ",,"count",49,"CHL","Chile","3521078.0",2021,"","Subsecretaría de Telecomunicaciones","Refers to the number of mobile porting transactions that have been carried out during the reference year"
11623,"i271pt","Mobile-cellular numbers ported ",,"count",49,"CHL","Chile","3853426.0",2022,"","Subsecretaría de Telecomunicaciones","Refers to the number of mobile porting transactions that have been carried out during the reference year"
11623,"i271pt","Mobile-cellular numbers ported ",,"count",49,"CHL","Chile","3861349.0",2023,"","Subsecretaría de Telecomunicaciones","Refers to the number of mobile porting transactions that have been carried out during the reference year"
11623,"i271pt","Mobile-cellular numbers ported ",,"count",49,"CHL","Chile","3635614.0",2024,"","Subsecretaría de Telecomunicaciones","Refers to the number of mobile porting transactions that have been carried out during the reference year"
11623,"i271pt","Mobile-cellular numbers ported ",,"count",50,"CHN","China","303800.0",2016,"","MIIT","Refers to the number of mobile porting transactions that have been carried out during the reference year"
11623,"i271pt","Mobile-cellular numbers ported ",,"count",50,"CHN","China","1030000.0",2017,"","MIIT","Refers to the number of mobile porting transactions that have been carried out during the reference year"
11623,"i271pt","Mobile-cellular numbers ported ",,"count",50,"CHN","China","1674609.0",2018,"","MIIT","Refers to the number of mobile porting transactions that have been carried out during the reference year"
11623,"i271pt","Mobile-cellular numbers ported ",,"count",50,"CHN","China","4250000.0",2019,"","Ministry of Industry and Information Technology","Refers to the number of mobile porting transactions that have been carried out during the reference year"
11623,"i271pt","Mobile-cellular numbers ported ",,"count",50,"CHN","China","1.918E7",2020,"","Ministry of Industry and Information Technology","Refers to the number of mobile porting transactions that have been carried out during the reference year"
11623,"i271pt","Mobile-cellular numbers ported ",,"count",50,"CHN","China","5.032E7",2021,"","Ministry of Industry and Information Technology","Refers to the number of mobile porting transactions that have been carried out during the reference year"
11623,"i271pt","Mobile-cellular numbers ported ",,"count",50,"CHN","China","7.8E7",2022,"","Ministry of Industry and Information Technology","Refers to the number of mobile porting transactions that have been carried out during the reference year"
11623,"i271pt","Mobile-cellular numbers ported ",,"count",50,"CHN","China","1.06E8",2023,"","Ministry of Industry and Information Technology","Refers to the number of mobile porting transactions that have been carried out during the reference year"
11623,"i271pt","Mobile-cellular numbers ported ",,"count",50,"CHN","China","1.44051282E8",2024,"","Ministry of Industry and Information Technology","Refers to the number of mobile porting transactions that have been carried out during the reference year"
11623,"i271pt","Mobile-cellular numbers ported ",,"count",52,"COK","Cook Islands","0.0",2016,"","Telecom Cook Islands Ltd.","Refers to the number of mobile porting transactions that have been carried out during the reference year"
11623,"i271pt","Mobile-cellular numbers ported ",,"count",52,"COK","Cook Islands","0.0",2017,"Only one Mobile service provider","Telecom Cook Islands Ltd.","Refers to the number of mobile porting transactions that have been carried out during the reference year"
11623,"i271pt","Mobile-cellular numbers ported ",,"count",53,"COL","Colombia","140905.0",2011,"","Ministerio de Tecnologías de la Información y las Comunicaciones","Refers to the number of mobile porting transactions that have been carried out during the reference year"
11623,"i271pt","Mobile-cellular numbers ported ",,"count",53,"COL","Colombia","1394361.0",2012,"Source: Comisión de Regulación de Comunicaciones.","Ministerio de Tecnologías de la Información y las Comunicaciones","Refers to the number of mobile porting transactions that have been carried out during the reference year"
11623,"i271pt","Mobile-cellular numbers ported ",,"count",53,"COL","Colombia","2118804.0",2013,"Source: Comisión de Regulación de Comunicaciones.","Ministerio de Tecnologías de la Información y las Comunicaciones","Refers to the number of mobile porting transactions that have been carried out during the reference year"
11623,"i271pt","Mobile-cellular numbers ported ",,"count",53,"COL","Colombia","1610382.0",2014,"Source: Comisión de Regulación de Comunicaciones.","Ministerio de Tecnologías de la Información y las Comunicaciones","Refers to the number of mobile porting transactions that have been carried out during the reference year"
11623,"i271pt","Mobile-cellular numbers ported ",,"count",53,"COL","Colombia","3233735.0",2015,"Source: Comisión de Regulación de Comunicaciones.","Ministerio de Tecnologías de la Información y las Comunicaciones","Refers to the number of mobile porting transactions that have been carried out during the reference year"
11623,"i271pt","Mobile-cellular numbers ported ",,"count",53,"COL","Colombia","3382730.0",2016,"Source: Comisión de Regulación de Comunicaciones.","Ministerio de Tecnologías de la Información y las Comunicaciones","Refers to the number of mobile porting transactions that have been carried out during the reference year"
11623,"i271pt","Mobile-cellular numbers ported ",,"count",53,"COL","Colombia","3480177.0",2017,"Source: Comisión de Regulación de Comunicaciones.","Ministerio TIC","Refers to the number of mobile porting transactions that have been carried out during the reference year"
11623,"i271pt","Mobile-cellular numbers ported ",,"count",53,"COL","Colombia","4678360.0",2018,"Se reporta el total de operaciones de portabilidad para el año 2018.","Ministerio de Tecnologías de la Información y las Comunicaciones","Refers to the number of mobile porting transactions that have been carried out during the reference year"
11623,"i271pt","Mobile-cellular numbers ported ",,"count",53,"COL","Colombia","4304596.0",2019,"Se reporta el total de operaciones de portabilidad para el año 2019.","Ministerio de Tecnologías de la Información y las Comunicaciones","Refers to the number of mobile porting transactions that have been carried out during the reference year"
11623,"i271pt","Mobile-cellular numbers ported ",,"count",53,"COL","Colombia","3968920.0",2020,"Se reporta el total de operaciones de portabilidad para el año 2020.","Ministerio de Tecnologías de la Información y las Comunicaciones","Refers to the number of mobile porting transactions that have been carried out during the reference year"
11623,"i271pt","Mobile-cellular numbers ported ",,"count",53,"COL","Colombia","6924114.0",2021,"Se reporta el total de operaciones de portabilidad para el año 2021.","Ministerio de Tecnologías de la Información y las Comunicaciones","Refers to the number of mobile porting transactions that have been carried out during the reference year"
11623,"i271pt","Mobile-cellular numbers ported ",,"count",53,"COL","Colombia","7961318.0",2022,"Se reporta el total de operaciones de portabilidad para el año 2022.","Ministerio de Tecnologías de la Información y las Comunicaciones","Refers to the number of mobile porting transactions that have been carried out during the reference year"
11623,"i271pt","Mobile-cellular numbers ported ",,"count",53,"COL","Colombia","8241652.0",2023,"Se reporta el total de operaciones de portabilidad para el año 2023","Ministerio de Tecnologías de la Información y las Comunicaciones","Refers to the number of mobile porting transactions that have been carried out during the reference year"
11623,"i271pt","Mobile-cellular numbers ported ",,"count",53,"COL","Colombia","7082795.0",2024,"Se reporta el total de operaciones de portabilidad para el año 2023","Ministerio de Tecnologías de la Información y las Comunicaciones","Refers to the number of mobile porting transactions that have been carried out during the reference year"
11623,"i271pt","Mobile-cellular numbers ported ",,"count",54,"LKA","Sri Lanka","2485000.0",2018,"","Telecommunication Regulatory Commission of Sri Lanka","Refers to the number of mobile porting transactions that have been carried out during the reference year"
11623,"i271pt","Mobile-cellular numbers ported ",,"count",54,"LKA","Sri Lanka","3300000.0",2019,"This is because of a merger of two mobile operators.","Telecommunications Regulatory Commission of Sri Lanka","Refers to the number of mobile porting transactions that have been carried out during the reference year"
11623,"i271pt","Mobile-cellular numbers ported ",,"count",55,"CMR","Cameroon","0.0",2014,"","Agence de Régulation des Télécommunications","Refers to the number of mobile porting transactions that have been carried out during the reference year"
11623,"i271pt","Mobile-cellular numbers ported ",,"count",55,"CMR","Cameroon","0.0",2015,"","Agence de Régulation des Télécommunications","Refers to the number of mobile porting transactions that have been carried out during the reference year"
11623,"i271pt","Mobile-cellular numbers ported ",,"count",55,"CMR","Cameroon","0.0",2016,"","Agence de Régulation des Télécommunications  Cameroun","Refers to the number of mobile porting transactions that have been carried out during the reference year"
11623,"i271pt","Mobile-cellular numbers ported ",,"count",55,"CMR","Cameroon","480.0",2017,"","Agence de Régulation des Télécommunications  Cameroun","Refers to the number of mobile porting transactions that have been carried out during the reference year"
11623,"i271pt","Mobile-cellular numbers ported ",,"count",55,"CMR","Cameroon","573.0",2018,"","AGENCE DE REGULATION DES TELECOMMUNICATIONS","Refers to the number of mobile porting transactions that have been carried out during the reference year"
11623,"i271pt","Mobile-cellular numbers ported ",,"count",55,"CMR","Cameroon","138.0",2019,"","Agence de Régulation des Télécommunications","Refers to the number of mobile porting transactions that have been carried out during the reference year"
11623,"i271pt","Mobile-cellular numbers ported ",,"count",55,"CMR","Cameroon","5.0",2021,"Depuis fin 2019 la portabilité n'a pas connu un grand succès.","Agence de Régulation des Télécommunications","Refers to the number of mobile porting transactions that have been carried out during the reference year"
11623,"i271pt","Mobile-cellular numbers ported ",,"count",55,"CMR","Cameroon","20.0",2022,"Source: fiches de collecte administrative de données auprès des opérateurs concessionnaires de Téléphonie Mobile(MTN, ORANGE)#Depuis fin 2019 la portabilité n'a pas connu un grand succès.","Agence de Régulation des Télécommunications","Refers to the number of mobile porting transactions that have been carried out during the reference year"
11623,"i271pt","Mobile-cellular numbers ported ",,"count",55,"CMR","Cameroon","19.0",2023,"Source: fiches de collecte administrative de données auprès des opérateurs concessionnaires de Téléphonie Mobile(MTN, ORANGE)#Depuis fin 2019 la portabilité n'a pas connu un grand succès.","Agence de Régulation des Télécommunications","Refers to the number of mobile porting transactions that have been carried out during the reference year"
11623,"i271pt","Mobile-cellular numbers ported ",,"count",55,"CMR","Cameroon","0.0",2024,"","Agence de Régulation des Télécommunications","Refers to the number of mobile porting transactions that have been carried out during the reference year"
11623,"i271pt","Mobile-cellular numbers ported ",,"count",58,"COM","Comoros","0.0",2017,"Le service de portage de numéros n'est pas encore mis en place.","ANRTIC","Refers to the number of mobile porting transactions that have been carried out during the reference year"
11623,"i271pt","Mobile-cellular numbers ported ",,"count",58,"COM","Comoros","108.0",2023,"le mode de calcul du nombre d'abonnés n'est pas appliqué comme il faut. Il semblerait que l'opérateur historique ne fait pas de nottoyage sur ses abonnés #","Autorité Nationale de Régulation des TIC","Refers to the number of mobile porting transactions that have been carried out during the reference year"
11623,"i271pt","Mobile-cellular numbers ported ",,"count",59,"CPV","Cabo Verde","10849.0",2014,"","Agencia Nacional das Comunicaçoes","Refers to the number of mobile porting transactions that have been carried out during the reference year"
11623,"i271pt","Mobile-cellular numbers ported ",,"count",59,"CPV","Cabo Verde","6670.0",2015,"","Agencia Nacional das Comunicaçoes","Refers to the number of mobile porting transactions that have been carried out during the reference year"
11623,"i271pt","Mobile-cellular numbers ported ",,"count",59,"CPV","Cabo Verde","1886.0",2016,"","Agência Reguladora Multissetorial da Economia - ARME","Refers to the number of mobile porting transactions that have been carried out during the reference year"
11623,"i271pt","Mobile-cellular numbers ported ",,"count",59,"CPV","Cabo Verde","1553.0",2017,"","Agência Reguladora Multissectorial da Economia","Refers to the number of mobile porting transactions that have been carried out during the reference year"
11623,"i271pt","Mobile-cellular numbers ported ",,"count",59,"CPV","Cabo Verde","1257.0",2018,"","Agência Reguladora Multissetorial da Economia","Refers to the number of mobile porting transactions that have been carried out during the reference year"
11623,"i271pt","Mobile-cellular numbers ported ",,"count",59,"CPV","Cabo Verde","1497.0",2019,"","Agência de Regulação Multissetorial da Economia - ARME","Refers to the number of mobile porting transactions that have been carried out during the reference year"
11623,"i271pt","Mobile-cellular numbers ported ",,"count",59,"CPV","Cabo Verde","751.0",2020,"","Agência de Regulação Multissetorial da Economia - ARME","Refers to the number of mobile porting transactions that have been carried out during the reference year"
11623,"i271pt","Mobile-cellular numbers ported ",,"count",59,"CPV","Cabo Verde","463.0",2021,"","Agência de Regulação Multissetorial da Economia - ARME","Refers to the number of mobile porting transactions that have been carried out during the reference year"
11623,"i271pt","Mobile-cellular numbers ported ",,"count",59,"CPV","Cabo Verde","230.0",2022,"","Agência de Regulação Multissetorial da Economia - ARME","Refers to the number of mobile porting transactions that have been carried out during the reference year"
11623,"i271pt","Mobile-cellular numbers ported ",,"count",59,"CPV","Cabo Verde","181.0",2023,"","Agência de Regulação Multissetorial da Economia - ARME","Refers to the number of mobile porting transactions that have been carried out during the reference year"
11623,"i271pt","Mobile-cellular numbers ported ",,"count",59,"CPV","Cabo Verde","240.0",2024,"","Agência de Regulação Multissetorial da Economia - ARME","Refers to the number of mobile porting transactions that have been carried out during the reference year"
11623,"i271pt","Mobile-cellular numbers ported ",,"count",61,"CIV","Côte d'Ivoire","0.0",2009,"","Agence des Télécommunications de Côte d'Ivoire (ATCI)","Refers to the number of mobile porting transactions that have been carried out during the reference year"
11623,"i271pt","Mobile-cellular numbers ported ",,"count",61,"CIV","Côte d'Ivoire","0.0",2010,"La portabilité des numéros n'est pas implémentée en Côte d'Ivoire","Agence des Télécommunications de Côte d'Ivoire (ATCI)","Refers to the number of mobile porting transactions that have been carried out during the reference year"
11623,"i271pt","Mobile-cellular numbers ported ",,"count",61,"CIV","Côte d'Ivoire","0.0",2011,"La portabilité des numéros n'est pas implémentée en Côte d'Ivoire","Agence des Télécommunications de Côte d'Ivoire (ATCI)","Refers to the number of mobile porting transactions that have been carried out during the reference year"
11623,"i271pt","Mobile-cellular numbers ported ",,"count",61,"CIV","Côte d'Ivoire","0.0",2012,"La portabilité des numéros n'est pas implémentée en Côte d'Ivoire.","","Refers to the number of mobile porting transactions that have been carried out during the reference year"
11623,"i271pt","Mobile-cellular numbers ported ",,"count",61,"CIV","Côte d'Ivoire","0.0",2013,"","Autorité de Régulation des Télécommunications/TIC","Refers to the number of mobile porting transactions that have been carried out during the reference year"
11623,"i271pt","Mobile-cellular numbers ported ",,"count",61,"CIV","Côte d'Ivoire","0.0",2014,"","Autorité de Régulation des Télécommunications/TIC","Refers to the number of mobile porting transactions that have been carried out during the reference year"
11623,"i271pt","Mobile-cellular numbers ported ",,"count",61,"CIV","Côte d'Ivoire","0.0",2015,"","ARTCI","Refers to the number of mobile porting transactions that have been carried out during the reference year"
11623,"i271pt","Mobile-cellular numbers ported ",,"count",61,"CIV","Côte d'Ivoire","0.0",2016,"La portabilité n’est pas encore effective en Côte d’Ivoire, il ne peut donc y avoir de numéros portés.","ARTCI","Refers to the number of mobile porting transactions that have been carried out during the reference year"
11623,"i271pt","Mobile-cellular numbers ported ",,"count",61,"CIV","Côte d'Ivoire","0.0",2017,"A fin 2017, la portabilité n’était pas encore effective  en Côte d’Ivoire","ARTCI","Refers to the number of mobile porting transactions that have been carried out during the reference year"
11623,"i271pt","Mobile-cellular numbers ported ",,"count",61,"CIV","Côte d'Ivoire","968.0",2018,"","ARTCI","Refers to the number of mobile porting transactions that have been carried out during the reference year"
11623,"i271pt","Mobile-cellular numbers ported ",,"count",61,"CIV","Côte d'Ivoire","5157.0",2019,"Les 5157 représentent le nombre de demandes de portage. Le taux de succès est de 37.13% (soit 1915 numéros)","ARTCI","Refers to the number of mobile porting transactions that have been carried out during the reference year"
11623,"i271pt","Mobile-cellular numbers ported ",,"count",62,"CRI","Costa Rica","0.0",2010,"","Superintendencia de Telecomunicaciones","Refers to the number of mobile porting transactions that have been carried out during the reference year"
11623,"i271pt","Mobile-cellular numbers ported ",,"count",62,"CRI","Costa Rica","0.0",2011,"","Superintendencia de Telecomunicaciones","Refers to the number of mobile porting transactions that have been carried out during the reference year"
11623,"i271pt","Mobile-cellular numbers ported ",,"count",62,"CRI","Costa Rica","0.0",2012,"","Superintendencia de Telecomunicaciones","Refers to the number of mobile porting transactions that have been carried out during the reference year"
11623,"i271pt","Mobile-cellular numbers ported ",,"count",62,"CRI","Costa Rica","16912.0",2013,"","Superintendencia de Telecomunicaciones","Refers to the number of mobile porting transactions that have been carried out during the reference year"
11623,"i271pt","Mobile-cellular numbers ported ",,"count",62,"CRI","Costa Rica","174501.0",2014,"","Superintendencia de Telecomunicaciones","Refers to the number of mobile porting transactions that have been carried out during the reference year"
11623,"i271pt","Mobile-cellular numbers ported ",,"count",62,"CRI","Costa Rica","294553.0",2015,"","Superintendencia de Telecomunicaciones","Refers to the number of mobile porting transactions that have been carried out during the reference year"
11623,"i271pt","Mobile-cellular numbers ported ",,"count",62,"CRI","Costa Rica","328795.0",2016,"","Superintendencia de Telecomunicaciones","Refers to the number of mobile porting transactions that have been carried out during the reference year"
11623,"i271pt","Mobile-cellular numbers ported ",,"count",62,"CRI","Costa Rica","374940.0",2017,"","Superintendencia de Telecomunicaciones","Refers to the number of mobile porting transactions that have been carried out during the reference year"
11623,"i271pt","Mobile-cellular numbers ported ",,"count",62,"CRI","Costa Rica","440716.0",2018,"","Superintendencia de Telecomunicaciones","Refers to the number of mobile porting transactions that have been carried out during the reference year"
11623,"i271pt","Mobile-cellular numbers ported ",,"count",62,"CRI","Costa Rica","490733.0",2019,"","Superintendencia de Telecomunicaciones","Refers to the number of mobile porting transactions that have been carried out during the reference year"
11623,"i271pt","Mobile-cellular numbers ported ",,"count",62,"CRI","Costa Rica","454429.0",2020,"","Superintendencia de Telecomunicaciones","Refers to the number of mobile porting transactions that have been carried out during the reference year"
11623,"i271pt","Mobile-cellular numbers ported ",,"count",62,"CRI","Costa Rica","450960.0",2021,"","Superintendencia de Telecomunicaciones","Refers to the number of mobile porting transactions that have been carried out during the reference year"
11623,"i271pt","Mobile-cellular numbers ported ",,"count",62,"CRI","Costa Rica","434015.0",2022,"","Superintendencia de Telecomunicaciones","Refers to the number of mobile porting transactions that have been carried out during the reference year"
11623,"i271pt","Mobile-cellular numbers ported ",,"count",62,"CRI","Costa Rica","350213.0",2023,"","Superintendencia de Telecomunicaciones","Refers to the number of mobile porting transactions that have been carried out during the reference year"
11623,"i271pt","Mobile-cellular numbers ported ",,"count",62,"CRI","Costa Rica","260762.0",2024,"","Superintendencia de Telecomunicaciones","Refers to the number of mobile porting transactions that have been carried out during the reference year"
11623,"i271pt","Mobile-cellular numbers ported ",,"count",65,"CYM","Cayman Islands","865.0",2014,"Residential and Business","Information and Communications Technology Authority ","Refers to the number of mobile porting transactions that have been carried out during the reference year"
11623,"i271pt","Mobile-cellular numbers ported ",,"count",65,"CYM","Cayman Islands","709.0",2015,"Residential and business","Information and Communications Technology Authority ","Refers to the number of mobile porting transactions that have been carried out during the reference year"
11623,"i271pt","Mobile-cellular numbers ported ",,"count",65,"CYM","Cayman Islands","2776.0",2016,"number of portings in and out, residential and business","Utility Regulation and Competition Office ","Refers to the number of mobile porting transactions that have been carried out during the reference year"
11623,"i271pt","Mobile-cellular numbers ported ",,"count",65,"CYM","Cayman Islands","2053.0",2017,"number of portings in and out, residential and business","Utility Regulation and Competition Office ","Refers to the number of mobile porting transactions that have been carried out during the reference year"
11623,"i271pt","Mobile-cellular numbers ported ",,"count",66,"CYP","Cyprus","12096.0",2008,"","Office of the Commissioner for Electronic Communications and Postal Regulation ","Refers to the number of mobile porting transactions that have been carried out during the reference year"
11623,"i271pt","Mobile-cellular numbers ported ",,"count",66,"CYP","Cyprus","11400.0",2009,"","Office of the Commissioner for Electronic Communications and Postal Regulation ","Refers to the number of mobile porting transactions that have been carried out during the reference year"
11623,"i271pt","Mobile-cellular numbers ported ",,"count",66,"CYP","Cyprus","11623.0",2010,"Up to September 2010","Office of the Commissioner for Electronic Communications and Postal Regulation ","Refers to the number of mobile porting transactions that have been carried out during the reference year"
11623,"i271pt","Mobile-cellular numbers ported ",,"count",66,"CYP","Cyprus","16628.0",2011,"Up to September 2011","Office of the Commissioner for Electronic Communications and Postal Regulation ","Refers to the number of mobile porting transactions that have been carried out during the reference year"
11623,"i271pt","Mobile-cellular numbers ported ",,"count",66,"CYP","Cyprus","18190.0",2012,"Up to September 2012","Office of the Commissioner for Electronic Communications and Postal Regulation ","Refers to the number of mobile porting transactions that have been carried out during the reference year"
11623,"i271pt","Mobile-cellular numbers ported ",,"count",66,"CYP","Cyprus","39942.0",2013,"","Office of the Commissioner for Electronic Communications and Postal Regulation ","Refers to the number of mobile porting transactions that have been carried out during the reference year"
11623,"i271pt","Mobile-cellular numbers ported ",,"count",66,"CYP","Cyprus","45518.0",2014,"","Office of the Commissioner for Electronic Communications and Postal Regulation ","Refers to the number of mobile porting transactions that have been carried out during the reference year"
11623,"i271pt","Mobile-cellular numbers ported ",,"count",66,"CYP","Cyprus","43893.0",2015,"","Office of the Commissioner for Electronic Communications and Postal Regulation ","Refers to the number of mobile porting transactions that have been carried out during the reference year"
11623,"i271pt","Mobile-cellular numbers ported ",,"count",66,"CYP","Cyprus","48681.0",2016,"","Office of the Commissioner for Electronic Communications and Postal Regulation","Refers to the number of mobile porting transactions that have been carried out during the reference year"
11623,"i271pt","Mobile-cellular numbers ported ",,"count",66,"CYP","Cyprus","47737.0",2017,"","Office of the Commissioner for Electronic Communications and Postal Regulation","Refers to the number of mobile porting transactions that have been carried out during the reference year"
11623,"i271pt","Mobile-cellular numbers ported ",,"count",66,"CYP","Cyprus","37515.0",2018,"","Office of the Commissioner of Electronic Communications and Postal Regulation","Refers to the number of mobile porting transactions that have been carried out during the reference year"
11623,"i271pt","Mobile-cellular numbers ported ",,"count",66,"CYP","Cyprus","38465.0",2019,"","Office of the Commissioner for Electronic Communications and Postal Regulation ","Refers to the number of mobile porting transactions that have been carried out during the reference year"
11623,"i271pt","Mobile-cellular numbers ported ",,"count",66,"CYP","Cyprus","27758.0",2020,"","Office of the Commissioner for Electronic Communications and Postal Regulation ","Refers to the number of mobile porting transactions that have been carried out during the reference year"
11623,"i271pt","Mobile-cellular numbers ported ",,"count",66,"CYP","Cyprus","54142.0",2021,"","Office of the Commissioner for Electronic Communications and Postal Regulation","Refers to the number of mobile porting transactions that have been carried out during the reference year"
11623,"i271pt","Mobile-cellular numbers ported ",,"count",66,"CYP","Cyprus","63064.0",2022,"","Office of the Commissioner for Electronic Communications and Postal Regulation","Refers to the number of mobile porting transactions that have been carried out during the reference year"
11623,"i271pt","Mobile-cellular numbers ported ",,"count",66,"CYP","Cyprus","65419.0",2023,"","Office of the Commissioner for Electronic Communications and Postal Regulation","Refers to the number of mobile porting transactions that have been carried out during the reference year"
11623,"i271pt","Mobile-cellular numbers ported ",,"count",66,"CYP","Cyprus","52472.0",2024,"Figure is correct","Office of the Commissioner for Electronic Communications and Postal Regulation","Refers to the number of mobile porting transactions that have been carried out during the reference year"
11623,"i271pt","Mobile-cellular numbers ported ",,"count",67,"DEU","Germany","699922.0",2009,"","Bundesnetzagentur (BNetzA) / Federal Network Agency","Refers to the number of mobile porting transactions that have been carried out during the reference year"
11623,"i271pt","Mobile-cellular numbers ported ",,"count",67,"DEU","Germany","823005.0",2010,"","Bundesnetzagentur (BNetzA) / Federal Network Agency","Refers to the number of mobile porting transactions that have been carried out during the reference year"
11623,"i271pt","Mobile-cellular numbers ported ",,"count",67,"DEU","Germany","1404448.0",2011,"","Bundesnetzagentur (BNetzA) / Federal Network Agency","Refers to the number of mobile porting transactions that have been carried out during the reference year"
11623,"i271pt","Mobile-cellular numbers ported ",,"count",67,"DEU","Germany","1602863.0",2012,"","Bundesnetzagentur (BNetzA) / Federal Network Agency","Refers to the number of mobile porting transactions that have been carried out during the reference year"
11623,"i271pt","Mobile-cellular numbers ported ",,"count",67,"DEU","Germany","1530418.0",2013,"","Bundesnetzagentur (BNetzA) / Federal Network Agency","Refers to the number of mobile porting transactions that have been carried out during the reference year"
11623,"i271pt","Mobile-cellular numbers ported ",,"count",67,"DEU","Germany","3093072.0",2023,"The figures include cases where end customer's contract partner changed its wholesale partner. BNetzA does not have figures relating solely to the number of portings due to a change of the end customer contract partner.","Bundesnetzagentur (BNetzA) / Federal Network Agency","Refers to the number of mobile porting transactions that have been carried out during the reference year"
11623,"i271pt","Mobile-cellular numbers ported ",,"count",67,"DEU","Germany","6094062.0",2024,"The figures include cases where end customer's contract partner changed its wholesale partner. BNetzA does not have figures relating solely to the number of portings due to a change of the end customer contract partner.","Bundesnetzagentur (BNetzA) / Federal Network Agency","Refers to the number of mobile porting transactions that have been carried out during the reference year"
11623,"i271pt","Mobile-cellular numbers ported ",,"count",69,"DJI","Djibouti","0.0",2017,"","Ministère de la Communication chargé des Postes et des Télécommunications","Refers to the number of mobile porting transactions that have been carried out during the reference year"
11623,"i271pt","Mobile-cellular numbers ported ",,"count",69,"DJI","Djibouti","0.0",2018,"","Ministère de la Communication chargé des Postes et des Télécommunications","Refers to the number of mobile porting transactions that have been carried out during the reference year"
11623,"i271pt","Mobile-cellular numbers ported ",,"count",69,"DJI","Djibouti","0.0",2019,"","Ministère de la Communication chargé des Postes et des Télécommunications","Refers to the number of mobile porting transactions that have been carried out during the reference year"
11623,"i271pt","Mobile-cellular numbers ported ",,"count",69,"DJI","Djibouti","0.0",2020,"","Ministère de la Communication chargé des Postes et des Télécommunications","Refers to the number of mobile porting transactions that have been carried out during the reference year"
11623,"i271pt","Mobile-cellular numbers ported ",,"count",69,"DJI","Djibouti","0.0",2021,"","Ministère de la Communication chargé des Postes et des Télécommunications","Refers to the number of mobile porting transactions that have been carried out during the reference year"
11623,"i271pt","Mobile-cellular numbers ported ",,"count",69,"DJI","Djibouti","0.0",2022,"","Ministère de la Communication chargé des Postes et des Télécommunications","Refers to the number of mobile porting transactions that have been carried out during the reference year"
11623,"i271pt","Mobile-cellular numbers ported ",,"count",69,"DJI","Djibouti","0.0",2023,"","Ministère de la Communication chargé des Postes et des Télécommunications","Refers to the number of mobile porting transactions that have been carried out during the reference year"
11623,"i271pt","Mobile-cellular numbers ported ",,"count",71,"DNK","Denmark","435000.0",2007,"","National IT and Telecommunications Agency Denmark","Refers to the number of mobile porting transactions that have been carried out during the reference year"
11623,"i271pt","Mobile-cellular numbers ported ",,"count",71,"DNK","Denmark","555280.0",2008,"","National IT- and Telecom Agency NITA","Refers to the number of mobile porting transactions that have been carried out during the reference year"
11623,"i271pt","Mobile-cellular numbers ported ",,"count",71,"DNK","Denmark","583218.0",2009,"","National IT- and Telecom Agency NITA","Refers to the number of mobile porting transactions that have been carried out during the reference year"
11623,"i271pt","Mobile-cellular numbers ported ",,"count",71,"DNK","Denmark","750130.0",2010,"","National IT- and Telecom Agency NITA","Refers to the number of mobile porting transactions that have been carried out during the reference year"
11623,"i271pt","Mobile-cellular numbers ported ",,"count",71,"DNK","Denmark","949941.0",2011,"","Danish Business Authority","Refers to the number of mobile porting transactions that have been carried out during the reference year"
11623,"i271pt","Mobile-cellular numbers ported ",,"count",71,"DNK","Denmark","918003.0",2012,"","Danish Business Authority","Refers to the number of mobile porting transactions that have been carried out during the reference year"
11623,"i271pt","Mobile-cellular numbers ported ",,"count",71,"DNK","Denmark","816034.0",2013,"","Danish Business Authority","Refers to the number of mobile porting transactions that have been carried out during the reference year"
11623,"i271pt","Mobile-cellular numbers ported ",,"count",71,"DNK","Denmark","1022046.0",2014,"","Danish Energy Agency","Refers to the number of mobile porting transactions that have been carried out during the reference year"
11623,"i271pt","Mobile-cellular numbers ported ",,"count",71,"DNK","Denmark","969983.0",2015,"","Danish Energy Agency","Refers to the number of mobile porting transactions that have been carried out during the reference year"
11623,"i271pt","Mobile-cellular numbers ported ",,"count",71,"DNK","Denmark","877647.0",2016,"","Center for Tele","Refers to the number of mobile porting transactions that have been carried out during the reference year"
11623,"i271pt","Mobile-cellular numbers ported ",,"count",71,"DNK","Denmark","866310.0",2017,"","Danish Energy Agency","Refers to the number of mobile porting transactions that have been carried out during the reference year"
11623,"i271pt","Mobile-cellular numbers ported ",,"count",71,"DNK","Denmark","757911.0",2018,"","Danish Energy Agency","Refers to the number of mobile porting transactions that have been carried out during the reference year"
11623,"i271pt","Mobile-cellular numbers ported ",,"count",71,"DNK","Denmark","626865.0",2019,"","Danish Energy Agency","Refers to the number of mobile porting transactions that have been carried out during the reference year"
11623,"i271pt","Mobile-cellular numbers ported ",,"count",71,"DNK","Denmark","605340.0",2020,"","Danish Energy Agency","Refers to the number of mobile porting transactions that have been carried out during the reference year"
11623,"i271pt","Mobile-cellular numbers ported ",,"count",71,"DNK","Denmark","375180.0",2021,"Data is as of 31.12.2021. ##Historical corrections are made.","Agency for Data Supply and Infrastructure","Refers to the number of mobile porting transactions that have been carried out during the reference year"
11623,"i271pt","Mobile-cellular numbers ported ",,"count",71,"DNK","Denmark","397562.0",2022,"Data is as of 31.12.2022.#Historical corrections made.","Danish Telecom Authority, Ministry of Digital Affairs","Refers to the number of mobile porting transactions that have been carried out during the reference year"
11623,"i271pt","Mobile-cellular numbers ported ",,"count",71,"DNK","Denmark","1055927.0",2023,"Data is as of 31.12.2023.#Historical changes are made as only the sum of second half of the year was reported beforehand, meaning the amount was underreported.","Agency for Digital Government","Refers to the number of mobile porting transactions that have been carried out during the reference year"
11623,"i271pt","Mobile-cellular numbers ported ",,"count",71,"DNK","Denmark","514371.0",2024,"Data only 01.01.2024 - 30.06.2024 as collection for second half of 2024 isn't finalized yet.","Agency for Digital Government","Refers to the number of mobile porting transactions that have been carried out during the reference year"
11623,"i271pt","Mobile-cellular numbers ported ",,"count",72,"DOM","Dominican Rep.","12851.0",2009,"","Instituto Dominicano de las Telecomunicaciones (INDOTEL)","Refers to the number of mobile porting transactions that have been carried out during the reference year"
11623,"i271pt","Mobile-cellular numbers ported ",,"count",72,"DOM","Dominican Rep.","40148.0",2010,"Refers to fixed and mobile.","Instituto Dominicano de las Telecomunicaciones (INDOTEL)","Refers to the number of mobile porting transactions that have been carried out during the reference year"
11623,"i271pt","Mobile-cellular numbers ported ",,"count",72,"DOM","Dominican Rep.","39146.0",2011,"Break in comparability: from this year only fixed portability.","Instituto Dominicano de las Telecomunicaciones (INDOTEL)","Refers to the number of mobile porting transactions that have been carried out during the reference year"
11623,"i271pt","Mobile-cellular numbers ported ",,"count",72,"DOM","Dominican Rep.","35500.0",2012,"","Instituto Dominicano de las Telecomunicaciones (INDOTEL)","Refers to the number of mobile porting transactions that have been carried out during the reference year"
11623,"i271pt","Mobile-cellular numbers ported ",,"count",72,"DOM","Dominican Rep.","43557.0",2013,"","Instituto Dominicano de las Telecomunicaciones (INDOTEL)","Refers to the number of mobile porting transactions that have been carried out during the reference year"
11623,"i271pt","Mobile-cellular numbers ported ",,"count",72,"DOM","Dominican Rep.","49755.0",2014,"","Instituto Dominicano de las Telecomunicaciones (INDOTEL)","Refers to the number of mobile porting transactions that have been carried out during the reference year"
11623,"i271pt","Mobile-cellular numbers ported ",,"count",72,"DOM","Dominican Rep.","51615.0",2015,"","Instituto Dominicano de las Telecomunicaciones (INDOTEL)","Refers to the number of mobile porting transactions that have been carried out during the reference year"
11623,"i271pt","Mobile-cellular numbers ported ",,"count",72,"DOM","Dominican Rep.","65188.0",2016,"","INSTITUTO DOMINICANO DE LAS TELECOMUNICACIONES","Refers to the number of mobile porting transactions that have been carried out during the reference year"
11623,"i271pt","Mobile-cellular numbers ported ",,"count",72,"DOM","Dominican Rep.","86055.0",2017,"83% of total numbers ported.","INSTITUTO DOMINICANO DE LAS TELECOMUNICACIONES","Refers to the number of mobile porting transactions that have been carried out during the reference year"
11623,"i271pt","Mobile-cellular numbers ported ",,"count",72,"DOM","Dominican Rep.","102654.0",2018,"80% of total numbers ported.","INSTITUTO DOMINICANO DE LAS TELECOMUNICACIONES (INDOTEL)","Refers to the number of mobile porting transactions that have been carried out during the reference year"
11623,"i271pt","Mobile-cellular numbers ported ",,"count",72,"DOM","Dominican Rep.","116903.0",2019,"","Instituto Dominicano de las Telecomunicaciones (INDOTEL)","Refers to the number of mobile porting transactions that have been carried out during the reference year"
11623,"i271pt","Mobile-cellular numbers ported ",,"count",72,"DOM","Dominican Rep.","89866.0",2020,"84% of total numbers ported during 2020","Instituto Dominicano de las Telecomunicaciones (INDOTEL)","Refers to the number of mobile porting transactions that have been carried out during the reference year"
11623,"i271pt","Mobile-cellular numbers ported ",,"count",72,"DOM","Dominican Rep.","98853.0",2021,"number ported to 2021 grew by 10% compared to 2020","Instituto Dominicano de las Telecomunicaciones (INDOTEL)","Refers to the number of mobile porting transactions that have been carried out during the reference year"
11623,"i271pt","Mobile-cellular numbers ported ",,"count",72,"DOM","Dominican Rep.","1314026.0",2022,"data provided by Inetum","Instituto Dominicano de las Telecomunicaciones (INDOTEL)","Refers to the number of mobile porting transactions that have been carried out during the reference year"
11623,"i271pt","Mobile-cellular numbers ported ",,"count",72,"DOM","Dominican Rep.","1405864.0",2023,"","Instituto Dominicano de las Telecomunicaciones (INDOTEL)","Refers to the number of mobile porting transactions that have been carried out during the reference year"
11623,"i271pt","Mobile-cellular numbers ported ",,"count",72,"DOM","Dominican Rep.","1502725.0",2024,"","Instituto Dominicano de las Telecomunicaciones (INDOTEL)","Refers to the number of mobile porting transactions that have been carried out during the reference year"
11623,"i271pt","Mobile-cellular numbers ported ",,"count",73,"ESP","Spain","4502643.0",2009,"","Comisión del Mercado de las Telecomunicaciones","Refers to the number of mobile porting transactions that have been carried out during the reference year"
11623,"i271pt","Mobile-cellular numbers ported ",,"count",73,"ESP","Spain","4827719.0",2010,"","Comisión del Mercado de las Telecomunicaciones","Refers to the number of mobile porting transactions that have been carried out during the reference year"
11623,"i271pt","Mobile-cellular numbers ported ",,"count",73,"ESP","Spain","5576507.0",2011,"","Comisión del Mercado de las Telecomunicaciones","Refers to the number of mobile porting transactions that have been carried out during the reference year"
11623,"i271pt","Mobile-cellular numbers ported ",,"count",73,"ESP","Spain","5229239.0",2012,"","Comisión del Mercado de las Telecomunicaciones","Refers to the number of mobile porting transactions that have been carried out during the reference year"
11623,"i271pt","Mobile-cellular numbers ported ",,"count",73,"ESP","Spain","6770094.0",2013,"","Comisión Nacional de los Mercados y la Competencia","Refers to the number of mobile porting transactions that have been carried out during the reference year"
11623,"i271pt","Mobile-cellular numbers ported ",,"count",73,"ESP","Spain","6183240.0",2014,"Q4 (consolidated end-2014 data not yet available).","Comisión Nacional de los Mercados y la Competencia","Refers to the number of mobile porting transactions that have been carried out during the reference year"
11623,"i271pt","Mobile-cellular numbers ported ",,"count",73,"ESP","Spain","5552232.0",2015,"","Comisión Nacional de los Mercados y la Competencia","Refers to the number of mobile porting transactions that have been carried out during the reference year"
11623,"i271pt","Mobile-cellular numbers ported ",,"count",73,"ESP","Spain","5665322.0",2016,"","Comisión Nacional de los Mercados y la Competencia","Refers to the number of mobile porting transactions that have been carried out during the reference year"
11623,"i271pt","Mobile-cellular numbers ported ",,"count",73,"ESP","Spain","6518761.0",2017,"","Comisión Nacional de los Mercados y la Competencia","Refers to the number of mobile porting transactions that have been carried out during the reference year"
11623,"i271pt","Mobile-cellular numbers ported ",,"count",73,"ESP","Spain","7503155.0",2018,"","CNMC","Refers to the number of mobile porting transactions that have been carried out during the reference year"
11623,"i271pt","Mobile-cellular numbers ported ",,"count",73,"ESP","Spain","7338086.0",2019,"","Comisión Nacional de los Mercados y la Competencia","Refers to the number of mobile porting transactions that have been carried out during the reference year"
11623,"i271pt","Mobile-cellular numbers ported ",,"count",73,"ESP","Spain","6768175.0",2020,"","Comisión Nacional de los Mercados y la Competencia","Refers to the number of mobile porting transactions that have been carried out during the reference year"
11623,"i271pt","Mobile-cellular numbers ported ",,"count",73,"ESP","Spain","7188702.0",2021,"","Comisión Nacional de los Mercados y la Competencia","Refers to the number of mobile porting transactions that have been carried out during the reference year"
11623,"i271pt","Mobile-cellular numbers ported ",,"count",73,"ESP","Spain","6381360.0",2022,"","Comisión Nacional de los Mercados y la Competencia","Refers to the number of mobile porting transactions that have been carried out during the reference year"
11623,"i271pt","Mobile-cellular numbers ported ",,"count",73,"ESP","Spain","5920573.0",2023,"","Comisión Nacional de los Mercados y la Competencia","Refers to the number of mobile porting transactions that have been carried out during the reference year"
11623,"i271pt","Mobile-cellular numbers ported ",,"count",73,"ESP","Spain","5903534.0",2024,"Provisional data","Comisión Nacional de los Mercados y la Competencia","Refers to the number of mobile porting transactions that have been carried out during the reference year"
11623,"i271pt","Mobile-cellular numbers ported ",,"count",74,"EGY","Egypt","14375.0",2008,"","MCIT","Refers to the number of mobile porting transactions that have been carried out during the reference year"
11623,"i271pt","Mobile-cellular numbers ported ",,"count",74,"EGY","Egypt","16803.0",2009,"","Ministry of Communications and Information Technology","Refers to the number of mobile porting transactions that have been carried out during the reference year"
11623,"i271pt","Mobile-cellular numbers ported ",,"count",74,"EGY","Egypt","20860.0",2010,"","Ministry of Communications and Information Technology","Refers to the number of mobile porting transactions that have been carried out during the reference year"
11623,"i271pt","Mobile-cellular numbers ported ",,"count",74,"EGY","Egypt","119535.0",2011,"","Ministry of Communications and Information Technology","Refers to the number of mobile porting transactions that have been carried out during the reference year"
11623,"i271pt","Mobile-cellular numbers ported ",,"count",74,"EGY","Egypt","56923.0",2012,"","Ministry of Communications and Information Technology","Refers to the number of mobile porting transactions that have been carried out during the reference year"
11623,"i271pt","Mobile-cellular numbers ported ",,"count",74,"EGY","Egypt","56574.0",2013,"","Ministry of Communications and Information Technology","Refers to the number of mobile porting transactions that have been carried out during the reference year"
11623,"i271pt","Mobile-cellular numbers ported ",,"count",74,"EGY","Egypt","46943.0",2014,"","Ministry of Communications and Information Technology","Refers to the number of mobile porting transactions that have been carried out during the reference year"
11623,"i271pt","Mobile-cellular numbers ported ",,"count",74,"EGY","Egypt","53562.0",2015,"","Ministry of Communications and Information Technology","Refers to the number of mobile porting transactions that have been carried out during the reference year"
11623,"i271pt","Mobile-cellular numbers ported ",,"count",74,"EGY","Egypt","33365.0",2016,"","Ministry of Communications and Information Technology","Refers to the number of mobile porting transactions that have been carried out during the reference year"
11623,"i271pt","Mobile-cellular numbers ported ",,"count",74,"EGY","Egypt","32657.0",2017,"","Ministry of Communications and Information Technology","Refers to the number of mobile porting transactions that have been carried out during the reference year"
11623,"i271pt","Mobile-cellular numbers ported ",,"count",74,"EGY","Egypt","18329.0",2018,"","Ministry of Communications and Information Technology","Refers to the number of mobile porting transactions that have been carried out during the reference year"
11623,"i271pt","Mobile-cellular numbers ported ",,"count",74,"EGY","Egypt","14903.0",2019,"Estimated Figure","Ministry of Communications and Information Technology","Refers to the number of mobile porting transactions that have been carried out during the reference year"
11623,"i271pt","Mobile-cellular numbers ported ",,"count",74,"EGY","Egypt","162581.0",2020,"","Ministry of Communications and Information Technology","Refers to the number of mobile porting transactions that have been carried out during the reference year"
11623,"i271pt","Mobile-cellular numbers ported ",,"count",74,"EGY","Egypt","221537.0",2021,"Estimated Figure","Ministry of Communications and Information Technology","Refers to the number of mobile porting transactions that have been carried out during the reference year"
11623,"i271pt","Mobile-cellular numbers ported ",,"count",74,"EGY","Egypt","434814.0",2022,"Estimated figure","Ministry of Communications and Information Technology","Refers to the number of mobile porting transactions that have been carried out during the reference year"
11623,"i271pt","Mobile-cellular numbers ported ",,"count",74,"EGY","Egypt","430682.0",2023,"","Ministry of Communications and Information Technology","Refers to the number of mobile porting transactions that have been carried out during the reference year"
11623,"i271pt","Mobile-cellular numbers ported ",,"count",74,"EGY","Egypt","612822.0",2024,"Estimated figure","Ministry of Communications and Information Technology","Refers to the number of mobile porting transactions that have been carried out during the reference year"
11623,"i271pt","Mobile-cellular numbers ported ",,"count",75,"ECU","Ecuador","24953.0",2009,"","Secretaría Nacional de Telecomunicaciones (SENATEL)","Refers to the number of mobile porting transactions that have been carried out during the reference year"
11623,"i271pt","Mobile-cellular numbers ported ",,"count",75,"ECU","Ecuador","69633.0",2010,"","Secretaría Nacional de Telecomunicaciones (SENATEL)","Refers to the number of mobile porting transactions that have been carried out during the reference year"
11623,"i271pt","Mobile-cellular numbers ported ",,"count",75,"ECU","Ecuador","69118.0",2011,"","Secretaría Nacional de Telecomunicaciones (SENATEL)","Refers to the number of mobile porting transactions that have been carried out during the reference year"
11623,"i271pt","Mobile-cellular numbers ported ",,"count",75,"ECU","Ecuador","140869.0",2012,"","Secretaría Nacional de Telecomunicaciones (SENATEL)","Refers to the number of mobile porting transactions that have been carried out during the reference year"
11623,"i271pt","Mobile-cellular numbers ported ",,"count",75,"ECU","Ecuador","556744.0",2013,"","Secretaría Nacional de Telecomunicaciones (SENATEL)","Refers to the number of mobile porting transactions that have been carried out during the reference year"
11623,"i271pt","Mobile-cellular numbers ported ",,"count",75,"ECU","Ecuador","387128.0",2014,"","Agencia de Regulación y Control de las Telecomunicaciones","Refers to the number of mobile porting transactions that have been carried out during the reference year"
11623,"i271pt","Mobile-cellular numbers ported ",,"count",75,"ECU","Ecuador","360987.0",2015,"","Agencia de Regulación y Control de las Telecomunicaciones","Refers to the number of mobile porting transactions that have been carried out during the reference year"
11623,"i271pt","Mobile-cellular numbers ported ",,"count",75,"ECU","Ecuador","429945.0",2016,"","Agencia de Regulación y Control de las Telecomunicaciones","Refers to the number of mobile porting transactions that have been carried out during the reference year"
11623,"i271pt","Mobile-cellular numbers ported ",,"count",75,"ECU","Ecuador","814356.0",2017,"","Agencia de Regulación y Control de las Telecomunicaciones","Refers to the number of mobile porting transactions that have been carried out during the reference year"
11623,"i271pt","Mobile-cellular numbers ported ",,"count",75,"ECU","Ecuador","917727.0",2018,"","Agencia de Regulación y Control de las Telecomunicaciones","Refers to the number of mobile porting transactions that have been carried out during the reference year"
11623,"i271pt","Mobile-cellular numbers ported ",,"count",75,"ECU","Ecuador","660847.0",2019,"","Agencia de Regulación y Control de las Telecomunicaciones","Refers to the number of mobile porting transactions that have been carried out during the reference year"
11623,"i271pt","Mobile-cellular numbers ported ",,"count",75,"ECU","Ecuador","486683.0",2020,"","Agencia de Regulación y Control de las Telecomunicaciones","Refers to the number of mobile porting transactions that have been carried out during the reference year"
11623,"i271pt","Mobile-cellular numbers ported ",,"count",75,"ECU","Ecuador","572620.0",2021,"","Agencia de Regulación y Control de las Telecomunicaciones","Refers to the number of mobile porting transactions that have been carried out during the reference year"
11623,"i271pt","Mobile-cellular numbers ported ",,"count",75,"ECU","Ecuador","566600.0",2022,"Se suman los números portados durante todos los meses del año 2022.","Agencia de Regulación y Control de las Telecomunicaciones","Refers to the number of mobile porting transactions that have been carried out during the reference year"
11623,"i271pt","Mobile-cellular numbers ported ",,"count",75,"ECU","Ecuador","619302.0",2023,"","Agencia de Regulación y Control de las Telecomunicaciones","Refers to the number of mobile porting transactions that have been carried out during the reference year"
11623,"i271pt","Mobile-cellular numbers ported ",,"count",75,"ECU","Ecuador","464314.0",2024,"","Agencia de Regulación y Control de las Telecomunicaciones","Refers to the number of mobile porting transactions that have been carried out during the reference year"
11623,"i271pt","Mobile-cellular numbers ported ",,"count",76,"EST","Estonia","32153.0",2008,"","Estonian Competition Auhtority","Refers to the number of mobile porting transactions that have been carried out during the reference year"
11623,"i271pt","Mobile-cellular numbers ported ",,"count",76,"EST","Estonia","36867.0",2009,"","Estonian Competition Auhtority","Refers to the number of mobile porting transactions that have been carried out during the reference year"
11623,"i271pt","Mobile-cellular numbers ported ",,"count",76,"EST","Estonia","69363.0",2010,"","Estonian Competition Authority","Refers to the number of mobile porting transactions that have been carried out during the reference year"
11623,"i271pt","Mobile-cellular numbers ported ",,"count",76,"EST","Estonia","73616.0",2011,"","Estonian Competition Authority","Refers to the number of mobile porting transactions that have been carried out during the reference year"
11623,"i271pt","Mobile-cellular numbers ported ",,"count",76,"EST","Estonia","102595.0",2012,"","Estonian Competition Authority","Refers to the number of mobile porting transactions that have been carried out during the reference year"
11623,"i271pt","Mobile-cellular numbers ported ",,"count",76,"EST","Estonia","70223.0",2013,"","Estonian Technical Regulation Authority ","Refers to the number of mobile porting transactions that have been carried out during the reference year"
11623,"i271pt","Mobile-cellular numbers ported ",,"count",76,"EST","Estonia","70684.0",2014,"","Estonian Technical Regulation Authority ","Refers to the number of mobile porting transactions that have been carried out during the reference year"
11623,"i271pt","Mobile-cellular numbers ported ",,"count",76,"EST","Estonia","73369.0",2015,"","Estonian Technical Regulatory Authority","Refers to the number of mobile porting transactions that have been carried out during the reference year"
11623,"i271pt","Mobile-cellular numbers ported ",,"count",76,"EST","Estonia","71961.0",2016,"","Consumer Protection and Technical Regulatory Authority","Refers to the number of mobile porting transactions that have been carried out during the reference year"
11623,"i271pt","Mobile-cellular numbers ported ",,"count",76,"EST","Estonia","92682.0",2017,"","Consumer Protection and Technical Regulatory Authority","Refers to the number of mobile porting transactions that have been carried out during the reference year"
11623,"i271pt","Mobile-cellular numbers ported ",,"count",76,"EST","Estonia","71190.0",2018,"","Estonian Technical Regulatory Authority","Refers to the number of mobile porting transactions that have been carried out during the reference year"
11623,"i271pt","Mobile-cellular numbers ported ",,"count",76,"EST","Estonia","51374.0",2019,"","Estonian Technical Regulatory Authority","Refers to the number of mobile porting transactions that have been carried out during the reference year"
11623,"i271pt","Mobile-cellular numbers ported ",,"count",76,"EST","Estonia","59697.0",2020,"","Estonian Technical Regulatory Authority","Refers to the number of mobile porting transactions that have been carried out during the reference year"
11623,"i271pt","Mobile-cellular numbers ported ",,"count",76,"EST","Estonia","64225.0",2021,"","Estonian Technical Regulatory Authority","Refers to the number of mobile porting transactions that have been carried out during the reference year"
11623,"i271pt","Mobile-cellular numbers ported ",,"count",76,"EST","Estonia","67696.0",2022,"","Estonian Consumer Protection and Technical Regulatory Authority","Refers to the number of mobile porting transactions that have been carried out during the reference year"
11623,"i271pt","Mobile-cellular numbers ported ",,"count",76,"EST","Estonia","79946.0",2023,"","Estonian Consumer Protection and Technical Regulatory Authority","Refers to the number of mobile porting transactions that have been carried out during the reference year"
11623,"i271pt","Mobile-cellular numbers ported ",,"count",76,"EST","Estonia","71754.0",2024,"","Estonian Consumer Protection and Technical Regulatory Authority","Refers to the number of mobile porting transactions that have been carried out during the reference year"
11623,"i271pt","Mobile-cellular numbers ported ",,"count",78,"FRA","France","1400000.0",2008,"","Autorité de Régulation des Communications électroniques et des postes","Refers to the number of mobile porting transactions that have been carried out during the reference year"
11623,"i271pt","Mobile-cellular numbers ported ",,"count",78,"FRA","France","1800000.0",2009,"","Autorité de Régulation des Communications électroniques et des postes","Refers to the number of mobile porting transactions that have been carried out during the reference year"
11623,"i271pt","Mobile-cellular numbers ported ",,"count",78,"FRA","France","2300000.0",2010,"","Autorité de Régulation des Communications électroniques et des postes","Refers to the number of mobile porting transactions that have been carried out during the reference year"
11623,"i271pt","Mobile-cellular numbers ported ",,"count",78,"FRA","France","3300000.0",2011,"","Autorité de Régulation des Communications électroniques et des postes","Refers to the number of mobile porting transactions that have been carried out during the reference year"
11623,"i271pt","Mobile-cellular numbers ported ",,"count",78,"FRA","France","7200000.0",2012,"","Autorité de Régulation des Communications électroniques et des postes","Refers to the number of mobile porting transactions that have been carried out during the reference year"
11623,"i271pt","Mobile-cellular numbers ported ",,"count",78,"FRA","France","6200000.0",2013,"","Autorité de Régulation des Communications électroniques et des postes","Refers to the number of mobile porting transactions that have been carried out during the reference year"
11623,"i271pt","Mobile-cellular numbers ported ",,"count",78,"FRA","France","5614000.0",2014,"","Autorité de Régulation des Communications électroniques et des postes","Refers to the number of mobile porting transactions that have been carried out during the reference year"
11623,"i271pt","Mobile-cellular numbers ported ",,"count",78,"FRA","France","6016000.0",2015,"","Autorité de régulation des communications électroniques et des postes","Refers to the number of mobile porting transactions that have been carried out during the reference year"
11623,"i271pt","Mobile-cellular numbers ported ",,"count",78,"FRA","France","6908000.0",2016,"","ARCEP","Refers to the number of mobile porting transactions that have been carried out during the reference year"
11623,"i271pt","Mobile-cellular numbers ported ",,"count",78,"FRA","France","7705000.0",2017,"","ARCEP","Refers to the number of mobile porting transactions that have been carried out during the reference year"
11623,"i271pt","Mobile-cellular numbers ported ",,"count",78,"FRA","France","8225000.0",2018,"","ARCEP","Refers to the number of mobile porting transactions that have been carried out during the reference year"
11623,"i271pt","Mobile-cellular numbers ported ",,"count",78,"FRA","France","6346000.0",2019,"","ARCEP","Refers to the number of mobile porting transactions that have been carried out during the reference year"
11623,"i271pt","Mobile-cellular numbers ported ",,"count",78,"FRA","France","6999000.0",2021,"","Autorité de Régulation des Communications électroniques et des postes","Refers to the number of mobile porting transactions that have been carried out during the reference year"
11623,"i271pt","Mobile-cellular numbers ported ",,"count",78,"FRA","France","6510000.0",2022,"corrections (aussi en 2021 : 6 999 000)","Autorité de Régulation des Communications électroniques, des postes et de la distribution de la presse","Refers to the number of mobile porting transactions that have been carried out during the reference year"
11623,"i271pt","Mobile-cellular numbers ported ",,"count",78,"FRA","France","6879000.0",2023,"","Autorité de Régulation des Communications électroniques, des postes et de la distribution de la presse","Refers to the number of mobile porting transactions that have been carried out during the reference year"
11623,"i271pt","Mobile-cellular numbers ported ",,"count",79,"FJI","Fiji","0.0",2018,"","Ministry of Communications","Refers to the number of mobile porting transactions that have been carried out during the reference year"
11623,"i271pt","Mobile-cellular numbers ported ",,"count",79,"FJI","Fiji","0.0",2019,"","Ministry of Communications","Refers to the number of mobile porting transactions that have been carried out during the reference year"
11623,"i271pt","Mobile-cellular numbers ported ",,"count",79,"FJI","Fiji","0.0",2020,"","Ministry of Communications","Refers to the number of mobile porting transactions that have been carried out during the reference year"
11623,"i271pt","Mobile-cellular numbers ported ",,"count",81,"FIN","Finland","430000.0",2008,"","Numpac Oy.","Refers to the number of mobile porting transactions that have been carried out during the reference year"
11623,"i271pt","Mobile-cellular numbers ported ",,"count",81,"FIN","Finland","575000.0",2009,"","Numpac Oy.","Refers to the number of mobile porting transactions that have been carried out during the reference year"
11623,"i271pt","Mobile-cellular numbers ported ",,"count",81,"FIN","Finland","609000.0",2010,"","Numpac Oy.","Refers to the number of mobile porting transactions that have been carried out during the reference year"
11623,"i271pt","Mobile-cellular numbers ported ",,"count",81,"FIN","Finland","616000.0",2011,"","Numpac Oy.","Refers to the number of mobile porting transactions that have been carried out during the reference year"
11623,"i271pt","Mobile-cellular numbers ported ",,"count",81,"FIN","Finland","656000.0",2012,"The figure is published by Numpac Oy.","Finnish Communications Regulatory Authority (FICORA)","Refers to the number of mobile porting transactions that have been carried out during the reference year"
11623,"i271pt","Mobile-cellular numbers ported ",,"count",81,"FIN","Finland","716000.0",2013,"The figure is published by Numpac Oy.","Finnish Communications Regulatory Authority (FICORA)","Refers to the number of mobile porting transactions that have been carried out during the reference year"
11623,"i271pt","Mobile-cellular numbers ported ",,"count",81,"FIN","Finland","857000.0",2014,"The figure is published by Numpac Oy.","Finnish Communications Regulatory Authority (FICORA)","Refers to the number of mobile porting transactions that have been carried out during the reference year"
11623,"i271pt","Mobile-cellular numbers ported ",,"count",81,"FIN","Finland","740000.0",2015,"The figure is published by Numpac Oy.","Finnish Communications Regulatory Authority (FICORA)","Refers to the number of mobile porting transactions that have been carried out during the reference year"
11623,"i271pt","Mobile-cellular numbers ported ",,"count",81,"FIN","Finland","720700.0",2016,"The figure is published by Numpac Oy.","Finnish Transport and Communications Agency Traficom","Refers to the number of mobile porting transactions that have been carried out during the reference year"
11623,"i271pt","Mobile-cellular numbers ported ",,"count",81,"FIN","Finland","849900.0",2017,"The figure is published by Numpac Oy.","Finnish Transport and Communications Agency Traficom","Refers to the number of mobile porting transactions that have been carried out during the reference year"
11623,"i271pt","Mobile-cellular numbers ported ",,"count",81,"FIN","Finland","868000.0",2018,"The figure is published by Numpac Oy.","Finnish Transport and Communications Agency, Traficom","Refers to the number of mobile porting transactions that have been carried out during the reference year"
11623,"i271pt","Mobile-cellular numbers ported ",,"count",81,"FIN","Finland","884600.0",2019,"The figure is published by Numpac Oy.","Finnish Transport and Communications Agency ","Refers to the number of mobile porting transactions that have been carried out during the reference year"
11623,"i271pt","Mobile-cellular numbers ported ",,"count",81,"FIN","Finland","754900.0",2020,"The figure is published by Numpac Oy.","Finnish Transport and Communications Agency ","Refers to the number of mobile porting transactions that have been carried out during the reference year"
11623,"i271pt","Mobile-cellular numbers ported ",,"count",81,"FIN","Finland","815700.0",2021,"The figure is published by Numpac Oy.","Finnish Transport and Communications Agency","Refers to the number of mobile porting transactions that have been carried out during the reference year"
11623,"i271pt","Mobile-cellular numbers ported ",,"count",81,"FIN","Finland","752444.0",2022,"The figure is published by Numpac Oy.","Finnish Transport and Communications Agency","Refers to the number of mobile porting transactions that have been carried out during the reference year"
11623,"i271pt","Mobile-cellular numbers ported ",,"count",81,"FIN","Finland","550454.0",2023,"The figure is published by Numpac Oy.","Finnish Transport and Communications Agency","Refers to the number of mobile porting transactions that have been carried out during the reference year"
11623,"i271pt","Mobile-cellular numbers ported ",,"count",81,"FIN","Finland","682806.0",2024,"The figure is published by Numpac Oy.","Finnish Transport and Communications Agency","Refers to the number of mobile porting transactions that have been carried out during the reference year"
11623,"i271pt","Mobile-cellular numbers ported ",,"count",90,"GHA","Ghana","176549.0",2011,"","National Communications Authority","Refers to the number of mobile porting transactions that have been carried out during the reference year"
11623,"i271pt","Mobile-cellular numbers ported ",,"count",90,"GHA","Ghana","554803.0",2012,"","National Communications Authority","Refers to the number of mobile porting transactions that have been carried out during the reference year"
11623,"i271pt","Mobile-cellular numbers ported ",,"count",90,"GHA","Ghana","1885856.0",2014,"","National Communications Authority","Refers to the number of mobile porting transactions that have been carried out during the reference year"
11623,"i271pt","Mobile-cellular numbers ported ",,"count",90,"GHA","Ghana","2380039.0",2015,"","National Communications Authority","Refers to the number of mobile porting transactions that have been carried out during the reference year"
11623,"i271pt","Mobile-cellular numbers ported ",,"count",90,"GHA","Ghana","3047387.0",2016,"","National Communications Authority (NCA)","Refers to the number of mobile porting transactions that have been carried out during the reference year"
11623,"i271pt","Mobile-cellular numbers ported ",,"count",90,"GHA","Ghana","3911616.0",2017,"","National Communications Authority","Refers to the number of mobile porting transactions that have been carried out during the reference year"
11623,"i271pt","Mobile-cellular numbers ported ",,"count",90,"GHA","Ghana","4027366.0",2018,"","National Communications Authority (NCA)","Refers to the number of mobile porting transactions that have been carried out during the reference year"
11623,"i271pt","Mobile-cellular numbers ported ",,"count",90,"GHA","Ghana","4411924.0",2019,"The 4,411,924 refers to the total number of mobile numbers ported since the inception of MNP in Ghana in year 2011. Total numbers ported in 2019 only is 384,558","National Communications Authority","Refers to the number of mobile porting transactions that have been carried out during the reference year"
11623,"i271pt","Mobile-cellular numbers ported ",,"count",90,"GHA","Ghana","4648035.0",2020,"The 4648035 refers to the total number of mobile numbers ported since the inception of MNP in Ghana in July 2011. Total numbers ported in 2020 only is 236,111","National Communications Authority","Refers to the number of mobile porting transactions that have been carried out during the reference year"
11623,"i271pt","Mobile-cellular numbers ported ",,"count",90,"GHA","Ghana","5333.0",2022,"","National Communications Authority","Refers to the number of mobile porting transactions that have been carried out during the reference year"
11623,"i271pt","Mobile-cellular numbers ported ",,"count",90,"GHA","Ghana","1113.0",2023,"frequency of porting has declined","National Communications Authority","Refers to the number of mobile porting transactions that have been carried out during the reference year"
11623,"i271pt","Mobile-cellular numbers ported ",,"count",91,"GIB","Gibraltar","461.0",2017,"","Gibraltar Regulatory Authority","Refers to the number of mobile porting transactions that have been carried out during the reference year"
11623,"i271pt","Mobile-cellular numbers ported ",,"count",91,"GIB","Gibraltar","659.0",2018,"","Gibraltar Regulatory Authority","Refers to the number of mobile porting transactions that have been carried out during the reference year"
11623,"i271pt","Mobile-cellular numbers ported ",,"count",91,"GIB","Gibraltar","0.0",2019,"Feb 2019 saw the cessation of operations of one of two mobile operators resulting in significant drop in subscribers. Gibtelecom now only mobile provider.","Gibraltar Regulatory Authority","Refers to the number of mobile porting transactions that have been carried out during the reference year"
11623,"i271pt","Mobile-cellular numbers ported ",,"count",91,"GIB","Gibraltar","0.0",2020,"","Gibraltar Regulatory Authority","Refers to the number of mobile porting transactions that have been carried out during the reference year"
11623,"i271pt","Mobile-cellular numbers ported ",,"count",91,"GIB","Gibraltar","0.0",2021,"","Gibraltar Regulatory Authority","Refers to the number of mobile porting transactions that have been carried out during the reference year"
11623,"i271pt","Mobile-cellular numbers ported ",,"count",92,"GMB","Gambia","0.0",2014,"No Mobile Number Portability","The Gambia Public Utilities Regulatory Authority","Refers to the number of mobile porting transactions that have been carried out during the reference year"
11623,"i271pt","Mobile-cellular numbers ported ",,"count",92,"GMB","Gambia","0.0",2015,"No Mobile Number Portability","The Gambia Public Utilities Regulatory Authority","Refers to the number of mobile porting transactions that have been carried out during the reference year"
11623,"i271pt","Mobile-cellular numbers ported ",,"count",95,"GRC","Greece","358517.0",2007,"","Hellenic Telecommunications and Post Commission","Refers to the number of mobile porting transactions that have been carried out during the reference year"
11623,"i271pt","Mobile-cellular numbers ported ",,"count",95,"GRC","Greece","362601.0",2008,"","Hellenic Telecommunications and Post Commission","Refers to the number of mobile porting transactions that have been carried out during the reference year"
11623,"i271pt","Mobile-cellular numbers ported ",,"count",95,"GRC","Greece","486815.0",2009,"","Hellenic Telecommunications & Post Commission","Refers to the number of mobile porting transactions that have been carried out during the reference year"
11623,"i271pt","Mobile-cellular numbers ported ",,"count",95,"GRC","Greece","648074.0",2010,"","Hellenic Telecommunications & Post Commission","Refers to the number of mobile porting transactions that have been carried out during the reference year"
11623,"i271pt","Mobile-cellular numbers ported ",,"count",95,"GRC","Greece","506413.0",2011,"","Hellenic Telecommunications & Post Commission","Refers to the number of mobile porting transactions that have been carried out during the reference year"
11623,"i271pt","Mobile-cellular numbers ported ",,"count",95,"GRC","Greece","459941.0",2012,"","Hellenic Telecommunications & Post Commission","Refers to the number of mobile porting transactions that have been carried out during the reference year"
11623,"i271pt","Mobile-cellular numbers ported ",,"count",95,"GRC","Greece","589368.0",2013,"","Hellenic Telecommunications & Post Commission","Refers to the number of mobile porting transactions that have been carried out during the reference year"
11623,"i271pt","Mobile-cellular numbers ported ",,"count",95,"GRC","Greece","495032.0",2014,"","Hellenic Telecommunications & Post Commission","Refers to the number of mobile porting transactions that have been carried out during the reference year"
11623,"i271pt","Mobile-cellular numbers ported ",,"count",95,"GRC","Greece","456247.0",2015,"","Hellenic Telecommunications & Post Commission","Refers to the number of mobile porting transactions that have been carried out during the reference year"
11623,"i271pt","Mobile-cellular numbers ported ",,"count",95,"GRC","Greece","399763.0",2016,"","Hellenic Telecommunications & Post Commission","Refers to the number of mobile porting transactions that have been carried out during the reference year"
11623,"i271pt","Mobile-cellular numbers ported ",,"count",95,"GRC","Greece","314845.0",2017,"","Hellenic Telecommunications & Post Commission","Refers to the number of mobile porting transactions that have been carried out during the reference year"
11623,"i271pt","Mobile-cellular numbers ported ",,"count",95,"GRC","Greece","255694.0",2018,"","HELLENIC TELECOMMUNICATIONS & POST COMMISSION","Refers to the number of mobile porting transactions that have been carried out during the reference year"
11623,"i271pt","Mobile-cellular numbers ported ",,"count",95,"GRC","Greece","302838.0",2019,"","Hellenic Telecommunications & Post Commission","Refers to the number of mobile porting transactions that have been carried out during the reference year"
11623,"i271pt","Mobile-cellular numbers ported ",,"count",95,"GRC","Greece","291740.0",2020,"","Hellenic Telecommunications & Post Commission","Refers to the number of mobile porting transactions that have been carried out during the reference year"
11623,"i271pt","Mobile-cellular numbers ported ",,"count",95,"GRC","Greece","383868.0",2021,"","Hellenic Telecommunications & Post Commission","Refers to the number of mobile porting transactions that have been carried out during the reference year"
11623,"i271pt","Mobile-cellular numbers ported ",,"count",95,"GRC","Greece","429045.0",2022,"Updated value","Hellenic Telecommunications & Post Commission","Refers to the number of mobile porting transactions that have been carried out during the reference year"
11623,"i271pt","Mobile-cellular numbers ported ",,"count",95,"GRC","Greece","673187.0",2023,"","Hellenic Telecommunications & Post Commission","Refers to the number of mobile porting transactions that have been carried out during the reference year"
11623,"i271pt","Mobile-cellular numbers ported ",,"count",95,"GRC","Greece","633665.0",2024,"","Hellenic Telecommunications & Post Commission","Refers to the number of mobile porting transactions that have been carried out during the reference year"
11623,"i271pt","Mobile-cellular numbers ported ",,"count",96,"GRD","Grenada","0.0",2017,"no number portability","National Telecommunications Regulatory Commission","Refers to the number of mobile porting transactions that have been carried out during the reference year"
11623,"i271pt","Mobile-cellular numbers ported ",,"count",97,"GRL","Greenland","0.0",2008,"","Tele Greenland A/S","Refers to the number of mobile porting transactions that have been carried out during the reference year"
11623,"i271pt","Mobile-cellular numbers ported ",,"count",97,"GRL","Greenland","0.0",2009,"","Tele Greenland A/S","Refers to the number of mobile porting transactions that have been carried out during the reference year"
11623,"i271pt","Mobile-cellular numbers ported ",,"count",97,"GRL","Greenland","0.0",2010,"","Tele Greenland A/S","Refers to the number of mobile porting transactions that have been carried out during the reference year"
11623,"i271pt","Mobile-cellular numbers ported ",,"count",97,"GRL","Greenland","0.0",2011,"","Tele Greenland A/S","Refers to the number of mobile porting transactions that have been carried out during the reference year"
11623,"i271pt","Mobile-cellular numbers ported ",,"count",97,"GRL","Greenland","0.0",2012,"","Tele Greenland A/S","Refers to the number of mobile porting transactions that have been carried out during the reference year"
11623,"i271pt","Mobile-cellular numbers ported ",,"count",98,"GTM","Guatemala","0.0",2012,"Number portability not available.","Superintendencia de Telecomunicaciones (SIT)","Refers to the number of mobile porting transactions that have been carried out during the reference year"
11623,"i271pt","Mobile-cellular numbers ported ",,"count",98,"GTM","Guatemala","0.0",2013,"Number portability not available.","Superintendencia de Telecomunicaciones (SIT)","Refers to the number of mobile porting transactions that have been carried out during the reference year"
11623,"i271pt","Mobile-cellular numbers ported ",,"count",98,"GTM","Guatemala","0.0",2014,"Number portability not available.","Superintendencia de Telecomunicaciones (SIT)","Refers to the number of mobile porting transactions that have been carried out during the reference year"
11623,"i271pt","Mobile-cellular numbers ported ",,"count",98,"GTM","Guatemala","0.0",2015,"Number portability not available.","Superintendencia de Telecomunicaciones (SIT)","Refers to the number of mobile porting transactions that have been carried out during the reference year"
11623,"i271pt","Mobile-cellular numbers ported ",,"count",98,"GTM","Guatemala","0.0",2016,"Number portability not available.","Superintendencia de Telecomunicaciones","Refers to the number of mobile porting transactions that have been carried out during the reference year"
11623,"i271pt","Mobile-cellular numbers ported ",,"count",98,"GTM","Guatemala","0.0",2017,"Number portability is not available.","Superintendencia de Telecomunicaciones","Refers to the number of mobile porting transactions that have been carried out during the reference year"
11623,"i271pt","Mobile-cellular numbers ported ",,"count",98,"GTM","Guatemala","0.0",2018,"Number portability is not available.","Superintendencia de Telecomunicaciones","Refers to the number of mobile porting transactions that have been carried out during the reference year"
11623,"i271pt","Mobile-cellular numbers ported ",,"count",100,"GIN","Guinea","0.0",2016,"","Ministère des Postes , des Télécommunications et de l'Economie Numérique ","Refers to the number of mobile porting transactions that have been carried out during the reference year"
11623,"i271pt","Mobile-cellular numbers ported ",,"count",100,"GIN","Guinea","0.0",2017,"","Ministère des Postes , des Télécommunications et de l'Economie Numérique ","Refers to the number of mobile porting transactions that have been carried out during the reference year"
11623,"i271pt","Mobile-cellular numbers ported ",,"count",102,"GUY","Guyana","0.0",2007,"","National Frequency Management Unit","Refers to the number of mobile porting transactions that have been carried out during the reference year"
11623,"i271pt","Mobile-cellular numbers ported ",,"count",102,"GUY","Guyana","0.0",2008,"","National Frequency Management Unit","Refers to the number of mobile porting transactions that have been carried out during the reference year"
11623,"i271pt","Mobile-cellular numbers ported ",,"count",102,"GUY","Guyana","0.0",2009,"","National Frequency Management Unit","Refers to the number of mobile porting transactions that have been carried out during the reference year"
11623,"i271pt","Mobile-cellular numbers ported ",,"count",102,"GUY","Guyana","0.0",2010,"","National Frequency Management Unit","Refers to the number of mobile porting transactions that have been carried out during the reference year"
11623,"i271pt","Mobile-cellular numbers ported ",,"count",102,"GUY","Guyana","0.0",2011,"","National Frequency Management Unit","Refers to the number of mobile porting transactions that have been carried out during the reference year"
11623,"i271pt","Mobile-cellular numbers ported ",,"count",102,"GUY","Guyana","0.0",2016,"","National Frequency Management Unit","Refers to the number of mobile porting transactions that have been carried out during the reference year"
11623,"i271pt","Mobile-cellular numbers ported ",,"count",103,"HKG","Hong Kong, China","1413541.0",2007,"","Office of the Telecommunications Authority","Refers to the number of mobile porting transactions that have been carried out during the reference year"
11623,"i271pt","Mobile-cellular numbers ported ",,"count",103,"HKG","Hong Kong, China","1518405.0",2008,"","Office of the Telecommunications Authority","Refers to the number of mobile porting transactions that have been carried out during the reference year"
11623,"i271pt","Mobile-cellular numbers ported ",,"count",103,"HKG","Hong Kong, China","1233045.0",2009,"","Office of the Telecommunications Authority","Refers to the number of mobile porting transactions that have been carried out during the reference year"
11623,"i271pt","Mobile-cellular numbers ported ",,"count",103,"HKG","Hong Kong, China","1301713.0",2010,"","Office of the Telecommunications Authority","Refers to the number of mobile porting transactions that have been carried out during the reference year"
11623,"i271pt","Mobile-cellular numbers ported ",,"count",103,"HKG","Hong Kong, China","1142699.0",2011,"","Office of the Communications Authority","Refers to the number of mobile porting transactions that have been carried out during the reference year"
11623,"i271pt","Mobile-cellular numbers ported ",,"count",103,"HKG","Hong Kong, China","1170781.0",2012,"","Office of the Communications Authority","Refers to the number of mobile porting transactions that have been carried out during the reference year"
11623,"i271pt","Mobile-cellular numbers ported ",,"count",103,"HKG","Hong Kong, China","894577.0",2013,"","Office of the Communications Authority","Refers to the number of mobile porting transactions that have been carried out during the reference year"
11623,"i271pt","Mobile-cellular numbers ported ",,"count",103,"HKG","Hong Kong, China","713240.0",2014,"","Office of the Communications Authority","Refers to the number of mobile porting transactions that have been carried out during the reference year"
11623,"i271pt","Mobile-cellular numbers ported ",,"count",103,"HKG","Hong Kong, China","706750.0",2015,"","Office of the Communications Authority","Refers to the number of mobile porting transactions that have been carried out during the reference year"
11623,"i271pt","Mobile-cellular numbers ported ",,"count",103,"HKG","Hong Kong, China","765430.0",2016,"","Office of the Communications Authority","Refers to the number of mobile porting transactions that have been carried out during the reference year"
11623,"i271pt","Mobile-cellular numbers ported ",,"count",103,"HKG","Hong Kong, China","686380.0",2017,"","Office of the Communications Authority","Refers to the number of mobile porting transactions that have been carried out during the reference year"
11623,"i271pt","Mobile-cellular numbers ported ",,"count",103,"HKG","Hong Kong, China","687631.0",2018,"","Office of the Communications Authority","Refers to the number of mobile porting transactions that have been carried out during the reference year"
11623,"i271pt","Mobile-cellular numbers ported ",,"count",103,"HKG","Hong Kong, China","728170.0",2019,"","Office of the Communications Authority","Refers to the number of mobile porting transactions that have been carried out during the reference year"
11623,"i271pt","Mobile-cellular numbers ported ",,"count",103,"HKG","Hong Kong, China","711010.0",2020,"","Office of the Communications Authority","Refers to the number of mobile porting transactions that have been carried out during the reference year"
11623,"i271pt","Mobile-cellular numbers ported ",,"count",103,"HKG","Hong Kong, China","801717.0",2021,"","Office of the Communications Authority","Refers to the number of mobile porting transactions that have been carried out during the reference year"
11623,"i271pt","Mobile-cellular numbers ported ",,"count",103,"HKG","Hong Kong, China","748731.0",2022,"","Office of the Communications Authority","Refers to the number of mobile porting transactions that have been carried out during the reference year"
11623,"i271pt","Mobile-cellular numbers ported ",,"count",103,"HKG","Hong Kong, China","699357.0",2023,"","Office of the Communications Authority","Refers to the number of mobile porting transactions that have been carried out during the reference year"
11623,"i271pt","Mobile-cellular numbers ported ",,"count",103,"HKG","Hong Kong, China","687243.0",2024,"","Office of the Communications Authority","Refers to the number of mobile porting transactions that have been carried out during the reference year"
11623,"i271pt","Mobile-cellular numbers ported ",,"count",104,"HND","Honduras","40632.0",2014,"","Comisión Nacional de Telecomunicaciones (CONATEL)","Refers to the number of mobile porting transactions that have been carried out during the reference year"
11623,"i271pt","Mobile-cellular numbers ported ",,"count",104,"HND","Honduras","23261.0",2015,"","Comisión Nacional de Telecomunicaciones (CONATEL)","Refers to the number of mobile porting transactions that have been carried out during the reference year"
11623,"i271pt","Mobile-cellular numbers ported ",,"count",104,"HND","Honduras","27859.0",2016,"","Conatel","Refers to the number of mobile porting transactions that have been carried out during the reference year"
11623,"i271pt","Mobile-cellular numbers ported ",,"count",104,"HND","Honduras","26101.0",2017,"","CONATEL","Refers to the number of mobile porting transactions that have been carried out during the reference year"
11623,"i271pt","Mobile-cellular numbers ported ",,"count",104,"HND","Honduras","47018.0",2018,"","Comisión Nacional de Telecomunicaciones (CONATEL)","Refers to the number of mobile porting transactions that have been carried out during the reference year"
11623,"i271pt","Mobile-cellular numbers ported ",,"count",104,"HND","Honduras","34692.0",2019,"","Comisión Nacional de Telecomunicaciones (CONATEL)","Refers to the number of mobile porting transactions that have been carried out during the reference year"
11623,"i271pt","Mobile-cellular numbers ported ",,"count",104,"HND","Honduras","23453.0",2020,"","Comisión Nacional de Telecomunicaciones (CONATEL)","Refers to the number of mobile porting transactions that have been carried out during the reference year"
11623,"i271pt","Mobile-cellular numbers ported ",,"count",104,"HND","Honduras","49386.0",2021,"","Comisión Nacional de Telecomunicaciones (CONATEL)","Refers to the number of mobile porting transactions that have been carried out during the reference year"
11623,"i271pt","Mobile-cellular numbers ported ",,"count",104,"HND","Honduras","44576.0",2022,"","Comisión Nacional de Telecomunicaciones (CONATEL)","Refers to the number of mobile porting transactions that have been carried out during the reference year"
11623,"i271pt","Mobile-cellular numbers ported ",,"count",104,"HND","Honduras","41270.0",2023,"","Comisión Nacional de Telecomunicaciones (CONATEL)","Refers to the number of mobile porting transactions that have been carried out during the reference year"
11623,"i271pt","Mobile-cellular numbers ported ",,"count",104,"HND","Honduras","45687.0",2024,"","Comisión Nacional de Telecomunicaciones (CONATEL)","Refers to the number of mobile porting transactions that have been carried out during the reference year"
11623,"i271pt","Mobile-cellular numbers ported ",,"count",105,"HUN","Hungary","51772.0",2007,"","National Communications Authority, Hungary (NCAH)","Refers to the number of mobile porting transactions that have been carried out during the reference year"
11623,"i271pt","Mobile-cellular numbers ported ",,"count",105,"HUN","Hungary","51709.0",2008,"","National Communications Authority, Hungary (NCAH)","Refers to the number of mobile porting transactions that have been carried out during the reference year"
11623,"i271pt","Mobile-cellular numbers ported ",,"count",105,"HUN","Hungary","63060.0",2009,"","National Communications Authority, Hungary (NCAH)","Refers to the number of mobile porting transactions that have been carried out during the reference year"
11623,"i271pt","Mobile-cellular numbers ported ",,"count",105,"HUN","Hungary","63902.0",2010,"","National Media and Infocommunications Authority","Refers to the number of mobile porting transactions that have been carried out during the reference year"
11623,"i271pt","Mobile-cellular numbers ported ",,"count",105,"HUN","Hungary","56378.0",2011,"","National Media and Infocommunications Authority","Refers to the number of mobile porting transactions that have been carried out during the reference year"
11623,"i271pt","Mobile-cellular numbers ported ",,"count",105,"HUN","Hungary","109249.0",2012,"","National Media and Infocommunications Authority","Refers to the number of mobile porting transactions that have been carried out during the reference year"
11623,"i271pt","Mobile-cellular numbers ported ",,"count",105,"HUN","Hungary","126213.0",2014,"","National Media and Infocommunications Authority","Refers to the number of mobile porting transactions that have been carried out during the reference year"
11623,"i271pt","Mobile-cellular numbers ported ",,"count",105,"HUN","Hungary","119077.0",2015,"","National Media and Infocommunications Authority","Refers to the number of mobile porting transactions that have been carried out during the reference year"
11623,"i271pt","Mobile-cellular numbers ported ",,"count",105,"HUN","Hungary","108150.0",2016,"","National Media and Infocommunications Authority","Refers to the number of mobile porting transactions that have been carried out during the reference year"
11623,"i271pt","Mobile-cellular numbers ported ",,"count",105,"HUN","Hungary","108176.0",2017,"","National Media and Infocommunications Authority","Refers to the number of mobile porting transactions that have been carried out during the reference year"
11623,"i271pt","Mobile-cellular numbers ported ",,"count",105,"HUN","Hungary","122534.0",2018,"","National Media and Infocommunications Authority","Refers to the number of mobile porting transactions that have been carried out during the reference year"
11623,"i271pt","Mobile-cellular numbers ported ",,"count",105,"HUN","Hungary","110904.0",2019,"","National Media and Infocommunications Authority","Refers to the number of mobile porting transactions that have been carried out during the reference year"
11623,"i271pt","Mobile-cellular numbers ported ",,"count",105,"HUN","Hungary","72547.0",2020,"","National Media and Infocommunications Authority","Refers to the number of mobile porting transactions that have been carried out during the reference year"
11623,"i271pt","Mobile-cellular numbers ported ",,"count",105,"HUN","Hungary","84000.0",2021,"","National Media and Infocommunications Authority","Refers to the number of mobile porting transactions that have been carried out during the reference year"
11623,"i271pt","Mobile-cellular numbers ported ",,"count",105,"HUN","Hungary","265863.0",2022,"","National Media and Infocommunications Authority","Refers to the number of mobile porting transactions that have been carried out during the reference year"
11623,"i271pt","Mobile-cellular numbers ported ",,"count",105,"HUN","Hungary","289386.0",2023,"data revised for 2023","National Media and Infocommunications Authority","Refers to the number of mobile porting transactions that have been carried out during the reference year"
11623,"i271pt","Mobile-cellular numbers ported ",,"count",105,"HUN","Hungary","394535.0",2024,"","National Media and Infocommunications Authority","Refers to the number of mobile porting transactions that have been carried out during the reference year"
11623,"i271pt","Mobile-cellular numbers ported ",,"count",106,"NLD","Netherlands","1086584.0",2012,"COIN data.","Authority for Consumers and Markets","Refers to the number of mobile porting transactions that have been carried out during the reference year"
11623,"i271pt","Mobile-cellular numbers ported ",,"count",106,"NLD","Netherlands","1193325.0",2014,"COIN data.","Authority for Consumers and Markets","Refers to the number of mobile porting transactions that have been carried out during the reference year"
11623,"i271pt","Mobile-cellular numbers ported ",,"count",107,"HRV","Croatia","34770.0",2007,"","ITU based on data from HAKOM","Refers to the number of mobile porting transactions that have been carried out during the reference year"
11623,"i271pt","Mobile-cellular numbers ported ",,"count",107,"HRV","Croatia","31330.0",2008,"","ITU based on data from HAKOM","Refers to the number of mobile porting transactions that have been carried out during the reference year"
11623,"i271pt","Mobile-cellular numbers ported ",,"count",107,"HRV","Croatia","44110.0",2009,"","ITU based on data from HAKOM","Refers to the number of mobile porting transactions that have been carried out during the reference year"
11623,"i271pt","Mobile-cellular numbers ported ",,"count",107,"HRV","Croatia","84682.0",2010,"","ITU based on data from HAKOM","Refers to the number of mobile porting transactions that have been carried out during the reference year"
11623,"i271pt","Mobile-cellular numbers ported ",,"count",107,"HRV","Croatia","99987.0",2011,"","ITU based on data from HAKOM","Refers to the number of mobile porting transactions that have been carried out during the reference year"
11623,"i271pt","Mobile-cellular numbers ported ",,"count",107,"HRV","Croatia","181402.0",2012,"","ITU based on data from HAKOM","Refers to the number of mobile porting transactions that have been carried out during the reference year"
11623,"i271pt","Mobile-cellular numbers ported ",,"count",107,"HRV","Croatia","146366.0",2013,"","Croatian Regulatory Authority for Network Industries","Refers to the number of mobile porting transactions that have been carried out during the reference year"
11623,"i271pt","Mobile-cellular numbers ported ",,"count",107,"HRV","Croatia","230230.0",2014,"","Croatian Regulatory Authority for Network Industries","Refers to the number of mobile porting transactions that have been carried out during the reference year"
11623,"i271pt","Mobile-cellular numbers ported ",,"count",107,"HRV","Croatia","158521.0",2015,"","Croatian Regulatory Authority for Network Industries","Refers to the number of mobile porting transactions that have been carried out during the reference year"
11623,"i271pt","Mobile-cellular numbers ported ",,"count",107,"HRV","Croatia","176739.0",2016,"","HAKOM","Refers to the number of mobile porting transactions that have been carried out during the reference year"
11623,"i271pt","Mobile-cellular numbers ported ",,"count",107,"HRV","Croatia","184154.0",2017,"","HAKOM","Refers to the number of mobile porting transactions that have been carried out during the reference year"
11623,"i271pt","Mobile-cellular numbers ported ",,"count",107,"HRV","Croatia","205600.0",2018,"","HAKOM","Refers to the number of mobile porting transactions that have been carried out during the reference year"
11623,"i271pt","Mobile-cellular numbers ported ",,"count",107,"HRV","Croatia","200874.0",2019,"","Croatian Regulatory Authority for Network Industries","Refers to the number of mobile porting transactions that have been carried out during the reference year"
11623,"i271pt","Mobile-cellular numbers ported ",,"count",107,"HRV","Croatia","171148.0",2020,"","Croatian Regulatory Authority for Network Industries","Refers to the number of mobile porting transactions that have been carried out during the reference year"
11623,"i271pt","Mobile-cellular numbers ported ",,"count",107,"HRV","Croatia","234998.0",2021,"","Croatian Regulatory Authority for Network Industries","Refers to the number of mobile porting transactions that have been carried out during the reference year"
11623,"i271pt","Mobile-cellular numbers ported ",,"count",107,"HRV","Croatia","253989.0",2022,"corected 252947 to","Croatian Regulatory Authority for Network Industries","Refers to the number of mobile porting transactions that have been carried out during the reference year"
11623,"i271pt","Mobile-cellular numbers ported ",,"count",107,"HRV","Croatia","248862.0",2023,"","Croatian Regulatory Authority for Network Industries","Refers to the number of mobile porting transactions that have been carried out during the reference year"
11623,"i271pt","Mobile-cellular numbers ported ",,"count",111,"ITA","Italy","1.5E7",2007,"","Ministry of Economic Development","Refers to the number of mobile porting transactions that have been carried out during the reference year"
11623,"i271pt","Mobile-cellular numbers ported ",,"count",111,"ITA","Italy","1.9E7",2008,"","Ministry of Economic Development","Refers to the number of mobile porting transactions that have been carried out during the reference year"
11623,"i271pt","Mobile-cellular numbers ported ",,"count",111,"ITA","Italy","4120000.0",2009,"","Ministry of ECONOMIC DEVELOPMENT - dep. of Communications","Refers to the number of mobile porting transactions that have been carried out during the reference year"
11623,"i271pt","Mobile-cellular numbers ported ",,"count",111,"ITA","Italy","5597000.0",2010,"Jan-Sept 2010 - XVI implementation report raw data","Ministry of ECONOMIC DEVELOPMENT - dep. of Communications","Refers to the number of mobile porting transactions that have been carried out during the reference year"
11623,"i271pt","Mobile-cellular numbers ported ",,"count",111,"ITA","Italy","8369000.0",2011,"Source: Agcom Quaterly Observatory - including MNO and VNO			","Ministry of ECONOMIC DEVELOPMENT - dep. of Communications","Refers to the number of mobile porting transactions that have been carried out during the reference year"
11623,"i271pt","Mobile-cellular numbers ported ",,"count",111,"ITA","Italy","1.2731E7",2012,"Source: Quarterly Observatory","Ministry of ECONOMIC DEVELOPMENT - dep. of Communications","Refers to the number of mobile porting transactions that have been carried out during the reference year"
11623,"i271pt","Mobile-cellular numbers ported ",,"count",111,"ITA","Italy","1.6227E7",2013,"Source: Quarterly Observatory","Ministry of ECONOMIC DEVELOPMENT - dep. of Communications","Refers to the number of mobile porting transactions that have been carried out during the reference year"
11623,"i271pt","Mobile-cellular numbers ported ",,"count",111,"ITA","Italy","1.1018E7",2014,"","AGCOM","Refers to the number of mobile porting transactions that have been carried out during the reference year"
11623,"i271pt","Mobile-cellular numbers ported ",,"count",111,"ITA","Italy","1.2054041E7",2015,"Source: AGCOM","Ministry of Economic Development","Refers to the number of mobile porting transactions that have been carried out during the reference year"
11623,"i271pt","Mobile-cellular numbers ported ",,"count",111,"ITA","Italy","1.2655307E7",2016,"Source: AGCOM","AGCOM","Refers to the number of mobile porting transactions that have been carried out during the reference year"
11623,"i271pt","Mobile-cellular numbers ported ",,"count",111,"ITA","Italy","1.5229652E7",2017,"Source: AGCOM","AGCOM","Refers to the number of mobile porting transactions that have been carried out during the reference year"
11623,"i271pt","Mobile-cellular numbers ported ",,"count",111,"ITA","Italy","1.7E7",2018,"Source: AGCOM","AGCOM","Refers to the number of mobile porting transactions that have been carried out during the reference year"
11623,"i271pt","Mobile-cellular numbers ported ",,"count",111,"ITA","Italy","1.24E7",2019,"Source: AGCOM","AGCOM","Refers to the number of mobile porting transactions that have been carried out during the reference year"
11623,"i271pt","Mobile-cellular numbers ported ",,"count",111,"ITA","Italy","1.06E7",2020,"Source: AGCOM","AGCOM","Refers to the number of mobile porting transactions that have been carried out during the reference year"
11623,"i271pt","Mobile-cellular numbers ported ",,"count",111,"ITA","Italy","1.1015E7",2021,"Source: AGCOM","AGCOM","Refers to the number of mobile porting transactions that have been carried out during the reference year"
11623,"i271pt","Mobile-cellular numbers ported ",,"count",111,"ITA","Italy","8400000.0",2022,"Source: AGCOM","AGCOM","Refers to the number of mobile porting transactions that have been carried out during the reference year"
11623,"i271pt","Mobile-cellular numbers ported ",,"count",111,"ITA","Italy","7600000.0",2023,"Source: AGCOM","AGCOM","Refers to the number of mobile porting transactions that have been carried out during the reference year"
11623,"i271pt","Mobile-cellular numbers ported ",,"count",111,"ITA","Italy","7700000.0",2024,"Source: AGCOM","AGCOM","Refers to the number of mobile porting transactions that have been carried out during the reference year"
11623,"i271pt","Mobile-cellular numbers ported ",,"count",113,"IND","India","0.0",2009,"","","Refers to the number of mobile porting transactions that have been carried out during the reference year"
11623,"i271pt","Mobile-cellular numbers ported ",,"count",113,"IND","India","4441749.0",2011,"March 2011","Department of Telecommunications","Refers to the number of mobile porting transactions that have been carried out during the reference year"
11623,"i271pt","Mobile-cellular numbers ported ",,"count",113,"IND","India","3.1997311E7",2012,"March 2012","Department of Telecommunications","Refers to the number of mobile porting transactions that have been carried out during the reference year"
11623,"i271pt","Mobile-cellular numbers ported ",,"count",113,"IND","India","7.3069716E7",2013,"March 2013","Department of Telecommunications","Refers to the number of mobile porting transactions that have been carried out during the reference year"
11623,"i271pt","Mobile-cellular numbers ported ",,"count",113,"IND","India","2.9115392E7",2014,"December 2014","Department of Telecommunications","Refers to the number of mobile porting transactions that have been carried out during the reference year"
11623,"i271pt","Mobile-cellular numbers ported ",,"count",113,"IND","India","4.4493246E7",2015,"GSM(2G & 3G) and CDMA","Department of Telecommunications","Refers to the number of mobile porting transactions that have been carried out during the reference year"
11623,"i271pt","Mobile-cellular numbers ported ",,"count",113,"IND","India","5.373024E7",2016,"includes GSM (2G,3G & 4G) and CDMA","Ministry of Communications","Refers to the number of mobile porting transactions that have been carried out during the reference year"
11623,"i271pt","Mobile-cellular numbers ported ",,"count",113,"IND","India","2.8933E8",2017,"","Ministry of Communications","Refers to the number of mobile porting transactions that have been carried out during the reference year"
11623,"i271pt","Mobile-cellular numbers ported ",,"count",113,"IND","India","7.357E7",2018,"","MINISTRY OF COMMUNICATIONS","Refers to the number of mobile porting transactions that have been carried out during the reference year"
11623,"i271pt","Mobile-cellular numbers ported ",,"count",113,"IND","India","5.801E7",2019,"","Department of Telecommunications","Refers to the number of mobile porting transactions that have been carried out during the reference year"
11623,"i271pt","Mobile-cellular numbers ported ",,"count",113,"IND","India","7.453E7",2020,"","Department of Telecommunications","Refers to the number of mobile porting transactions that have been carried out during the reference year"
11623,"i271pt","Mobile-cellular numbers ported ",,"count",113,"IND","India","1.168E8",2021,"Dec-21","Department of Telecommunications","Refers to the number of mobile porting transactions that have been carried out during the reference year"
11623,"i271pt","Mobile-cellular numbers ported ",,"count",113,"IND","India","1.2301E8",2022,"Dec-22","Department of Telecommunications","Refers to the number of mobile porting transactions that have been carried out during the reference year"
11623,"i271pt","Mobile-cellular numbers ported ",,"count",113,"IND","India","1.4276E8",2023,"As in December 2023","Department of Telecommunications","Refers to the number of mobile porting transactions that have been carried out during the reference year"
11623,"i271pt","Mobile-cellular numbers ported ",,"count",113,"IND","India","1.52E8",2024,"As in December 2024##","Department of Telecommunications","Refers to the number of mobile porting transactions that have been carried out during the reference year"
11623,"i271pt","Mobile-cellular numbers ported ",,"count",115,"IRL","Ireland","359210.0",2007,"Dec.","Commission for Communications Regulation.","Refers to the number of mobile porting transactions that have been carried out during the reference year"
11623,"i271pt","Mobile-cellular numbers ported ",,"count",115,"IRL","Ireland","352259.0",2008,"Dec.","Commission for Communications Regulation.","Refers to the number of mobile porting transactions that have been carried out during the reference year"
11623,"i271pt","Mobile-cellular numbers ported ",,"count",115,"IRL","Ireland","357453.0",2009,"Dec.","Commission for Communications Regulation.","Refers to the number of mobile porting transactions that have been carried out during the reference year"
11623,"i271pt","Mobile-cellular numbers ported ",,"count",115,"IRL","Ireland","352140.0",2010,"","Commission for Communications Regulation (ComReg)","Refers to the number of mobile porting transactions that have been carried out during the reference year"
11623,"i271pt","Mobile-cellular numbers ported ",,"count",115,"IRL","Ireland","453098.0",2011,"","Commission for Communications Regulation (ComReg)","Refers to the number of mobile porting transactions that have been carried out during the reference year"
11623,"i271pt","Mobile-cellular numbers ported ",,"count",115,"IRL","Ireland","410472.0",2012,"","Commission for Communications Regulation","Refers to the number of mobile porting transactions that have been carried out during the reference year"
11623,"i271pt","Mobile-cellular numbers ported ",,"count",115,"IRL","Ireland","434237.0",2013,"","Commission for Communications Regulation","Refers to the number of mobile porting transactions that have been carried out during the reference year"
11623,"i271pt","Mobile-cellular numbers ported ",,"count",115,"IRL","Ireland","413618.0",2014,"","Commission for Communications Regulation","Refers to the number of mobile porting transactions that have been carried out during the reference year"
11623,"i271pt","Mobile-cellular numbers ported ",,"count",115,"IRL","Ireland","371954.0",2015,"","Commission for Communications Regulation","Refers to the number of mobile porting transactions that have been carried out during the reference year"
11623,"i271pt","Mobile-cellular numbers ported ",,"count",115,"IRL","Ireland","362880.0",2016,"","ComReg","Refers to the number of mobile porting transactions that have been carried out during the reference year"
11623,"i271pt","Mobile-cellular numbers ported ",,"count",115,"IRL","Ireland","417681.0",2017,"","ComReg","Refers to the number of mobile porting transactions that have been carried out during the reference year"
11623,"i271pt","Mobile-cellular numbers ported ",,"count",115,"IRL","Ireland","395045.0",2018,"","ComReg","Refers to the number of mobile porting transactions that have been carried out during the reference year"
11623,"i271pt","Mobile-cellular numbers ported ",,"count",115,"IRL","Ireland","464289.0",2019,"","Commission for Communications Regulation","Refers to the number of mobile porting transactions that have been carried out during the reference year"
11623,"i271pt","Mobile-cellular numbers ported ",,"count",115,"IRL","Ireland","411675.0",2020,"","Commission for Communications Regulation","Refers to the number of mobile porting transactions that have been carried out during the reference year"
11623,"i271pt","Mobile-cellular numbers ported ",,"count",115,"IRL","Ireland","318825.0",2021,"","Commission for Communications Regulation","Refers to the number of mobile porting transactions that have been carried out during the reference year"
11623,"i271pt","Mobile-cellular numbers ported ",,"count",115,"IRL","Ireland","322008.0",2022,"","Commission for Communications Regulation","Refers to the number of mobile porting transactions that have been carried out during the reference year"
11623,"i271pt","Mobile-cellular numbers ported ",,"count",115,"IRL","Ireland","315912.0",2023,"","Commission for Communications Regulation","Refers to the number of mobile porting transactions that have been carried out during the reference year"
11623,"i271pt","Mobile-cellular numbers ported ",,"count",115,"IRL","Ireland","352031.0",2024,"","Commission for Communications Regulation","Refers to the number of mobile porting transactions that have been carried out during the reference year"
11623,"i271pt","Mobile-cellular numbers ported ",,"count",116,"IRN","Iran (Islamic Republic of)","0.0",2010,"Number portability is not available.","Iran Information Technology Organization","Refers to the number of mobile porting transactions that have been carried out during the reference year"
11623,"i271pt","Mobile-cellular numbers ported ",,"count",116,"IRN","Iran (Islamic Republic of)","0.0",2011,"Number portability is not available.","Iran Information Technology Organization (ITO).","Refers to the number of mobile porting transactions that have been carried out during the reference year"
11623,"i271pt","Mobile-cellular numbers ported ",,"count",116,"IRN","Iran (Islamic Republic of)","0.0",2012,"Number portability is not available.","Iran Information Technology Organization","Refers to the number of mobile porting transactions that have been carried out during the reference year"
11623,"i271pt","Mobile-cellular numbers ported ",,"count",116,"IRN","Iran (Islamic Republic of)","0.0",2013,"","Iran Information Technology Organization","Refers to the number of mobile porting transactions that have been carried out during the reference year"
11623,"i271pt","Mobile-cellular numbers ported ",,"count",116,"IRN","Iran (Islamic Republic of)","0.0",2014,"","Information Technology Organization of Iran (ITO)","Refers to the number of mobile porting transactions that have been carried out during the reference year"
11623,"i271pt","Mobile-cellular numbers ported ",,"count",116,"IRN","Iran (Islamic Republic of)","93050.0",2016,"","Information Technology Organization of Iran (ITO)","Refers to the number of mobile porting transactions that have been carried out during the reference year"
11623,"i271pt","Mobile-cellular numbers ported ",,"count",116,"IRN","Iran (Islamic Republic of)","445888.0",2017,"","Information Technology Organization of Iran (ITO)","Refers to the number of mobile porting transactions that have been carried out during the reference year"
11623,"i271pt","Mobile-cellular numbers ported ",,"count",116,"IRN","Iran (Islamic Republic of)","425698.0",2018,"","Information Technology Organization of Iran(ITO)","Refers to the number of mobile porting transactions that have been carried out during the reference year"
11623,"i271pt","Mobile-cellular numbers ported ",,"count",116,"IRN","Iran (Islamic Republic of)","352881.0",2019,"This data has been revised","Information Technology Organization of Iran (ITO)","Refers to the number of mobile porting transactions that have been carried out during the reference year"
11623,"i271pt","Mobile-cellular numbers ported ",,"count",116,"IRN","Iran (Islamic Republic of)","106298.0",2020,"","Information Technology Organization of Iran (ITO)","Refers to the number of mobile porting transactions that have been carried out during the reference year"
11623,"i271pt","Mobile-cellular numbers ported ",,"count",116,"IRN","Iran (Islamic Republic of)","74971.0",2021,"","Information Technology Organization of Iran (ITO)","Refers to the number of mobile porting transactions that have been carried out during the reference year"
11623,"i271pt","Mobile-cellular numbers ported ",,"count",116,"IRN","Iran (Islamic Republic of)","74680.0",2022,"","Information Technology Organization of Iran (ITO)","Refers to the number of mobile porting transactions that have been carried out during the reference year"
11623,"i271pt","Mobile-cellular numbers ported ",,"count",116,"IRN","Iran (Islamic Republic of)","79676.0",2023,"","Information Technology Organization of Iran (ITO)","Refers to the number of mobile porting transactions that have been carried out during the reference year"
11623,"i271pt","Mobile-cellular numbers ported ",,"count",116,"IRN","Iran (Islamic Republic of)","77066.0",2024,"","Information Technology Organization of Iran (ITO)","Refers to the number of mobile porting transactions that have been carried out during the reference year"
11623,"i271pt","Mobile-cellular numbers ported ",,"count",118,"ISL","Iceland","34777.0",2015,"","Post and Telecom Administration","Refers to the number of mobile porting transactions that have been carried out during the reference year"
11623,"i271pt","Mobile-cellular numbers ported ",,"count",118,"ISL","Iceland","39345.0",2016,"","PTA in Iceland","Refers to the number of mobile porting transactions that have been carried out during the reference year"
11623,"i271pt","Mobile-cellular numbers ported ",,"count",118,"ISL","Iceland","47263.0",2017,"","PTA in Iceland","Refers to the number of mobile porting transactions that have been carried out during the reference year"
11623,"i271pt","Mobile-cellular numbers ported ",,"count",118,"ISL","Iceland","70138.0",2018,"","ECOI , Electronic Communications Office of Iceland","Refers to the number of mobile porting transactions that have been carried out during the reference year"
11623,"i271pt","Mobile-cellular numbers ported ",,"count",118,"ISL","Iceland","47609.0",2019,"","Post and Telecom Administration","Refers to the number of mobile porting transactions that have been carried out during the reference year"
11623,"i271pt","Mobile-cellular numbers ported ",,"count",118,"ISL","Iceland","36630.0",2020,"","Post and Telecom Administration","Refers to the number of mobile porting transactions that have been carried out during the reference year"
11623,"i271pt","Mobile-cellular numbers ported ",,"count",118,"ISL","Iceland","34381.0",2021,"","Post and Telecom Administration","Refers to the number of mobile porting transactions that have been carried out during the reference year"
11623,"i271pt","Mobile-cellular numbers ported ",,"count",118,"ISL","Iceland","31376.0",2022,"","Post and Telecom Administration","Refers to the number of mobile porting transactions that have been carried out during the reference year"
11623,"i271pt","Mobile-cellular numbers ported ",,"count",118,"ISL","Iceland","38519.0",2023,"","Post and Telecom Administration","Refers to the number of mobile porting transactions that have been carried out during the reference year"
11623,"i271pt","Mobile-cellular numbers ported ",,"count",118,"ISL","Iceland","41861.0",2024,"","Post and Telecom Administration","Refers to the number of mobile porting transactions that have been carried out during the reference year"
11623,"i271pt","Mobile-cellular numbers ported ",,"count",119,"ISR","Israel","936154.0",2011,"","Ministry of Communications.","Refers to the number of mobile porting transactions that have been carried out during the reference year"
11623,"i271pt","Mobile-cellular numbers ported ",,"count",119,"ISR","Israel","1060380.0",2012,"","Ministry of Communications","Refers to the number of mobile porting transactions that have been carried out during the reference year"
11623,"i271pt","Mobile-cellular numbers ported ",,"count",119,"ISR","Israel","1850000.0",2013,"","Ministry of Communications","Refers to the number of mobile porting transactions that have been carried out during the reference year"
11623,"i271pt","Mobile-cellular numbers ported ",,"count",119,"ISR","Israel","2612566.0",2014,"","Ministry of Communications","Refers to the number of mobile porting transactions that have been carried out during the reference year"
11623,"i271pt","Mobile-cellular numbers ported ",,"count",120,"JPN","Japan","2960000.0",2007,"","Ministry of Internal Affairs and Communications(MIC)","Refers to the number of mobile porting transactions that have been carried out during the reference year"
11623,"i271pt","Mobile-cellular numbers ported ",,"count",120,"JPN","Japan","2120000.0",2008,"","Ministry of Internal Affairs and Communications(MIC)","Refers to the number of mobile porting transactions that have been carried out during the reference year"
11623,"i271pt","Mobile-cellular numbers ported ",,"count",120,"JPN","Japan","2280000.0",2009,"","Ministry of Internal Affairs and Communications(MIC)","Refers to the number of mobile porting transactions that have been carried out during the reference year"
11623,"i271pt","Mobile-cellular numbers ported ",,"count",120,"JPN","Japan","2820000.0",2010,"","Ministry of Internal Affairs and Communications","Refers to the number of mobile porting transactions that have been carried out during the reference year"
11623,"i271pt","Mobile-cellular numbers ported ",,"count",120,"JPN","Japan","2880000.0",2011,"","Ministry of Internal Affairs and Communications","Refers to the number of mobile porting transactions that have been carried out during the reference year"
11623,"i271pt","Mobile-cellular numbers ported ",,"count",120,"JPN","Japan","4470000.0",2012,"","Ministry of Internal Affairs and Communications","Refers to the number of mobile porting transactions that have been carried out during the reference year"
11623,"i271pt","Mobile-cellular numbers ported ",,"count",120,"JPN","Japan","5460000.0",2013,"","Ministry of Internal Affairs and Communications","Refers to the number of mobile porting transactions that have been carried out during the reference year"
11623,"i271pt","Mobile-cellular numbers ported ",,"count",120,"JPN","Japan","5840000.0",2014,"","Ministry of Internal Affairs and Communications","Refers to the number of mobile porting transactions that have been carried out during the reference year"
11623,"i271pt","Mobile-cellular numbers ported ",,"count",120,"JPN","Japan","6200000.0",2015,"FY 2015","Ministry of Internal Affairs and Communications","Refers to the number of mobile porting transactions that have been carried out during the reference year"
11623,"i271pt","Mobile-cellular numbers ported ",,"count",120,"JPN","Japan","4680000.0",2016,"FY2016","Ministry of Internal Affairs and Communications","Refers to the number of mobile porting transactions that have been carried out during the reference year"
11623,"i271pt","Mobile-cellular numbers ported ",,"count",120,"JPN","Japan","4820000.0",2017,"FY2017","Ministry of Internal Affairs and Communications","Refers to the number of mobile porting transactions that have been carried out during the reference year"
11623,"i271pt","Mobile-cellular numbers ported ",,"count",120,"JPN","Japan","5059000.0",2018,"FY2018","Ministry of Internal Affairs and Communications","Refers to the number of mobile porting transactions that have been carried out during the reference year"
11623,"i271pt","Mobile-cellular numbers ported ",,"count",120,"JPN","Japan","4695000.0",2019,"FY2019","Ministry of Internal Affairs and Communications","Refers to the number of mobile porting transactions that have been carried out during the reference year"
11623,"i271pt","Mobile-cellular numbers ported ",,"count",120,"JPN","Japan","5456000.0",2020,"FY2020","Ministry of Internal Affairs and Communications","Refers to the number of mobile porting transactions that have been carried out during the reference year"
11623,"i271pt","Mobile-cellular numbers ported ",,"count",120,"JPN","Japan","8078000.0",2021,"FY2021","Ministry of Internal Affairs and Communications","Refers to the number of mobile porting transactions that have been carried out during the reference year"
11623,"i271pt","Mobile-cellular numbers ported ",,"count",120,"JPN","Japan","9596000.0",2022,"","Ministry of Internal Affairs and Communications","Refers to the number of mobile porting transactions that have been carried out during the reference year"
11623,"i271pt","Mobile-cellular numbers ported ",,"count",120,"JPN","Japan","9528000.0",2023,"FY2023","Ministry of Internal Affairs and Communications","Refers to the number of mobile porting transactions that have been carried out during the reference year"
11623,"i271pt","Mobile-cellular numbers ported ",,"count",122,"JAM","Jamaica","15571.0",2016,"","Office of Utilities Regulation","Refers to the number of mobile porting transactions that have been carried out during the reference year"
11623,"i271pt","Mobile-cellular numbers ported ",,"count",122,"JAM","Jamaica","36134.0",2017,"","Office of Utilities Regulation","Refers to the number of mobile porting transactions that have been carried out during the reference year"
11623,"i271pt","Mobile-cellular numbers ported ",,"count",122,"JAM","Jamaica","14359.0",2018,"","Office of Utilities Regulation","Refers to the number of mobile porting transactions that have been carried out during the reference year"
11623,"i271pt","Mobile-cellular numbers ported ",,"count",122,"JAM","Jamaica","30342.0",2019,"","Office of Utilities Regulation","Refers to the number of mobile porting transactions that have been carried out during the reference year"
11623,"i271pt","Mobile-cellular numbers ported ",,"count",122,"JAM","Jamaica","347008.0",2021,"","Office of Utilities Regulation","Refers to the number of mobile porting transactions that have been carried out during the reference year"
11623,"i271pt","Mobile-cellular numbers ported ",,"count",122,"JAM","Jamaica","266159.0",2022,"","Office of Utilities Regulation","Refers to the number of mobile porting transactions that have been carried out during the reference year"
11623,"i271pt","Mobile-cellular numbers ported ",,"count",122,"JAM","Jamaica","215117.0",2023,"","Office of Utilities Regulation","Refers to the number of mobile porting transactions that have been carried out during the reference year"
11623,"i271pt","Mobile-cellular numbers ported ",,"count",122,"JAM","Jamaica","238426.0",2024,"","Office of Utilities Regulation","Refers to the number of mobile porting transactions that have been carried out during the reference year"
11623,"i271pt","Mobile-cellular numbers ported ",,"count",124,"JOR","Jordan","0.0",2014,"","Telecommunications Regulatory Commission","Refers to the number of mobile porting transactions that have been carried out during the reference year"
11623,"i271pt","Mobile-cellular numbers ported ",,"count",124,"JOR","Jordan","0.0",2015,"","Telecommunications Regulatory Commission","Refers to the number of mobile porting transactions that have been carried out during the reference year"
11623,"i271pt","Mobile-cellular numbers ported ",,"count",124,"JOR","Jordan","0.0",2016,"","The Telecommunications Regulatory Commission of Jordan","Refers to the number of mobile porting transactions that have been carried out during the reference year"
11623,"i271pt","Mobile-cellular numbers ported ",,"count",124,"JOR","Jordan","0.0",2017,"","The Telecommunications Regulatory Commission of Jordan","Refers to the number of mobile porting transactions that have been carried out during the reference year"
11623,"i271pt","Mobile-cellular numbers ported ",,"count",124,"JOR","Jordan","0.0",2018,"","The Telecommunications Regulatory Commission of Jordan","Refers to the number of mobile porting transactions that have been carried out during the reference year"
11623,"i271pt","Mobile-cellular numbers ported ",,"count",124,"JOR","Jordan","0.0",2019,"","The Telecommunications Regulatory Commission of Jordan","Refers to the number of mobile porting transactions that have been carried out during the reference year"
11623,"i271pt","Mobile-cellular numbers ported ",,"count",125,"KEN","Kenya","0.0",2009,"","Communication Commission of Kenya","Refers to the number of mobile porting transactions that have been carried out during the reference year"
11623,"i271pt","Mobile-cellular numbers ported ",,"count",125,"KEN","Kenya","40560.0",2011,"","Communications Commission of Kenya-ITU1","Refers to the number of mobile porting transactions that have been carried out during the reference year"
11623,"i271pt","Mobile-cellular numbers ported ",,"count",125,"KEN","Kenya","1256.0",2012,"","Communications Commission of Kenya","Refers to the number of mobile porting transactions that have been carried out during the reference year"
11623,"i271pt","Mobile-cellular numbers ported ",,"count",125,"KEN","Kenya","1303.0",2013,"","Communications Authority  of Kenya","Refers to the number of mobile porting transactions that have been carried out during the reference year"
11623,"i271pt","Mobile-cellular numbers ported ",,"count",125,"KEN","Kenya","2340.0",2014,"","Communications Authority  of Kenya","Refers to the number of mobile porting transactions that have been carried out during the reference year"
11623,"i271pt","Mobile-cellular numbers ported ",,"count",125,"KEN","Kenya","2207.0",2015,"","Communications Authority  of Kenya","Refers to the number of mobile porting transactions that have been carried out during the reference year"
11623,"i271pt","Mobile-cellular numbers ported ",,"count",125,"KEN","Kenya","1315.0",2016,"","COMMUNICATIONS AUTHORITY OF KENYA","Refers to the number of mobile porting transactions that have been carried out during the reference year"
11623,"i271pt","Mobile-cellular numbers ported ",,"count",125,"KEN","Kenya","2575.0",2017,"","COMMUNICATIONS AUTHORITY OF KENYA","Refers to the number of mobile porting transactions that have been carried out during the reference year"
11623,"i271pt","Mobile-cellular numbers ported ",,"count",125,"KEN","Kenya","1916.0",2018,"","Communications Authority  of Kenya","Refers to the number of mobile porting transactions that have been carried out during the reference year"
11623,"i271pt","Mobile-cellular numbers ported ",,"count",125,"KEN","Kenya","1088.0",2019,"","Communications Authority  of Kenya","Refers to the number of mobile porting transactions that have been carried out during the reference year"
11623,"i271pt","Mobile-cellular numbers ported ",,"count",125,"KEN","Kenya","1437.0",2020,"","Communications Authority  of Kenya","Refers to the number of mobile porting transactions that have been carried out during the reference year"
11623,"i271pt","Mobile-cellular numbers ported ",,"count",125,"KEN","Kenya","0.0",2021,"There has been no porting due to contractual challenges with porting company","Communications Authority  of Kenya","Refers to the number of mobile porting transactions that have been carried out during the reference year"
11623,"i271pt","Mobile-cellular numbers ported ",,"count",125,"KEN","Kenya","0.0",2022,"There has been no porting due to contractual challenges with porting company","Communications Authority  of Kenya","Refers to the number of mobile porting transactions that have been carried out during the reference year"
11623,"i271pt","Mobile-cellular numbers ported ",,"count",125,"KEN","Kenya","0.0",2023,"There has been no porting due to contractual challenges with porting company","Communications Authority  of Kenya","Refers to the number of mobile porting transactions that have been carried out during the reference year"
11623,"i271pt","Mobile-cellular numbers ported ",,"count",125,"KEN","Kenya","0.0",2024,"There has been no porting due to contractual challenges with porting company","Communications Authority  of Kenya","Refers to the number of mobile porting transactions that have been carried out during the reference year"
11623,"i271pt","Mobile-cellular numbers ported ",,"count",127,"KIR","Kiribati","0.0",2016,"","MICTTD","Refers to the number of mobile porting transactions that have been carried out during the reference year"
11623,"i271pt","Mobile-cellular numbers ported ",,"count",127,"KIR","Kiribati","0.0",2017,"not available","Ministry of ICTTD","Refers to the number of mobile porting transactions that have been carried out during the reference year"
11623,"i271pt","Mobile-cellular numbers ported ",,"count",127,"KIR","Kiribati","0.0",2018,"","Ministry of ICTTD","Refers to the number of mobile porting transactions that have been carried out during the reference year"
11623,"i271pt","Mobile-cellular numbers ported ",,"count",127,"KIR","Kiribati","0.0",2019,"","Ministry of Information, Communication, Transport & Tourism Development","Refers to the number of mobile porting transactions that have been carried out during the reference year"
11623,"i271pt","Mobile-cellular numbers ported ",,"count",127,"KIR","Kiribati","0.0",2021,"","Ministry of Information, Communication, Transport & Tourism Development","Refers to the number of mobile porting transactions that have been carried out during the reference year"
11623,"i271pt","Mobile-cellular numbers ported ",,"count",127,"KIR","Kiribati","0.0",2022,"","Ministry of Information, Communication, Transport & Tourism Development","Refers to the number of mobile porting transactions that have been carried out during the reference year"
11623,"i271pt","Mobile-cellular numbers ported ",,"count",127,"KIR","Kiribati","0.0",2023,"","Ministry of Information, Communication, Transport & Tourism Development","Refers to the number of mobile porting transactions that have been carried out during the reference year"
11623,"i271pt","Mobile-cellular numbers ported ",,"count",127,"KIR","Kiribati","0.0",2024,"","Ministry of Information, Communication, and Transport ","Refers to the number of mobile porting transactions that have been carried out during the reference year"
11623,"i271pt","Mobile-cellular numbers ported ",,"count",128,"KOR","Korea (Rep. of)","1.0189779E7",2007,"","Korea Communications Commission, Rep of Korea","Refers to the number of mobile porting transactions that have been carried out during the reference year"
11623,"i271pt","Mobile-cellular numbers ported ",,"count",128,"KOR","Korea (Rep. of)","1.1488911E7",2008,"","Korea Communications Commission, Rep of Korea","Refers to the number of mobile porting transactions that have been carried out during the reference year"
11623,"i271pt","Mobile-cellular numbers ported ",,"count",128,"KOR","Korea (Rep. of)","1.0312622E7",2009,"","Korea Communications Commission, Rep of Korea","Refers to the number of mobile porting transactions that have been carried out during the reference year"
11623,"i271pt","Mobile-cellular numbers ported ",,"count",128,"KOR","Korea (Rep. of)","1.0944687E7",2010,"","Korea Communications Commission","Refers to the number of mobile porting transactions that have been carried out during the reference year"
11623,"i271pt","Mobile-cellular numbers ported ",,"count",128,"KOR","Korea (Rep. of)","1.1961494E7",2011,"","Ministry of Science, ICT and Future Planning","Refers to the number of mobile porting transactions that have been carried out during the reference year"
11623,"i271pt","Mobile-cellular numbers ported ",,"count",128,"KOR","Korea (Rep. of)","1.255684E7",2012,"","Ministry of Science, ICT and Future Planning","Refers to the number of mobile porting transactions that have been carried out during the reference year"
11623,"i271pt","Mobile-cellular numbers ported ",,"count",128,"KOR","Korea (Rep. of)","1.1165786E7",2013,"","Ministry of Science, ICT and Future Planning","Refers to the number of mobile porting transactions that have been carried out during the reference year"
11623,"i271pt","Mobile-cellular numbers ported ",,"count",128,"KOR","Korea (Rep. of)","8654125.0",2014,"","Ministry of Science, ICT and Future Planning","Refers to the number of mobile porting transactions that have been carried out during the reference year"
11623,"i271pt","Mobile-cellular numbers ported ",,"count",128,"KOR","Korea (Rep. of)","6933874.0",2015,"","Ministry of Science, ICT and Future Planning","Refers to the number of mobile porting transactions that have been carried out during the reference year"
11623,"i271pt","Mobile-cellular numbers ported ",,"count",128,"KOR","Korea (Rep. of)","7049902.0",2016,"","Ministry of Science and ICT","Refers to the number of mobile porting transactions that have been carried out during the reference year"
11623,"i271pt","Mobile-cellular numbers ported ",,"count",128,"KOR","Korea (Rep. of)","7014429.0",2017,"","Ministry of Science and ICT","Refers to the number of mobile porting transactions that have been carried out during the reference year"
11623,"i271pt","Mobile-cellular numbers ported ",,"count",128,"KOR","Korea (Rep. of)","5660601.0",2018,"","Ministry of Science and ICT","Refers to the number of mobile porting transactions that have been carried out during the reference year"
11623,"i271pt","Mobile-cellular numbers ported ",,"count",128,"KOR","Korea (Rep. of)","5768357.0",2019,"","Ministry of Science and ICT","Refers to the number of mobile porting transactions that have been carried out during the reference year"
11623,"i271pt","Mobile-cellular numbers ported ",,"count",128,"KOR","Korea (Rep. of)","5359281.0",2020,"","Ministry of Science and ICT","Refers to the number of mobile porting transactions that have been carried out during the reference year"
11623,"i271pt","Mobile-cellular numbers ported ",,"count",128,"KOR","Korea (Rep. of)","5081700.0",2021,"","Ministry of Science and ICT","Refers to the number of mobile porting transactions that have been carried out during the reference year"
11623,"i271pt","Mobile-cellular numbers ported ",,"count",128,"KOR","Korea (Rep. of)","4529524.0",2022,"","Ministry of Science and ICT","Refers to the number of mobile porting transactions that have been carried out during the reference year"
11623,"i271pt","Mobile-cellular numbers ported ",,"count",128,"KOR","Korea (Rep. of)","5612973.0",2023,"","Ministry of Science and ICT","Refers to the number of mobile porting transactions that have been carried out during the reference year"
11623,"i271pt","Mobile-cellular numbers ported ",,"count",128,"KOR","Korea (Rep. of)","6295188.0",2024,"","Ministry of Science and ICT","Refers to the number of mobile porting transactions that have been carried out during the reference year"
11623,"i271pt","Mobile-cellular numbers ported ",,"count",130,"KWT","Kuwait","95405.0",2015,"","Communication and Information Technology Regulatory Authority","Refers to the number of mobile porting transactions that have been carried out during the reference year"
11623,"i271pt","Mobile-cellular numbers ported ",,"count",130,"KWT","Kuwait","129968.0",2016,"","CITRA","Refers to the number of mobile porting transactions that have been carried out during the reference year"
11623,"i271pt","Mobile-cellular numbers ported ",,"count",130,"KWT","Kuwait","141480.0",2017,"","CITRA","Refers to the number of mobile porting transactions that have been carried out during the reference year"
11623,"i271pt","Mobile-cellular numbers ported ",,"count",130,"KWT","Kuwait","132629.0",2018,"","Communication and information technology regulatory authority Kuwait","Refers to the number of mobile porting transactions that have been carried out during the reference year"
11623,"i271pt","Mobile-cellular numbers ported ",,"count",130,"KWT","Kuwait","163480.0",2019,"","Communication and Information Technology Regulatory Authority","Refers to the number of mobile porting transactions that have been carried out during the reference year"
11623,"i271pt","Mobile-cellular numbers ported ",,"count",130,"KWT","Kuwait","139905.0",2020,"","Communication and Information Technology Regulatory Authority","Refers to the number of mobile porting transactions that have been carried out during the reference year"
11623,"i271pt","Mobile-cellular numbers ported ",,"count",130,"KWT","Kuwait","94330.0",2021,"","Communication and Information Technology Regulatory Authority","Refers to the number of mobile porting transactions that have been carried out during the reference year"
11623,"i271pt","Mobile-cellular numbers ported ",,"count",130,"KWT","Kuwait","194504.0",2022,"","Communication and Information Technology Regulatory Authority","Refers to the number of mobile porting transactions that have been carried out during the reference year"
11623,"i271pt","Mobile-cellular numbers ported ",,"count",130,"KWT","Kuwait","257445.0",2023,"","Communication and Information Technology Regulatory Authority","Refers to the number of mobile porting transactions that have been carried out during the reference year"
11623,"i271pt","Mobile-cellular numbers ported ",,"count",131,"LAO","Lao P.D.R.","0.0",2007,"","National Authority of Post and Telecommunication","Refers to the number of mobile porting transactions that have been carried out during the reference year"
11623,"i271pt","Mobile-cellular numbers ported ",,"count",131,"LAO","Lao P.D.R.","0.0",2008,"","National Authority of Post and Telecommunication","Refers to the number of mobile porting transactions that have been carried out during the reference year"
11623,"i271pt","Mobile-cellular numbers ported ",,"count",131,"LAO","Lao P.D.R.","0.0",2009,"","National Authority of Post and Telecommunication","Refers to the number of mobile porting transactions that have been carried out during the reference year"
11623,"i271pt","Mobile-cellular numbers ported ",,"count",131,"LAO","Lao P.D.R.","0.0",2010,"","Ministry of Posts and Telecommunications ","Refers to the number of mobile porting transactions that have been carried out during the reference year"
11623,"i271pt","Mobile-cellular numbers ported ",,"count",131,"LAO","Lao P.D.R.","0.0",2011,"","Ministry of Posts and Telecommunications ","Refers to the number of mobile porting transactions that have been carried out during the reference year"
11623,"i271pt","Mobile-cellular numbers ported ",,"count",131,"LAO","Lao P.D.R.","0.0",2012,"","Ministry of Posts and Telecommunications ","Refers to the number of mobile porting transactions that have been carried out during the reference year"
11623,"i271pt","Mobile-cellular numbers ported ",,"count",132,"LBN","Lebanon","0.0",2010,"Mobile Number Portability is not implemented","Telecommunications Regulatory Authority","Refers to the number of mobile porting transactions that have been carried out during the reference year"
11623,"i271pt","Mobile-cellular numbers ported ",,"count",132,"LBN","Lebanon","0.0",2011,"Mobile Number Portability is not implemented","Telecommunications Regulatory Authority","Refers to the number of mobile porting transactions that have been carried out during the reference year"
11623,"i271pt","Mobile-cellular numbers ported ",,"count",132,"LBN","Lebanon","0.0",2012,"Mobile Number Portability is not implemented","Telecommunications Regulatory Authority","Refers to the number of mobile porting transactions that have been carried out during the reference year"
11623,"i271pt","Mobile-cellular numbers ported ",,"count",135,"LCA","Saint Lucia","0.0",2009,"Currently number portability is not mandated.","National Telecommunications Regulatory Commission","Refers to the number of mobile porting transactions that have been carried out during the reference year"
11623,"i271pt","Mobile-cellular numbers ported ",,"count",135,"LCA","Saint Lucia","0.0",2014,"","","Refers to the number of mobile porting transactions that have been carried out during the reference year"
11623,"i271pt","Mobile-cellular numbers ported ",,"count",136,"LIE","Liechtenstein","457.0",2012,"estimate","Office for Communications","Refers to the number of mobile porting transactions that have been carried out during the reference year"
11623,"i271pt","Mobile-cellular numbers ported ",,"count",136,"LIE","Liechtenstein","726.0",2013,"estimate","Office for Communications","Refers to the number of mobile porting transactions that have been carried out during the reference year"
11623,"i271pt","Mobile-cellular numbers ported ",,"count",136,"LIE","Liechtenstein","556.0",2014,"","Office for Communications","Refers to the number of mobile porting transactions that have been carried out during the reference year"
11623,"i271pt","Mobile-cellular numbers ported ",,"count",136,"LIE","Liechtenstein","575.0",2015,"","Office for Communications","Refers to the number of mobile porting transactions that have been carried out during the reference year"
11623,"i271pt","Mobile-cellular numbers ported ",,"count",136,"LIE","Liechtenstein","857.0",2016,"","Office for Communications","Refers to the number of mobile porting transactions that have been carried out during the reference year"
11623,"i271pt","Mobile-cellular numbers ported ",,"count",136,"LIE","Liechtenstein","895.0",2017,"","Office for Communications","Refers to the number of mobile porting transactions that have been carried out during the reference year"
11623,"i271pt","Mobile-cellular numbers ported ",,"count",136,"LIE","Liechtenstein","1204.0",2018,"","Office for Communications","Refers to the number of mobile porting transactions that have been carried out during the reference year"
11623,"i271pt","Mobile-cellular numbers ported ",,"count",136,"LIE","Liechtenstein","1387.0",2019,"","Office for Communications","Refers to the number of mobile porting transactions that have been carried out during the reference year"
11623,"i271pt","Mobile-cellular numbers ported ",,"count",136,"LIE","Liechtenstein","390.0",2020,"","Office for Communications","Refers to the number of mobile porting transactions that have been carried out during the reference year"
11623,"i271pt","Mobile-cellular numbers ported ",,"count",136,"LIE","Liechtenstein","232.0",2021,"","Office for Communications","Refers to the number of mobile porting transactions that have been carried out during the reference year"
11623,"i271pt","Mobile-cellular numbers ported ",,"count",136,"LIE","Liechtenstein","234.0",2022,"","Office for Communications","Refers to the number of mobile porting transactions that have been carried out during the reference year"
11623,"i271pt","Mobile-cellular numbers ported ",,"count",136,"LIE","Liechtenstein","364.0",2023,"","Office for Communications","Refers to the number of mobile porting transactions that have been carried out during the reference year"
11623,"i271pt","Mobile-cellular numbers ported ",,"count",136,"LIE","Liechtenstein","289.0",2024,"","Office for Communications","Refers to the number of mobile porting transactions that have been carried out during the reference year"
11623,"i271pt","Mobile-cellular numbers ported ",,"count",137,"LSO","Lesotho","0.0",2011,"","","Refers to the number of mobile porting transactions that have been carried out during the reference year"
11623,"i271pt","Mobile-cellular numbers ported ",,"count",137,"LSO","Lesotho","0.0",2022,"","Lesotho Communications Authority","Refers to the number of mobile porting transactions that have been carried out during the reference year"
11623,"i271pt","Mobile-cellular numbers ported ",,"count",137,"LSO","Lesotho","0.0",2023,"No number portability in Lesotho","Lesotho Communications Authority","Refers to the number of mobile porting transactions that have been carried out during the reference year"
11623,"i271pt","Mobile-cellular numbers ported ",,"count",137,"LSO","Lesotho","0.0",2024,"No number portability in Lesotho","Lesotho Communications Authority","Refers to the number of mobile porting transactions that have been carried out during the reference year"
11623,"i271pt","Mobile-cellular numbers ported ",,"count",138,"LTU","Lithuania","75809.0",2007,"","Communications Regulatory Authority (RRT)","Refers to the number of mobile porting transactions that have been carried out during the reference year"
11623,"i271pt","Mobile-cellular numbers ported ",,"count",138,"LTU","Lithuania","95511.0",2008,"","Communications Regulatory Authority (RRT)","Refers to the number of mobile porting transactions that have been carried out during the reference year"
11623,"i271pt","Mobile-cellular numbers ported ",,"count",138,"LTU","Lithuania","127413.0",2009,"","Communications Regulatory Authority (RRT)","Refers to the number of mobile porting transactions that have been carried out during the reference year"
11623,"i271pt","Mobile-cellular numbers ported ",,"count",138,"LTU","Lithuania","115669.0",2010,"","Communications Regulatory Authority of the Republic of Lithuania","Refers to the number of mobile porting transactions that have been carried out during the reference year"
11623,"i271pt","Mobile-cellular numbers ported ",,"count",138,"LTU","Lithuania","104597.0",2011,"","Communications Regulatory Authority of the Republic of Lithuania","Refers to the number of mobile porting transactions that have been carried out during the reference year"
11623,"i271pt","Mobile-cellular numbers ported ",,"count",138,"LTU","Lithuania","141742.0",2012,"","Communications Regulatory Authority of the Republic of Lithuania","Refers to the number of mobile porting transactions that have been carried out during the reference year"
11623,"i271pt","Mobile-cellular numbers ported ",,"count",138,"LTU","Lithuania","178552.0",2013,"","Communications Regulatory Authority of the Republic of Lithuania","Refers to the number of mobile porting transactions that have been carried out during the reference year"
11623,"i271pt","Mobile-cellular numbers ported ",,"count",138,"LTU","Lithuania","160750.0",2014,"","Communications Regulatory Authority of the Republic of Lithuania","Refers to the number of mobile porting transactions that have been carried out during the reference year"
11623,"i271pt","Mobile-cellular numbers ported ",,"count",138,"LTU","Lithuania","89091.0",2015,"","Communications Regulatory Authority of the Republic of Lithuania","Refers to the number of mobile porting transactions that have been carried out during the reference year"
11623,"i271pt","Mobile-cellular numbers ported ",,"count",138,"LTU","Lithuania","109510.0",2016,"","Communications Regulatory Authority of the Republic of Lithuania","Refers to the number of mobile porting transactions that have been carried out during the reference year"
11623,"i271pt","Mobile-cellular numbers ported ",,"count",138,"LTU","Lithuania","135036.0",2017,"","The Communications Regulatory Authority of the Republic of Lithuania","Refers to the number of mobile porting transactions that have been carried out during the reference year"
11623,"i271pt","Mobile-cellular numbers ported ",,"count",138,"LTU","Lithuania","165906.0",2018,"","Communications Regulatory Authority of the Republic of Lithuania (RRT)","Refers to the number of mobile porting transactions that have been carried out during the reference year"
11623,"i271pt","Mobile-cellular numbers ported ",,"count",138,"LTU","Lithuania","162452.0",2019,"","Communications Regulatory Authority of the Republic of Lithuania","Refers to the number of mobile porting transactions that have been carried out during the reference year"
11623,"i271pt","Mobile-cellular numbers ported ",,"count",138,"LTU","Lithuania","157330.0",2020,"","Communications Regulatory Authority of the Republic of Lithuania","Refers to the number of mobile porting transactions that have been carried out during the reference year"
11623,"i271pt","Mobile-cellular numbers ported ",,"count",138,"LTU","Lithuania","173381.0",2021,"","Communications Regulatory Authority of the Republic of Lithuania","Refers to the number of mobile porting transactions that have been carried out during the reference year"
11623,"i271pt","Mobile-cellular numbers ported ",,"count",138,"LTU","Lithuania","175742.0",2022,"","Communications Regulatory Authority of the Republic of Lithuania","Refers to the number of mobile porting transactions that have been carried out during the reference year"
11623,"i271pt","Mobile-cellular numbers ported ",,"count",138,"LTU","Lithuania","206126.0",2023,"data-OK","Communications Regulatory Authority of the Republic of Lithuania","Refers to the number of mobile porting transactions that have been carried out during the reference year"
11623,"i271pt","Mobile-cellular numbers ported ",,"count",138,"LTU","Lithuania","207893.0",2024,"data-OK","Communications Regulatory Authority of the Republic of Lithuania","Refers to the number of mobile porting transactions that have been carried out during the reference year"
11623,"i271pt","Mobile-cellular numbers ported ",,"count",139,"LUX","Luxembourg","78280.0",2008,"","Institut Luxembourgeois de Régulation","Refers to the number of mobile porting transactions that have been carried out during the reference year"
11623,"i271pt","Mobile-cellular numbers ported ",,"count",139,"LUX","Luxembourg","99322.0",2009,"","Institut Luxembourgeois de Régulation","Refers to the number of mobile porting transactions that have been carried out during the reference year"
11623,"i271pt","Mobile-cellular numbers ported ",,"count",139,"LUX","Luxembourg","118550.0",2010,"","Institut Luxembourgeois de Régulation","Refers to the number of mobile porting transactions that have been carried out during the reference year"
11623,"i271pt","Mobile-cellular numbers ported ",,"count",139,"LUX","Luxembourg","27422.0",2012,"","Institut Luxembourgeois de Régulation","Refers to the number of mobile porting transactions that have been carried out during the reference year"
11623,"i271pt","Mobile-cellular numbers ported ",,"count",139,"LUX","Luxembourg","26290.0",2013,"","Institut Luxembourgeois de Régulation","Refers to the number of mobile porting transactions that have been carried out during the reference year"
11623,"i271pt","Mobile-cellular numbers ported ",,"count",139,"LUX","Luxembourg","26146.0",2014,"","Institut Luxembourgeois de Régulation","Refers to the number of mobile porting transactions that have been carried out during the reference year"
11623,"i271pt","Mobile-cellular numbers ported ",,"count",139,"LUX","Luxembourg","25436.0",2015,"","Institut Luxembourgeois de Régulation","Refers to the number of mobile porting transactions that have been carried out during the reference year"
11623,"i271pt","Mobile-cellular numbers ported ",,"count",139,"LUX","Luxembourg","19532.0",2016,"","ILR","Refers to the number of mobile porting transactions that have been carried out during the reference year"
11623,"i271pt","Mobile-cellular numbers ported ",,"count",139,"LUX","Luxembourg","17680.0",2017,"","Institut Luxembourgeois de Régulation","Refers to the number of mobile porting transactions that have been carried out during the reference year"
11623,"i271pt","Mobile-cellular numbers ported ",,"count",139,"LUX","Luxembourg","14555.0",2018,"","Institut luxembourgeois de Régulation","Refers to the number of mobile porting transactions that have been carried out during the reference year"
11623,"i271pt","Mobile-cellular numbers ported ",,"count",139,"LUX","Luxembourg","18175.0",2019,"","Institut Luxembourgeois de Régulation","Refers to the number of mobile porting transactions that have been carried out during the reference year"
11623,"i271pt","Mobile-cellular numbers ported ",,"count",139,"LUX","Luxembourg","27684.0",2020,"","Institut Luxembourgeois de Régulation","Refers to the number of mobile porting transactions that have been carried out during the reference year"
11623,"i271pt","Mobile-cellular numbers ported ",,"count",139,"LUX","Luxembourg","14900.0",2021,"","Institut Luxembourgeois de Régulation","Refers to the number of mobile porting transactions that have been carried out during the reference year"
11623,"i271pt","Mobile-cellular numbers ported ",,"count",139,"LUX","Luxembourg","16338.0",2022,"","Institut Luxembourgeois de Régulation","Refers to the number of mobile porting transactions that have been carried out during the reference year"
11623,"i271pt","Mobile-cellular numbers ported ",,"count",140,"LVA","Latvia","54068.0",2008,"","Ministry of Transport","Refers to the number of mobile porting transactions that have been carried out during the reference year"
11623,"i271pt","Mobile-cellular numbers ported ",,"count",140,"LVA","Latvia","90872.0",2009,"","Ministry of Transport","Refers to the number of mobile porting transactions that have been carried out during the reference year"
11623,"i271pt","Mobile-cellular numbers ported ",,"count",140,"LVA","Latvia","138630.0",2010,"","Ministry of Transport","Refers to the number of mobile porting transactions that have been carried out during the reference year"
11623,"i271pt","Mobile-cellular numbers ported ",,"count",140,"LVA","Latvia","247328.0",2013,"Source- Public Utilities Commission","Ministry of Transport","Refers to the number of mobile porting transactions that have been carried out during the reference year"
11623,"i271pt","Mobile-cellular numbers ported ",,"count",140,"LVA","Latvia","365284.0",2014,"Source - Public Utilities Commission","Ministry of Transport","Refers to the number of mobile porting transactions that have been carried out during the reference year"
11623,"i271pt","Mobile-cellular numbers ported ",,"count",140,"LVA","Latvia","104000.0",2015,"Source - Public Utilities Commission","Ministry of Transport, Department of Communications","Refers to the number of mobile porting transactions that have been carried out during the reference year"
11623,"i271pt","Mobile-cellular numbers ported ",,"count",140,"LVA","Latvia","95669.0",2016,"Source - Public Utilities Commission","Ministry of Transport of the Republic of Latvia","Refers to the number of mobile porting transactions that have been carried out during the reference year"
11623,"i271pt","Mobile-cellular numbers ported ",,"count",140,"LVA","Latvia","108357.0",2017,"Source - Public Utilities Commission##","Ministry of Transport of the Republic of Latvia","Refers to the number of mobile porting transactions that have been carried out during the reference year"
11623,"i271pt","Mobile-cellular numbers ported ",,"count",140,"LVA","Latvia","94120.0",2018,"Source - Public Utilities Commission","The Ministry of Transport of the Republic of Latvia","Refers to the number of mobile porting transactions that have been carried out during the reference year"
11623,"i271pt","Mobile-cellular numbers ported ",,"count",140,"LVA","Latvia","69552.0",2019,"","Ministry of Transport, Department of Communications","Refers to the number of mobile porting transactions that have been carried out during the reference year"
11623,"i271pt","Mobile-cellular numbers ported ",,"count",140,"LVA","Latvia","44596.0",2020,"","Ministry of Transport, Department of Communications","Refers to the number of mobile porting transactions that have been carried out during the reference year"
11623,"i271pt","Mobile-cellular numbers ported ",,"count",140,"LVA","Latvia","48606.0",2021,"","Ministry of Transport, Department of Communications","Refers to the number of mobile porting transactions that have been carried out during the reference year"
11623,"i271pt","Mobile-cellular numbers ported ",,"count",140,"LVA","Latvia","79500.0",2022,"Data corrected based on new calculation methodology.","Ministry of Transport, Department of Communications","Refers to the number of mobile porting transactions that have been carried out during the reference year"
11623,"i271pt","Mobile-cellular numbers ported ",,"count",140,"LVA","Latvia","71894.0",2023,"Data corrected based on new calculation methodology.","Ministry of Transport, Department of Communications","Refers to the number of mobile porting transactions that have been carried out during the reference year"
11623,"i271pt","Mobile-cellular numbers ported ",,"count",140,"LVA","Latvia","79197.0",2024,"New calculation methodology introduced.","Ministry of Transport, Department of Communications","Refers to the number of mobile porting transactions that have been carried out during the reference year"
11623,"i271pt","Mobile-cellular numbers ported ",,"count",141,"MAC","Macao, China","30987.0",2007,"","Bureau of Telecommunications Regulation","Refers to the number of mobile porting transactions that have been carried out during the reference year"
11623,"i271pt","Mobile-cellular numbers ported ",,"count",141,"MAC","Macao, China","24835.0",2008,"","Bureau of Telecommunications Regulation","Refers to the number of mobile porting transactions that have been carried out during the reference year"
11623,"i271pt","Mobile-cellular numbers ported ",,"count",141,"MAC","Macao, China","20455.0",2009,"","Bureau of Telecommunications Regulation","Refers to the number of mobile porting transactions that have been carried out during the reference year"
11623,"i271pt","Mobile-cellular numbers ported ",,"count",141,"MAC","Macao, China","25273.0",2010,"","Bureau of Telecommunications Regulation","Refers to the number of mobile porting transactions that have been carried out during the reference year"
11623,"i271pt","Mobile-cellular numbers ported ",,"count",141,"MAC","Macao, China","24142.0",2011,"","Bureau of Telecommunications Regulation","Refers to the number of mobile porting transactions that have been carried out during the reference year"
11623,"i271pt","Mobile-cellular numbers ported ",,"count",141,"MAC","Macao, China","20433.0",2012,"","Bureau of Telecommunications Regulation","Refers to the number of mobile porting transactions that have been carried out during the reference year"
11623,"i271pt","Mobile-cellular numbers ported ",,"count",141,"MAC","Macao, China","21467.0",2013,"","Bureau of Telecommunications Regulation","Refers to the number of mobile porting transactions that have been carried out during the reference year"
11623,"i271pt","Mobile-cellular numbers ported ",,"count",141,"MAC","Macao, China","19501.0",2014,"","Bureau of Telecommunications Regulation","Refers to the number of mobile porting transactions that have been carried out during the reference year"
11623,"i271pt","Mobile-cellular numbers ported ",,"count",141,"MAC","Macao, China","20156.0",2015,"","Bureau of Telecommunications Regulation","Refers to the number of mobile porting transactions that have been carried out during the reference year"
11623,"i271pt","Mobile-cellular numbers ported ",,"count",141,"MAC","Macao, China","18794.0",2021,"Prepaid to prepaid ports not included","Macao Post and Telecommunications Bureau","Refers to the number of mobile porting transactions that have been carried out during the reference year"
11623,"i271pt","Mobile-cellular numbers ported ",,"count",141,"MAC","Macao, China","20027.0",2022,"Prepaid to prepaid ports not included","Macao Post and Telecommunications Bureau","Refers to the number of mobile porting transactions that have been carried out during the reference year"
11623,"i271pt","Mobile-cellular numbers ported ",,"count",141,"MAC","Macao, China","15488.0",2023,"Prepaid to prepaid ports not included","Macao Post and Telecommunications Bureau","Refers to the number of mobile porting transactions that have been carried out during the reference year"
11623,"i271pt","Mobile-cellular numbers ported ",,"count",141,"MAC","Macao, China","28276.0",2024,"Prepaid to prepaid ports not included","Macao Post and Telecommunications Bureau","Refers to the number of mobile porting transactions that have been carried out during the reference year"
11623,"i271pt","Mobile-cellular numbers ported ",,"count",143,"MCO","Monaco","0.0",2010,"","Direction des Communications Electroniques","Refers to the number of mobile porting transactions that have been carried out during the reference year"
11623,"i271pt","Mobile-cellular numbers ported ",,"count",143,"MCO","Monaco","0.0",2011,"","Direction des Communications Electroniques","Refers to the number of mobile porting transactions that have been carried out during the reference year"
11623,"i271pt","Mobile-cellular numbers ported ",,"count",143,"MCO","Monaco","0.0",2012,"","Direction des Communications Electroniques","Refers to the number of mobile porting transactions that have been carried out during the reference year"
11623,"i271pt","Mobile-cellular numbers ported ",,"count",143,"MCO","Monaco","0.0",2013,"","Direction des Communications Electroniques","Refers to the number of mobile porting transactions that have been carried out during the reference year"
11623,"i271pt","Mobile-cellular numbers ported ",,"count",143,"MCO","Monaco","0.0",2014,"","Direction des Communications Electroniques","Refers to the number of mobile porting transactions that have been carried out during the reference year"
11623,"i271pt","Mobile-cellular numbers ported ",,"count",143,"MCO","Monaco","0.0",2015,"","Direction des Communications Electroniques","Refers to the number of mobile porting transactions that have been carried out during the reference year"
11623,"i271pt","Mobile-cellular numbers ported ",,"count",143,"MCO","Monaco","0.0",2016,"","Direction du Développement des Usages Numériques","Refers to the number of mobile porting transactions that have been carried out during the reference year"
11623,"i271pt","Mobile-cellular numbers ported ",,"count",143,"MCO","Monaco","0.0",2017,"","Direction des Plateformes et des Ressources Numériques","Refers to the number of mobile porting transactions that have been carried out during the reference year"
11623,"i271pt","Mobile-cellular numbers ported ",,"count",143,"MCO","Monaco","0.0",2018,"","Gouvernement de Monaco","Refers to the number of mobile porting transactions that have been carried out during the reference year"
11623,"i271pt","Mobile-cellular numbers ported ",,"count",143,"MCO","Monaco","0.0",2019,"","Direction du Développement des Usages Numériques","Refers to the number of mobile porting transactions that have been carried out during the reference year"
11623,"i271pt","Mobile-cellular numbers ported ",,"count",143,"MCO","Monaco","0.0",2020,"","Direction du Développement des Usages Numériques","Refers to the number of mobile porting transactions that have been carried out during the reference year"
11623,"i271pt","Mobile-cellular numbers ported ",,"count",143,"MCO","Monaco","0.0",2021,"","Direction des Plateformes et des Ressources Numériques","Refers to the number of mobile porting transactions that have been carried out during the reference year"
11623,"i271pt","Mobile-cellular numbers ported ",,"count",143,"MCO","Monaco","0.0",2022,"","Direction des Plateformes et des Ressources Numériques","Refers to the number of mobile porting transactions that have been carried out during the reference year"
11623,"i271pt","Mobile-cellular numbers ported ",,"count",143,"MCO","Monaco","0.0",2023,"","Direction des Plateformes et des Ressources Numériques","Refers to the number of mobile porting transactions that have been carried out during the reference year"
11623,"i271pt","Mobile-cellular numbers ported ",,"count",143,"MCO","Monaco","0.0",2024,"","Direction des Plateformes et des Ressources Numériques","Refers to the number of mobile porting transactions that have been carried out during the reference year"
11623,"i271pt","Mobile-cellular numbers ported ",,"count",147,"MEX","Mexico","884858.0",2009,"","Comisión Federal de Telecomunicaciones de México","Refers to the number of mobile porting transactions that have been carried out during the reference year"
11623,"i271pt","Mobile-cellular numbers ported ",,"count",147,"MEX","Mexico","1265898.0",2010,"","Comisión Federal de Telecomunicaciones de México","Refers to the number of mobile porting transactions that have been carried out during the reference year"
11623,"i271pt","Mobile-cellular numbers ported ",,"count",147,"MEX","Mexico","1718537.0",2011,"","Comisión Federal de Telecomunicaciones de México","Refers to the number of mobile porting transactions that have been carried out during the reference year"
11623,"i271pt","Mobile-cellular numbers ported ",,"count",147,"MEX","Mexico","2538926.0",2012,"","Comisión Federal de Telecomunicaciones de México","Refers to the number of mobile porting transactions that have been carried out during the reference year"
11623,"i271pt","Mobile-cellular numbers ported ",,"count",147,"MEX","Mexico","4561255.0",2013,"","Instituto Federal de Telecomunicaciones de México","Refers to the number of mobile porting transactions that have been carried out during the reference year"
11623,"i271pt","Mobile-cellular numbers ported ",,"count",147,"MEX","Mexico","7586438.0",2014,"","Instituto Federal de Telecomunicaciones de México","Refers to the number of mobile porting transactions that have been carried out during the reference year"
11623,"i271pt","Mobile-cellular numbers ported ",,"count",147,"MEX","Mexico","8742703.0",2015,"","Instituto Federal de Telecomunicaciones de México","Refers to the number of mobile porting transactions that have been carried out during the reference year"
11623,"i271pt","Mobile-cellular numbers ported ",,"count",147,"MEX","Mexico","1.4608641E7",2016,"Information as of December 2016.","Instituto Federal de Telecomunicaciones","Refers to the number of mobile porting transactions that have been carried out during the reference year"
11623,"i271pt","Mobile-cellular numbers ported ",,"count",147,"MEX","Mexico","1.9040881E7",2017,"Information as of December 2017.","Instituto Federal de Telecomunicaciones","Refers to the number of mobile porting transactions that have been carried out during the reference year"
11623,"i271pt","Mobile-cellular numbers ported ",,"count",147,"MEX","Mexico","2.1248184E7",2018,"Information as of December 2018.","Instituto Federal de Telecomunicaciones","Refers to the number of mobile porting transactions that have been carried out during the reference year"
11623,"i271pt","Mobile-cellular numbers ported ",,"count",147,"MEX","Mexico","1.9574891E7",2019,"Information as of December 2019.","Instituto Federal de Telecomunicaciones de México","Refers to the number of mobile porting transactions that have been carried out during the reference year"
11623,"i271pt","Mobile-cellular numbers ported ",,"count",147,"MEX","Mexico","1.4405625E7",2020,"Information as of December 2020.","Instituto Federal de Telecomunicaciones de México","Refers to the number of mobile porting transactions that have been carried out during the reference year"
11623,"i271pt","Mobile-cellular numbers ported ",,"count",147,"MEX","Mexico","1.4466103E7",2021,"Information as of December 2021.","Instituto Federal de Telecomunicaciones de México","Refers to the number of mobile porting transactions that have been carried out during the reference year"
11623,"i271pt","Mobile-cellular numbers ported ",,"count",147,"MEX","Mexico","1.3108538E7",2022,"Information as of December 2022.","Instituto Federal de Telecomunicaciones de México","Refers to the number of mobile porting transactions that have been carried out during the reference year"
11623,"i271pt","Mobile-cellular numbers ported ",,"count",147,"MEX","Mexico","1.4232194E7",2023,"Information as of December 2023","Instituto Federal de Telecomunicaciones de México","Refers to the number of mobile porting transactions that have been carried out during the reference year"
11623,"i271pt","Mobile-cellular numbers ported ",,"count",147,"MEX","Mexico","1.4943731E7",2024,"Information as of December 2024","Instituto Federal de Telecomunicaciones de México","Refers to the number of mobile porting transactions that have been carried out during the reference year"
11623,"i271pt","Mobile-cellular numbers ported ",,"count",148,"MYS","Malaysia","211700.0",2008,"","Malaysian Communications and Multimedia Malaysia","Refers to the number of mobile porting transactions that have been carried out during the reference year"
11623,"i271pt","Mobile-cellular numbers ported ",,"count",148,"MYS","Malaysia","225600.0",2009,"","Malaysian Communications and Multimedia Malaysia","Refers to the number of mobile porting transactions that have been carried out during the reference year"
11623,"i271pt","Mobile-cellular numbers ported ",,"count",148,"MYS","Malaysia","696900.0",2010,"","Malaysian Communications and Multimedia Commission","Refers to the number of mobile porting transactions that have been carried out during the reference year"
11623,"i271pt","Mobile-cellular numbers ported ",,"count",148,"MYS","Malaysia","704900.0",2011,"","Malaysian Communications and Multimedia Commission","Refers to the number of mobile porting transactions that have been carried out during the reference year"
11623,"i271pt","Mobile-cellular numbers ported ",,"count",148,"MYS","Malaysia","880300.0",2012,"","Malaysian Communications and Multimedia Commission","Refers to the number of mobile porting transactions that have been carried out during the reference year"
11623,"i271pt","Mobile-cellular numbers ported ",,"count",148,"MYS","Malaysia","1004900.0",2013,"","Malaysian Communications and Multimedia Commission","Refers to the number of mobile porting transactions that have been carried out during the reference year"
11623,"i271pt","Mobile-cellular numbers ported ",,"count",148,"MYS","Malaysia","1156400.0",2014,"","Malaysian Communications and Multimedia Commission","Refers to the number of mobile porting transactions that have been carried out during the reference year"
11623,"i271pt","Mobile-cellular numbers ported ",,"count",148,"MYS","Malaysia","1420300.0",2015,"","Malaysian Communications and Multimedia Commission","Refers to the number of mobile porting transactions that have been carried out during the reference year"
11623,"i271pt","Mobile-cellular numbers ported ",,"count",148,"MYS","Malaysia","3241600.0",2016,"","Malaysian Communications and Multimedia Malaysia","Refers to the number of mobile porting transactions that have been carried out during the reference year"
11623,"i271pt","Mobile-cellular numbers ported ",,"count",148,"MYS","Malaysia","3441100.0",2017,"Revised from 34'273'100 reported in ITU Long Questionnaire 2018","Malaysian Communications and Multimedia Commission","Refers to the number of mobile porting transactions that have been carried out during the reference year"
11623,"i271pt","Mobile-cellular numbers ported ",,"count",148,"MYS","Malaysia","3607300.0",2018,"","Malaysian Communications and Multimedia Commission","Refers to the number of mobile porting transactions that have been carried out during the reference year"
11623,"i271pt","Mobile-cellular numbers ported ",,"count",148,"MYS","Malaysia","4372900.0",2019,"","Malaysian Communications and Multimedia Commission","Refers to the number of mobile porting transactions that have been carried out during the reference year"
11623,"i271pt","Mobile-cellular numbers ported ",,"count",148,"MYS","Malaysia","4366900.0",2020,"","Malaysian Communications and Multimedia Commission","Refers to the number of mobile porting transactions that have been carried out during the reference year"
11623,"i271pt","Mobile-cellular numbers ported ",,"count",148,"MYS","Malaysia","3764900.0",2021,"","Malaysian Communications and Multimedia Commission","Refers to the number of mobile porting transactions that have been carried out during the reference year"
11623,"i271pt","Mobile-cellular numbers ported ",,"count",148,"MYS","Malaysia","3423100.0",2022,"","Malaysian Communications and Multimedia Commission","Refers to the number of mobile porting transactions that have been carried out during the reference year"
11623,"i271pt","Mobile-cellular numbers ported ",,"count",148,"MYS","Malaysia","3748100.0",2023,"","Malaysian Communications and Multimedia Commission","Refers to the number of mobile porting transactions that have been carried out during the reference year"
11623,"i271pt","Mobile-cellular numbers ported ",,"count",148,"MYS","Malaysia","3757700.0",2024,"","Malaysian Communications and Multimedia Commission","Refers to the number of mobile porting transactions that have been carried out during the reference year"
11623,"i271pt","Mobile-cellular numbers ported ",,"count",149,"MDV","Maldives","6337.0",2016,"","Communications Authority of Maldives","Refers to the number of mobile porting transactions that have been carried out during the reference year"
11623,"i271pt","Mobile-cellular numbers ported ",,"count",149,"MDV","Maldives","6816.0",2017,"","Communications Authority of Maldives","Refers to the number of mobile porting transactions that have been carried out during the reference year"
11623,"i271pt","Mobile-cellular numbers ported ",,"count",149,"MDV","Maldives","5954.0",2018,"","Communications Authority of Maldives","Refers to the number of mobile porting transactions that have been carried out during the reference year"
11623,"i271pt","Mobile-cellular numbers ported ",,"count",149,"MDV","Maldives","3642.0",2019,"","Communications Authority of Maldives","Refers to the number of mobile porting transactions that have been carried out during the reference year"
11623,"i271pt","Mobile-cellular numbers ported ",,"count",149,"MDV","Maldives","2235.0",2020,"","Communications Authority of Maldives","Refers to the number of mobile porting transactions that have been carried out during the reference year"
11623,"i271pt","Mobile-cellular numbers ported ",,"count",149,"MDV","Maldives","2681.0",2021,"","Communications Authority of Maldives","Refers to the number of mobile porting transactions that have been carried out during the reference year"
11623,"i271pt","Mobile-cellular numbers ported ",,"count",149,"MDV","Maldives","2099.0",2022,"","Communications Authority of Maldives","Refers to the number of mobile porting transactions that have been carried out during the reference year"
11623,"i271pt","Mobile-cellular numbers ported ",,"count",149,"MDV","Maldives","1610.0",2023,"","Communications Authority of Maldives","Refers to the number of mobile porting transactions that have been carried out during the reference year"
11623,"i271pt","Mobile-cellular numbers ported ",,"count",149,"MDV","Maldives","1694.0",2024,"","Communications Authority of Maldives","Refers to the number of mobile porting transactions that have been carried out during the reference year"
11623,"i271pt","Mobile-cellular numbers ported ",,"count",150,"MLI","Mali","0.0",2016,"Portabilité mobile non effective au Mali.","Autorité malienne de régulation des télécommunications/TIC et Postes","Refers to the number of mobile porting transactions that have been carried out during the reference year"
11623,"i271pt","Mobile-cellular numbers ported ",,"count",150,"MLI","Mali","0.0",2017,"Portabilité mobile non effective au Mali.","Autorité Malienne de Régulation des Télécommunication/TIC et Postes (AMRTP)","Refers to the number of mobile porting transactions that have been carried out during the reference year"
11623,"i271pt","Mobile-cellular numbers ported ",,"count",150,"MLI","Mali","0.0",2018,"Portabilité mobile non effective au Mali.","Autorité Malienne de Régulation des Télécommunications/TIC et des Postes (AMRTP)","Refers to the number of mobile porting transactions that have been carried out during the reference year"
11623,"i271pt","Mobile-cellular numbers ported ",,"count",150,"MLI","Mali","0.0",2019,"Non disponible","Autorité Malienne de Régulation des Télécommunications/TIC et Postes (AMRTP)","Refers to the number of mobile porting transactions that have been carried out during the reference year"
11623,"i271pt","Mobile-cellular numbers ported ",,"count",150,"MLI","Mali","0.0",2020,"Non disponible","Autorité Malienne de Régulation des Télécommunications/TIC et Postes (AMRTP)","Refers to the number of mobile porting transactions that have been carried out during the reference year"
11623,"i271pt","Mobile-cellular numbers ported ",,"count",150,"MLI","Mali","0.0",2021,"Non disponible","Autorité Malienne de Régulation des Télécommunications/TIC et Postes (AMRTP)","Refers to the number of mobile porting transactions that have been carried out during the reference year"
11623,"i271pt","Mobile-cellular numbers ported ",,"count",150,"MLI","Mali","0.0",2022,"Non disponible","Autorité Malienne de Régulation des Télécommunications/TIC et Postes (AMRTP)","Refers to the number of mobile porting transactions that have been carried out during the reference year"
11623,"i271pt","Mobile-cellular numbers ported ",,"count",151,"MLT","Malta","22325.0",2007,"","Malta Communications Authority","Refers to the number of mobile porting transactions that have been carried out during the reference year"
11623,"i271pt","Mobile-cellular numbers ported ",,"count",151,"MLT","Malta","35327.0",2008,"","Malta Communications Authority","Refers to the number of mobile porting transactions that have been carried out during the reference year"
11623,"i271pt","Mobile-cellular numbers ported ",,"count",151,"MLT","Malta","52464.0",2009,"","Malta Communications Authority","Refers to the number of mobile porting transactions that have been carried out during the reference year"
11623,"i271pt","Mobile-cellular numbers ported ",,"count",151,"MLT","Malta","54097.0",2010,"","Malta Communications Authority","Refers to the number of mobile porting transactions that have been carried out during the reference year"
11623,"i271pt","Mobile-cellular numbers ported ",,"count",151,"MLT","Malta","60920.0",2011,"","Malta Communications Authority","Refers to the number of mobile porting transactions that have been carried out during the reference year"
11623,"i271pt","Mobile-cellular numbers ported ",,"count",151,"MLT","Malta","50870.0",2012,"","Malta Communications Authority","Refers to the number of mobile porting transactions that have been carried out during the reference year"
11623,"i271pt","Mobile-cellular numbers ported ",,"count",151,"MLT","Malta","42835.0",2013,"","Malta Communications Authority","Refers to the number of mobile porting transactions that have been carried out during the reference year"
11623,"i271pt","Mobile-cellular numbers ported ",,"count",151,"MLT","Malta","35745.0",2014,"","Malta Communications Authority","Refers to the number of mobile porting transactions that have been carried out during the reference year"
11623,"i271pt","Mobile-cellular numbers ported ",,"count",151,"MLT","Malta","32280.0",2015,"","Malta Communications Authority","Refers to the number of mobile porting transactions that have been carried out during the reference year"
11623,"i271pt","Mobile-cellular numbers ported ",,"count",151,"MLT","Malta","29544.0",2016,"","Malta Communications Authority","Refers to the number of mobile porting transactions that have been carried out during the reference year"
11623,"i271pt","Mobile-cellular numbers ported ",,"count",151,"MLT","Malta","33246.0",2017,"","Malta Communications Authority","Refers to the number of mobile porting transactions that have been carried out during the reference year"
11623,"i271pt","Mobile-cellular numbers ported ",,"count",151,"MLT","Malta","28890.0",2018,"","Malta Communications Authority","Refers to the number of mobile porting transactions that have been carried out during the reference year"
11623,"i271pt","Mobile-cellular numbers ported ",,"count",151,"MLT","Malta","25296.0",2019,"","Malta Communications Authority","Refers to the number of mobile porting transactions that have been carried out during the reference year"
11623,"i271pt","Mobile-cellular numbers ported ",,"count",151,"MLT","Malta","17198.0",2020,"","Malta Communications Authority","Refers to the number of mobile porting transactions that have been carried out during the reference year"
11623,"i271pt","Mobile-cellular numbers ported ",,"count",151,"MLT","Malta","22980.0",2021,"","Malta Communications Authority","Refers to the number of mobile porting transactions that have been carried out during the reference year"
11623,"i271pt","Mobile-cellular numbers ported ",,"count",151,"MLT","Malta","22924.0",2022,"","Malta Communications Authority","Refers to the number of mobile porting transactions that have been carried out during the reference year"
11623,"i271pt","Mobile-cellular numbers ported ",,"count",151,"MLT","Malta","25521.0",2023,"","Malta Communications Authority","Refers to the number of mobile porting transactions that have been carried out during the reference year"
11623,"i271pt","Mobile-cellular numbers ported ",,"count",151,"MLT","Malta","19620.0",2024,"","Malta Communications Authority","Refers to the number of mobile porting transactions that have been carried out during the reference year"
11623,"i271pt","Mobile-cellular numbers ported ",,"count",155,"MAR","Morocco","6500.0",2008,"","Agence Nationale de Réglementation des Télécommunications","Refers to the number of mobile porting transactions that have been carried out during the reference year"
11623,"i271pt","Mobile-cellular numbers ported ",,"count",155,"MAR","Morocco","14500.0",2009,"","Agence Nationale de Réglementation des Télécommunications","Refers to the number of mobile porting transactions that have been carried out during the reference year"
11623,"i271pt","Mobile-cellular numbers ported ",,"count",155,"MAR","Morocco","26000.0",2010,"","Agence Nationale de Réglementation des Télécommunications","Refers to the number of mobile porting transactions that have been carried out during the reference year"
11623,"i271pt","Mobile-cellular numbers ported ",,"count",155,"MAR","Morocco","37000.0",2011,"","Agence Nationale de Réglementation des Télécommunications","Refers to the number of mobile porting transactions that have been carried out during the reference year"
11623,"i271pt","Mobile-cellular numbers ported ",,"count",155,"MAR","Morocco","64587.0",2012,"","Agence Nationale de Réglementation des Télécommunications","Refers to the number of mobile porting transactions that have been carried out during the reference year"
11623,"i271pt","Mobile-cellular numbers ported ",,"count",155,"MAR","Morocco","116095.0",2013,"","Agence Nationale de Réglementation des Télécommunications","Refers to the number of mobile porting transactions that have been carried out during the reference year"
11623,"i271pt","Mobile-cellular numbers ported ",,"count",155,"MAR","Morocco","154585.0",2014,"","Agence Nationale de Réglementation des Télécommunications","Refers to the number of mobile porting transactions that have been carried out during the reference year"
11623,"i271pt","Mobile-cellular numbers ported ",,"count",155,"MAR","Morocco","213104.0",2015,"","Agence Nationale de Réglementation des Télécommunications","Refers to the number of mobile porting transactions that have been carried out during the reference year"
11623,"i271pt","Mobile-cellular numbers ported ",,"count",155,"MAR","Morocco","287848.0",2016,"","ANRT","Refers to the number of mobile porting transactions that have been carried out during the reference year"
11623,"i271pt","Mobile-cellular numbers ported ",,"count",155,"MAR","Morocco","382957.0",2017,"","ANRT","Refers to the number of mobile porting transactions that have been carried out during the reference year"
11623,"i271pt","Mobile-cellular numbers ported ",,"count",155,"MAR","Morocco","510668.0",2018,"","ANRT","Refers to the number of mobile porting transactions that have been carried out during the reference year"
11623,"i271pt","Mobile-cellular numbers ported ",,"count",155,"MAR","Morocco","642910.0",2019,"","Agence Nationale de Réglementation des Télécommunications","Refers to the number of mobile porting transactions that have been carried out during the reference year"
11623,"i271pt","Mobile-cellular numbers ported ",,"count",155,"MAR","Morocco","794560.0",2020,"","Agence Nationale de Réglementation des Télécommunications","Refers to the number of mobile porting transactions that have been carried out during the reference year"
11623,"i271pt","Mobile-cellular numbers ported ",,"count",155,"MAR","Morocco","975898.0",2021,"","Agence Nationale de Réglementation des Télécommunications","Refers to the number of mobile porting transactions that have been carried out during the reference year"
11623,"i271pt","Mobile-cellular numbers ported ",,"count",155,"MAR","Morocco","1146253.0",2022,"","Agence Nationale de Réglementation des Télécommunications","Refers to the number of mobile porting transactions that have been carried out during the reference year"
11623,"i271pt","Mobile-cellular numbers ported ",,"count",155,"MAR","Morocco","1317063.0",2023,"","Agence Nationale de Réglementation des Télécommunications","Refers to the number of mobile porting transactions that have been carried out during the reference year"
11623,"i271pt","Mobile-cellular numbers ported ",,"count",155,"MAR","Morocco","1470042.0",2024,"","Agence Nationale de Règlementation des Télécommunications","Refers to the number of mobile porting transactions that have been carried out during the reference year"
11623,"i271pt","Mobile-cellular numbers ported ",,"count",160,"MRT","Mauritania","0.0",2009,"Service not available.","Autorité de Régulation","Refers to the number of mobile porting transactions that have been carried out during the reference year"
11623,"i271pt","Mobile-cellular numbers ported ",,"count",160,"MRT","Mauritania","0.0",2010,"Service not available.","Autorité de Régulation","Refers to the number of mobile porting transactions that have been carried out during the reference year"
11623,"i271pt","Mobile-cellular numbers ported ",,"count",160,"MRT","Mauritania","0.0",2011,"Service not available.","Autorité de Régulation","Refers to the number of mobile porting transactions that have been carried out during the reference year"
11623,"i271pt","Mobile-cellular numbers ported ",,"count",163,"NIC","Nicaragua","0.0",2016,"","TELCOR","Refers to the number of mobile porting transactions that have been carried out during the reference year"
11623,"i271pt","Mobile-cellular numbers ported ",,"count",163,"NIC","Nicaragua","0.0",2017,"","Telcor","Refers to the number of mobile porting transactions that have been carried out during the reference year"
11623,"i271pt","Mobile-cellular numbers ported ",,"count",164,"NCL","New Caledonia","0.0",2007,"","Office des Postes et Télécommunications de Nouvelle-Calédonie","Refers to the number of mobile porting transactions that have been carried out during the reference year"
11623,"i271pt","Mobile-cellular numbers ported ",,"count",164,"NCL","New Caledonia","0.0",2008,"","Office des Postes et Télécommunications de Nouvelle-Calédonie","Refers to the number of mobile porting transactions that have been carried out during the reference year"
11623,"i271pt","Mobile-cellular numbers ported ",,"count",164,"NCL","New Caledonia","0.0",2009,"","Office des Postes et Télécommunications de Nouvelle-Calédonie","Refers to the number of mobile porting transactions that have been carried out during the reference year"
11623,"i271pt","Mobile-cellular numbers ported ",,"count",166,"NER","Niger","0.0",2017,"","MPT-EN","Refers to the number of mobile porting transactions that have been carried out during the reference year"
11623,"i271pt","Mobile-cellular numbers ported ",,"count",167,"NGA","Nigeria","157432.0",2013,"","Nigerian Communications Commission","Refers to the number of mobile porting transactions that have been carried out during the reference year"
11623,"i271pt","Mobile-cellular numbers ported ",,"count",167,"NGA","Nigeria","294675.0",2014,"","Nigerian Communications Commission","Refers to the number of mobile porting transactions that have been carried out during the reference year"
11623,"i271pt","Mobile-cellular numbers ported ",,"count",167,"NGA","Nigeria","431960.0",2015,"","Nigerian Communications Commission","Refers to the number of mobile porting transactions that have been carried out during the reference year"
11623,"i271pt","Mobile-cellular numbers ported ",,"count",167,"NGA","Nigeria","428462.0",2016,"","NIGERIAN COMMUNICATIONS COMMISSION","Refers to the number of mobile porting transactions that have been carried out during the reference year"
11623,"i271pt","Mobile-cellular numbers ported ",,"count",167,"NGA","Nigeria","345250.0",2017,"","NIGERIAN COMMUNICATIONS COMMISSION","Refers to the number of mobile porting transactions that have been carried out during the reference year"
11623,"i271pt","Mobile-cellular numbers ported ",,"count",167,"NGA","Nigeria","172704.0",2018,"","Nigerian Communications Commission","Refers to the number of mobile porting transactions that have been carried out during the reference year"
11623,"i271pt","Mobile-cellular numbers ported ",,"count",167,"NGA","Nigeria","260176.0",2019,"","Nigerian Communications Commission","Refers to the number of mobile porting transactions that have been carried out during the reference year"
11623,"i271pt","Mobile-cellular numbers ported ",,"count",167,"NGA","Nigeria","370129.0",2020,"","Nigerian Communications Commission","Refers to the number of mobile porting transactions that have been carried out during the reference year"
11623,"i271pt","Mobile-cellular numbers ported ",,"count",167,"NGA","Nigeria","28981.0",2021,"","Nigerian Communications Commission","Refers to the number of mobile porting transactions that have been carried out during the reference year"
11623,"i271pt","Mobile-cellular numbers ported ",,"count",167,"NGA","Nigeria","32086.0",2022,"","Nigerian Communications Commission","Refers to the number of mobile porting transactions that have been carried out during the reference year"
11623,"i271pt","Mobile-cellular numbers ported ",,"count",167,"NGA","Nigeria","33681.0",2023,"","Nigerian Communications Commission","Refers to the number of mobile porting transactions that have been carried out during the reference year"
11623,"i271pt","Mobile-cellular numbers ported ",,"count",167,"NGA","Nigeria","55386.0",2024,"","Nigerian Communications Commission","Refers to the number of mobile porting transactions that have been carried out during the reference year"
11623,"i271pt","Mobile-cellular numbers ported ",,"count",169,"NAM","Namibia","0.0",2010,"","Communications Regulatory Authority of Namibia ","Refers to the number of mobile porting transactions that have been carried out during the reference year"
11623,"i271pt","Mobile-cellular numbers ported ",,"count",169,"NAM","Namibia","0.0",2011,"","Communications Regulatory Authority of Namibia ","Refers to the number of mobile porting transactions that have been carried out during the reference year"
11623,"i271pt","Mobile-cellular numbers ported ",,"count",169,"NAM","Namibia","0.0",2012,"","Communications Regulatory Authority of Namibia ","Refers to the number of mobile porting transactions that have been carried out during the reference year"
11623,"i271pt","Mobile-cellular numbers ported ",,"count",169,"NAM","Namibia","0.0",2013,"","Communications Regulatory Authority of Namibia ","Refers to the number of mobile porting transactions that have been carried out during the reference year"
11623,"i271pt","Mobile-cellular numbers ported ",,"count",169,"NAM","Namibia","0.0",2014,"","Communications Regulatory Authority of Namibia ","Refers to the number of mobile porting transactions that have been carried out during the reference year"
11623,"i271pt","Mobile-cellular numbers ported ",,"count",169,"NAM","Namibia","0.0",2015,"","Communications Regulatory Authority of Namibia ","Refers to the number of mobile porting transactions that have been carried out during the reference year"
11623,"i271pt","Mobile-cellular numbers ported ",,"count",169,"NAM","Namibia","0.0",2016,"","CRAN","Refers to the number of mobile porting transactions that have been carried out during the reference year"
11623,"i271pt","Mobile-cellular numbers ported ",,"count",169,"NAM","Namibia","0.0",2017,"","CRAN","Refers to the number of mobile porting transactions that have been carried out during the reference year"
11623,"i271pt","Mobile-cellular numbers ported ",,"count",169,"NAM","Namibia","0.0",2018,"","CRAN","Refers to the number of mobile porting transactions that have been carried out during the reference year"
11623,"i271pt","Mobile-cellular numbers ported ",,"count",169,"NAM","Namibia","0.0",2019,"","Communications Regulatory Authority of Namibia ","Refers to the number of mobile porting transactions that have been carried out during the reference year"
11623,"i271pt","Mobile-cellular numbers ported ",,"count",169,"NAM","Namibia","0.0",2020,"","Communications Regulatory Authority of Namibia ","Refers to the number of mobile porting transactions that have been carried out during the reference year"
11623,"i271pt","Mobile-cellular numbers ported ",,"count",169,"NAM","Namibia","0.0",2021,"","Communications Regulatory Authority of Namibia","Refers to the number of mobile porting transactions that have been carried out during the reference year"
11623,"i271pt","Mobile-cellular numbers ported ",,"count",169,"NAM","Namibia","0.0",2022,"","Communications Regulatory Authority of Namibia","Refers to the number of mobile porting transactions that have been carried out during the reference year"
11623,"i271pt","Mobile-cellular numbers ported ",,"count",169,"NAM","Namibia","0.0",2023,"","Communications Regulatory Authority of Namibia","Refers to the number of mobile porting transactions that have been carried out during the reference year"
11623,"i271pt","Mobile-cellular numbers ported ",,"count",169,"NAM","Namibia","0.0",2024,"","Communications Regulatory Authority of Namibia","Refers to the number of mobile porting transactions that have been carried out during the reference year"
11623,"i271pt","Mobile-cellular numbers ported ",,"count",170,"NOR","Norway","710000.0",2013,"There is a certain margin of error in regards to the number portings. The available statistics do not differentiate between internal portings and between provider codes belonging to the same operator and portings between separate operators.","Norwegian Post and Telecommunications Authority (NPT)","Refers to the number of mobile porting transactions that have been carried out during the reference year"
11623,"i271pt","Mobile-cellular numbers ported ",,"count",170,"NOR","Norway","700000.0",2014,"Estimate","Norwegian Communications Authority","Refers to the number of mobile porting transactions that have been carried out during the reference year"
11623,"i271pt","Mobile-cellular numbers ported ",,"count",170,"NOR","Norway","603172.0",2015,"ported in. Previous years are estimates. 2015 data is collected.","Norwegian Communications Authority","Refers to the number of mobile porting transactions that have been carried out during the reference year"
11623,"i271pt","Mobile-cellular numbers ported ",,"count",170,"NOR","Norway","712509.0",2016,"Ported in.","Norwegian Communication Authority","Refers to the number of mobile porting transactions that have been carried out during the reference year"
11623,"i271pt","Mobile-cellular numbers ported ",,"count",170,"NOR","Norway","812198.0",2017,"Ported in","Norwegian Communication Authority","Refers to the number of mobile porting transactions that have been carried out during the reference year"
11623,"i271pt","Mobile-cellular numbers ported ",,"count",170,"NOR","Norway","777803.0",2018,"Ported in","Norwegian Communication Authority","Refers to the number of mobile porting transactions that have been carried out during the reference year"
11623,"i271pt","Mobile-cellular numbers ported ",,"count",170,"NOR","Norway","822681.0",2019,"Ported in","Norwegian Communication Authority","Refers to the number of mobile porting transactions that have been carried out during the reference year"
11623,"i271pt","Mobile-cellular numbers ported ",,"count",170,"NOR","Norway","1447041.0",2021,"","Norwegian Communications Authority","Refers to the number of mobile porting transactions that have been carried out during the reference year"
11623,"i271pt","Mobile-cellular numbers ported ",,"count",170,"NOR","Norway","1533961.0",2022,"","Norwegian Communications Authority","Refers to the number of mobile porting transactions that have been carried out during the reference year"
11623,"i271pt","Mobile-cellular numbers ported ",,"count",172,"NRU","Nauru","0.0",2010,"","Ministry for Transport and Telecommunications","Refers to the number of mobile porting transactions that have been carried out during the reference year"
11623,"i271pt","Mobile-cellular numbers ported ",,"count",173,"NZL","New Zealand","40500.0",2008,"","Ministry of Economic Development","Refers to the number of mobile porting transactions that have been carried out during the reference year"
11623,"i271pt","Mobile-cellular numbers ported ",,"count",173,"NZL","New Zealand","43500.0",2009,"","Ministry of Economic Development","Refers to the number of mobile porting transactions that have been carried out during the reference year"
11623,"i271pt","Mobile-cellular numbers ported ",,"count",173,"NZL","New Zealand","139000.0",2010,"","Ministry of Business, Innovation and Employment","Refers to the number of mobile porting transactions that have been carried out during the reference year"
11623,"i271pt","Mobile-cellular numbers ported ",,"count",173,"NZL","New Zealand","145000.0",2011,"","Ministry of Business, Innovation and Employment","Refers to the number of mobile porting transactions that have been carried out during the reference year"
11623,"i271pt","Mobile-cellular numbers ported ",,"count",173,"NZL","New Zealand","163000.0",2012,"","Ministry of Business, Innovation and Employment","Refers to the number of mobile porting transactions that have been carried out during the reference year"
11623,"i271pt","Mobile-cellular numbers ported ",,"count",173,"NZL","New Zealand","294000.0",2014,"","Ministry of Business, Innovation and Employment","Refers to the number of mobile porting transactions that have been carried out during the reference year"
11623,"i271pt","Mobile-cellular numbers ported ",,"count",173,"NZL","New Zealand","335000.0",2015,"","Ministry of Business, Innovation and Employment","Refers to the number of mobile porting transactions that have been carried out during the reference year"
11623,"i271pt","Mobile-cellular numbers ported ",,"count",173,"NZL","New Zealand","315000.0",2016,"As reported by TCF to Comcom","Ministry of Business, Innovation and Employment","Refers to the number of mobile porting transactions that have been carried out during the reference year"
11623,"i271pt","Mobile-cellular numbers ported ",,"count",173,"NZL","New Zealand","322000.0",2017,"As reported by TCF to Comcom","Ministry of Business, Innovation and Employment","Refers to the number of mobile porting transactions that have been carried out during the reference year"
11623,"i271pt","Mobile-cellular numbers ported ",,"count",175,"PYF","French Polynesia","951.0",2009,"","Service des Postes et Télécommunications","Refers to the number of mobile porting transactions that have been carried out during the reference year"
11623,"i271pt","Mobile-cellular numbers ported ",,"count",175,"PYF","French Polynesia","1410.0",2010,"","Service des Postes et Télécommunications","Refers to the number of mobile porting transactions that have been carried out during the reference year"
11623,"i271pt","Mobile-cellular numbers ported ",,"count",175,"PYF","French Polynesia","2817.0",2012,"","Service des Postes et Télécommunications","Refers to the number of mobile porting transactions that have been carried out during the reference year"
11623,"i271pt","Mobile-cellular numbers ported ",,"count",175,"PYF","French Polynesia","2596.0",2013,"","Service des Postes et Télécommunications","Refers to the number of mobile porting transactions that have been carried out during the reference year"
11623,"i271pt","Mobile-cellular numbers ported ",,"count",175,"PYF","French Polynesia","2817.0",2014,"","Service des Postes et Télécommunications","Refers to the number of mobile porting transactions that have been carried out during the reference year"
11623,"i271pt","Mobile-cellular numbers ported ",,"count",175,"PYF","French Polynesia","0.0",2016,"No Mobile-cellular numbers ported in 2016","Direction Générale de l'Economie Numérique","Refers to the number of mobile porting transactions that have been carried out during the reference year"
11623,"i271pt","Mobile-cellular numbers ported ",,"count",175,"PYF","French Polynesia","0.0",2017,"No Mobile-cellular numbers ported in 2017","Direction Générale de l'Economie Numérique","Refers to the number of mobile porting transactions that have been carried out during the reference year"
11623,"i271pt","Mobile-cellular numbers ported ",,"count",175,"PYF","French Polynesia","0.0",2018,"No Mobile-cellular numbers ported in 2018","Direction Générale de l'Economie Numérique","Refers to the number of mobile porting transactions that have been carried out during the reference year"
11623,"i271pt","Mobile-cellular numbers ported ",,"count",176,"OMN","Oman","19606.0",2007,"","Telecommunications Regulatory Authority","Refers to the number of mobile porting transactions that have been carried out during the reference year"
11623,"i271pt","Mobile-cellular numbers ported ",,"count",176,"OMN","Oman","16685.0",2008,"","Telecommunications Regulatory Authority","Refers to the number of mobile porting transactions that have been carried out during the reference year"
11623,"i271pt","Mobile-cellular numbers ported ",,"count",176,"OMN","Oman","31630.0",2009,"","Telecommunication Regulatory Authority","Refers to the number of mobile porting transactions that have been carried out during the reference year"
11623,"i271pt","Mobile-cellular numbers ported ",,"count",176,"OMN","Oman","36299.0",2010,"","Telecommunication Regulatory Authority","Refers to the number of mobile porting transactions that have been carried out during the reference year"
11623,"i271pt","Mobile-cellular numbers ported ",,"count",176,"OMN","Oman","28236.0",2011,"","Telecommunication Regulatory Authority","Refers to the number of mobile porting transactions that have been carried out during the reference year"
11623,"i271pt","Mobile-cellular numbers ported ",,"count",176,"OMN","Oman","42804.0",2012,"","Telecommunication Regulatory Authority","Refers to the number of mobile porting transactions that have been carried out during the reference year"
11623,"i271pt","Mobile-cellular numbers ported ",,"count",176,"OMN","Oman","47000.0",2013,"","Telecommunication Regulatory Authority","Refers to the number of mobile porting transactions that have been carried out during the reference year"
11623,"i271pt","Mobile-cellular numbers ported ",,"count",176,"OMN","Oman","47964.0",2014,"","Telecommunication Regulatory Authority","Refers to the number of mobile porting transactions that have been carried out during the reference year"
11623,"i271pt","Mobile-cellular numbers ported ",,"count",176,"OMN","Oman","47066.0",2015,"","Telecommunication Regulatory Authority","Refers to the number of mobile porting transactions that have been carried out during the reference year"
11623,"i271pt","Mobile-cellular numbers ported ",,"count",176,"OMN","Oman","63259.0",2016,"","Telecommunication Regulatory Authority","Refers to the number of mobile porting transactions that have been carried out during the reference year"
11623,"i271pt","Mobile-cellular numbers ported ",,"count",176,"OMN","Oman","63882.0",2017,"","Telecommunication Regulatory Authority","Refers to the number of mobile porting transactions that have been carried out during the reference year"
11623,"i271pt","Mobile-cellular numbers ported ",,"count",176,"OMN","Oman","61211.0",2018,"","Telecommunication Regulatory Authority","Refers to the number of mobile porting transactions that have been carried out during the reference year"
11623,"i271pt","Mobile-cellular numbers ported ",,"count",176,"OMN","Oman","64394.0",2019,"","Telecommunication Regulatory Authority","Refers to the number of mobile porting transactions that have been carried out during the reference year"
11623,"i271pt","Mobile-cellular numbers ported ",,"count",176,"OMN","Oman","14119.0",2020,"","Telecommunication Regulatory Authority","Refers to the number of mobile porting transactions that have been carried out during the reference year"
11623,"i271pt","Mobile-cellular numbers ported ",,"count",176,"OMN","Oman","6753.0",2021,"","Telecommunication Regulatory Authority","Refers to the number of mobile porting transactions that have been carried out during the reference year"
11623,"i271pt","Mobile-cellular numbers ported ",,"count",176,"OMN","Oman","65651.0",2022,"","Telecommunication Regulatory Authority","Refers to the number of mobile porting transactions that have been carried out during the reference year"
11623,"i271pt","Mobile-cellular numbers ported ",,"count",176,"OMN","Oman","79773.0",2023,"","Telecommunication Regulatory Authority","Refers to the number of mobile porting transactions that have been carried out during the reference year"
11623,"i271pt","Mobile-cellular numbers ported ",,"count",176,"OMN","Oman","81930.0",2024,"","Telecommunication Regulatory Authority","Refers to the number of mobile porting transactions that have been carried out during the reference year"
11623,"i271pt","Mobile-cellular numbers ported ",,"count",182,"PAK","Pakistan","179653.0",2007,"","Pakistan Telecommunication Authority (PTA).","Refers to the number of mobile porting transactions that have been carried out during the reference year"
11623,"i271pt","Mobile-cellular numbers ported ",,"count",182,"PAK","Pakistan","588512.0",2008,"","Pakistan Telecommunication Authority (PTA).","Refers to the number of mobile porting transactions that have been carried out during the reference year"
11623,"i271pt","Mobile-cellular numbers ported ",,"count",182,"PAK","Pakistan","1706192.0",2009,"Revised","Pakistan Telecommunication Authority","Refers to the number of mobile porting transactions that have been carried out during the reference year"
11623,"i271pt","Mobile-cellular numbers ported ",,"count",182,"PAK","Pakistan","7222900.0",2010,"Revised","Pakistan Telecommunication Authority","Refers to the number of mobile porting transactions that have been carried out during the reference year"
11623,"i271pt","Mobile-cellular numbers ported ",,"count",182,"PAK","Pakistan","4686894.0",2011,"As per data received from Pakistan Mobile Number Portability Database","Pakistan Telecommunication Authority","Refers to the number of mobile porting transactions that have been carried out during the reference year"
11623,"i271pt","Mobile-cellular numbers ported ",,"count",182,"PAK","Pakistan","5717942.0",2012,"As per data received from Pakistan Mobile Number Portability Database","","Refers to the number of mobile porting transactions that have been carried out during the reference year"
11623,"i271pt","Mobile-cellular numbers ported ",,"count",182,"PAK","Pakistan","3335282.0",2013,"As per data received from Pakistan Mobile Number Portability Database","","Refers to the number of mobile porting transactions that have been carried out during the reference year"
11623,"i271pt","Mobile-cellular numbers ported ",,"count",182,"PAK","Pakistan","5012946.0",2014,"As per data received from Pakistan Mobile Number Portability Database","","Refers to the number of mobile porting transactions that have been carried out during the reference year"
11623,"i271pt","Mobile-cellular numbers ported ",,"count",182,"PAK","Pakistan","837609.0",2015,"As per data received from Pakistan Mobile Number Portability Database","Pakistan Telecommunication Authority","Refers to the number of mobile porting transactions that have been carried out during the reference year"
11623,"i271pt","Mobile-cellular numbers ported ",,"count",182,"PAK","Pakistan","1493157.0",2016,"As per data received from Pakistan Mobile Number Portability Database","Pakistan Telecommunication Authority","Refers to the number of mobile porting transactions that have been carried out during the reference year"
11623,"i271pt","Mobile-cellular numbers ported ",,"count",182,"PAK","Pakistan","1828006.0",2017,"As per data received from Pakistan Mobile Number Portability Database","Pakistan Telecommunication Authority","Refers to the number of mobile porting transactions that have been carried out during the reference year"
11623,"i271pt","Mobile-cellular numbers ported ",,"count",182,"PAK","Pakistan","2719254.0",2018,"As per data received from Pakistan Mobile Number Portability Database","Pakistan Telecommunication Authoriity","Refers to the number of mobile porting transactions that have been carried out during the reference year"
11623,"i271pt","Mobile-cellular numbers ported ",,"count",182,"PAK","Pakistan","3559741.0",2019,"As per data received from Pakistan Mobile Number Portability Database","Pakistan Telecommunication Authority","Refers to the number of mobile porting transactions that have been carried out during the reference year"
11623,"i271pt","Mobile-cellular numbers ported ",,"count",182,"PAK","Pakistan","3524339.0",2020,"As per data received from Pakistan Mobile Number Portability Database","Pakistan Telecommunication Authority","Refers to the number of mobile porting transactions that have been carried out during the reference year"
11623,"i271pt","Mobile-cellular numbers ported ",,"count",182,"PAK","Pakistan","4533394.0",2021,"As per data received from Pakistan Mobile Number Portability Database","Pakistan Telecommunication Authority","Refers to the number of mobile porting transactions that have been carried out during the reference year"
11623,"i271pt","Mobile-cellular numbers ported ",,"count",182,"PAK","Pakistan","3020459.0",2022,"As per data received from Pakistan Mobile Number Portability Database","Pakistan Telecommunication Authority","Refers to the number of mobile porting transactions that have been carried out during the reference year"
11623,"i271pt","Mobile-cellular numbers ported ",,"count",182,"PAK","Pakistan","1874713.0",2023,"As per data received from Pakistan Mobile Number Portability Database","Pakistan Telecommunication Authority","Refers to the number of mobile porting transactions that have been carried out during the reference year"
11623,"i271pt","Mobile-cellular numbers ported ",,"count",182,"PAK","Pakistan","2173387.0",2024,"As per data received from Pakistan Mobile Number Portability Database#","Pakistan Telecommunication Authority","Refers to the number of mobile porting transactions that have been carried out during the reference year"
11623,"i271pt","Mobile-cellular numbers ported ",,"count",184,"PHL","Philippines","0.0",2011,"NTC cancels plans for mobile numbers portability.","Information and Communications Technology Office","Refers to the number of mobile porting transactions that have been carried out during the reference year"
11623,"i271pt","Mobile-cellular numbers ported ",,"count",184,"PHL","Philippines","0.0",2012,"","Information and Communications Technology Office","Refers to the number of mobile porting transactions that have been carried out during the reference year"
11623,"i271pt","Mobile-cellular numbers ported ",,"count",184,"PHL","Philippines","0.0",2013,"","Information and Communications Technology Office","Refers to the number of mobile porting transactions that have been carried out during the reference year"
11623,"i271pt","Mobile-cellular numbers ported ",,"count",184,"PHL","Philippines","0.0",2014,"No data available.","Department of Science and Technology, Information and Communications Technology Office","Refers to the number of mobile porting transactions that have been carried out during the reference year"
11623,"i271pt","Mobile-cellular numbers ported ",,"count",184,"PHL","Philippines","1857.0",2021,"Mobile Porting in the Philippines was launched in September 2021","Department of Information and Communication Technology","Refers to the number of mobile porting transactions that have been carried out during the reference year"
11623,"i271pt","Mobile-cellular numbers ported ",,"count",184,"PHL","Philippines","20271.0",2022,"Source: NTC-RB#Data for 2022 is the reported no. of ported mobile numbers for CY 2022","Department of Information and Communication Technology","Refers to the number of mobile porting transactions that have been carried out during the reference year"
11623,"i271pt","Mobile-cellular numbers ported ",,"count",189,"PAN","Panama","5252.0",2011,"MNP started on 29 November.","Autoridad Nacional de los Servicios Públicos (ASEP)","Refers to the number of mobile porting transactions that have been carried out during the reference year"
11623,"i271pt","Mobile-cellular numbers ported ",,"count",189,"PAN","Panama","93919.0",2012,"","Autoridad Nacional de los Servicios Públicos (ASEP)","Refers to the number of mobile porting transactions that have been carried out during the reference year"
11623,"i271pt","Mobile-cellular numbers ported ",,"count",189,"PAN","Panama","116372.0",2013,"","Autoridad Nacional de los Servicios Públicos (ASEP)","Refers to the number of mobile porting transactions that have been carried out during the reference year"
11623,"i271pt","Mobile-cellular numbers ported ",,"count",189,"PAN","Panama","141142.0",2014,"","Autoridad Nacional de los Servicios Públicos (ASEP)","Refers to the number of mobile porting transactions that have been carried out during the reference year"
11623,"i271pt","Mobile-cellular numbers ported ",,"count",189,"PAN","Panama","173992.0",2015,"","Autoridad Nacional de los Servicios Públicos (ASEP)","Refers to the number of mobile porting transactions that have been carried out during the reference year"
11623,"i271pt","Mobile-cellular numbers ported ",,"count",189,"PAN","Panama","192486.0",2016,"","Autoridad Nacional de los Servicios Públicos","Refers to the number of mobile porting transactions that have been carried out during the reference year"
11623,"i271pt","Mobile-cellular numbers ported ",,"count",189,"PAN","Panama","185389.0",2017,"","Autoridad Nacional de los Servicios Públicos","Refers to the number of mobile porting transactions that have been carried out during the reference year"
11623,"i271pt","Mobile-cellular numbers ported ",,"count",189,"PAN","Panama","241139.0",2018,"","Autoridad Nacional de los Servicios Publicos","Refers to the number of mobile porting transactions that have been carried out during the reference year"
11623,"i271pt","Mobile-cellular numbers ported ",,"count",189,"PAN","Panama","252948.0",2019,"","Autoridad Nacional de los Servicios Públicos (ASEP)","Refers to the number of mobile porting transactions that have been carried out during the reference year"
11623,"i271pt","Mobile-cellular numbers ported ",,"count",189,"PAN","Panama","314379.0",2020,"cifras reales","Autoridad Nacional de los Servicios Públicos (ASEP)","Refers to the number of mobile porting transactions that have been carried out during the reference year"
11623,"i271pt","Mobile-cellular numbers ported ",,"count",189,"PAN","Panama","691757.0",2021,"cifras reales","Autoridad Nacional de los Servicios Públicos (ASEP)","Refers to the number of mobile porting transactions that have been carried out during the reference year"
11623,"i271pt","Mobile-cellular numbers ported ",,"count",189,"PAN","Panama","642319.0",2022,"cifras reales","Autoridad Nacional de los Servicios Públicos (ASEP)","Refers to the number of mobile porting transactions that have been carried out during the reference year"
11623,"i271pt","Mobile-cellular numbers ported ",,"count",189,"PAN","Panama","772994.0",2023,"cifras reales","Autoridad Nacional de los Servicios Públicos (ASEP)","Refers to the number of mobile porting transactions that have been carried out during the reference year"
11623,"i271pt","Mobile-cellular numbers ported ",,"count",190,"POL","Poland","146300.0",2008,"","Office of Electronic Communications","Refers to the number of mobile porting transactions that have been carried out during the reference year"
11623,"i271pt","Mobile-cellular numbers ported ",,"count",190,"POL","Poland","412186.0",2009,"","Office of Electronic Communications","Refers to the number of mobile porting transactions that have been carried out during the reference year"
11623,"i271pt","Mobile-cellular numbers ported ",,"count",190,"POL","Poland","866371.0",2010,"","Office of Electronic Communications","Refers to the number of mobile porting transactions that have been carried out during the reference year"
11623,"i271pt","Mobile-cellular numbers ported ",,"count",190,"POL","Poland","1051548.0",2011,"","Office of Electronic Communications","Refers to the number of mobile porting transactions that have been carried out during the reference year"
11623,"i271pt","Mobile-cellular numbers ported ",,"count",190,"POL","Poland","1247561.0",2012,"","Office of Electronic Communications","Refers to the number of mobile porting transactions that have been carried out during the reference year"
11623,"i271pt","Mobile-cellular numbers ported ",,"count",190,"POL","Poland","1546220.0",2013,"","Office of Electronic Communications","Refers to the number of mobile porting transactions that have been carried out during the reference year"
11623,"i271pt","Mobile-cellular numbers ported ",,"count",190,"POL","Poland","1822050.0",2014,"","Office of Electronic Communications","Refers to the number of mobile porting transactions that have been carried out during the reference year"
11623,"i271pt","Mobile-cellular numbers ported ",,"count",190,"POL","Poland","1654988.0",2015,"","Office of Electronic Communications","Refers to the number of mobile porting transactions that have been carried out during the reference year"
11623,"i271pt","Mobile-cellular numbers ported ",,"count",190,"POL","Poland","2023938.0",2016,"","Office of Electronic Communications","Refers to the number of mobile porting transactions that have been carried out during the reference year"
11623,"i271pt","Mobile-cellular numbers ported ",,"count",190,"POL","Poland","2143209.0",2017,"","Office of Electronic Communications","Refers to the number of mobile porting transactions that have been carried out during the reference year"
11623,"i271pt","Mobile-cellular numbers ported ",,"count",190,"POL","Poland","1399662.0",2018,"","Office of Electronic Communications","Refers to the number of mobile porting transactions that have been carried out during the reference year"
11623,"i271pt","Mobile-cellular numbers ported ",,"count",190,"POL","Poland","1694385.0",2019,"","Office of Electronic Communications","Refers to the number of mobile porting transactions that have been carried out during the reference year"
11623,"i271pt","Mobile-cellular numbers ported ",,"count",190,"POL","Poland","1412604.0",2020,"","Office of Electronic Communications","Refers to the number of mobile porting transactions that have been carried out during the reference year"
11623,"i271pt","Mobile-cellular numbers ported ",,"count",190,"POL","Poland","1420570.0",2021,"","Office of Electronic Communications","Refers to the number of mobile porting transactions that have been carried out during the reference year"
11623,"i271pt","Mobile-cellular numbers ported ",,"count",190,"POL","Poland","1358163.0",2022,"","Office of Electronic Communications","Refers to the number of mobile porting transactions that have been carried out during the reference year"
11623,"i271pt","Mobile-cellular numbers ported ",,"count",190,"POL","Poland","1464262.0",2023,"","Office of Electronic Communications","Refers to the number of mobile porting transactions that have been carried out during the reference year"
11623,"i271pt","Mobile-cellular numbers ported ",,"count",190,"POL","Poland","1512029.0",2024,"","Office of Electronic Communications","Refers to the number of mobile porting transactions that have been carried out during the reference year"
11623,"i271pt","Mobile-cellular numbers ported ",,"count",191,"PRT","Portugal","76453.0",2007,"","ANACOM","Refers to the number of mobile porting transactions that have been carried out during the reference year"
11623,"i271pt","Mobile-cellular numbers ported ",,"count",191,"PRT","Portugal","87527.0",2008,"","ANACOM","Refers to the number of mobile porting transactions that have been carried out during the reference year"
11623,"i271pt","Mobile-cellular numbers ported ",,"count",191,"PRT","Portugal","122001.0",2009,"","Autoridade Nacional de Comunicaçőes","Refers to the number of mobile porting transactions that have been carried out during the reference year"
11623,"i271pt","Mobile-cellular numbers ported ",,"count",191,"PRT","Portugal","135537.0",2010,"Updated.","Autoridade Nacional de Comunicaçőes","Refers to the number of mobile porting transactions that have been carried out during the reference year"
11623,"i271pt","Mobile-cellular numbers ported ",,"count",191,"PRT","Portugal","142722.0",2011,"","Autoridade Nacional de Comunicaçőes","Refers to the number of mobile porting transactions that have been carried out during the reference year"
11623,"i271pt","Mobile-cellular numbers ported ",,"count",191,"PRT","Portugal","157213.0",2012,"","Autoridade Nacional de Comunicaçőes","Refers to the number of mobile porting transactions that have been carried out during the reference year"
11623,"i271pt","Mobile-cellular numbers ported ",,"count",191,"PRT","Portugal","465993.0",2013,"","Autoridade Nacional de Comunicaçőes","Refers to the number of mobile porting transactions that have been carried out during the reference year"
11623,"i271pt","Mobile-cellular numbers ported ",,"count",191,"PRT","Portugal","924614.0",2014,"","Autoridade Nacional de Comunicaçőes","Refers to the number of mobile porting transactions that have been carried out during the reference year"
11623,"i271pt","Mobile-cellular numbers ported ",,"count",191,"PRT","Portugal","594365.0",2015,"Deacrease due to the merger between Optimus and ZON (NOS)","Autoridade Nacional de Comunicaçőes","Refers to the number of mobile porting transactions that have been carried out during the reference year"
11623,"i271pt","Mobile-cellular numbers ported ",,"count",191,"PRT","Portugal","614256.0",2016,"","ANACOM","Refers to the number of mobile porting transactions that have been carried out during the reference year"
11623,"i271pt","Mobile-cellular numbers ported ",,"count",191,"PRT","Portugal","596876.0",2017,"","ANACOM","Refers to the number of mobile porting transactions that have been carried out during the reference year"
11623,"i271pt","Mobile-cellular numbers ported ",,"count",191,"PRT","Portugal","535045.0",2018,"","ANACOM","Refers to the number of mobile porting transactions that have been carried out during the reference year"
11623,"i271pt","Mobile-cellular numbers ported ",,"count",191,"PRT","Portugal","568449.0",2019,"","Autoridade Nacional de Comunicaçőes","Refers to the number of mobile porting transactions that have been carried out during the reference year"
11623,"i271pt","Mobile-cellular numbers ported ",,"count",191,"PRT","Portugal","492130.0",2020,"","Autoridade Nacional de Comunicaçőes","Refers to the number of mobile porting transactions that have been carried out during the reference year"
11623,"i271pt","Mobile-cellular numbers ported ",,"count",191,"PRT","Portugal","546795.0",2021,"","Autoridade Nacional de Comunicaçőes","Refers to the number of mobile porting transactions that have been carried out during the reference year"
11623,"i271pt","Mobile-cellular numbers ported ",,"count",191,"PRT","Portugal","588750.0",2022,"","Autoridade Nacional de Comunicaçőes","Refers to the number of mobile porting transactions that have been carried out during the reference year"
11623,"i271pt","Mobile-cellular numbers ported ",,"count",191,"PRT","Portugal","570364.0",2023,"","Autoridade Nacional de Comunicaçőes","Refers to the number of mobile porting transactions that have been carried out during the reference year"
11623,"i271pt","Mobile-cellular numbers ported ",,"count",191,"PRT","Portugal","639106.0",2024,"","Autoridade Nacional de Comunicaçőes","Refers to the number of mobile porting transactions that have been carried out during the reference year"
11623,"i271pt","Mobile-cellular numbers ported ",,"count",192,"PRY","Paraguay","9281.0",2012,"MNP has been available since November 2012.","Comisión Nacional de Telecomunicaciones - CONATEL","Refers to the number of mobile porting transactions that have been carried out during the reference year"
11623,"i271pt","Mobile-cellular numbers ported ",,"count",192,"PRY","Paraguay","106159.0",2013,"","Comisión Nacional de Telecomunicaciones - CONATEL","Refers to the number of mobile porting transactions that have been carried out during the reference year"
11623,"i271pt","Mobile-cellular numbers ported ",,"count",192,"PRY","Paraguay","93690.0",2014,"","Comisión Nacional de Telecomunicaciones - CONATEL","Refers to the number of mobile porting transactions that have been carried out during the reference year"
11623,"i271pt","Mobile-cellular numbers ported ",,"count",192,"PRY","Paraguay","156620.0",2015,"","Comisión Nacional de Telecomunicaciones - CONATEL","Refers to the number of mobile porting transactions that have been carried out during the reference year"
11623,"i271pt","Mobile-cellular numbers ported ",,"count",192,"PRY","Paraguay","191619.0",2016,"","Comisión Nacional de Telecomunicaciones","Refers to the number of mobile porting transactions that have been carried out during the reference year"
11623,"i271pt","Mobile-cellular numbers ported ",,"count",192,"PRY","Paraguay","301878.0",2017,"","Comisión Nacional de Telecomunicaciones - CONATEL","Refers to the number of mobile porting transactions that have been carried out during the reference year"
11623,"i271pt","Mobile-cellular numbers ported ",,"count",192,"PRY","Paraguay","456114.0",2018,"","Comisión Nacional de Telecomunicaciones - CONATEL","Refers to the number of mobile porting transactions that have been carried out during the reference year"
11623,"i271pt","Mobile-cellular numbers ported ",,"count",192,"PRY","Paraguay","838988.0",2019,"","Comisión Nacional de Telecomunicaciones - CONATEL","Refers to the number of mobile porting transactions that have been carried out during the reference year"
11623,"i271pt","Mobile-cellular numbers ported ",,"count",192,"PRY","Paraguay","1185682.0",2020,"","Comisión Nacional de Telecomunicaciones - CONATEL","Refers to the number of mobile porting transactions that have been carried out during the reference year"
11623,"i271pt","Mobile-cellular numbers ported ",,"count",192,"PRY","Paraguay","1378123.0",2021,"","Comisión Nacional de Telecomunicaciones - CONATEL","Refers to the number of mobile porting transactions that have been carried out during the reference year"
11623,"i271pt","Mobile-cellular numbers ported ",,"count",192,"PRY","Paraguay","1220280.0",2022,"","Comisión Nacional de Telecomunicaciones - CONATEL","Refers to the number of mobile porting transactions that have been carried out during the reference year"
11623,"i271pt","Mobile-cellular numbers ported ",,"count",193,"PER","Peru","75412.0",2010,"","Ministerio de Transportes y Comunicaciones","Refers to the number of mobile porting transactions that have been carried out during the reference year"
11623,"i271pt","Mobile-cellular numbers ported ",,"count",193,"PER","Peru","876727.0",2015,"Fuente: Osiptel","OSIPTEL","Refers to the number of mobile porting transactions that have been carried out during the reference year"
11623,"i271pt","Mobile-cellular numbers ported ",,"count",193,"PER","Peru","8652487.0",2019,"","Ministerio de Transportes y Comunicaciones","Refers to the number of mobile porting transactions that have been carried out during the reference year"
11623,"i271pt","Mobile-cellular numbers ported ",,"count",193,"PER","Peru","3652054.0",2020,"","Ministerio de Transportes y Comunicaciones","Refers to the number of mobile porting transactions that have been carried out during the reference year"
11623,"i271pt","Mobile-cellular numbers ported ",,"count",193,"PER","Peru","6598324.0",2021,"","OSIPTEL","Refers to the number of mobile porting transactions that have been carried out during the reference year"
11623,"i271pt","Mobile-cellular numbers ported ",,"count",193,"PER","Peru","5564067.0",2022,"Fuente: Osiptel - Punku.","Ministerio de Transportes y Comunicaciones","Refers to the number of mobile porting transactions that have been carried out during the reference year"
11623,"i271pt","Mobile-cellular numbers ported ",,"count",193,"PER","Peru","5648853.0",2023,"Fuente: Osiptel - Punku.","Ministerio de Transportes y Comunicaciones","Refers to the number of mobile porting transactions that have been carried out during the reference year"
11623,"i271pt","Mobile-cellular numbers ported ",,"count",193,"PER","Peru","6343879.0",2024,"Fuente: Osiptel - Punku","Ministerio de Transportes y Comunicaciones","Refers to the number of mobile porting transactions that have been carried out during the reference year"
11623,"i271pt","Mobile-cellular numbers ported ",,"count",195,"PRI","Puerto Rico","282000.0",2008,"Source: Federal Communications Commission.  As of March 31, 2008.","Puerto Rico Institute of Statistics","Refers to the number of mobile porting transactions that have been carried out during the reference year"
11623,"i271pt","Mobile-cellular numbers ported ",,"count",195,"PRI","Puerto Rico","365000.0",2009,"Source: Federal Communications Commission.  As of March 31, 2009.","Puerto Rico Institute of Statistics","Refers to the number of mobile porting transactions that have been carried out during the reference year"
11623,"i271pt","Mobile-cellular numbers ported ",,"count",195,"PRI","Puerto Rico","464000.0",2010,"Source: Federal Communications Commission.  As of March 31, 2010.","Puerto Rico Institute of Statistics","Refers to the number of mobile porting transactions that have been carried out during the reference year"
11623,"i271pt","Mobile-cellular numbers ported ",,"count",196,"QAT","Qatar","0.0",2007,"No number portability in place yet","ictQATAR","Refers to the number of mobile porting transactions that have been carried out during the reference year"
11623,"i271pt","Mobile-cellular numbers ported ",,"count",196,"QAT","Qatar","0.0",2008,"No number portability in place yet","ictQATAR","Refers to the number of mobile porting transactions that have been carried out during the reference year"
11623,"i271pt","Mobile-cellular numbers ported ",,"count",196,"QAT","Qatar","0.0",2009,"No number portability in place yet","ictQATAR","Refers to the number of mobile porting transactions that have been carried out during the reference year"
11623,"i271pt","Mobile-cellular numbers ported ",,"count",196,"QAT","Qatar","0.0",2011,"","ictQATAR","Refers to the number of mobile porting transactions that have been carried out during the reference year"
11623,"i271pt","Mobile-cellular numbers ported ",,"count",196,"QAT","Qatar","0.0",2012,"","ictQATAR","Refers to the number of mobile porting transactions that have been carried out during the reference year"
11623,"i271pt","Mobile-cellular numbers ported ",,"count",196,"QAT","Qatar","1945.0",2013,"Mobile number portability launched in 2013","ictQATAR","Refers to the number of mobile porting transactions that have been carried out during the reference year"
11623,"i271pt","Mobile-cellular numbers ported ",,"count",196,"QAT","Qatar","30317.0",2014,"","Ministry of Transport and Communications","Refers to the number of mobile porting transactions that have been carried out during the reference year"
11623,"i271pt","Mobile-cellular numbers ported ",,"count",196,"QAT","Qatar","30944.0",2015,"","Ministry of Transport and Communications","Refers to the number of mobile porting transactions that have been carried out during the reference year"
11623,"i271pt","Mobile-cellular numbers ported ",,"count",196,"QAT","Qatar","30272.0",2016,"","Ministry of Transport and Commuications","Refers to the number of mobile porting transactions that have been carried out during the reference year"
11623,"i271pt","Mobile-cellular numbers ported ",,"count",196,"QAT","Qatar","29466.0",2017,"","Ministry of Transport and Commuications","Refers to the number of mobile porting transactions that have been carried out during the reference year"
11623,"i271pt","Mobile-cellular numbers ported ",,"count",196,"QAT","Qatar","27771.0",2018,"","Ministry of Transport and Communications","Refers to the number of mobile porting transactions that have been carried out during the reference year"
11623,"i271pt","Mobile-cellular numbers ported ",,"count",196,"QAT","Qatar","27041.0",2019,"","Ministry of Communications and Information Technology","Refers to the number of mobile porting transactions that have been carried out during the reference year"
11623,"i271pt","Mobile-cellular numbers ported ",,"count",196,"QAT","Qatar","22472.0",2020,"","Ministry of Communications and Information Technology","Refers to the number of mobile porting transactions that have been carried out during the reference year"
11623,"i271pt","Mobile-cellular numbers ported ",,"count",196,"QAT","Qatar","32438.0",2021,"","Communications Regulatory Authority","Refers to the number of mobile porting transactions that have been carried out during the reference year"
11623,"i271pt","Mobile-cellular numbers ported ",,"count",196,"QAT","Qatar","55015.0",2022,"","Communications Regulatory Authority","Refers to the number of mobile porting transactions that have been carried out during the reference year"
11623,"i271pt","Mobile-cellular numbers ported ",,"count",196,"QAT","Qatar","64684.0",2023,"","Communications Regulatory Authority","Refers to the number of mobile porting transactions that have been carried out during the reference year"
11623,"i271pt","Mobile-cellular numbers ported ",,"count",196,"QAT","Qatar","75260.0",2024,"","Communications Regulatory Authority","Refers to the number of mobile porting transactions that have been carried out during the reference year"
11623,"i271pt","Mobile-cellular numbers ported ",,"count",200,"ROU","Romania","0.0",2007,"","ANCOM","Refers to the number of mobile porting transactions that have been carried out during the reference year"
11623,"i271pt","Mobile-cellular numbers ported ",,"count",200,"ROU","Romania","14000.0",2008,"","ANCOM","Refers to the number of mobile porting transactions that have been carried out during the reference year"
11623,"i271pt","Mobile-cellular numbers ported ",,"count",200,"ROU","Romania","116000.0",2009,"","National Authority for Management and Regulation in Communications of Romania","Refers to the number of mobile porting transactions that have been carried out during the reference year"
11623,"i271pt","Mobile-cellular numbers ported ",,"count",200,"ROU","Romania","149000.0",2010,"","National Authority for Management and Regulation in Communications of Romania","Refers to the number of mobile porting transactions that have been carried out during the reference year"
11623,"i271pt","Mobile-cellular numbers ported ",,"count",200,"ROU","Romania","177000.0",2011,"","National Authority for Management and Regulation in Communications of Romania","Refers to the number of mobile porting transactions that have been carried out during the reference year"
11623,"i271pt","Mobile-cellular numbers ported ",,"count",200,"ROU","Romania","166000.0",2012,"","National Authority for Management and Regulation in Communications of Romania","Refers to the number of mobile porting transactions that have been carried out during the reference year"
11623,"i271pt","Mobile-cellular numbers ported ",,"count",200,"ROU","Romania","201000.0",2013,"","National Authority for Management and Regulation in Communications of Romania","Refers to the number of mobile porting transactions that have been carried out during the reference year"
11623,"i271pt","Mobile-cellular numbers ported ",,"count",200,"ROU","Romania","480000.0",2014,"","National Authority for Management and Regulation in Communications of Romania","Refers to the number of mobile porting transactions that have been carried out during the reference year"
11623,"i271pt","Mobile-cellular numbers ported ",,"count",200,"ROU","Romania","720000.0",2015,"","National Authority for Management and Regulation in Communications","Refers to the number of mobile porting transactions that have been carried out during the reference year"
11623,"i271pt","Mobile-cellular numbers ported ",,"count",200,"ROU","Romania","880000.0",2016,"","National Authority for Management and Regulation in Communications","Refers to the number of mobile porting transactions that have been carried out during the reference year"
11623,"i271pt","Mobile-cellular numbers ported ",,"count",200,"ROU","Romania","840000.0",2017,"","ANCOM","Refers to the number of mobile porting transactions that have been carried out during the reference year"
11623,"i271pt","Mobile-cellular numbers ported ",,"count",200,"ROU","Romania","860000.0",2018,"","ANCOM","Refers to the number of mobile porting transactions that have been carried out during the reference year"
11623,"i271pt","Mobile-cellular numbers ported ",,"count",200,"ROU","Romania","895000.0",2019,"","National Authority for Management and Regulation in Communications","Refers to the number of mobile porting transactions that have been carried out during the reference year"
11623,"i271pt","Mobile-cellular numbers ported ",,"count",200,"ROU","Romania","874000.0",2020,"","National Authority for Management and Regulation in Communications","Refers to the number of mobile porting transactions that have been carried out during the reference year"
11623,"i271pt","Mobile-cellular numbers ported ",,"count",200,"ROU","Romania","1050000.0",2021,"","National Authority for Management and Regulation in Communications","Refers to the number of mobile porting transactions that have been carried out during the reference year"
11623,"i271pt","Mobile-cellular numbers ported ",,"count",200,"ROU","Romania","1256000.0",2022,"","National Authority for Management and Regulation in Communications","Refers to the number of mobile porting transactions that have been carried out during the reference year"
11623,"i271pt","Mobile-cellular numbers ported ",,"count",200,"ROU","Romania","1473000.0",2023,"","National Authority for Management and Regulation in Communications","Refers to the number of mobile porting transactions that have been carried out during the reference year"
11623,"i271pt","Mobile-cellular numbers ported ",,"count",200,"ROU","Romania","1283000.0",2024,"","National Authority for Management and Regulation in Communications","Refers to the number of mobile porting transactions that have been carried out during the reference year"
11623,"i271pt","Mobile-cellular numbers ported ",,"count",202,"RUS","Russian Federation","1609593.0",2015,"","Ministry of Telecom and Mass Communications of the Russian Federation","Refers to the number of mobile porting transactions that have been carried out during the reference year"
11623,"i271pt","Mobile-cellular numbers ported ",,"count",202,"RUS","Russian Federation","2286629.0",2016,"","Ministry of Digital Development, Communications and Mass Media of the Russian Federation","Refers to the number of mobile porting transactions that have been carried out during the reference year"
11623,"i271pt","Mobile-cellular numbers ported ",,"count",202,"RUS","Russian Federation","2713006.0",2017,"","Ministry of Digital Development, Communictions and Mass Media of the Russian Federation","Refers to the number of mobile porting transactions that have been carried out during the reference year"
11623,"i271pt","Mobile-cellular numbers ported ",,"count",202,"RUS","Russian Federation","3254444.0",2018,"","Ministry of Digital Development, Communictions and Mass Media of the Russian Federation Russian Federation","Refers to the number of mobile porting transactions that have been carried out during the reference year"
11623,"i271pt","Mobile-cellular numbers ported ",,"count",202,"RUS","Russian Federation","4040914.0",2019,"","Ministry of Digital Development, Communictions and Mass Media of the Russian Federation","Refers to the number of mobile porting transactions that have been carried out during the reference year"
11623,"i271pt","Mobile-cellular numbers ported ",,"count",202,"RUS","Russian Federation","3587326.0",2020,"","Ministry of Digital Development, Communictions and Mass Media of the Russian Federation","Refers to the number of mobile porting transactions that have been carried out during the reference year"
11623,"i271pt","Mobile-cellular numbers ported ",,"count",202,"RUS","Russian Federation","3307191.0",2021,"","Ministry of Digital Development, Communictions and Mass Media of the Russian Federation","Refers to the number of mobile porting transactions that have been carried out during the reference year"
11623,"i271pt","Mobile-cellular numbers ported ",,"count",202,"RUS","Russian Federation","2658746.0",2022,"","Ministry of Digital Development, Communictions and Mass Media of the Russian Federation","Refers to the number of mobile porting transactions that have been carried out during the reference year"
11623,"i271pt","Mobile-cellular numbers ported ",,"count",202,"RUS","Russian Federation","2630018.0",2023,"","Ministry of Digital Development, Communictions and Mass Media of the Russian Federation","Refers to the number of mobile porting transactions that have been carried out during the reference year"
11623,"i271pt","Mobile-cellular numbers ported ",,"count",202,"RUS","Russian Federation","2968125.0",2024,"","Ministry of Digital Development, Communictions and Mass Media of the Russian Federation","Refers to the number of mobile porting transactions that have been carried out during the reference year"
11623,"i271pt","Mobile-cellular numbers ported ",,"count",203,"SWE","Sweden","519410.0",2007,"Source: www.snpac.se.","Swedish Post and Telecom Agency (PTS).","Refers to the number of mobile porting transactions that have been carried out during the reference year"
11623,"i271pt","Mobile-cellular numbers ported ",,"count",203,"SWE","Sweden","494210.0",2008,"Source: www.snpac.se.","Swedish Post and Telecom Agency (PTS).","Refers to the number of mobile porting transactions that have been carried out during the reference year"
11623,"i271pt","Mobile-cellular numbers ported ",,"count",203,"SWE","Sweden","491179.0",2009,"Source: www.snpac.se.","Swedish Post and Telecom Agency (PTS).","Refers to the number of mobile porting transactions that have been carried out during the reference year"
11623,"i271pt","Mobile-cellular numbers ported ",,"count",203,"SWE","Sweden","540135.0",2010,"Source: www.snpac.se.","Swedish Post and Telecom Authority","Refers to the number of mobile porting transactions that have been carried out during the reference year"
11623,"i271pt","Mobile-cellular numbers ported ",,"count",203,"SWE","Sweden","502101.0",2011,"","Swedish Post and Telecom Authority","Refers to the number of mobile porting transactions that have been carried out during the reference year"
11623,"i271pt","Mobile-cellular numbers ported ",,"count",203,"SWE","Sweden","544137.0",2012,"","Swedish Post and Telecom Authority","Refers to the number of mobile porting transactions that have been carried out during the reference year"
11623,"i271pt","Mobile-cellular numbers ported ",,"count",203,"SWE","Sweden","577154.0",2014,"","Swedish Post and Telecom Authority","Refers to the number of mobile porting transactions that have been carried out during the reference year"
11623,"i271pt","Mobile-cellular numbers ported ",,"count",203,"SWE","Sweden","749125.0",2015,"","Swedish Post and Telecom Authority","Refers to the number of mobile porting transactions that have been carried out during the reference year"
11623,"i271pt","Mobile-cellular numbers ported ",,"count",203,"SWE","Sweden","757715.0",2016,"","Swedish Post and Telecom Authority","Refers to the number of mobile porting transactions that have been carried out during the reference year"
11623,"i271pt","Mobile-cellular numbers ported ",,"count",203,"SWE","Sweden","811575.0",2017,"","Swedish Post and Telecom Authority (PTS)","Refers to the number of mobile porting transactions that have been carried out during the reference year"
11623,"i271pt","Mobile-cellular numbers ported ",,"count",203,"SWE","Sweden","1015073.0",2018,"","Swedish Post and Telecom Authority (PTS)","Refers to the number of mobile porting transactions that have been carried out during the reference year"
11623,"i271pt","Mobile-cellular numbers ported ",,"count",203,"SWE","Sweden","1095491.0",2019,"","Swedish Post and Telecom Authority","Refers to the number of mobile porting transactions that have been carried out during the reference year"
11623,"i271pt","Mobile-cellular numbers ported ",,"count",203,"SWE","Sweden","1521741.0",2020,"","Swedish Post and Telecom Authority","Refers to the number of mobile porting transactions that have been carried out during the reference year"
11623,"i271pt","Mobile-cellular numbers ported ",,"count",203,"SWE","Sweden","1397941.0",2021,"","Swedish Post and Telecom Authority","Refers to the number of mobile porting transactions that have been carried out during the reference year"
11623,"i271pt","Mobile-cellular numbers ported ",,"count",203,"SWE","Sweden","1133937.0",2022,"","Swedish Post and Telecom Authority","Refers to the number of mobile porting transactions that have been carried out during the reference year"
11623,"i271pt","Mobile-cellular numbers ported ",,"count",203,"SWE","Sweden","1029730.0",2023,"updated","Swedish Post and Telecom Authority","Refers to the number of mobile porting transactions that have been carried out during the reference year"
11623,"i271pt","Mobile-cellular numbers ported ",,"count",203,"SWE","Sweden","1153702.0",2024,"","Swedish Post and Telecom Authority","Refers to the number of mobile porting transactions that have been carried out during the reference year"
11623,"i271pt","Mobile-cellular numbers ported ",,"count",204,"KNA","Saint Kitts and Nevis","0.0",2014,"not yet implemented in the ECTEL states","National Telecommunications Regulatory Commission","Refers to the number of mobile porting transactions that have been carried out during the reference year"
11623,"i271pt","Mobile-cellular numbers ported ",,"count",205,"SDN","Sudan","3272.0",2015,"","National Telecommunication Corporation (NTC)","Refers to the number of mobile porting transactions that have been carried out during the reference year"
11623,"i271pt","Mobile-cellular numbers ported ",,"count",205,"SDN","Sudan","11377.0",2016,"","Telecommunication and Post Regulatory Authority","Refers to the number of mobile porting transactions that have been carried out during the reference year"
11623,"i271pt","Mobile-cellular numbers ported ",,"count",205,"SDN","Sudan","1857.0",2017,"The value of the year 2016 was 11377 not 14953, as the later value was the total number of ported numbers by the end of 2016.","Telecommunication and Post Regulatory Authority","Refers to the number of mobile porting transactions that have been carried out during the reference year"
11623,"i271pt","Mobile-cellular numbers ported ",,"count",205,"SDN","Sudan","390.0",2019,"","Telecommunication and Post Regulatory Authority (TPRA)","Refers to the number of mobile porting transactions that have been carried out during the reference year"
11623,"i271pt","Mobile-cellular numbers ported ",,"count",205,"SDN","Sudan","229.0",2020,"","Telecommunication and Post Regulatory Authority (TPRA)","Refers to the number of mobile porting transactions that have been carried out during the reference year"
11623,"i271pt","Mobile-cellular numbers ported ",,"count",205,"SDN","Sudan","515.0",2021,"","Telecommunication and Post Regulatory Authority (TPRA)","Refers to the number of mobile porting transactions that have been carried out during the reference year"
11623,"i271pt","Mobile-cellular numbers ported ",,"count",206,"SEN","Senegal","0.0",2011,"","","Refers to the number of mobile porting transactions that have been carried out during the reference year"
11623,"i271pt","Mobile-cellular numbers ported ",,"count",206,"SEN","Senegal","0.0",2012,"","Autorité de Régulation des Télécommunications et des Postes (ARTP)","Refers to the number of mobile porting transactions that have been carried out during the reference year"
11623,"i271pt","Mobile-cellular numbers ported ",,"count",206,"SEN","Senegal","5140.0",2016,"","ARTP","Refers to the number of mobile porting transactions that have been carried out during the reference year"
11623,"i271pt","Mobile-cellular numbers ported ",,"count",206,"SEN","Senegal","8073.0",2017,"","ARTP","Refers to the number of mobile porting transactions that have been carried out during the reference year"
11623,"i271pt","Mobile-cellular numbers ported ",,"count",206,"SEN","Senegal","11012.0",2018,"","ARTP","Refers to the number of mobile porting transactions that have been carried out during the reference year"
11623,"i271pt","Mobile-cellular numbers ported ",,"count",206,"SEN","Senegal","15134.0",2019,"","Autorité de Régulation des Télécommunications et des Postes (ARTP)","Refers to the number of mobile porting transactions that have been carried out during the reference year"
11623,"i271pt","Mobile-cellular numbers ported ",,"count",206,"SEN","Senegal","21747.0",2020,"","Autorité de Régulation des Télécommunications et des Postes (ARTP)","Refers to the number of mobile porting transactions that have been carried out during the reference year"
11623,"i271pt","Mobile-cellular numbers ported ",,"count",206,"SEN","Senegal","19729.0",2021,"","Autorité de Régulation des Télécommunications et des Postes (ARTP)","Refers to the number of mobile porting transactions that have been carried out during the reference year"
11623,"i271pt","Mobile-cellular numbers ported ",,"count",206,"SEN","Senegal","1333.0",2022,"","Autorité de Régulation des Télécommunications et des Postes (ARTP)","Refers to the number of mobile porting transactions that have been carried out during the reference year"
11623,"i271pt","Mobile-cellular numbers ported ",,"count",206,"SEN","Senegal","3303.0",2023,"","Autorité de Régulation des Télécommunications et des Postes (ARTP)","Refers to the number of mobile porting transactions that have been carried out during the reference year"
11623,"i271pt","Mobile-cellular numbers ported ",,"count",210,"SLV","El Salvador","0.0",2014,"Number portability not available.","Superintendencia General de Electricidad y Telecomunicaciones","Refers to the number of mobile porting transactions that have been carried out during the reference year"
11623,"i271pt","Mobile-cellular numbers ported ",,"count",210,"SLV","El Salvador","219535.0",2016,"","Superintendencia General de Electricidad y Telecomunicaciones","Refers to the number of mobile porting transactions that have been carried out during the reference year"
11623,"i271pt","Mobile-cellular numbers ported ",,"count",210,"SLV","El Salvador","206805.0",2017,"","Superintendencia General de Electricidad y Telecomunicaciones","Refers to the number of mobile porting transactions that have been carried out during the reference year"
11623,"i271pt","Mobile-cellular numbers ported ",,"count",210,"SLV","El Salvador","155598.0",2018,"","Superintendencia General de Electricidad y Telecomunicaciones","Refers to the number of mobile porting transactions that have been carried out during the reference year"
11623,"i271pt","Mobile-cellular numbers ported ",,"count",210,"SLV","El Salvador","147136.0",2019,"","Superintendencia General de Electricidad y Telecomunicaciones","Refers to the number of mobile porting transactions that have been carried out during the reference year"
11623,"i271pt","Mobile-cellular numbers ported ",,"count",210,"SLV","El Salvador","130682.0",2020,"","Superintendencia General de Electricidad y Telecomunicaciones","Refers to the number of mobile porting transactions that have been carried out during the reference year"
11623,"i271pt","Mobile-cellular numbers ported ",,"count",210,"SLV","El Salvador","237283.0",2021,"","Superintendencia General de Electricidad y Telecomunicaciones","Refers to the number of mobile porting transactions that have been carried out during the reference year"
11623,"i271pt","Mobile-cellular numbers ported ",,"count",210,"SLV","El Salvador","574412.0",2022,"","Superintendencia General de Electricidad y Telecomunicaciones","Refers to the number of mobile porting transactions that have been carried out during the reference year"
11623,"i271pt","Mobile-cellular numbers ported ",,"count",210,"SLV","El Salvador","354137.0",2023,"","Superintendencia General de Electricidad y Telecomunicaciones","Refers to the number of mobile porting transactions that have been carried out during the reference year"
11623,"i271pt","Mobile-cellular numbers ported ",,"count",210,"SLV","El Salvador","404580.0",2024,"","Superintendencia General de Electricidad y Telecomunicaciones","Refers to the number of mobile porting transactions that have been carried out during the reference year"
11623,"i271pt","Mobile-cellular numbers ported ",,"count",213,"SMR","San Marino","4000.0",2021,"","TELECOMMUNICATION SECTOR","Refers to the number of mobile porting transactions that have been carried out during the reference year"
11623,"i271pt","Mobile-cellular numbers ported ",,"count",214,"SGP","Singapore","13300.0",2016,"","Infocomm Media Development Authority","Refers to the number of mobile porting transactions that have been carried out during the reference year"
11623,"i271pt","Mobile-cellular numbers ported ",,"count",214,"SGP","Singapore","14500.0",2017,"Data is as at end Mar 2018","Infocomm Media Development Authority","Refers to the number of mobile porting transactions that have been carried out during the reference year"
11623,"i271pt","Mobile-cellular numbers ported ",,"count",214,"SGP","Singapore","20700.0",2018,"Data is as at end Mar 2019","IMDA","Refers to the number of mobile porting transactions that have been carried out during the reference year"
11623,"i271pt","Mobile-cellular numbers ported ",,"count",214,"SGP","Singapore","15400.0",2019,"Data is as at end Mar 2020","InfoComm Media Development Authority","Refers to the number of mobile porting transactions that have been carried out during the reference year"
11623,"i271pt","Mobile-cellular numbers ported ",,"count",214,"SGP","Singapore","28400.0",2020,"Data is as at end Mar 2021","InfoComm Media Development Authority","Refers to the number of mobile porting transactions that have been carried out during the reference year"
11623,"i271pt","Mobile-cellular numbers ported ",,"count",214,"SGP","Singapore","26800.0",2021,"Data is as of Mar 2022","InfoComm Media Development Authority","Refers to the number of mobile porting transactions that have been carried out during the reference year"
11623,"i271pt","Mobile-cellular numbers ported ",,"count",214,"SGP","Singapore","33100.0",2022,"Data is as of Mar 2023","InfoComm Media Development Authority","Refers to the number of mobile porting transactions that have been carried out during the reference year"
11623,"i271pt","Mobile-cellular numbers ported ",,"count",214,"SGP","Singapore","36500.0",2023,"Data is as of Mar 2024","InfoComm Media Development Authority","Refers to the number of mobile porting transactions that have been carried out during the reference year"
11623,"i271pt","Mobile-cellular numbers ported ",,"count",214,"SGP","Singapore","54200.0",2024,"Data is as of Mar 2025","InfoComm Media Development Authority","Refers to the number of mobile porting transactions that have been carried out during the reference year"
11623,"i271pt","Mobile-cellular numbers ported ",,"count",215,"SOM","Somalia","2000000.0",2014,"","Ministry of Posts and Telecommunications","Refers to the number of mobile porting transactions that have been carried out during the reference year"
11623,"i271pt","Mobile-cellular numbers ported ",,"count",215,"SOM","Somalia","0.0",2018,"","National Communications Authority","Refers to the number of mobile porting transactions that have been carried out during the reference year"
11623,"i271pt","Mobile-cellular numbers ported ",,"count",217,"SLE","Sierra Leone","0.0",2019,"","National Telecommunications Commission ","Refers to the number of mobile porting transactions that have been carried out during the reference year"
11623,"i271pt","Mobile-cellular numbers ported ",,"count",217,"SLE","Sierra Leone","0.0",2020,"","National Telecommunications Commission ","Refers to the number of mobile porting transactions that have been carried out during the reference year"
11623,"i271pt","Mobile-cellular numbers ported ",,"count",217,"SLE","Sierra Leone","0.0",2021,"","National Telecommunications Commission ","Refers to the number of mobile porting transactions that have been carried out during the reference year"
11623,"i271pt","Mobile-cellular numbers ported ",,"count",218,"STP","Sao Tome and Principe","0.0",2016,"we don't have this service","AGER - Autoridade Geral de Regulação","Refers to the number of mobile porting transactions that have been carried out during the reference year"
11623,"i271pt","Mobile-cellular numbers ported ",,"count",218,"STP","Sao Tome and Principe","0.0",2017,"we don' have this service","AGER - Autoridade Geral de Regulação","Refers to the number of mobile porting transactions that have been carried out during the reference year"
11623,"i271pt","Mobile-cellular numbers ported ",,"count",218,"STP","Sao Tome and Principe","0.0",2023,"","Autoridade Geral de Regulação","Refers to the number of mobile porting transactions that have been carried out during the reference year"
11623,"i271pt","Mobile-cellular numbers ported ",,"count",218,"STP","Sao Tome and Principe","0.0",2024,"","Autoridade Geral de Regulação","Refers to the number of mobile porting transactions that have been carried out during the reference year"
11623,"i271pt","Mobile-cellular numbers ported ",,"count",219,"CHE","Switzerland","119520.0",2007,"","OFCOM","Refers to the number of mobile porting transactions that have been carried out during the reference year"
11623,"i271pt","Mobile-cellular numbers ported ",,"count",219,"CHE","Switzerland","136219.0",2008,"","OFCOM","Refers to the number of mobile porting transactions that have been carried out during the reference year"
11623,"i271pt","Mobile-cellular numbers ported ",,"count",219,"CHE","Switzerland","161105.0",2009,"","Office Fédéral de la Communication","Refers to the number of mobile porting transactions that have been carried out during the reference year"
11623,"i271pt","Mobile-cellular numbers ported ",,"count",219,"CHE","Switzerland","164136.0",2010,"","Office Fédéral de la Communication","Refers to the number of mobile porting transactions that have been carried out during the reference year"
11623,"i271pt","Mobile-cellular numbers ported ",,"count",219,"CHE","Switzerland","184204.0",2011,"","Office Fédéral de la Communication","Refers to the number of mobile porting transactions that have been carried out during the reference year"
11623,"i271pt","Mobile-cellular numbers ported ",,"count",219,"CHE","Switzerland","276247.0",2012,"","Office Fédéral de la Communication","Refers to the number of mobile porting transactions that have been carried out during the reference year"
11623,"i271pt","Mobile-cellular numbers ported ",,"count",219,"CHE","Switzerland","187160.0",2013,"Provisional data.","Office Fédéral de la Communication","Refers to the number of mobile porting transactions that have been carried out during the reference year"
11623,"i271pt","Mobile-cellular numbers ported ",,"count",219,"CHE","Switzerland","214000.0",2014,"Estimates.","Office Fédéral de la Communication","Refers to the number of mobile porting transactions that have been carried out during the reference year"
11623,"i271pt","Mobile-cellular numbers ported ",,"count",219,"CHE","Switzerland","271345.0",2015,"Estimates.","Office Fédéral de la Communication","Refers to the number of mobile porting transactions that have been carried out during the reference year"
11623,"i271pt","Mobile-cellular numbers ported ",,"count",219,"CHE","Switzerland","294358.0",2016,"","OFCOM","Refers to the number of mobile porting transactions that have been carried out during the reference year"
11623,"i271pt","Mobile-cellular numbers ported ",,"count",219,"CHE","Switzerland","401567.0",2017,"Telecommunications statistics 2017","Office Fédéral de la Communication","Refers to the number of mobile porting transactions that have been carried out during the reference year"
11623,"i271pt","Mobile-cellular numbers ported ",,"count",219,"CHE","Switzerland","456202.0",2018,"Telecommunications statistics 2018","OFCOM","Refers to the number of mobile porting transactions that have been carried out during the reference year"
11623,"i271pt","Mobile-cellular numbers ported ",,"count",219,"CHE","Switzerland","526586.0",2019,"Telecommunications statistics 2019","Office Fédéral de la Communication","Refers to the number of mobile porting transactions that have been carried out during the reference year"
11623,"i271pt","Mobile-cellular numbers ported ",,"count",219,"CHE","Switzerland","602784.0",2020,"Telecommunications statistics 2020","Office Fédéral de la Communication","Refers to the number of mobile porting transactions that have been carried out during the reference year"
11623,"i271pt","Mobile-cellular numbers ported ",,"count",219,"CHE","Switzerland","638002.0",2021,"Telecommunications statistics 2021","Office Fédéral de la Communication","Refers to the number of mobile porting transactions that have been carried out during the reference year"
11623,"i271pt","Mobile-cellular numbers ported ",,"count",219,"CHE","Switzerland","576375.0",2022,"Telecommunications statistics 2022 / Definitive data","Office fédéral de la communication","Refers to the number of mobile porting transactions that have been carried out during the reference year"
11623,"i271pt","Mobile-cellular numbers ported ",,"count",219,"CHE","Switzerland","660050.0",2023,"Telecommunications statistics 2023 / Definitive data","Office fédéral de la communication","Refers to the number of mobile porting transactions that have been carried out during the reference year"
11623,"i271pt","Mobile-cellular numbers ported ",,"count",221,"SVN","Slovenia","39782.0",2007,"","APEK","Refers to the number of mobile porting transactions that have been carried out during the reference year"
11623,"i271pt","Mobile-cellular numbers ported ",,"count",221,"SVN","Slovenia","85075.0",2008,"","APEK","Refers to the number of mobile porting transactions that have been carried out during the reference year"
11623,"i271pt","Mobile-cellular numbers ported ",,"count",221,"SVN","Slovenia","65219.0",2009,"","APEK","Refers to the number of mobile porting transactions that have been carried out during the reference year"
11623,"i271pt","Mobile-cellular numbers ported ",,"count",221,"SVN","Slovenia","70331.0",2010,"","Post and Electronic Communications Agency of the Republic of Slovenia","Refers to the number of mobile porting transactions that have been carried out during the reference year"
11623,"i271pt","Mobile-cellular numbers ported ",,"count",221,"SVN","Slovenia","75499.0",2011,"","Post and Electronic Communications Agency of the Republic of Slovenia","Refers to the number of mobile porting transactions that have been carried out during the reference year"
11623,"i271pt","Mobile-cellular numbers ported ",,"count",221,"SVN","Slovenia","74409.0",2012,"","Post and Electronic Communications Agency of the Republic of Slovenia","Refers to the number of mobile porting transactions that have been carried out during the reference year"
11623,"i271pt","Mobile-cellular numbers ported ",,"count",221,"SVN","Slovenia","94468.0",2013,"","Agency for Communication Networks and Services of the Republic of Slovenia","Refers to the number of mobile porting transactions that have been carried out during the reference year"
11623,"i271pt","Mobile-cellular numbers ported ",,"count",221,"SVN","Slovenia","110891.0",2014,"","Agency for Communication Networks and Services of the Republic of Slovenia","Refers to the number of mobile porting transactions that have been carried out during the reference year"
11623,"i271pt","Mobile-cellular numbers ported ",,"count",221,"SVN","Slovenia","123255.0",2015,"","Agency for Communication Networks and Services of the Republic of Slovenia","Refers to the number of mobile porting transactions that have been carried out during the reference year"
11623,"i271pt","Mobile-cellular numbers ported ",,"count",221,"SVN","Slovenia","195553.0",2016,"","AKOS","Refers to the number of mobile porting transactions that have been carried out during the reference year"
11623,"i271pt","Mobile-cellular numbers ported ",,"count",221,"SVN","Slovenia","161085.0",2017,"","AKOS","Refers to the number of mobile porting transactions that have been carried out during the reference year"
11623,"i271pt","Mobile-cellular numbers ported ",,"count",221,"SVN","Slovenia","127853.0",2018,"","AKOS","Refers to the number of mobile porting transactions that have been carried out during the reference year"
11623,"i271pt","Mobile-cellular numbers ported ",,"count",221,"SVN","Slovenia","118840.0",2019,"","Agency for Communication Networks and Services of the Republic of Slovenia","Refers to the number of mobile porting transactions that have been carried out during the reference year"
11623,"i271pt","Mobile-cellular numbers ported ",,"count",221,"SVN","Slovenia","109751.0",2020,"","Agency for Communication Networks and Services of the Republic of Slovenia","Refers to the number of mobile porting transactions that have been carried out during the reference year"
11623,"i271pt","Mobile-cellular numbers ported ",,"count",221,"SVN","Slovenia","109207.0",2021,"Validated data due to operator corrections.","Agency for Communication Networks and Services of the Republic of Slovenia","Refers to the number of mobile porting transactions that have been carried out during the reference year"
11623,"i271pt","Mobile-cellular numbers ported ",,"count",221,"SVN","Slovenia","132799.0",2022,"","Agency for Communication Networks and Services of the Republic of Slovenia","Refers to the number of mobile porting transactions that have been carried out during the reference year"
11623,"i271pt","Mobile-cellular numbers ported ",,"count",221,"SVN","Slovenia","137988.0",2023,"","Agency for Communication Networks and Services of the Republic of Slovenia","Refers to the number of mobile porting transactions that have been carried out during the reference year"
11623,"i271pt","Mobile-cellular numbers ported ",,"count",221,"SVN","Slovenia","193336.0",2024,"","Agency for Communication Networks and Services of the Republic of Slovenia","Refers to the number of mobile porting transactions that have been carried out during the reference year"
11623,"i271pt","Mobile-cellular numbers ported ",,"count",223,"SWZ","Eswatini","0.0",2009,"No number portability","Swaziland Posts and Telecommunications Corporation","Refers to the number of mobile porting transactions that have been carried out during the reference year"
11623,"i271pt","Mobile-cellular numbers ported ",,"count",223,"SWZ","Eswatini","0.0",2010,"No number portability","Swaziland Posts and Telecommunications Corporation","Refers to the number of mobile porting transactions that have been carried out during the reference year"
11623,"i271pt","Mobile-cellular numbers ported ",,"count",223,"SWZ","Eswatini","0.0",2011,"No number portability","Swaziland Posts and Telecommunications Corporation","Refers to the number of mobile porting transactions that have been carried out during the reference year"
11623,"i271pt","Mobile-cellular numbers ported ",,"count",223,"SWZ","Eswatini","0.0",2012,"","Swaziland Posts and Telecommunications Corporation","Refers to the number of mobile porting transactions that have been carried out during the reference year"
11623,"i271pt","Mobile-cellular numbers ported ",,"count",223,"SWZ","Eswatini","0.0",2021,"No mobile cellular numbers porting framework in place.","Eswatini Communications Commission","Refers to the number of mobile porting transactions that have been carried out during the reference year"
11623,"i271pt","Mobile-cellular numbers ported ",,"count",223,"SWZ","Eswatini","0.0",2022,"No mobile cellular numbers porting framework in place.","Eswatini Communications Commission","Refers to the number of mobile porting transactions that have been carried out during the reference year"
11623,"i271pt","Mobile-cellular numbers ported ",,"count",223,"SWZ","Eswatini","0.0",2023,"","Eswatini Communications Commission","Refers to the number of mobile porting transactions that have been carried out during the reference year"
11623,"i271pt","Mobile-cellular numbers ported ",,"count",223,"SWZ","Eswatini","0.0",2024,"No mobile cellular numbers porting framework in place.","Eswatini Communications Commission","Refers to the number of mobile porting transactions that have been carried out during the reference year"
11623,"i271pt","Mobile-cellular numbers ported ",,"count",224,"SYR","Syrian Arab Republic","6234682.0",2007,"","Syrian telecom","Refers to the number of mobile porting transactions that have been carried out during the reference year"
11623,"i271pt","Mobile-cellular numbers ported ",,"count",224,"SYR","Syrian Arab Republic","7056158.0",2008,"","Syrian telecom","Refers to the number of mobile porting transactions that have been carried out during the reference year"
11623,"i271pt","Mobile-cellular numbers ported ",,"count",224,"SYR","Syrian Arab Republic","9981862.0",2009,"","Syrian telecom","Refers to the number of mobile porting transactions that have been carried out during the reference year"
11623,"i271pt","Mobile-cellular numbers ported ",,"count",224,"SYR","Syrian Arab Republic","0.0",2013,"","Syrian Telecommunication Regulatory Authority","Refers to the number of mobile porting transactions that have been carried out during the reference year"
11623,"i271pt","Mobile-cellular numbers ported ",,"count",226,"TCD","Chad","0.0",2016,"","ARCEP Tchad","Refers to the number of mobile porting transactions that have been carried out during the reference year"
11623,"i271pt","Mobile-cellular numbers ported ",,"count",226,"TCD","Chad","0.0",2017,"","Autorité de Régulation des Communications Électroniques et des Postes","Refers to the number of mobile porting transactions that have been carried out during the reference year"
11623,"i271pt","Mobile-cellular numbers ported ",,"count",226,"TCD","Chad","0.0",2018,"La portabilité des numéro n'existe pas encore au Tchad. Nous sommes sur l'étude de faisabilité.","Autorité de Régulation des Communications Électroniques et des Postes","Refers to the number of mobile porting transactions that have been carried out during the reference year"
11623,"i271pt","Mobile-cellular numbers ported ",,"count",226,"TCD","Chad","0.0",2019,"","Autorité de Régulation des Communications Électroniques et des Postes","Refers to the number of mobile porting transactions that have been carried out during the reference year"
11623,"i271pt","Mobile-cellular numbers ported ",,"count",226,"TCD","Chad","0.0",2020,"La portabilité des numéro n'existe pas encore au Tchad. Une commission a été mise en place pour étudier la faisabilité.","Autorité de Régulation des Communications Électroniques et des Postes","Refers to the number of mobile porting transactions that have been carried out during the reference year"
11623,"i271pt","Mobile-cellular numbers ported ",,"count",226,"TCD","Chad","0.0",2021,"La portabilité des numéros n'existe pas encore au Tchad. Une commission a été mise en place pour étudier la faisabilité.","Autorité de Régulation des Communications Électroniques et des Postes","Refers to the number of mobile porting transactions that have been carried out during the reference year"
11623,"i271pt","Mobile-cellular numbers ported ",,"count",226,"TCD","Chad","0.0",2022,"La portabilité des numéros n'existe pas encore au Tchad. Une commission a été mise en place pour étudier la faisabilité.","Autorité de Régulation des Communications Électroniques et des Postes","Refers to the number of mobile porting transactions that have been carried out during the reference year"
11623,"i271pt","Mobile-cellular numbers ported ",,"count",226,"TCD","Chad","0.0",2023,"La portabilité des numéros n'existe pas encore au Tchad. Une commission a été mise en place pour étudier la faisabilité.","Autorité de Régulation des Communications Électroniques et des Postes","Refers to the number of mobile porting transactions that have been carried out during the reference year"
11623,"i271pt","Mobile-cellular numbers ported ",,"count",226,"TCD","Chad","0.0",2024,"","Autorité de Régulation des Communications Électroniques et des Postes","Refers to the number of mobile porting transactions that have been carried out during the reference year"
11623,"i271pt","Mobile-cellular numbers ported ",,"count",227,"CZE","Czech Republic","182378.0",2007,"","Czech Telecommunication Office","Refers to the number of mobile porting transactions that have been carried out during the reference year"
11623,"i271pt","Mobile-cellular numbers ported ",,"count",227,"CZE","Czech Republic","190862.0",2008,"","Czech Telecommunication Office","Refers to the number of mobile porting transactions that have been carried out during the reference year"
11623,"i271pt","Mobile-cellular numbers ported ",,"count",227,"CZE","Czech Republic","229546.0",2009,"","Czech Telecommunication Office","Refers to the number of mobile porting transactions that have been carried out during the reference year"
11623,"i271pt","Mobile-cellular numbers ported ",,"count",227,"CZE","Czech Republic","286275.0",2010,"","Czech Telecommunication Office","Refers to the number of mobile porting transactions that have been carried out during the reference year"
11623,"i271pt","Mobile-cellular numbers ported ",,"count",227,"CZE","Czech Republic","337000.0",2011,"","Czech Telecommunication Office","Refers to the number of mobile porting transactions that have been carried out during the reference year"
11623,"i271pt","Mobile-cellular numbers ported ",,"count",227,"CZE","Czech Republic","358000.0",2012,"","Czech Telecommunication Office","Refers to the number of mobile porting transactions that have been carried out during the reference year"
11623,"i271pt","Mobile-cellular numbers ported ",,"count",227,"CZE","Czech Republic","495000.0",2013,"","Czech Telecommunication Office","Refers to the number of mobile porting transactions that have been carried out during the reference year"
11623,"i271pt","Mobile-cellular numbers ported ",,"count",227,"CZE","Czech Republic","485000.0",2014,"","Czech Telecommunication Office","Refers to the number of mobile porting transactions that have been carried out during the reference year"
11623,"i271pt","Mobile-cellular numbers ported ",,"count",227,"CZE","Czech Republic","506600.0",2015,"","Czech Telecommunication Office","Refers to the number of mobile porting transactions that have been carried out during the reference year"
11623,"i271pt","Mobile-cellular numbers ported ",,"count",227,"CZE","Czech Republic","418100.0",2016,"","Czech Telecommunication Office","Refers to the number of mobile porting transactions that have been carried out during the reference year"
11623,"i271pt","Mobile-cellular numbers ported ",,"count",227,"CZE","Czech Republic","479000.0",2017,"","Czech Telecommunication Office","Refers to the number of mobile porting transactions that have been carried out during the reference year"
11623,"i271pt","Mobile-cellular numbers ported ",,"count",227,"CZE","Czech Republic","423100.0",2018,"","Czech Telecommunication Office","Refers to the number of mobile porting transactions that have been carried out during the reference year"
11623,"i271pt","Mobile-cellular numbers ported ",,"count",227,"CZE","Czech Republic","448300.0",2019,"","Czech Telecommunication Office","Refers to the number of mobile porting transactions that have been carried out during the reference year"
11623,"i271pt","Mobile-cellular numbers ported ",,"count",227,"CZE","Czech Republic","493500.0",2020,"","Czech Telecommunication Office","Refers to the number of mobile porting transactions that have been carried out during the reference year"
11623,"i271pt","Mobile-cellular numbers ported ",,"count",227,"CZE","Czech Republic","525200.0",2021,"","Czech Telecommunication Office","Refers to the number of mobile porting transactions that have been carried out during the reference year"
11623,"i271pt","Mobile-cellular numbers ported ",,"count",227,"CZE","Czech Republic","530000.0",2022,"","Czech Telecommunication Office","Refers to the number of mobile porting transactions that have been carried out during the reference year"
11623,"i271pt","Mobile-cellular numbers ported ",,"count",227,"CZE","Czech Republic","573000.0",2023,"","Czech Telecommunication Office","Refers to the number of mobile porting transactions that have been carried out during the reference year"
11623,"i271pt","Mobile-cellular numbers ported ",,"count",227,"CZE","Czech Republic","964000.0",2024,"","Czech Telecommunication Office","Refers to the number of mobile porting transactions that have been carried out during the reference year"
11623,"i271pt","Mobile-cellular numbers ported ",,"count",228,"TGO","Togo","0.0",2010,"","Autorité de Règlementation des secteurs de postes et télécommunications","Refers to the number of mobile porting transactions that have been carried out during the reference year"
11623,"i271pt","Mobile-cellular numbers ported ",,"count",228,"TGO","Togo","0.0",2011,"","Autorité de Règlementation des secteurs de Postes et Télécommunications","Refers to the number of mobile porting transactions that have been carried out during the reference year"
11623,"i271pt","Mobile-cellular numbers ported ",,"count",228,"TGO","Togo","0.0",2012,"","Autorité de Règlementation des secteurs de Postes et Télécommunications","Refers to the number of mobile porting transactions that have been carried out during the reference year"
11623,"i271pt","Mobile-cellular numbers ported ",,"count",228,"TGO","Togo","0.0",2014,"","Autorité de Règlementation des secteurs de Postes et de Télécommunications","Refers to the number of mobile porting transactions that have been carried out during the reference year"
11623,"i271pt","Mobile-cellular numbers ported ",,"count",228,"TGO","Togo","0.0",2015,"","Autorité de Règlementation des secteurs de Postes et de Télécommunications","Refers to the number of mobile porting transactions that have been carried out during the reference year"
11623,"i271pt","Mobile-cellular numbers ported ",,"count",228,"TGO","Togo","0.0",2016,"","Autorité de Règlementation des secteurs de Postes et de Télécommunications","Refers to the number of mobile porting transactions that have been carried out during the reference year"
11623,"i271pt","Mobile-cellular numbers ported ",,"count",228,"TGO","Togo","0.0",2017,"Le Togo ne fait pas encore de portabilité de numéro","Autorité de Règlementation des secteurs de Postes et de Télécommunications","Refers to the number of mobile porting transactions that have been carried out during the reference year"
11623,"i271pt","Mobile-cellular numbers ported ",,"count",228,"TGO","Togo","0.0",2018,"Le Togo ne fait pas encore de portabilité de numéro","Autorité de Règlementation des secteurs de Postes et de Télécommunications","Refers to the number of mobile porting transactions that have been carried out during the reference year"
11623,"i271pt","Mobile-cellular numbers ported ",,"count",228,"TGO","Togo","117.0",2024,"","Autorité de Régulation des Communications Electroniques et des Postes (ARCEP)","Refers to the number of mobile porting transactions that have been carried out during the reference year"
11623,"i271pt","Mobile-cellular numbers ported ",,"count",229,"THA","Thailand","2451.0",2010,"Service started on Dec. 2010","Ministry of Information and Communication Technology","Refers to the number of mobile porting transactions that have been carried out during the reference year"
11623,"i271pt","Mobile-cellular numbers ported ",,"count",229,"THA","Thailand","1295230.0",2011,"Service started on Dec 2010","Ministry of Information and Communication Technology","Refers to the number of mobile porting transactions that have been carried out during the reference year"
11623,"i271pt","Mobile-cellular numbers ported ",,"count",229,"THA","Thailand","2656512.0",2012,"Service started on Dec 2010","Ministry of Information and Communication Technology","Refers to the number of mobile porting transactions that have been carried out during the reference year"
11623,"i271pt","Mobile-cellular numbers ported ",,"count",229,"THA","Thailand","1.4854715E7",2013,"Service started on Dec 2010","Ministry of Information and Communication Technology","Refers to the number of mobile porting transactions that have been carried out during the reference year"
11623,"i271pt","Mobile-cellular numbers ported ",,"count",229,"THA","Thailand","3.0219E7",2014,"","Ministry of Information and Communication Technology","Refers to the number of mobile porting transactions that have been carried out during the reference year"
11623,"i271pt","Mobile-cellular numbers ported ",,"count",229,"THA","Thailand","8185000.0",2015,"NBTC","Ministry of Information and Communication Technology","Refers to the number of mobile porting transactions that have been carried out during the reference year"
11623,"i271pt","Mobile-cellular numbers ported ",,"count",229,"THA","Thailand","5425000.0",2016,"NBTC","The National Broadcasting and Telecommunications Commission","Refers to the number of mobile porting transactions that have been carried out during the reference year"
11623,"i271pt","Mobile-cellular numbers ported ",,"count",229,"THA","Thailand","1971994.0",2017,"NBTC","Office of the National Broadcasting and Telecommunications Commission","Refers to the number of mobile porting transactions that have been carried out during the reference year"
11623,"i271pt","Mobile-cellular numbers ported ",,"count",229,"THA","Thailand","1489356.0",2018,"NBTC ##Ref.http://numbering.nbtc.go.th/Scholastic/267/352.aspx","Office of The National Broadcasting and Telecommunications Commission (NBTC)","Refers to the number of mobile porting transactions that have been carried out during the reference year"
11623,"i271pt","Mobile-cellular numbers ported ",,"count",229,"THA","Thailand","901252.0",2019,"NBTC ##Ref. http://numbering.nbtc.go.th/Scholastic/267/352.aspx","The National Broadcasting and Telecommunications Commission","Refers to the number of mobile porting transactions that have been carried out during the reference year"
11623,"i271pt","Mobile-cellular numbers ported ",,"count",229,"THA","Thailand","808647.0",2020,"NBTC##Ref. http://numbering.nbtc.go.th/Scholastic/267/352.aspx","The National Broadcasting and Telecommunications Commission","Refers to the number of mobile porting transactions that have been carried out during the reference year"
11623,"i271pt","Mobile-cellular numbers ported ",,"count",229,"THA","Thailand","258174.0",2021,"NBTC##Ref. http://numbering.nbtc.go.th/Scholastic/267/576/582.aspx","The National Broadcasting and Telecommunications Commission","Refers to the number of mobile porting transactions that have been carried out during the reference year"
11623,"i271pt","Mobile-cellular numbers ported ",,"count",229,"THA","Thailand","772134.0",2022,"NBTC#Ref. http://numbering.nbtc.go.th/Scholastic/267/576/583.aspx","The National Broadcasting and Telecommunications Commission","Refers to the number of mobile porting transactions that have been carried out during the reference year"
11623,"i271pt","Mobile-cellular numbers ported ",,"count",229,"THA","Thailand","608602.0",2023,"NBTC#Ref. #https://numbering.nbtc.go.th/Scholastic/267/576/617.aspx","The National Broadcasting and Telecommunications Commission","Refers to the number of mobile porting transactions that have been carried out during the reference year"
11623,"i271pt","Mobile-cellular numbers ported ",,"count",229,"THA","Thailand","645649.0",2024,"NBTC#Ref.#https://numbering.nbtc.go.th/Scholastic/267/576/577.aspx","The National Broadcasting and Telecommunications Commission","Refers to the number of mobile porting transactions that have been carried out during the reference year"
11623,"i271pt","Mobile-cellular numbers ported ",,"count",232,"TON","Tonga","0.0",2015,"","Ministry of Meteorology, Energy, Information, Disaster Management, Environment and Climate Change, Communication (MEIDECC) ","Refers to the number of mobile porting transactions that have been carried out during the reference year"
11623,"i271pt","Mobile-cellular numbers ported ",,"count",232,"TON","Tonga","0.0",2017,"","MEIDECC","Refers to the number of mobile porting transactions that have been carried out during the reference year"
11623,"i271pt","Mobile-cellular numbers ported ",,"count",232,"TON","Tonga","0.0",2018,"","MEIDECC","Refers to the number of mobile porting transactions that have been carried out during the reference year"
11623,"i271pt","Mobile-cellular numbers ported ",,"count",234,"TTO","Trinidad and Tobago","0.0",2007,"","Telecommunications Authority of Trinidad and Tobago","Refers to the number of mobile porting transactions that have been carried out during the reference year"
11623,"i271pt","Mobile-cellular numbers ported ",,"count",234,"TTO","Trinidad and Tobago","0.0",2008,"","Telecommunications Authority of Trinidad and Tobago","Refers to the number of mobile porting transactions that have been carried out during the reference year"
11623,"i271pt","Mobile-cellular numbers ported ",,"count",234,"TTO","Trinidad and Tobago","0.0",2009,"","Telecommunications Authority of Trinidad and Tobago","Refers to the number of mobile porting transactions that have been carried out during the reference year"
11623,"i271pt","Mobile-cellular numbers ported ",,"count",234,"TTO","Trinidad and Tobago","0.0",2010,"","Telecommunications Authority of Trinidad and Tobago","Refers to the number of mobile porting transactions that have been carried out during the reference year"
11623,"i271pt","Mobile-cellular numbers ported ",,"count",234,"TTO","Trinidad and Tobago","0.0",2011,"","Telecommunications Authority of Trinidad and Tobago","Refers to the number of mobile porting transactions that have been carried out during the reference year"
11623,"i271pt","Mobile-cellular numbers ported ",,"count",234,"TTO","Trinidad and Tobago","711.0",2016,"","Telecommunications Authority of Trinidad and Tobago","Refers to the number of mobile porting transactions that have been carried out during the reference year"
11623,"i271pt","Mobile-cellular numbers ported ",,"count",234,"TTO","Trinidad and Tobago","6966.0",2017,"","Telecommunications Authority of Trinidad and Tobago","Refers to the number of mobile porting transactions that have been carried out during the reference year"
11623,"i271pt","Mobile-cellular numbers ported ",,"count",234,"TTO","Trinidad and Tobago","5778.0",2018,"","Telecommunications Authority of Trinidad and Tobago","Refers to the number of mobile porting transactions that have been carried out during the reference year"
11623,"i271pt","Mobile-cellular numbers ported ",,"count",234,"TTO","Trinidad and Tobago","5499.0",2019,"","Telecommunications Authority of Trinidad and Tobago","Refers to the number of mobile porting transactions that have been carried out during the reference year"
11623,"i271pt","Mobile-cellular numbers ported ",,"count",234,"TTO","Trinidad and Tobago","23718.0",2020,"","","Refers to the number of mobile porting transactions that have been carried out during the reference year"
11623,"i271pt","Mobile-cellular numbers ported ",,"count",234,"TTO","Trinidad and Tobago","42351.0",2021,"","Telecommunications Authority of Trinidad and Tobago (TATT)","Refers to the number of mobile porting transactions that have been carried out during the reference year"
11623,"i271pt","Mobile-cellular numbers ported ",,"count",234,"TTO","Trinidad and Tobago","37391.0",2022,"","Telecommunications Authority of Trinidad and Tobago (TATT)","Refers to the number of mobile porting transactions that have been carried out during the reference year"
11623,"i271pt","Mobile-cellular numbers ported ",,"count",234,"TTO","Trinidad and Tobago","54836.0",2023,"","Telecommunications Authority of Trinidad and Tobago (TATT)","Refers to the number of mobile porting transactions that have been carried out during the reference year"
11623,"i271pt","Mobile-cellular numbers ported ",,"count",234,"TTO","Trinidad and Tobago","61050.0",2024,"","Telecommunications Authority of Trinidad and Tobago (TATT)","Refers to the number of mobile porting transactions that have been carried out during the reference year"
11623,"i271pt","Mobile-cellular numbers ported ",,"count",235,"TUN","Tunisia","0.0",2015,"La portabilité des numéros mobiles a été lancée au cours du mois de mai 2016","Instance Nationale des Télécommunications","Refers to the number of mobile porting transactions that have been carried out during the reference year"
11623,"i271pt","Mobile-cellular numbers ported ",,"count",235,"TUN","Tunisia","50768.0",2016,"","Instance Nationale des Télécommunications","Refers to the number of mobile porting transactions that have been carried out during the reference year"
11623,"i271pt","Mobile-cellular numbers ported ",,"count",235,"TUN","Tunisia","250708.0",2017,"","Instance Nationale des Télécommunications de Tunisie","Refers to the number of mobile porting transactions that have been carried out during the reference year"
11623,"i271pt","Mobile-cellular numbers ported ",,"count",235,"TUN","Tunisia","454020.0",2018,"","Instance Nationale des Télécommunications de Tunisie","Refers to the number of mobile porting transactions that have been carried out during the reference year"
11623,"i271pt","Mobile-cellular numbers ported ",,"count",235,"TUN","Tunisia","423110.0",2019,"","Instance Nationale des Télécommunications","Refers to the number of mobile porting transactions that have been carried out during the reference year"
11623,"i271pt","Mobile-cellular numbers ported ",,"count",235,"TUN","Tunisia","425734.0",2020,"","Instance Nationale des Télécommunications","Refers to the number of mobile porting transactions that have been carried out during the reference year"
11623,"i271pt","Mobile-cellular numbers ported ",,"count",235,"TUN","Tunisia","270106.0",2021,"","Instance Nationale des Télécommunications","Refers to the number of mobile porting transactions that have been carried out during the reference year"
11623,"i271pt","Mobile-cellular numbers ported ",,"count",235,"TUN","Tunisia","267751.0",2022,"","Instance Nationale des Télécommunications","Refers to the number of mobile porting transactions that have been carried out during the reference year"
11623,"i271pt","Mobile-cellular numbers ported ",,"count",235,"TUN","Tunisia","217908.0",2023,"","Instance Nationale des Télécommunications","Refers to the number of mobile porting transactions that have been carried out during the reference year"
11623,"i271pt","Mobile-cellular numbers ported ",,"count",235,"TUN","Tunisia","159585.0",2024,"","Instance Nationale des Télécommunications","Refers to the number of mobile porting transactions that have been carried out during the reference year"
11623,"i271pt","Mobile-cellular numbers ported ",,"count",236,"TUR","Türkiye","653352.0",2008,"","Information and Communication Technologies Authority","Refers to the number of mobile porting transactions that have been carried out during the reference year"
11623,"i271pt","Mobile-cellular numbers ported ",,"count",236,"TUR","Türkiye","9442927.0",2009,"","Information and Communication Technologies Authority","Refers to the number of mobile porting transactions that have been carried out during the reference year"
11623,"i271pt","Mobile-cellular numbers ported ",,"count",236,"TUR","Türkiye","1.3704722E7",2010,"","Information and Communication Technologies Authority (ICTA)","Refers to the number of mobile porting transactions that have been carried out during the reference year"
11623,"i271pt","Mobile-cellular numbers ported ",,"count",236,"TUR","Türkiye","1.3804752E7",2011,"","Information and Communication Technologies Authority (ICTA)","Refers to the number of mobile porting transactions that have been carried out during the reference year"
11623,"i271pt","Mobile-cellular numbers ported ",,"count",236,"TUR","Türkiye","1.3560359E7",2012,"","Information and Communication Technologies Authority (ICTA)","Refers to the number of mobile porting transactions that have been carried out during the reference year"
11623,"i271pt","Mobile-cellular numbers ported ",,"count",236,"TUR","Türkiye","1.2476912E7",2013,"","Information and Communication Technologies Authority (ICTA)","Refers to the number of mobile porting transactions that have been carried out during the reference year"
11623,"i271pt","Mobile-cellular numbers ported ",,"count",236,"TUR","Türkiye","1.3618873E7",2014,"","Information and Communication Technologies Authority (ICTA)","Refers to the number of mobile porting transactions that have been carried out during the reference year"
11623,"i271pt","Mobile-cellular numbers ported ",,"count",236,"TUR","Türkiye","1.187406E7",2015,"","Information and Communication Technologies Authority (ICTA)","Refers to the number of mobile porting transactions that have been carried out during the reference year"
11623,"i271pt","Mobile-cellular numbers ported ",,"count",236,"TUR","Türkiye","1.0801023E7",2016,"","Information and Communication Technologies Authority (ICTA) of Turkey","Refers to the number of mobile porting transactions that have been carried out during the reference year"
11623,"i271pt","Mobile-cellular numbers ported ",,"count",236,"TUR","Türkiye","1.1396173E7",2017,"","Information and Communication Technologies Authority (ICTA) of Turkey","Refers to the number of mobile porting transactions that have been carried out during the reference year"
11623,"i271pt","Mobile-cellular numbers ported ",,"count",236,"TUR","Türkiye","1.1819534E7",2018,"","Information and Communication Technologies Authority of Turkey","Refers to the number of mobile porting transactions that have been carried out during the reference year"
11623,"i271pt","Mobile-cellular numbers ported ",,"count",236,"TUR","Türkiye","1.261657E7",2019,"","Information and Communication Technologies Authority (ICTA)","Refers to the number of mobile porting transactions that have been carried out during the reference year"
11623,"i271pt","Mobile-cellular numbers ported ",,"count",236,"TUR","Türkiye","1.3024806E7",2020,"","Information and Communication Technologies Authority (ICTA)","Refers to the number of mobile porting transactions that have been carried out during the reference year"
11623,"i271pt","Mobile-cellular numbers ported ",,"count",236,"TUR","Türkiye","1.0326846E7",2021,"","Information and Communication Technologies Authority of Türkiye (BTK)","Refers to the number of mobile porting transactions that have been carried out during the reference year"
11623,"i271pt","Mobile-cellular numbers ported ",,"count",236,"TUR","Türkiye","9568229.0",2022,"","Information and Communication Technologies Authority of Türkiye (BTK)","Refers to the number of mobile porting transactions that have been carried out during the reference year"
11623,"i271pt","Mobile-cellular numbers ported ",,"count",236,"TUR","Türkiye","1.016076E7",2023,"","Information and Communication Technologies Authority of Türkiye (BTK)","Refers to the number of mobile porting transactions that have been carried out during the reference year"
11623,"i271pt","Mobile-cellular numbers ported ",,"count",236,"TUR","Türkiye","1.2611699E7",2024,"","Information and Communication Technologies Authority of Türkiye (BTK)","Refers to the number of mobile porting transactions that have been carried out during the reference year"
11623,"i271pt","Mobile-cellular numbers ported ",,"count",238,"TZA","Tanzania","3109.0",2017,"","Tanzania Communications Regulatory Authority (TCRA)","Refers to the number of mobile porting transactions that have been carried out during the reference year"
11623,"i271pt","Mobile-cellular numbers ported ",,"count",238,"TZA","Tanzania","4647.0",2018,"","Tanzania Communications Regulatory Authority","Refers to the number of mobile porting transactions that have been carried out during the reference year"
11623,"i271pt","Mobile-cellular numbers ported ",,"count",238,"TZA","Tanzania","5793.0",2019,"","Tanzania Communications Regulatory Authority (TCRA)","Refers to the number of mobile porting transactions that have been carried out during the reference year"
11623,"i271pt","Mobile-cellular numbers ported ",,"count",238,"TZA","Tanzania","6665.0",2020,"","Tanzania Communications Regulatory Authority (TCRA)","Refers to the number of mobile porting transactions that have been carried out during the reference year"
11623,"i271pt","Mobile-cellular numbers ported ",,"count",238,"TZA","Tanzania","6665.0",2021,"","Tanzania Communications Regulatory Authority (TCRA)","Refers to the number of mobile porting transactions that have been carried out during the reference year"
11623,"i271pt","Mobile-cellular numbers ported ",,"count",238,"TZA","Tanzania","6665.0",2022,"","Tanzania Communications Regulatory Authority (TCRA)","Refers to the number of mobile porting transactions that have been carried out during the reference year"
11623,"i271pt","Mobile-cellular numbers ported ",,"count",238,"TZA","Tanzania","6665.0",2023,"","Tanzania Communications Regulatory Authority (TCRA)","Refers to the number of mobile porting transactions that have been carried out during the reference year"
11623,"i271pt","Mobile-cellular numbers ported ",,"count",238,"TZA","Tanzania","6665.0",2024,"","Tanzania Communications Regulatory Authority (TCRA)","Refers to the number of mobile porting transactions that have been carried out during the reference year"
11623,"i271pt","Mobile-cellular numbers ported ",,"count",239,"ARE","United Arab Emirates","109511.0",2014,"","Telecommunications Regulatory Authority (TRA)","Refers to the number of mobile porting transactions that have been carried out during the reference year"
11623,"i271pt","Mobile-cellular numbers ported ",,"count",239,"ARE","United Arab Emirates","146600.0",2015,"","Telecommunications Regulatory Authority (TRA)","Refers to the number of mobile porting transactions that have been carried out during the reference year"
11623,"i271pt","Mobile-cellular numbers ported ",,"count",239,"ARE","United Arab Emirates","228450.0",2016,"","Telecommunications  Regulatory Authority","Refers to the number of mobile porting transactions that have been carried out during the reference year"
11623,"i271pt","Mobile-cellular numbers ported ",,"count",239,"ARE","United Arab Emirates","300695.0",2017,"","Telecommunications  Regulatory Authority","Refers to the number of mobile porting transactions that have been carried out during the reference year"
11623,"i271pt","Mobile-cellular numbers ported ",,"count",239,"ARE","United Arab Emirates","288705.0",2018,"","Telecommunications and Digital Government Regulatory Authority","Refers to the number of mobile porting transactions that have been carried out during the reference year"
11623,"i271pt","Mobile-cellular numbers ported ",,"count",239,"ARE","United Arab Emirates","200758.0",2019,"","Telecommunications Regulatory Authority ","Refers to the number of mobile porting transactions that have been carried out during the reference year"
11623,"i271pt","Mobile-cellular numbers ported ",,"count",239,"ARE","United Arab Emirates","227624.0",2020,"","Telecommunications Regulatory Authority ","Refers to the number of mobile porting transactions that have been carried out during the reference year"
11623,"i271pt","Mobile-cellular numbers ported ",,"count",239,"ARE","United Arab Emirates","242015.0",2021,"","Telecommunications Regulatory Authority","Refers to the number of mobile porting transactions that have been carried out during the reference year"
11623,"i271pt","Mobile-cellular numbers ported ",,"count",239,"ARE","United Arab Emirates","241654.0",2022,"","Telecommunications and Digital Government Regulatory Authority","Refers to the number of mobile porting transactions that have been carried out during the reference year"
11623,"i271pt","Mobile-cellular numbers ported ",,"count",239,"ARE","United Arab Emirates","247621.0",2023,"","Telecommunications and Digital Government Regulatory Authority","Refers to the number of mobile porting transactions that have been carried out during the reference year"
11623,"i271pt","Mobile-cellular numbers ported ",,"count",239,"ARE","United Arab Emirates","230736.0",2024,"","Telecommunications Regulatory Authority","Refers to the number of mobile porting transactions that have been carried out during the reference year"
11623,"i271pt","Mobile-cellular numbers ported ",,"count",241,"UKR","Ukraine","65965.0",2020,"","State Service of Special Communications and Information Protection of Ukraine","Refers to the number of mobile porting transactions that have been carried out during the reference year"
11623,"i271pt","Mobile-cellular numbers ported ",,"count",241,"UKR","Ukraine","76408.0",2021,"","State Service of Special Communications and Information Protection of Ukraine","Refers to the number of mobile porting transactions that have been carried out during the reference year"
11623,"i271pt","Mobile-cellular numbers ported ",,"count",242,"URY","Uruguay","0.0",2009,"Service not available.","","Refers to the number of mobile porting transactions that have been carried out during the reference year"
11623,"i271pt","Mobile-cellular numbers ported ",,"count",242,"URY","Uruguay","0.0",2010,"Service not available.","Unidad Reguladora de Servicios de Comunicaciones","Refers to the number of mobile porting transactions that have been carried out during the reference year"
11623,"i271pt","Mobile-cellular numbers ported ",,"count",242,"URY","Uruguay","0.0",2011,"Service not available.","Unidad Reguladora de Servicios de Comunicaciones","Refers to the number of mobile porting transactions that have been carried out during the reference year"
11623,"i271pt","Mobile-cellular numbers ported ",,"count",242,"URY","Uruguay","0.0",2012,"Service not available.","Unidad Reguladora de Servicios de Comunicaciones","Refers to the number of mobile porting transactions that have been carried out during the reference year"
11623,"i271pt","Mobile-cellular numbers ported ",,"count",242,"URY","Uruguay","0.0",2013,"Service not available.","Unidad Reguladora de Servicios de Comunicaciones","Refers to the number of mobile porting transactions that have been carried out during the reference year"
11623,"i271pt","Mobile-cellular numbers ported ",,"count",242,"URY","Uruguay","0.0",2014,"Service not available.","Unidad Reguladora de Servicios de Comunicaciones","Refers to the number of mobile porting transactions that have been carried out during the reference year"
11623,"i271pt","Mobile-cellular numbers ported ",,"count",242,"URY","Uruguay","0.0",2015,"Service not available.","Unidad Reguladora de Servicios de Comunicaciones","Refers to the number of mobile porting transactions that have been carried out during the reference year"
11623,"i271pt","Mobile-cellular numbers ported ",,"count",242,"URY","Uruguay","0.0",2016,"Service not available.","Unidad Reguladora de Servicios de Comunicaciones","Refers to the number of mobile porting transactions that have been carried out during the reference year"
11623,"i271pt","Mobile-cellular numbers ported ",,"count",242,"URY","Uruguay","0.0",2017,"Service not available.","Unidad Reguladora de Servicios de Comunicaciones","Refers to the number of mobile porting transactions that have been carried out during the reference year"
11623,"i271pt","Mobile-cellular numbers ported ",,"count",242,"URY","Uruguay","73761.0",2022,"","Unidad Reguladora de Servicios de Comunicaciones","Refers to the number of mobile porting transactions that have been carried out during the reference year"
11623,"i271pt","Mobile-cellular numbers ported ",,"count",242,"URY","Uruguay","62159.0",2023,"","Unidad Reguladora de Servicios de Comunicaciones","Refers to the number of mobile porting transactions that have been carried out during the reference year"
11623,"i271pt","Mobile-cellular numbers ported ",,"count",242,"URY","Uruguay","67756.0",2024,"","Unidad Reguladora de Servicios de Comunicaciones","Refers to the number of mobile porting transactions that have been carried out during the reference year"
11623,"i271pt","Mobile-cellular numbers ported ",,"count",244,"USA","United States","1.3318E7",2007,"","Federal Communications Commission","Refers to the number of mobile porting transactions that have been carried out during the reference year"
11623,"i271pt","Mobile-cellular numbers ported ",,"count",244,"USA","United States","1.4467E7",2008,"","Federal Communications Commission","Refers to the number of mobile porting transactions that have been carried out during the reference year"
11623,"i271pt","Mobile-cellular numbers ported ",,"count",244,"USA","United States","1.5907E7",2009,"","Federal Communications Commission","Refers to the number of mobile porting transactions that have been carried out during the reference year"
11623,"i271pt","Mobile-cellular numbers ported ",,"count",244,"USA","United States","1.7038E7",2010,"Annual data is the sum of quarterly data for wireless-to-wireless porting.","Federal Communications Commission","Refers to the number of mobile porting transactions that have been carried out during the reference year"
11623,"i271pt","Mobile-cellular numbers ported ",,"count",244,"USA","United States","2.024E7",2011,"Annual data is the sum of quarterly data for wireless-to-wireless porting.","Federal Communications Commission","Refers to the number of mobile porting transactions that have been carried out during the reference year"
11623,"i271pt","Mobile-cellular numbers ported ",,"count",244,"USA","United States","1.9494E7",2012,"Annual data is the sum of quarterly data for wireless-to-wireless porting.","Federal Communications Commission","Refers to the number of mobile porting transactions that have been carried out during the reference year"
11623,"i271pt","Mobile-cellular numbers ported ",,"count",244,"USA","United States","1.855E7",2013,"Annual data is the sum of quarterly data for wireless-to-wireless porting.","Federal Communications Commission","Refers to the number of mobile porting transactions that have been carried out during the reference year"
11623,"i271pt","Mobile-cellular numbers ported ",,"count",244,"USA","United States","2.4338E7",2014,"Updated underlying data from the source described in Numbering Resource Utilization in the United States, Table 14 (released January 2011).  Annual data is the sum of quarterly data for wireless-to-wireless porting.","Federal Communications Commission","Refers to the number of mobile porting transactions that have been carried out during the reference year"
11623,"i271pt","Mobile-cellular numbers ported ",,"count",244,"USA","United States","2.5798797E7",2015,"","Federal Communications Commission","Refers to the number of mobile porting transactions that have been carried out during the reference year"
11623,"i271pt","Mobile-cellular numbers ported ",,"count",244,"USA","United States","2.6936E7",2016,"Compiled from data from Local Number Portability Administrator.","Federal Communications Commission","Refers to the number of mobile porting transactions that have been carried out during the reference year"
11623,"i271pt","Mobile-cellular numbers ported ",,"count",244,"USA","United States","2.67E7",2017,"Compiled from data from Local Number Portability Administrator.","Federal Communications Commission","Refers to the number of mobile porting transactions that have been carried out during the reference year"
11623,"i271pt","Mobile-cellular numbers ported ",,"count",244,"USA","United States","2.6255E7",2018,"Source: Local Number Portability Administrator.","Federal Communications Commission","Refers to the number of mobile porting transactions that have been carried out during the reference year"
11623,"i271pt","Mobile-cellular numbers ported ",,"count",244,"USA","United States","2.6789E7",2019,"Source: Local Number Portability Administrator.","U.S. Federal Communications Commission","Refers to the number of mobile porting transactions that have been carried out during the reference year"
11623,"i271pt","Mobile-cellular numbers ported ",,"count",245,"UZB","Uzbekistan","0.0",2016,"There is no number porting service","Ministry for Development of Information Technologies and Communications of the Republic of Uzbekistan","Refers to the number of mobile porting transactions that have been carried out during the reference year"
11623,"i271pt","Mobile-cellular numbers ported ",,"count",245,"UZB","Uzbekistan","0.0",2017,"There is no number porting service","Ministry for Development of Information Technologies and Communications of the Republic of Uzbekistan","Refers to the number of mobile porting transactions that have been carried out during the reference year"
11623,"i271pt","Mobile-cellular numbers ported ",,"count",245,"UZB","Uzbekistan","0.0",2018,"There is no number porting service","Ministry of Development of the Information Technologies and Communications of the Republic of Uzbekistan","Refers to the number of mobile porting transactions that have been carried out during the reference year"
11623,"i271pt","Mobile-cellular numbers ported ",,"count",245,"UZB","Uzbekistan","0.0",2019,"","Ministry for Development of Information Technologies and Communications of the Republic of Uzbekistan","Refers to the number of mobile porting transactions that have been carried out during the reference year"
11623,"i271pt","Mobile-cellular numbers ported ",,"count",245,"UZB","Uzbekistan","0.0",2020,"","Ministry for Development of Information Technologies and Communications of the Republic of Uzbekistan","Refers to the number of mobile porting transactions that have been carried out during the reference year"
11623,"i271pt","Mobile-cellular numbers ported ",,"count",245,"UZB","Uzbekistan","0.0",2021,"","Ministry for Development of Information Technologies and Communications of the Republic of Uzbekistan","Refers to the number of mobile porting transactions that have been carried out during the reference year"
11623,"i271pt","Mobile-cellular numbers ported ",,"count",245,"UZB","Uzbekistan","0.0",2022,"","Ministry of Digital Technologies of the Republic of Uzbekistan","Refers to the number of mobile porting transactions that have been carried out during the reference year"
11623,"i271pt","Mobile-cellular numbers ported ",,"count",245,"UZB","Uzbekistan","13928.0",2023,"","Ministry of Digital Technologies of the Republic of Uzbekistan","Refers to the number of mobile porting transactions that have been carried out during the reference year"
11623,"i271pt","Mobile-cellular numbers ported ",,"count",245,"UZB","Uzbekistan","77260.0",2024,"","Ministry for Development of Information Technologies and Communications of the Republic of Uzbekistan","Refers to the number of mobile porting transactions that have been carried out during the reference year"
11623,"i271pt","Mobile-cellular numbers ported ",,"count",246,"VCT","Saint Vincent and the Grenadines","0.0",2017,"","National Telecommunications Regulatory Commission","Refers to the number of mobile porting transactions that have been carried out during the reference year"
11623,"i271pt","Mobile-cellular numbers ported ",,"count",246,"VCT","Saint Vincent and the Grenadines","0.0",2018,"Number Portability not yet implemented.","National Telecommunications Regulatory Commission","Refers to the number of mobile porting transactions that have been carried out during the reference year"
11623,"i271pt","Mobile-cellular numbers ported ",,"count",246,"VCT","Saint Vincent and the Grenadines","6182.0",2019,"","National Telecommunications Regulatory Commission","Refers to the number of mobile porting transactions that have been carried out during the reference year"
11623,"i271pt","Mobile-cellular numbers ported ",,"count",250,"VNM","Viet Nam","5612.0",2018,"","Ministry of Information and Communications","Refers to the number of mobile porting transactions that have been carried out during the reference year"
11623,"i271pt","Mobile-cellular numbers ported ",,"count",250,"VNM","Viet Nam","2196069.0",2019,"","Ministry of Information and Communications","Refers to the number of mobile porting transactions that have been carried out during the reference year"
11623,"i271pt","Mobile-cellular numbers ported ",,"count",250,"VNM","Viet Nam","2872000.0",2020,"","Ministry of Information and Communications","Refers to the number of mobile porting transactions that have been carried out during the reference year"
11623,"i271pt","Mobile-cellular numbers ported ",,"count",250,"VNM","Viet Nam","2610598.0",2021,"","Ministry of Information and Communications","Refers to the number of mobile porting transactions that have been carried out during the reference year"
11623,"i271pt","Mobile-cellular numbers ported ",,"count",250,"VNM","Viet Nam","3119628.0",2022,"","Ministry of Information and Communications","Refers to the number of mobile porting transactions that have been carried out during the reference year"
11623,"i271pt","Mobile-cellular numbers ported ",,"count",250,"VNM","Viet Nam","3225403.0",2023,"","Ministry of Information and Communications","Refers to the number of mobile porting transactions that have been carried out during the reference year"
11623,"i271pt","Mobile-cellular numbers ported ",,"count",250,"VNM","Viet Nam","242258.0",2024,"The need to switch networks while keeping the subscriber number has decreased sharply.","Ministry of Science and Technology","Refers to the number of mobile porting transactions that have been carried out during the reference year"
11623,"i271pt","Mobile-cellular numbers ported ",,"count",251,"VUT","Vanuatu","0.0",2011,"","Office of theTelecommunications & Radiocommunications Regulator","Refers to the number of mobile porting transactions that have been carried out during the reference year"
11623,"i271pt","Mobile-cellular numbers ported ",,"count",251,"VUT","Vanuatu","0.0",2012,"","Office of theTelecommunications & Radiocommunications Regulator","Refers to the number of mobile porting transactions that have been carried out during the reference year"
11623,"i271pt","Mobile-cellular numbers ported ",,"count",251,"VUT","Vanuatu","0.0",2013,"Vanuatu does not have a number  portability regime.","Office of theTelecommunications & Radiocommunications Regulator","Refers to the number of mobile porting transactions that have been carried out during the reference year"
11623,"i271pt","Mobile-cellular numbers ported ",,"count",251,"VUT","Vanuatu","0.0",2015,"Vanuatu does not have a number  portability regime.","Office of the Telecommunications & Radiocommunications Regulator","Refers to the number of mobile porting transactions that have been carried out during the reference year"
11623,"i271pt","Mobile-cellular numbers ported ",,"count",251,"VUT","Vanuatu","0.0",2016,"Vanuatu does not have a number  portability regime.","TRBR","Refers to the number of mobile porting transactions that have been carried out during the reference year"
11623,"i271pt","Mobile-cellular numbers ported ",,"count",251,"VUT","Vanuatu","0.0",2017,"Vanuatu does not have a number  portability regime.","Telecommunications, Radiocommunications and Broadcasting Regulator","Refers to the number of mobile porting transactions that have been carried out during the reference year"
11623,"i271pt","Mobile-cellular numbers ported ",,"count",251,"VUT","Vanuatu","0.0",2018,"Vanuatu does not have a number  portability regime.","Telecommunications, Radiocommunications and Broadcasting Regulator","Refers to the number of mobile porting transactions that have been carried out during the reference year"
11623,"i271pt","Mobile-cellular numbers ported ",,"count",253,"WLF","Wallis and Futuna","0.0",2022,"","Service des Postes et Telecommunications","Refers to the number of mobile porting transactions that have been carried out during the reference year"
11623,"i271pt","Mobile-cellular numbers ported ",,"count",253,"WLF","Wallis and Futuna","0.0",2023,"","Service des Postes et Telecommunications","Refers to the number of mobile porting transactions that have been carried out during the reference year"
11623,"i271pt","Mobile-cellular numbers ported ",,"count",255,"YEM","Yemen","0.0",2016,"Porting is not an available service.","MTIT","Refers to the number of mobile porting transactions that have been carried out during the reference year"
11623,"i271pt","Mobile-cellular numbers ported ",,"count",255,"YEM","Yemen","0.0",2017,"Porting is not an available service.","MTIT","Refers to the number of mobile porting transactions that have been carried out during the reference year"
11623,"i271pt","Mobile-cellular numbers ported ",,"count",255,"YEM","Yemen","0.0",2018,"Porting is not an available service yet.","MTIT","Refers to the number of mobile porting transactions that have been carried out during the reference year"
11623,"i271pt","Mobile-cellular numbers ported ",,"count",255,"YEM","Yemen","0.0",2021,"","Ministry of Telecommunications and Information Technology","Refers to the number of mobile porting transactions that have been carried out during the reference year"
11623,"i271pt","Mobile-cellular numbers ported ",,"count",255,"YEM","Yemen","0.0",2022,"","Ministry of Telecommunications and Information Technology","Refers to the number of mobile porting transactions that have been carried out during the reference year"
11623,"i271pt","Mobile-cellular numbers ported ",,"count",256,"SRB","Serbia","37185.0",2011,"","Republic Agency for Electronic Communications (RATEL)","Refers to the number of mobile porting transactions that have been carried out during the reference year"
11623,"i271pt","Mobile-cellular numbers ported ",,"count",256,"SRB","Serbia","114822.0",2012,"","Republic Agency for Electronic Communications (RATEL)","Refers to the number of mobile porting transactions that have been carried out during the reference year"
11623,"i271pt","Mobile-cellular numbers ported ",,"count",256,"SRB","Serbia","85673.0",2013,"","Regulatory  Agency for Electronic Communications and Postal Services (RATEL)","Refers to the number of mobile porting transactions that have been carried out during the reference year"
11623,"i271pt","Mobile-cellular numbers ported ",,"count",256,"SRB","Serbia","99142.0",2014,"","Regulatory  Agency for Electronic Communications and Postal Services (RATEL)","Refers to the number of mobile porting transactions that have been carried out during the reference year"
11623,"i271pt","Mobile-cellular numbers ported ",,"count",256,"SRB","Serbia","118490.0",2015,"","Regulatory  Agency for Electronic Communications and Postal Services (RATEL)","Refers to the number of mobile porting transactions that have been carried out during the reference year"
11623,"i271pt","Mobile-cellular numbers ported ",,"count",256,"SRB","Serbia","122425.0",2016,"","Regulatory Agency for Electronic Communications and Postal Services","Refers to the number of mobile porting transactions that have been carried out during the reference year"
11623,"i271pt","Mobile-cellular numbers ported ",,"count",256,"SRB","Serbia","123330.0",2017,"","Regulatory Agency for Electronic Communications and Postal Services","Refers to the number of mobile porting transactions that have been carried out during the reference year"
11623,"i271pt","Mobile-cellular numbers ported ",,"count",256,"SRB","Serbia","107362.0",2018,"","Regulatory Agency for Electronic Communications and Postal Services","Refers to the number of mobile porting transactions that have been carried out during the reference year"
11623,"i271pt","Mobile-cellular numbers ported ",,"count",256,"SRB","Serbia","108720.0",2019,"","Regulatory  Agency for Electronic Communications and Postal Services (RATEL)","Refers to the number of mobile porting transactions that have been carried out during the reference year"
11623,"i271pt","Mobile-cellular numbers ported ",,"count",256,"SRB","Serbia","96000.0",2020,"","Regulatory  Agency for Electronic Communications and Postal Services (RATEL)","Refers to the number of mobile porting transactions that have been carried out during the reference year"
11623,"i271pt","Mobile-cellular numbers ported ",,"count",256,"SRB","Serbia","108550.0",2021,"","Regulatory  Agency for Electronic Communications and Postal Services (RATEL)","Refers to the number of mobile porting transactions that have been carried out during the reference year"
11623,"i271pt","Mobile-cellular numbers ported ",,"count",256,"SRB","Serbia","98479.0",2022,"","Regulatory  Agency for Electronic Communications and Postal Services (RATEL)","Refers to the number of mobile porting transactions that have been carried out during the reference year"
11623,"i271pt","Mobile-cellular numbers ported ",,"count",256,"SRB","Serbia","110253.0",2023,"","Regulatory  Agency for Electronic Communications and Postal Services (RATEL)","Refers to the number of mobile porting transactions that have been carried out during the reference year"
11623,"i271pt","Mobile-cellular numbers ported ",,"count",256,"SRB","Serbia","115845.0",2024,"","Regulatory  Agency for Electronic Communications and Postal Services (RATEL)","Refers to the number of mobile porting transactions that have been carried out during the reference year"
11623,"i271pt","Mobile-cellular numbers ported ",,"count",257,"COD","Dem. Rep. of the Congo","0.0",2019,"","Autorité de Régulation de la Poste et des Télécommunications","Refers to the number of mobile porting transactions that have been carried out during the reference year"
11623,"i271pt","Mobile-cellular numbers ported ",,"count",257,"COD","Dem. Rep. of the Congo","0.0",2020,"","Autorité de Régulation de la Poste et des Télécommunications","Refers to the number of mobile porting transactions that have been carried out during the reference year"
11623,"i271pt","Mobile-cellular numbers ported ",,"count",257,"COD","Dem. Rep. of the Congo","0.0",2021,"","Autorité de Régulation de la Poste et des Télécommunications","Refers to the number of mobile porting transactions that have been carried out during the reference year"
11623,"i271pt","Mobile-cellular numbers ported ",,"count",257,"COD","Dem. Rep. of the Congo","0.0",2022,"","Autorité de Régulation de la Poste et des Télécommunications","Refers to the number of mobile porting transactions that have been carried out during the reference year"
11623,"i271pt","Mobile-cellular numbers ported ",,"count",257,"COD","Dem. Rep. of the Congo","0.0",2023,"","Autorité de Régulation de la Poste et des Télécommunications","Refers to the number of mobile porting transactions that have been carried out during the reference year"
11623,"i271pt","Mobile-cellular numbers ported ",,"count",260,"ZWE","Zimbabwe","0.0",2013,"MNP has not yet been implemented","Postal and Telecommunications Regulatory Authority","Refers to the number of mobile porting transactions that have been carried out during the reference year"
11623,"i271pt","Mobile-cellular numbers ported ",,"count",260,"ZWE","Zimbabwe","0.0",2014,"","Postal and Telecommunications Regulatory Authority","Refers to the number of mobile porting transactions that have been carried out during the reference year"
11623,"i271pt","Mobile-cellular numbers ported ",,"count",260,"ZWE","Zimbabwe","0.0",2015,"","Postal and Telecommunications Regulatory Authority","Refers to the number of mobile porting transactions that have been carried out during the reference year"
11623,"i271pt","Mobile-cellular numbers ported ",,"count",260,"ZWE","Zimbabwe","0.0",2016,"","POTRAZ","Refers to the number of mobile porting transactions that have been carried out during the reference year"
11623,"i271pt","Mobile-cellular numbers ported ",,"count",260,"ZWE","Zimbabwe","0.0",2017,"","POTRAZ","Refers to the number of mobile porting transactions that have been carried out during the reference year"
11623,"i271pt","Mobile-cellular numbers ported ",,"count",260,"ZWE","Zimbabwe","0.0",2018,"","POTRAZ","Refers to the number of mobile porting transactions that have been carried out during the reference year"
11623,"i271pt","Mobile-cellular numbers ported ",,"count",260,"ZWE","Zimbabwe","0.0",2019,"","Postal and Telecommunications Regulatory Authority","Refers to the number of mobile porting transactions that have been carried out during the reference year"
11623,"i271pt","Mobile-cellular numbers ported ",,"count",260,"ZWE","Zimbabwe","0.0",2020,"","Postal and Telecommunications Regulatory Authority","Refers to the number of mobile porting transactions that have been carried out during the reference year"
11623,"i271pt","Mobile-cellular numbers ported ",,"count",260,"ZWE","Zimbabwe","0.0",2021,"","Postal and Telecommunications Regulatory Authority","Refers to the number of mobile porting transactions that have been carried out during the reference year"
11623,"i271pt","Mobile-cellular numbers ported ",,"count",260,"ZWE","Zimbabwe","0.0",2022,"","Postal and Telecommunications Regulatory Authority","Refers to the number of mobile porting transactions that have been carried out during the reference year"
11623,"i271pt","Mobile-cellular numbers ported ",,"count",260,"ZWE","Zimbabwe","0.0",2023,"","Postal and Telecommunications Regulatory Authority","Refers to the number of mobile porting transactions that have been carried out during the reference year"
11623,"i271pt","Mobile-cellular numbers ported ",,"count",260,"ZWE","Zimbabwe","0.0",2024,"","Postal and Telecommunications Regulatory Authority","Refers to the number of mobile porting transactions that have been carried out during the reference year"
11623,"i271pt","Mobile-cellular numbers ported ",,"count",274,"MDA","Moldova","25885.0",2013,"","National Regulatory Agency for Electronic Communications and Information Technology","Refers to the number of mobile porting transactions that have been carried out during the reference year"
11623,"i271pt","Mobile-cellular numbers ported ",,"count",274,"MDA","Moldova","59724.0",2014,"","National Regulatory Agency for Electronic Communications and Information Technology","Refers to the number of mobile porting transactions that have been carried out during the reference year"
11623,"i271pt","Mobile-cellular numbers ported ",,"count",274,"MDA","Moldova","44854.0",2015,"","National Regulatory Agency for Electronic Communications and Information Technology","Refers to the number of mobile porting transactions that have been carried out during the reference year"
11623,"i271pt","Mobile-cellular numbers ported ",,"count",274,"MDA","Moldova","33503.0",2016,"","National Regulatory Agency for Electronic Communications and Information Technology (ANRCETI)","Refers to the number of mobile porting transactions that have been carried out during the reference year"
11623,"i271pt","Mobile-cellular numbers ported ",,"count",274,"MDA","Moldova","28890.0",2017,"","National Regulatory Agency for Electronic Communications and Information Technology (ANRCETI)","Refers to the number of mobile porting transactions that have been carried out during the reference year"
11623,"i271pt","Mobile-cellular numbers ported ",,"count",274,"MDA","Moldova","32015.0",2018,"","National Regulatory Agency for Electronic Communications and Information Technology","Refers to the number of mobile porting transactions that have been carried out during the reference year"
11623,"i271pt","Mobile-cellular numbers ported ",,"count",274,"MDA","Moldova","56947.0",2019,"","National Regulatory Agency for Electronic Communications and Information Technology","Refers to the number of mobile porting transactions that have been carried out during the reference year"
11623,"i271pt","Mobile-cellular numbers ported ",,"count",274,"MDA","Moldova","68779.0",2020,"","National Regulatory Agency for Electronic Communications and Information Technology","Refers to the number of mobile porting transactions that have been carried out during the reference year"
11623,"i271pt","Mobile-cellular numbers ported ",,"count",274,"MDA","Moldova","85340.0",2021,"","National Regulatory Agency for Electronic Communications and Information Technology","Refers to the number of mobile porting transactions that have been carried out during the reference year"
11623,"i271pt","Mobile-cellular numbers ported ",,"count",274,"MDA","Moldova","90422.0",2022,"","National Regulatory Agency for Electronic Communications and Information Technology","Refers to the number of mobile porting transactions that have been carried out during the reference year"
11623,"i271pt","Mobile-cellular numbers ported ",,"count",274,"MDA","Moldova","68027.0",2023,"","National Regulatory Agency for Electronic Communications and Information Technology","Refers to the number of mobile porting transactions that have been carried out during the reference year"
11623,"i271pt","Mobile-cellular numbers ported ",,"count",274,"MDA","Moldova","69300.0",2024,"","National Regulatory Agency for Electronic Communications and Information Technology","Refers to the number of mobile porting transactions that have been carried out during the reference year"
11623,"i271pt","Mobile-cellular numbers ported ",,"count",275,"BIH","Bosnia and Herzegovina","0.0",2009,"","Communication Regulatory Agency","Refers to the number of mobile porting transactions that have been carried out during the reference year"
11623,"i271pt","Mobile-cellular numbers ported ",,"count",275,"BIH","Bosnia and Herzegovina","0.0",2010,"","Communications Regulatory Agency B & H","Refers to the number of mobile porting transactions that have been carried out during the reference year"
11623,"i271pt","Mobile-cellular numbers ported ",,"count",275,"BIH","Bosnia and Herzegovina","0.0",2011,"","Communications Regulatory Agency B & H","Refers to the number of mobile porting transactions that have been carried out during the reference year"
11623,"i271pt","Mobile-cellular numbers ported ",,"count",275,"BIH","Bosnia and Herzegovina","0.0",2012,"","Communications Regulatory Agency B & H","Refers to the number of mobile porting transactions that have been carried out during the reference year"
11623,"i271pt","Mobile-cellular numbers ported ",,"count",275,"BIH","Bosnia and Herzegovina","6513.0",2013,"","Communications Regulatory Agency B & H","Refers to the number of mobile porting transactions that have been carried out during the reference year"
11623,"i271pt","Mobile-cellular numbers ported ",,"count",275,"BIH","Bosnia and Herzegovina","58945.0",2014,"","Communications Regulatory Agency B & H","Refers to the number of mobile porting transactions that have been carried out during the reference year"
11623,"i271pt","Mobile-cellular numbers ported ",,"count",275,"BIH","Bosnia and Herzegovina","10818.0",2015,"","Communications Regulatory Agency B & H","Refers to the number of mobile porting transactions that have been carried out during the reference year"
11623,"i271pt","Mobile-cellular numbers ported ",,"count",275,"BIH","Bosnia and Herzegovina","14083.0",2016,"","Communications Regulatory Agency","Refers to the number of mobile porting transactions that have been carried out during the reference year"
11623,"i271pt","Mobile-cellular numbers ported ",,"count",275,"BIH","Bosnia and Herzegovina","11675.0",2017,"Please note that previously provided figure for 2017 was corrected to the right one.","Communications Regulatory Agency","Refers to the number of mobile porting transactions that have been carried out during the reference year"
11623,"i271pt","Mobile-cellular numbers ported ",,"count",275,"BIH","Bosnia and Herzegovina","12668.0",2018,"Please note that previously provided figure for 2018 was corrected to the right one.","Communications Regulatory Agency","Refers to the number of mobile porting transactions that have been carried out during the reference year"
11623,"i271pt","Mobile-cellular numbers ported ",,"count",275,"BIH","Bosnia and Herzegovina","12615.0",2019,"","Communications Regulatory Agency B & H","Refers to the number of mobile porting transactions that have been carried out during the reference year"
11623,"i271pt","Mobile-cellular numbers ported ",,"count",275,"BIH","Bosnia and Herzegovina","13104.0",2020,"","Communications Regulatory Agency B & H","Refers to the number of mobile porting transactions that have been carried out during the reference year"
11623,"i271pt","Mobile-cellular numbers ported ",,"count",275,"BIH","Bosnia and Herzegovina","15251.0",2021,"","Communications Regulatory Agency B & H","Refers to the number of mobile porting transactions that have been carried out during the reference year"
11623,"i271pt","Mobile-cellular numbers ported ",,"count",275,"BIH","Bosnia and Herzegovina","15217.0",2022,"","Communications Regulatory Agency of Bosnia and Herzegovina","Refers to the number of mobile porting transactions that have been carried out during the reference year"
11623,"i271pt","Mobile-cellular numbers ported ",,"count",275,"BIH","Bosnia and Herzegovina","23655.0",2023,"","Communications Regulatory Agency of Bosnia and Herzegovina","Refers to the number of mobile porting transactions that have been carried out during the reference year"
11623,"i271pt","Mobile-cellular numbers ported ",,"count",275,"BIH","Bosnia and Herzegovina","29363.0",2024,"","Communications Regulatory Agency of Bosnia and Herzegovina","Refers to the number of mobile porting transactions that have been carried out during the reference year"
11623,"i271pt","Mobile-cellular numbers ported ",,"count",276,"GEO","Georgia","70813.0",2011,"","Georgian National Communications Commission","Refers to the number of mobile porting transactions that have been carried out during the reference year"
11623,"i271pt","Mobile-cellular numbers ported ",,"count",276,"GEO","Georgia","51014.0",2012,"","Georgian National Communications Commission","Refers to the number of mobile porting transactions that have been carried out during the reference year"
11623,"i271pt","Mobile-cellular numbers ported ",,"count",276,"GEO","Georgia","175858.0",2013,"","Georgian National Communications Commission","Refers to the number of mobile porting transactions that have been carried out during the reference year"
11623,"i271pt","Mobile-cellular numbers ported ",,"count",276,"GEO","Georgia","144206.0",2014,"","Georgian National Communications Commission","Refers to the number of mobile porting transactions that have been carried out during the reference year"
11623,"i271pt","Mobile-cellular numbers ported ",,"count",276,"GEO","Georgia","77306.0",2015,"","Georgian National Communications Commission","Refers to the number of mobile porting transactions that have been carried out during the reference year"
11623,"i271pt","Mobile-cellular numbers ported ",,"count",276,"GEO","Georgia","78654.0",2016,"","GNCC","Refers to the number of mobile porting transactions that have been carried out during the reference year"
11623,"i271pt","Mobile-cellular numbers ported ",,"count",276,"GEO","Georgia","57355.0",2017,"","Georgian National Communications Commission","Refers to the number of mobile porting transactions that have been carried out during the reference year"
11623,"i271pt","Mobile-cellular numbers ported ",,"count",276,"GEO","Georgia","48811.0",2018,"","Georgian National Communications Commission","Refers to the number of mobile porting transactions that have been carried out during the reference year"
11623,"i271pt","Mobile-cellular numbers ported ",,"count",276,"GEO","Georgia","51616.0",2019,"","Communications Comission","Refers to the number of mobile porting transactions that have been carried out during the reference year"
11623,"i271pt","Mobile-cellular numbers ported ",,"count",276,"GEO","Georgia","45727.0",2020,"","Communications Comission","Refers to the number of mobile porting transactions that have been carried out during the reference year"
11623,"i271pt","Mobile-cellular numbers ported ",,"count",276,"GEO","Georgia","36570.0",2021,"","Communications Comission","Refers to the number of mobile porting transactions that have been carried out during the reference year"
11623,"i271pt","Mobile-cellular numbers ported ",,"count",276,"GEO","Georgia","60847.0",2022,"","Communications Comission","Refers to the number of mobile porting transactions that have been carried out during the reference year"
11623,"i271pt","Mobile-cellular numbers ported ",,"count",276,"GEO","Georgia","39094.0",2023,"","Communications Comission","Refers to the number of mobile porting transactions that have been carried out during the reference year"
11623,"i271pt","Mobile-cellular numbers ported ",,"count",276,"GEO","Georgia","37661.0",2024,"","Communications Comission","Refers to the number of mobile porting transactions that have been carried out during the reference year"
11623,"i271pt","Mobile-cellular numbers ported ",,"count",277,"KAZ","Kazakhstan","884.0",2016,"","Ministry of Digital Development Innovation and Aerospace","Refers to the number of mobile porting transactions that have been carried out during the reference year"
11623,"i271pt","Mobile-cellular numbers ported ",,"count",277,"KAZ","Kazakhstan","113200.0",2017,"","Ministry of digital development, innovation and aerospace industry of the Republic of Kazakhstan","Refers to the number of mobile porting transactions that have been carried out during the reference year"
11623,"i271pt","Mobile-cellular numbers ported ",,"count",277,"KAZ","Kazakhstan","107640.0",2018,"","Ministry of Digital Development Innovation and Aerospace Industry of the Republic of Kazakhstan","Refers to the number of mobile porting transactions that have been carried out during the reference year"
11623,"i271pt","Mobile-cellular numbers ported ",,"count",277,"KAZ","Kazakhstan","172634.0",2019,"","Ministry of digital development, defense and aerospace industry of the Republic of Kazakhstan","Refers to the number of mobile porting transactions that have been carried out during the reference year"
11623,"i271pt","Mobile-cellular numbers ported ",,"count",277,"KAZ","Kazakhstan","115936.0",2020,"","Ministry of digital development, defense and aerospace industry of the Republic of Kazakhstan","Refers to the number of mobile porting transactions that have been carried out during the reference year"
11623,"i271pt","Mobile-cellular numbers ported ",,"count",277,"KAZ","Kazakhstan","138837.0",2021,"","Ministry of digital development, defense and aerospace industry of the Republic of Kazakhstan","Refers to the number of mobile porting transactions that have been carried out during the reference year"
11623,"i271pt","Mobile-cellular numbers ported ",,"count",277,"KAZ","Kazakhstan","200900.0",2022,"","Ministry of digital development, defense and aerospace industry of the Republic of Kazakhstan","Refers to the number of mobile porting transactions that have been carried out during the reference year"
11623,"i271pt","Mobile-cellular numbers ported ",,"count",277,"KAZ","Kazakhstan","188845.0",2023,"","Ministry of digital development, defense and aerospace industry of the Republic of Kazakhstan","Refers to the number of mobile porting transactions that have been carried out during the reference year"
11623,"i271pt","Mobile-cellular numbers ported ",,"count",277,"KAZ","Kazakhstan","482801.0",2024,"according to the final data of the Office for National Statistics for 2024","Ministry of digital development, defense and aerospace industry of the Republic of Kazakhstan","Refers to the number of mobile porting transactions that have been carried out during the reference year"
11623,"i271pt","Mobile-cellular numbers ported ",,"count",280,"KGZ","Kyrgyzstan","0.0",2021,"Number portability is not provided.","Service for the Regulation and Supervision of the Communications Sector under the Ministry of Digital Development of the Kyrgyz Republic ","Refers to the number of mobile porting transactions that have been carried out during the reference year"
11623,"i271pt","Mobile-cellular numbers ported ",,"count",280,"KGZ","Kyrgyzstan","0.0",2022,"Number portability is not provided.","Service for the Regulation and Supervision of the Communications Sector under the Ministry of Digital Development of the Kyrgyz Republic","Refers to the number of mobile porting transactions that have been carried out during the reference year"
11623,"i271pt","Mobile-cellular numbers ported ",,"count",280,"KGZ","Kyrgyzstan","0.0",2023,"","Service for the Regulation and Supervision of the Communications Sector under the Ministry of Digital Development of the Kyrgyz Republic","Refers to the number of mobile porting transactions that have been carried out during the reference year"
11623,"i271pt","Mobile-cellular numbers ported ",,"count",280,"KGZ","Kyrgyzstan","0.0",2024,"","Service for the Regulation and Supervision of the Communications Sector under the Ministry of Digital Development of the Kyrgyz Republic","Refers to the number of mobile porting transactions that have been carried out during the reference year"
11623,"i271pt","Mobile-cellular numbers ported ",,"count",281,"SVK","Slovakia","5298.0",2007,"","Ministry of Transport, Posts and Telecommunications SR","Refers to the number of mobile porting transactions that have been carried out during the reference year"
11623,"i271pt","Mobile-cellular numbers ported ",,"count",281,"SVK","Slovakia","17208.0",2008,"","Ministry of Transport, Posts and Telecommunications SR","Refers to the number of mobile porting transactions that have been carried out during the reference year"
11623,"i271pt","Mobile-cellular numbers ported ",,"count",281,"SVK","Slovakia","150300.0",2009,"","Ministry of Transport, Construction and Regional Development of the Slovak Republic  ","Refers to the number of mobile porting transactions that have been carried out during the reference year"
11623,"i271pt","Mobile-cellular numbers ported ",,"count",281,"SVK","Slovakia","265771.0",2010,"","Ministry of Transport, Construction and Regional Development of the Slovak Republic  ","Refers to the number of mobile porting transactions that have been carried out during the reference year"
11623,"i271pt","Mobile-cellular numbers ported ",,"count",281,"SVK","Slovakia","158325.0",2011,"","Ministry of Transport, Construction and Regional Development of the Slovak Republic  ","Refers to the number of mobile porting transactions that have been carried out during the reference year"
11623,"i271pt","Mobile-cellular numbers ported ",,"count",281,"SVK","Slovakia","167160.0",2012,"","Ministry of Transport, Construction and Regional Development of the Slovak Republic  ","Refers to the number of mobile porting transactions that have been carried out during the reference year"
11623,"i271pt","Mobile-cellular numbers ported ",,"count",281,"SVK","Slovakia","184653.0",2013,"","Ministry of Transport, Construction and Regional Development of the Slovak Republic  ","Refers to the number of mobile porting transactions that have been carried out during the reference year"
11623,"i271pt","Mobile-cellular numbers ported ",,"count",281,"SVK","Slovakia","171359.0",2014,"","Ministry of Transport, Construction and Regional Development of the Slovak Republic  ","Refers to the number of mobile porting transactions that have been carried out during the reference year"
11623,"i271pt","Mobile-cellular numbers ported ",,"count",281,"SVK","Slovakia","195189.0",2015,"","Ministry of Transport, Construction and Regional Development of the Slovak Republic  ","Refers to the number of mobile porting transactions that have been carried out during the reference year"
11623,"i271pt","Mobile-cellular numbers ported ",,"count",281,"SVK","Slovakia","187699.0",2016,"","Ministry of Transport and Construction of the Slovak Republic","Refers to the number of mobile porting transactions that have been carried out during the reference year"
11623,"i271pt","Mobile-cellular numbers ported ",,"count",281,"SVK","Slovakia","199235.0",2017,"","Ministry of Transport and Construction of the Slovak Republic","Refers to the number of mobile porting transactions that have been carried out during the reference year"
11623,"i271pt","Mobile-cellular numbers ported ",,"count",281,"SVK","Slovakia","222110.0",2018,"","Ministry of Transport and Construction of the Slovak Republic","Refers to the number of mobile porting transactions that have been carried out during the reference year"
11623,"i271pt","Mobile-cellular numbers ported ",,"count",281,"SVK","Slovakia","147984.0",2019,"","Ministry of Transport and Construction of the Slovak Republic  ","Refers to the number of mobile porting transactions that have been carried out during the reference year"
11623,"i271pt","Mobile-cellular numbers ported ",,"count",281,"SVK","Slovakia","131190.0",2020,"","Ministry of Transport and Construction of the Slovak Republic  ","Refers to the number of mobile porting transactions that have been carried out during the reference year"
11623,"i271pt","Mobile-cellular numbers ported ",,"count",281,"SVK","Slovakia","92325.0",2021,"","Ministry of Transport of the Slovak Republic","Refers to the number of mobile porting transactions that have been carried out during the reference year"
11623,"i271pt","Mobile-cellular numbers ported ",,"count",281,"SVK","Slovakia","122581.0",2022,"","Ministry of Transport of the Slovak Republic","Refers to the number of mobile porting transactions that have been carried out during the reference year"
11623,"i271pt","Mobile-cellular numbers ported ",,"count",281,"SVK","Slovakia","112845.0",2023,"","Ministry of Transport of the Slovak Republic","Refers to the number of mobile porting transactions that have been carried out during the reference year"
11623,"i271pt","Mobile-cellular numbers ported ",,"count",281,"SVK","Slovakia","95621.0",2024,"","Ministry of Transport of the Slovak Republic","Refers to the number of mobile porting transactions that have been carried out during the reference year"
11623,"i271pt","Mobile-cellular numbers ported ",,"count",283,"MKD","North Macedonia","829.0",2008,"","Agency for Electronic Communications","Refers to the number of mobile porting transactions that have been carried out during the reference year"
11623,"i271pt","Mobile-cellular numbers ported ",,"count",283,"MKD","North Macedonia","6961.0",2009,"","Agency for Electronic Communications","Refers to the number of mobile porting transactions that have been carried out during the reference year"
11623,"i271pt","Mobile-cellular numbers ported ",,"count",283,"MKD","North Macedonia","19025.0",2010,"","Agency for Electronic Communications","Refers to the number of mobile porting transactions that have been carried out during the reference year"
11623,"i271pt","Mobile-cellular numbers ported ",,"count",283,"MKD","North Macedonia","41632.0",2011,"","Agency for Electronic Communications","Refers to the number of mobile porting transactions that have been carried out during the reference year"
11623,"i271pt","Mobile-cellular numbers ported ",,"count",283,"MKD","North Macedonia","38757.0",2012,"","Agency for Electronic Communications","Refers to the number of mobile porting transactions that have been carried out during the reference year"
11623,"i271pt","Mobile-cellular numbers ported ",,"count",283,"MKD","North Macedonia","25978.0",2013,"","Agency for Electronic Communications","Refers to the number of mobile porting transactions that have been carried out during the reference year"
11623,"i271pt","Mobile-cellular numbers ported ",,"count",283,"MKD","North Macedonia","29930.0",2014,"","Agency for Electronic Communications","Refers to the number of mobile porting transactions that have been carried out during the reference year"
11623,"i271pt","Mobile-cellular numbers ported ",,"count",283,"MKD","North Macedonia","27544.0",2015,"","","Refers to the number of mobile porting transactions that have been carried out during the reference year"
11623,"i271pt","Mobile-cellular numbers ported ",,"count",283,"MKD","North Macedonia","26151.0",2016,"","AEK","Refers to the number of mobile porting transactions that have been carried out during the reference year"
11623,"i271pt","Mobile-cellular numbers ported ",,"count",283,"MKD","North Macedonia","30983.0",2017,"","AEK","Refers to the number of mobile porting transactions that have been carried out during the reference year"
11623,"i271pt","Mobile-cellular numbers ported ",,"count",283,"MKD","North Macedonia","29432.0",2018,"","Agency for Electronic Communication","Refers to the number of mobile porting transactions that have been carried out during the reference year"
11623,"i271pt","Mobile-cellular numbers ported ",,"count",283,"MKD","North Macedonia","32534.0",2019,"","Agency for Electronic Communications","Refers to the number of mobile porting transactions that have been carried out during the reference year"
11623,"i271pt","Mobile-cellular numbers ported ",,"count",283,"MKD","North Macedonia","33210.0",2020,"","Agency for Electronic Communications","Refers to the number of mobile porting transactions that have been carried out during the reference year"
11623,"i271pt","Mobile-cellular numbers ported ",,"count",283,"MKD","North Macedonia","38572.0",2021,"","Agency for Electronic Communications","Refers to the number of mobile porting transactions that have been carried out during the reference year"
11623,"i271pt","Mobile-cellular numbers ported ",,"count",283,"MKD","North Macedonia","42307.0",2022,"","Agency for Electronic Communications","Refers to the number of mobile porting transactions that have been carried out during the reference year"
11623,"i271pt","Mobile-cellular numbers ported ",,"count",283,"MKD","North Macedonia","42807.0",2023,"","Agency for Electronic Communications","Refers to the number of mobile porting transactions that have been carried out during the reference year"
11623,"i271pt","Mobile-cellular numbers ported ",,"count",283,"MKD","North Macedonia","47050.0",2024,"","Agency for Electronic Communications","Refers to the number of mobile porting transactions that have been carried out during the reference year"
11623,"i271pt","Mobile-cellular numbers ported ",,"count",285,"ERI","Eritrea","0.0",2012,"","EriTel","Refers to the number of mobile porting transactions that have been carried out during the reference year"
11623,"i271pt","Mobile-cellular numbers ported ",,"count",285,"ERI","Eritrea","0.0",2013,"","EriTel","Refers to the number of mobile porting transactions that have been carried out during the reference year"
11623,"i271pt","Mobile-cellular numbers ported ",,"count",288,"ASC","Ascension","0.0",2007,"","Cable & Wireless","Refers to the number of mobile porting transactions that have been carried out during the reference year"
11623,"i271pt","Mobile-cellular numbers ported ",,"count",288,"ASC","Ascension","0.0",2008,"","Cable & Wireless","Refers to the number of mobile porting transactions that have been carried out during the reference year"
11623,"i271pt","Mobile-cellular numbers ported ",,"count",288,"ASC","Ascension","0.0",2009,"","Cable & Wireless","Refers to the number of mobile porting transactions that have been carried out during the reference year"
11623,"i271pt","Mobile-cellular numbers ported ",,"count",288,"ASC","Ascension","0.0",2010,"","Cable & Wireless South Atlantic Ltd","Refers to the number of mobile porting transactions that have been carried out during the reference year"
11623,"i271pt","Mobile-cellular numbers ported ",,"count",288,"ASC","Ascension","0.0",2011,"C&W SA Ltd","Cable & Wireless South Atlantic Ltd","Refers to the number of mobile porting transactions that have been carried out during the reference year"
11623,"i271pt","Mobile-cellular numbers ported ",,"count",288,"ASC","Ascension","0.0",2012,"","Sure South Atlantic Ltd","Refers to the number of mobile porting transactions that have been carried out during the reference year"
11623,"i271pt","Mobile-cellular numbers ported ",,"count",288,"ASC","Ascension","0.0",2016,"","Sure South Atlantic Ltd","Refers to the number of mobile porting transactions that have been carried out during the reference year"
11623,"i271pt","Mobile-cellular numbers ported ",,"count",291,"FRO","Faroe Islands","2938.0",2015,"","Post and Telecom Authority","Refers to the number of mobile porting transactions that have been carried out during the reference year"
11623,"i271pt","Mobile-cellular numbers ported ",,"count",291,"FRO","Faroe Islands","3308.0",2016,"Includes ported number-blocs where  all numbers may not be in use.","Fjarskiftiseftirlitið (NRA)","Refers to the number of mobile porting transactions that have been carried out during the reference year"
11623,"i271pt","Mobile-cellular numbers ported ",,"count",291,"FRO","Faroe Islands","2087.0",2017,"","Fjarskiftiseftirlitið (NRA)","Refers to the number of mobile porting transactions that have been carried out during the reference year"
11623,"i271pt","Mobile-cellular numbers ported ",,"count",291,"FRO","Faroe Islands","2084.0",2018,"","Fjarskiftiseftirlitið - National Regulator Authority - Telecoms","Refers to the number of mobile porting transactions that have been carried out during the reference year"
11623,"i271pt","Mobile-cellular numbers ported ",,"count",291,"FRO","Faroe Islands","1885.0",2019,"","Fjarskiftiseftirlitið - National Regulator Authority - Telecoms","Refers to the number of mobile porting transactions that have been carried out during the reference year"
11623,"i271pt","Mobile-cellular numbers ported ",,"count",291,"FRO","Faroe Islands","1359.0",2020,"","Fjarskiftiseftirlitið - National Regulator Authority - Telecoms","Refers to the number of mobile porting transactions that have been carried out during the reference year"
11623,"i271pt","Mobile-cellular numbers ported ",,"count",298,"TWN","Taiwan, Province of China","2080264.0",2007,"","National Communications Commission","Refers to the number of mobile porting transactions that have been carried out during the reference year"
11623,"i271pt","Mobile-cellular numbers ported ",,"count",298,"TWN","Taiwan, Province of China","3318003.0",2008,"","National Communications Commission","Refers to the number of mobile porting transactions that have been carried out during the reference year"
11623,"i271pt","Mobile-cellular numbers ported ",,"count",298,"TWN","Taiwan, Province of China","3220594.0",2009,"","National Communications Commission","Refers to the number of mobile porting transactions that have been carried out during the reference year"
11623,"i271pt","Mobile-cellular numbers ported ",,"count",298,"TWN","Taiwan, Province of China","3072746.0",2010,"","National Communications Commission","Refers to the number of mobile porting transactions that have been carried out during the reference year"
11623,"i271pt","Mobile-cellular numbers ported ",,"count",298,"TWN","Taiwan, Province of China","3068243.0",2011,"","National Communications Commission","Refers to the number of mobile porting transactions that have been carried out during the reference year"
11623,"i271pt","Mobile-cellular numbers ported ",,"count",298,"TWN","Taiwan, Province of China","3458804.0",2012,"","National Communications Commission","Refers to the number of mobile porting transactions that have been carried out during the reference year"
11623,"i271pt","Mobile-cellular numbers ported ",,"count",298,"TWN","Taiwan, Province of China","3462070.0",2013,"","National Communications Commission","Refers to the number of mobile porting transactions that have been carried out during the reference year"
11623,"i271pt","Mobile-cellular numbers ported ",,"count",298,"TWN","Taiwan, Province of China","6903518.0",2014,"","National Communications Commission","Refers to the number of mobile porting transactions that have been carried out during the reference year"
11623,"i271pt","Mobile-cellular numbers ported ",,"count",298,"TWN","Taiwan, Province of China","8302682.0",2015,"","National Communications Commission","Refers to the number of mobile porting transactions that have been carried out during the reference year"
11623,"i271pt","Mobile-cellular numbers ported ",,"count",298,"TWN","Taiwan, Province of China","7745895.0",2016,"","National Communications Commission","Refers to the number of mobile porting transactions that have been carried out during the reference year"
11623,"i271pt","Mobile-cellular numbers ported ",,"count",298,"TWN","Taiwan, Province of China","6372208.0",2017,"","National Communications Commission","Refers to the number of mobile porting transactions that have been carried out during the reference year"
11623,"i271pt","Mobile-cellular numbers ported ",,"count",298,"TWN","Taiwan, Province of China","6430951.0",2018,"","National Communications Commission","Refers to the number of mobile porting transactions that have been carried out during the reference year"
11623,"i271pt","Mobile-cellular numbers ported ",,"count",298,"TWN","Taiwan, Province of China","2523958.0",2019,"","National Communications Commission","Refers to the number of mobile porting transactions that have been carried out during the reference year"
11623,"i271pt","Mobile-cellular numbers ported ",,"count",298,"TWN","Taiwan, Province of China","1702555.0",2020,"","National Communications Commission","Refers to the number of mobile porting transactions that have been carried out during the reference year"
11623,"i271pt","Mobile-cellular numbers ported ",,"count",298,"TWN","Taiwan, Province of China","1371780.0",2021,"","National Communications Commission","Refers to the number of mobile porting transactions that have been carried out during the reference year"
11623,"i271pt","Mobile-cellular numbers ported ",,"count",298,"TWN","Taiwan, Province of China","1273755.0",2022,"","National Communications Commission","Refers to the number of mobile porting transactions that have been carried out during the reference year"
11623,"i271pt","Mobile-cellular numbers ported ",,"count",298,"TWN","Taiwan, Province of China","1182446.0",2023,"","National Communications Commission","Refers to the number of mobile porting transactions that have been carried out during the reference year"
11623,"i271pt","Mobile-cellular numbers ported ",,"count",298,"TWN","Taiwan, Province of China","2045758.0",2024,"","National Communications Commission","Refers to the number of mobile porting transactions that have been carried out during the reference year"
11623,"i271pt","Mobile-cellular numbers ported ",,"count",308,"PSE","State of Palestine","0.0",2018,"","Ministry of Telecom and IT","Refers to the number of mobile porting transactions that have been carried out during the reference year"
11623,"i271pt","Mobile-cellular numbers ported ",,"count",308,"PSE","State of Palestine","0.0",2019,"","Ministry of Telecommunication and IT","Refers to the number of mobile porting transactions that have been carried out during the reference year"
11623,"i271pt","Mobile-cellular numbers ported ",,"count",308,"PSE","State of Palestine","6086.0",2020,"","Ministry of Telecommunication and IT","Refers to the number of mobile porting transactions that have been carried out during the reference year"
11623,"i271pt","Mobile-cellular numbers ported ",,"count",308,"PSE","State of Palestine","3851.0",2021,"","Ministry of Telecommunication and IT","Refers to the number of mobile porting transactions that have been carried out during the reference year"
11623,"i271pt","Mobile-cellular numbers ported ",,"count",308,"PSE","State of Palestine","4062067.0",2022,"","","Refers to the number of mobile porting transactions that have been carried out during the reference year"
11623,"i271pt","Mobile-cellular numbers ported ",,"count",308,"PSE","State of Palestine","3606.0",2023,"","Ministry of Telecommunications and Digital Economy","Refers to the number of mobile porting transactions that have been carried out during the reference year"
11623,"i271pt","Mobile-cellular numbers ported ",,"count",316,"MNE","Montenegro","3436.0",2014,"","Agency for Electronic Communications and Postal Services","Refers to the number of mobile porting transactions that have been carried out during the reference year"
11623,"i271pt","Mobile-cellular numbers ported ",,"count",316,"MNE","Montenegro","5776.0",2015,"","Agency for Electronic Communications and Postal Services","Refers to the number of mobile porting transactions that have been carried out during the reference year"
11623,"i271pt","Mobile-cellular numbers ported ",,"count",316,"MNE","Montenegro","4002.0",2016,"","Agency for electronic communications and postal sevices Montenegro","Refers to the number of mobile porting transactions that have been carried out during the reference year"
11623,"i271pt","Mobile-cellular numbers ported ",,"count",316,"MNE","Montenegro","4351.0",2017,"","Agency for electronic communications and postal sevices Montenegro","Refers to the number of mobile porting transactions that have been carried out during the reference year"
11623,"i271pt","Mobile-cellular numbers ported ",,"count",316,"MNE","Montenegro","7775.0",2018,"","Agency for Electronic Communications and Postal Services","Refers to the number of mobile porting transactions that have been carried out during the reference year"
11623,"i271pt","Mobile-cellular numbers ported ",,"count",316,"MNE","Montenegro","6443.0",2019,"","Agency for Electronic Communications and Postal Services","Refers to the number of mobile porting transactions that have been carried out during the reference year"
11623,"i271pt","Mobile-cellular numbers ported ",,"count",316,"MNE","Montenegro","6849.0",2020,"","Agency for Electronic Communications and Postal Services","Refers to the number of mobile porting transactions that have been carried out during the reference year"
11623,"i271pt","Mobile-cellular numbers ported ",,"count",316,"MNE","Montenegro","6392.0",2021,"","Agency for Electronic Communications and Postal Services","Refers to the number of mobile porting transactions that have been carried out during the reference year"
11623,"i271pt","Mobile-cellular numbers ported ",,"count",316,"MNE","Montenegro","9261.0",2022,"","Agency for Electronic Communications and Postal Services","Refers to the number of mobile porting transactions that have been carried out during the reference year"
11623,"i271pt","Mobile-cellular numbers ported ",,"count",316,"MNE","Montenegro","11850.0",2023,"","Agency for Electronic Communications and Postal Services","Refers to the number of mobile porting transactions that have been carried out during the reference year"
11623,"i271pt","Mobile-cellular numbers ported ",,"count",316,"MNE","Montenegro","12455.0",2024,"","Agency for Electronic Communications and Postal Services","Refers to the number of mobile porting transactions that have been carried out during the reference year"
11623,"i271pt","Mobile-cellular numbers ported ",,"count",321,"SSD","South Sudan","0.0",2013,"","Ministry of Telecommunications & Postal Services","Refers to the number of mobile porting transactions that have been carried out during the reference year"
11623,"i271pt","Mobile-cellular numbers ported ",,"count",321,"SSD","South Sudan","0.0",2015,"","Ministry of Telecommunications & Postal Services","Refers to the number of mobile porting transactions that have been carried out during the reference year"
11623,"i271pt","Mobile-cellular numbers ported ",,"count",321,"SSD","South Sudan","0.0",2016,"","National Communication Authority, NCA","Refers to the number of mobile porting transactions that have been carried out during the reference year"
11623,"i271pt","Mobile-cellular numbers ported ",,"count",321,"SSD","South Sudan","0.0",2017,"Ported numbers not yet used in South Sudan","National Communication Authority, NCA","Refers to the number of mobile porting transactions that have been carried out during the reference year"
11623,"i271pt","Mobile-cellular numbers ported ",,"count",321,"SSD","South Sudan","0.0",2018,"","National Communication Authority, NCA","Refers to the number of mobile porting transactions that have been carried out during the reference year"
11623,"i271pt","Mobile-cellular numbers ported ",,"count",321,"SSD","South Sudan","0.0",2019,"","National Communication Authority, NCA.","Refers to the number of mobile porting transactions that have been carried out during the reference year"
11623,"i271pt","Mobile-cellular numbers ported ",,"count",321,"SSD","South Sudan","0.0",2020,"","National Communication Authority, NCA.","Refers to the number of mobile porting transactions that have been carried out during the reference year"
11623,"i271pt","Mobile-cellular numbers ported ",,"count",321,"SSD","South Sudan","0.0",2021,"","National Communication Authority, NCA.","Refers to the number of mobile porting transactions that have been carried out during the reference year"
11623,"i271pt","Mobile-cellular numbers ported ",,"count",321,"SSD","South Sudan","0.0",2022,"","National Communication Authority, NCA.","Refers to the number of mobile porting transactions that have been carried out during the reference year"
11623,"i271pt","Mobile-cellular numbers ported ",,"count",321,"SSD","South Sudan","0.0",2023,"","National Communication Authority, NCA.","Refers to the number of mobile porting transactions that have been carried out during the reference year"