"seriesID","seriesCode","seriesName","seriesParent","seriesUnits","entityID","entityIso","entityName","dataValue","dataYear","dataNote","dataSource","seriesDescription"
20375,"tpInternetConn_Internet_Exchanges_Number","Number of Internet exchange points (IXPs)",,,6,"AFG","Afghanistan","1",2019,"","","Number of Internet Exchange Points (IXP)"
20375,"tpInternetConn_Internet_Exchanges_Number","Number of Internet exchange points (IXPs)",,,6,"AFG","Afghanistan","1",2020,"Only one (National Internet Exchange of Afghanistan) NIXA.","","Number of Internet Exchange Points (IXP)"
20375,"tpInternetConn_Internet_Exchanges_Number","Number of Internet exchange points (IXPs)",,,6,"AFG","Afghanistan","1",2021,"","","Number of Internet Exchange Points (IXP)"
20375,"tpInternetConn_Internet_Exchanges_Number","Number of Internet exchange points (IXPs)",,,8,"AGO","Angola","2",2021,"","","Number of Internet Exchange Points (IXP)"
20375,"tpInternetConn_Internet_Exchanges_Number","Number of Internet exchange points (IXPs)",,,8,"AGO","Angola","2",2023,"","","Number of Internet Exchange Points (IXP)"
20375,"tpInternetConn_Internet_Exchanges_Number","Number of Internet exchange points (IXPs)",,,8,"AGO","Angola","2",2024,"","","Number of Internet Exchange Points (IXP)"
20375,"tpInternetConn_Internet_Exchanges_Number","Number of Internet exchange points (IXPs)",,,10,"ALB","Albania","1",2015,"","","Number of Internet Exchange Points (IXP)"
20375,"tpInternetConn_Internet_Exchanges_Number","Number of Internet exchange points (IXPs)",,,10,"ALB","Albania","2",2020,"","","Number of Internet Exchange Points (IXP)"
20375,"tpInternetConn_Internet_Exchanges_Number","Number of Internet exchange points (IXPs)",,,10,"ALB","Albania","2",2021,"","","Number of Internet Exchange Points (IXP)"
20375,"tpInternetConn_Internet_Exchanges_Number","Number of Internet exchange points (IXPs)",,,10,"ALB","Albania","2",2022,"","","Number of Internet Exchange Points (IXP)"
20375,"tpInternetConn_Internet_Exchanges_Number","Number of Internet exchange points (IXPs)",,,10,"ALB","Albania","2",2023,"","","Number of Internet Exchange Points (IXP)"
20375,"tpInternetConn_Internet_Exchanges_Number","Number of Internet exchange points (IXPs)",,,10,"ALB","Albania","2",2024,"","","Number of Internet Exchange Points (IXP)"
20375,"tpInternetConn_Internet_Exchanges_Number","Number of Internet exchange points (IXPs)",,,11,"DZA","Algeria","1",2015,"","","Number of Internet Exchange Points (IXP)"
20375,"tpInternetConn_Internet_Exchanges_Number","Number of Internet exchange points (IXPs)",,,16,"ARG","Argentina","27",2016,"","","Number of Internet Exchange Points (IXP)"
20375,"tpInternetConn_Internet_Exchanges_Number","Number of Internet exchange points (IXPs)",,,16,"ARG","Argentina","27",2017,"","","Number of Internet Exchange Points (IXP)"
20375,"tpInternetConn_Internet_Exchanges_Number","Number of Internet exchange points (IXPs)",,,16,"ARG","Argentina","30",2018,"","","Number of Internet Exchange Points (IXP)"
20375,"tpInternetConn_Internet_Exchanges_Number","Number of Internet exchange points (IXPs)",,,16,"ARG","Argentina","31",2019,"","","Number of Internet Exchange Points (IXP)"
20375,"tpInternetConn_Internet_Exchanges_Number","Number of Internet exchange points (IXPs)",,,16,"ARG","Argentina","31",2020,"","","Number of Internet Exchange Points (IXP)"
20375,"tpInternetConn_Internet_Exchanges_Number","Number of Internet exchange points (IXPs)",,,16,"ARG","Argentina","31",2021,"","","Number of Internet Exchange Points (IXP)"
20375,"tpInternetConn_Internet_Exchanges_Number","Number of Internet exchange points (IXPs)",,,16,"ARG","Argentina","32",2022,"","","Number of Internet Exchange Points (IXP)"
20375,"tpInternetConn_Internet_Exchanges_Number","Number of Internet exchange points (IXPs)",,,16,"ARG","Argentina","33",2023,"","","Number of Internet Exchange Points (IXP)"
20375,"tpInternetConn_Internet_Exchanges_Number","Number of Internet exchange points (IXPs)",,,16,"ARG","Argentina","28",2024,"","","Number of Internet Exchange Points (IXP)"
20375,"tpInternetConn_Internet_Exchanges_Number","Number of Internet exchange points (IXPs)",,,17,"ARM","Armenia","1",2015,"","","Number of Internet Exchange Points (IXP)"
20375,"tpInternetConn_Internet_Exchanges_Number","Number of Internet exchange points (IXPs)",,,17,"ARM","Armenia","1",2016,"","","Number of Internet Exchange Points (IXP)"
20375,"tpInternetConn_Internet_Exchanges_Number","Number of Internet exchange points (IXPs)",,,17,"ARM","Armenia","1",2017,"","","Number of Internet Exchange Points (IXP)"
20375,"tpInternetConn_Internet_Exchanges_Number","Number of Internet exchange points (IXPs)",,,17,"ARM","Armenia","1",2018,"","","Number of Internet Exchange Points (IXP)"
20375,"tpInternetConn_Internet_Exchanges_Number","Number of Internet exchange points (IXPs)",,,17,"ARM","Armenia","1",2019,"","","Number of Internet Exchange Points (IXP)"
20375,"tpInternetConn_Internet_Exchanges_Number","Number of Internet exchange points (IXPs)",,,17,"ARM","Armenia","1",2020,"","","Number of Internet Exchange Points (IXP)"
20375,"tpInternetConn_Internet_Exchanges_Number","Number of Internet exchange points (IXPs)",,,17,"ARM","Armenia","1",2021,"","","Number of Internet Exchange Points (IXP)"
20375,"tpInternetConn_Internet_Exchanges_Number","Number of Internet exchange points (IXPs)",,,17,"ARM","Armenia","1",2022,"","","Number of Internet Exchange Points (IXP)"
20375,"tpInternetConn_Internet_Exchanges_Number","Number of Internet exchange points (IXPs)",,,17,"ARM","Armenia","1",2023,"","","Number of Internet Exchange Points (IXP)"
20375,"tpInternetConn_Internet_Exchanges_Number","Number of Internet exchange points (IXPs)",,,17,"ARM","Armenia","1",2024,"","","Number of Internet Exchange Points (IXP)"
20375,"tpInternetConn_Internet_Exchanges_Number","Number of Internet exchange points (IXPs)",,,18,"SAU","Saudi Arabia","1",2017,"","","Number of Internet Exchange Points (IXP)"
20375,"tpInternetConn_Internet_Exchanges_Number","Number of Internet exchange points (IXPs)",,,18,"SAU","Saudi Arabia","1",2018,"","","Number of Internet Exchange Points (IXP)"
20375,"tpInternetConn_Internet_Exchanges_Number","Number of Internet exchange points (IXPs)",,,18,"SAU","Saudi Arabia","1",2019,"","","Number of Internet Exchange Points (IXP)"
20375,"tpInternetConn_Internet_Exchanges_Number","Number of Internet exchange points (IXPs)",,,18,"SAU","Saudi Arabia","1",2020,"","","Number of Internet Exchange Points (IXP)"
20375,"tpInternetConn_Internet_Exchanges_Number","Number of Internet exchange points (IXPs)",,,18,"SAU","Saudi Arabia","1",2021,"","","Number of Internet Exchange Points (IXP)"
20375,"tpInternetConn_Internet_Exchanges_Number","Number of Internet exchange points (IXPs)",,,18,"SAU","Saudi Arabia","2",2022,"","","Number of Internet Exchange Points (IXP)"
20375,"tpInternetConn_Internet_Exchanges_Number","Number of Internet exchange points (IXPs)",,,18,"SAU","Saudi Arabia","2",2023,"","","Number of Internet Exchange Points (IXP)"
20375,"tpInternetConn_Internet_Exchanges_Number","Number of Internet exchange points (IXPs)",,,23,"AUS","Australia","8",2015,"","","Number of Internet Exchange Points (IXP)"
20375,"tpInternetConn_Internet_Exchanges_Number","Number of Internet exchange points (IXPs)",,,23,"AUS","Australia","30",2016,"","","Number of Internet Exchange Points (IXP)"
20375,"tpInternetConn_Internet_Exchanges_Number","Number of Internet exchange points (IXPs)",,,23,"AUS","Australia","60",2018,"Answer is approximate.","","Number of Internet Exchange Points (IXP)"
20375,"tpInternetConn_Internet_Exchanges_Number","Number of Internet exchange points (IXPs)",,,23,"AUS","Australia","73",2019,"Answer is approximate.","","Number of Internet Exchange Points (IXP)"
20375,"tpInternetConn_Internet_Exchanges_Number","Number of Internet exchange points (IXPs)",,,23,"AUS","Australia","97",2020,"Answer is approximate","","Number of Internet Exchange Points (IXP)"
20375,"tpInternetConn_Internet_Exchanges_Number","Number of Internet exchange points (IXPs)",,,23,"AUS","Australia","97",2021,"","","Number of Internet Exchange Points (IXP)"
20375,"tpInternetConn_Internet_Exchanges_Number","Number of Internet exchange points (IXPs)",,,23,"AUS","Australia","45",2023,"8.10.2. This is an estimation from the source https://www.peeringdb.com/advanced_search?country__in=AU&reftag=ix","","Number of Internet Exchange Points (IXP)"
20375,"tpInternetConn_Internet_Exchanges_Number","Number of Internet exchange points (IXPs)",,,23,"AUS","Australia","47",2024,"This is an estimation from the source: https://www.peeringdb.com/advanced_search?country__in=AU&reftag=ix","","Number of Internet Exchange Points (IXP)"
20375,"tpInternetConn_Internet_Exchanges_Number","Number of Internet exchange points (IXPs)",,,24,"AUT","Austria","6",2015,"Austria's largest IXP is the Vienna Internet Exchange with three locations in Vienna. In addition there are smaller regional IXP's, namely the Alpe-Adria-IX in Klagenfurt, the Graz-IX in Graz, the Salzburg-IX in Salzburg, the Tirol-IX in Innsbruck and the Rheintal-IX in Feldkirch.","","Number of Internet Exchange Points (IXP)"
20375,"tpInternetConn_Internet_Exchanges_Number","Number of Internet exchange points (IXPs)",,,24,"AUT","Austria","7",2016,"Austria's largest IXP is the Vienna Internet Exchange with three locations in Vienna. In addition there are smaller regional IXP's, namely the Alpe-Adria-IX in Klagenfurt, the Graz-IX in Graz, the Salzburg-IX in Salzburg, the Tirol-IX in Innsbruck and the Rheintal-IX in Feldkirch. Since spring 2016, there is an additional privately-operated IXP in Vienna (""VIX3"").","","Number of Internet Exchange Points (IXP)"
20375,"tpInternetConn_Internet_Exchanges_Number","Number of Internet exchange points (IXPs)",,,24,"AUT","Austria","6",2018,"Austria's largest IXP is the Vienna Internet Exchange (VIX) with three locations in Vienna. In addition there are smaller regional IXP's, namely the Alpe-Adria-IX (AAIX) in Klagenfurt, the Graz-IX (GRAX) in Graz, the Salzburg-IX (SAIX) in Salzburg, the Tirol-IX (T-IX) in Innsbruck and the Rheintal-IX in Feldkirch.","","Number of Internet Exchange Points (IXP)"
20375,"tpInternetConn_Internet_Exchanges_Number","Number of Internet exchange points (IXPs)",,,24,"AUT","Austria","9",2019,"","","Number of Internet Exchange Points (IXP)"
20375,"tpInternetConn_Internet_Exchanges_Number","Number of Internet exchange points (IXPs)",,,24,"AUT","Austria","9",2020,"","","Number of Internet Exchange Points (IXP)"
20375,"tpInternetConn_Internet_Exchanges_Number","Number of Internet exchange points (IXPs)",,,24,"AUT","Austria","9",2021,"","","Number of Internet Exchange Points (IXP)"
20375,"tpInternetConn_Internet_Exchanges_Number","Number of Internet exchange points (IXPs)",,,24,"AUT","Austria","9",2022,"","","Number of Internet Exchange Points (IXP)"
20375,"tpInternetConn_Internet_Exchanges_Number","Number of Internet exchange points (IXPs)",,,24,"AUT","Austria","9",2023,"","","Number of Internet Exchange Points (IXP)"
20375,"tpInternetConn_Internet_Exchanges_Number","Number of Internet exchange points (IXPs)",,,24,"AUT","Austria","9",2024,"","","Number of Internet Exchange Points (IXP)"
20375,"tpInternetConn_Internet_Exchanges_Number","Number of Internet exchange points (IXPs)",,,25,"AZE","Azerbaijan","2",2015,"","","Number of Internet Exchange Points (IXP)"
20375,"tpInternetConn_Internet_Exchanges_Number","Number of Internet exchange points (IXPs)",,,25,"AZE","Azerbaijan","2",2016,"","","Number of Internet Exchange Points (IXP)"
20375,"tpInternetConn_Internet_Exchanges_Number","Number of Internet exchange points (IXPs)",,,25,"AZE","Azerbaijan","2",2017,"","","Number of Internet Exchange Points (IXP)"
20375,"tpInternetConn_Internet_Exchanges_Number","Number of Internet exchange points (IXPs)",,,25,"AZE","Azerbaijan","2",2018,"","","Number of Internet Exchange Points (IXP)"
20375,"tpInternetConn_Internet_Exchanges_Number","Number of Internet exchange points (IXPs)",,,25,"AZE","Azerbaijan","2",2019,"","","Number of Internet Exchange Points (IXP)"
20375,"tpInternetConn_Internet_Exchanges_Number","Number of Internet exchange points (IXPs)",,,25,"AZE","Azerbaijan","3",2020,"","","Number of Internet Exchange Points (IXP)"
20375,"tpInternetConn_Internet_Exchanges_Number","Number of Internet exchange points (IXPs)",,,25,"AZE","Azerbaijan","2",2022,"","","Number of Internet Exchange Points (IXP)"
20375,"tpInternetConn_Internet_Exchanges_Number","Number of Internet exchange points (IXPs)",,,25,"AZE","Azerbaijan","2",2023,"","","Number of Internet Exchange Points (IXP)"
20375,"tpInternetConn_Internet_Exchanges_Number","Number of Internet exchange points (IXPs)",,,25,"AZE","Azerbaijan","2",2024,"","","Number of Internet Exchange Points (IXP)"
20375,"tpInternetConn_Internet_Exchanges_Number","Number of Internet exchange points (IXPs)",,,29,"BDI","Burundi","1",2015,"","","Number of Internet Exchange Points (IXP)"
20375,"tpInternetConn_Internet_Exchanges_Number","Number of Internet exchange points (IXPs)",,,29,"BDI","Burundi","1",2019,"","","Number of Internet Exchange Points (IXP)"
20375,"tpInternetConn_Internet_Exchanges_Number","Number of Internet exchange points (IXPs)",,,29,"BDI","Burundi","10",2020,"","","Number of Internet Exchange Points (IXP)"
20375,"tpInternetConn_Internet_Exchanges_Number","Number of Internet exchange points (IXPs)",,,29,"BDI","Burundi","2",2021,"","","Number of Internet Exchange Points (IXP)"
20375,"tpInternetConn_Internet_Exchanges_Number","Number of Internet exchange points (IXPs)",,,29,"BDI","Burundi","2",2022,"","","Number of Internet Exchange Points (IXP)"
20375,"tpInternetConn_Internet_Exchanges_Number","Number of Internet exchange points (IXPs)",,,29,"BDI","Burundi","1",2023,"","","Number of Internet Exchange Points (IXP)"
20375,"tpInternetConn_Internet_Exchanges_Number","Number of Internet exchange points (IXPs)",,,29,"BDI","Burundi","2",2024,"","","Number of Internet Exchange Points (IXP)"
20375,"tpInternetConn_Internet_Exchanges_Number","Number of Internet exchange points (IXPs)",,,30,"BEL","Belgium","1",2015,"","","Number of Internet Exchange Points (IXP)"
20375,"tpInternetConn_Internet_Exchanges_Number","Number of Internet exchange points (IXPs)",,,30,"BEL","Belgium","3",2024,"","","Number of Internet Exchange Points (IXP)"
20375,"tpInternetConn_Internet_Exchanges_Number","Number of Internet exchange points (IXPs)",,,31,"BEN","Benin","1",2016,"","","Number of Internet Exchange Points (IXP)"
20375,"tpInternetConn_Internet_Exchanges_Number","Number of Internet exchange points (IXPs)",,,31,"BEN","Benin","1",2017,"","","Number of Internet Exchange Points (IXP)"
20375,"tpInternetConn_Internet_Exchanges_Number","Number of Internet exchange points (IXPs)",,,31,"BEN","Benin","1",2019,"","","Number of Internet Exchange Points (IXP)"
20375,"tpInternetConn_Internet_Exchanges_Number","Number of Internet exchange points (IXPs)",,,31,"BEN","Benin","1",2020,"","","Number of Internet Exchange Points (IXP)"
20375,"tpInternetConn_Internet_Exchanges_Number","Number of Internet exchange points (IXPs)",,,31,"BEN","Benin","1",2021,"","","Number of Internet Exchange Points (IXP)"
20375,"tpInternetConn_Internet_Exchanges_Number","Number of Internet exchange points (IXPs)",,,31,"BEN","Benin","1",2022,"","","Number of Internet Exchange Points (IXP)"
20375,"tpInternetConn_Internet_Exchanges_Number","Number of Internet exchange points (IXPs)",,,31,"BEN","Benin","1",2023,"","","Number of Internet Exchange Points (IXP)"
20375,"tpInternetConn_Internet_Exchanges_Number","Number of Internet exchange points (IXPs)",,,31,"BEN","Benin","1",2024,"","","Number of Internet Exchange Points (IXP)"
20375,"tpInternetConn_Internet_Exchanges_Number","Number of Internet exchange points (IXPs)",,,33,"BFA","Burkina Faso","1",2018,"","","Number of Internet Exchange Points (IXP)"
20375,"tpInternetConn_Internet_Exchanges_Number","Number of Internet exchange points (IXPs)",,,33,"BFA","Burkina Faso","1",2019,"","","Number of Internet Exchange Points (IXP)"
20375,"tpInternetConn_Internet_Exchanges_Number","Number of Internet exchange points (IXPs)",,,33,"BFA","Burkina Faso","1",2020,"","","Number of Internet Exchange Points (IXP)"
20375,"tpInternetConn_Internet_Exchanges_Number","Number of Internet exchange points (IXPs)",,,33,"BFA","Burkina Faso","1",2021,"","","Number of Internet Exchange Points (IXP)"
20375,"tpInternetConn_Internet_Exchanges_Number","Number of Internet exchange points (IXPs)",,,33,"BFA","Burkina Faso","1",2022,"","","Number of Internet Exchange Points (IXP)"
20375,"tpInternetConn_Internet_Exchanges_Number","Number of Internet exchange points (IXPs)",,,33,"BFA","Burkina Faso","1",2023,"","","Number of Internet Exchange Points (IXP)"
20375,"tpInternetConn_Internet_Exchanges_Number","Number of Internet exchange points (IXPs)",,,34,"BGD","Bangladesh","9",2022,"","","Number of Internet Exchange Points (IXP)"
20375,"tpInternetConn_Internet_Exchanges_Number","Number of Internet exchange points (IXPs)",,,35,"BHR","Bahrain","2",2021,"","","Number of Internet Exchange Points (IXP)"
20375,"tpInternetConn_Internet_Exchanges_Number","Number of Internet exchange points (IXPs)",,,35,"BHR","Bahrain","2",2022,"","","Number of Internet Exchange Points (IXP)"
20375,"tpInternetConn_Internet_Exchanges_Number","Number of Internet exchange points (IXPs)",,,35,"BHR","Bahrain","2",2023,"","","Number of Internet Exchange Points (IXP)"
20375,"tpInternetConn_Internet_Exchanges_Number","Number of Internet exchange points (IXPs)",,,35,"BHR","Bahrain","2",2024,"","","Number of Internet Exchange Points (IXP)"
20375,"tpInternetConn_Internet_Exchanges_Number","Number of Internet exchange points (IXPs)",,,37,"BLR","Belarus","1",2016,"","","Number of Internet Exchange Points (IXP)"
20375,"tpInternetConn_Internet_Exchanges_Number","Number of Internet exchange points (IXPs)",,,37,"BLR","Belarus","1",2017,"","","Number of Internet Exchange Points (IXP)"
20375,"tpInternetConn_Internet_Exchanges_Number","Number of Internet exchange points (IXPs)",,,37,"BLR","Belarus","1",2018,"","","Number of Internet Exchange Points (IXP)"
20375,"tpInternetConn_Internet_Exchanges_Number","Number of Internet exchange points (IXPs)",,,37,"BLR","Belarus","1",2020,"","","Number of Internet Exchange Points (IXP)"
20375,"tpInternetConn_Internet_Exchanges_Number","Number of Internet exchange points (IXPs)",,,37,"BLR","Belarus","1",2021,"","","Number of Internet Exchange Points (IXP)"
20375,"tpInternetConn_Internet_Exchanges_Number","Number of Internet exchange points (IXPs)",,,37,"BLR","Belarus","1",2023,"","","Number of Internet Exchange Points (IXP)"
20375,"tpInternetConn_Internet_Exchanges_Number","Number of Internet exchange points (IXPs)",,,37,"BLR","Belarus","1",2024,"","","Number of Internet Exchange Points (IXP)"
20375,"tpInternetConn_Internet_Exchanges_Number","Number of Internet exchange points (IXPs)",,,38,"BLZ","Belize","1",2015,"one","","Number of Internet Exchange Points (IXP)"
20375,"tpInternetConn_Internet_Exchanges_Number","Number of Internet exchange points (IXPs)",,,38,"BLZ","Belize","1",2018,"","","Number of Internet Exchange Points (IXP)"
20375,"tpInternetConn_Internet_Exchanges_Number","Number of Internet exchange points (IXPs)",,,38,"BLZ","Belize","1",2023,"","","Number of Internet Exchange Points (IXP)"
20375,"tpInternetConn_Internet_Exchanges_Number","Number of Internet exchange points (IXPs)",,,39,"BOL","Bolivia (Plurinational State of)","1",2015,"","","Number of Internet Exchange Points (IXP)"
20375,"tpInternetConn_Internet_Exchanges_Number","Number of Internet exchange points (IXPs)",,,39,"BOL","Bolivia (Plurinational State of)","1",2016,"","","Number of Internet Exchange Points (IXP)"
20375,"tpInternetConn_Internet_Exchanges_Number","Number of Internet exchange points (IXPs)",,,39,"BOL","Bolivia (Plurinational State of)","1",2017,"","","Number of Internet Exchange Points (IXP)"
20375,"tpInternetConn_Internet_Exchanges_Number","Number of Internet exchange points (IXPs)",,,39,"BOL","Bolivia (Plurinational State of)","1",2018,"","","Number of Internet Exchange Points (IXP)"
20375,"tpInternetConn_Internet_Exchanges_Number","Number of Internet exchange points (IXPs)",,,39,"BOL","Bolivia (Plurinational State of)","1",2020,"","","Number of Internet Exchange Points (IXP)"
20375,"tpInternetConn_Internet_Exchanges_Number","Number of Internet exchange points (IXPs)",,,39,"BOL","Bolivia (Plurinational State of)","1",2021,"","","Number of Internet Exchange Points (IXP)"
20375,"tpInternetConn_Internet_Exchanges_Number","Number of Internet exchange points (IXPs)",,,39,"BOL","Bolivia (Plurinational State of)","1",2022,"","","Number of Internet Exchange Points (IXP)"
20375,"tpInternetConn_Internet_Exchanges_Number","Number of Internet exchange points (IXPs)",,,39,"BOL","Bolivia (Plurinational State of)","1",2023,"","","Number of Internet Exchange Points (IXP)"
20375,"tpInternetConn_Internet_Exchanges_Number","Number of Internet exchange points (IXPs)",,,39,"BOL","Bolivia (Plurinational State of)","1",2024,"","","Number of Internet Exchange Points (IXP)"
20375,"tpInternetConn_Internet_Exchanges_Number","Number of Internet exchange points (IXPs)",,,40,"BWA","Botswana","1",2015,"","","Number of Internet Exchange Points (IXP)"
20375,"tpInternetConn_Internet_Exchanges_Number","Number of Internet exchange points (IXPs)",,,40,"BWA","Botswana","1",2016,"","","Number of Internet Exchange Points (IXP)"
20375,"tpInternetConn_Internet_Exchanges_Number","Number of Internet exchange points (IXPs)",,,40,"BWA","Botswana","1",2021,"","","Number of Internet Exchange Points (IXP)"
20375,"tpInternetConn_Internet_Exchanges_Number","Number of Internet exchange points (IXPs)",,,40,"BWA","Botswana","1",2022,"","","Number of Internet Exchange Points (IXP)"
20375,"tpInternetConn_Internet_Exchanges_Number","Number of Internet exchange points (IXPs)",,,40,"BWA","Botswana","1",2023,"","","Number of Internet Exchange Points (IXP)"
20375,"tpInternetConn_Internet_Exchanges_Number","Number of Internet exchange points (IXPs)",,,40,"BWA","Botswana","1",2024,"","","Number of Internet Exchange Points (IXP)"
20375,"tpInternetConn_Internet_Exchanges_Number","Number of Internet exchange points (IXPs)",,,41,"BRB","Barbados","1",2018,"","","Number of Internet Exchange Points (IXP)"
20375,"tpInternetConn_Internet_Exchanges_Number","Number of Internet exchange points (IXPs)",,,42,"MMR","Myanmar","1",2017,"","","Number of Internet Exchange Points (IXP)"
20375,"tpInternetConn_Internet_Exchanges_Number","Number of Internet exchange points (IXPs)",,,42,"MMR","Myanmar","1",2018,"","","Number of Internet Exchange Points (IXP)"
20375,"tpInternetConn_Internet_Exchanges_Number","Number of Internet exchange points (IXPs)",,,42,"MMR","Myanmar","1",2019,"","","Number of Internet Exchange Points (IXP)"
20375,"tpInternetConn_Internet_Exchanges_Number","Number of Internet exchange points (IXPs)",,,42,"MMR","Myanmar","1",2020,"","","Number of Internet Exchange Points (IXP)"
20375,"tpInternetConn_Internet_Exchanges_Number","Number of Internet exchange points (IXPs)",,,42,"MMR","Myanmar","1",2021,"","","Number of Internet Exchange Points (IXP)"
20375,"tpInternetConn_Internet_Exchanges_Number","Number of Internet exchange points (IXPs)",,,42,"MMR","Myanmar","1",2022,"","","Number of Internet Exchange Points (IXP)"
20375,"tpInternetConn_Internet_Exchanges_Number","Number of Internet exchange points (IXPs)",,,42,"MMR","Myanmar","1",2023,"","","Number of Internet Exchange Points (IXP)"
20375,"tpInternetConn_Internet_Exchanges_Number","Number of Internet exchange points (IXPs)",,,42,"MMR","Myanmar","1",2024,"","","Number of Internet Exchange Points (IXP)"
20375,"tpInternetConn_Internet_Exchanges_Number","Number of Internet exchange points (IXPs)",,,43,"BRN","Brunei Darussalam","1",2021,"","","Number of Internet Exchange Points (IXP)"
20375,"tpInternetConn_Internet_Exchanges_Number","Number of Internet exchange points (IXPs)",,,43,"BRN","Brunei Darussalam","1",2022,"","","Number of Internet Exchange Points (IXP)"
20375,"tpInternetConn_Internet_Exchanges_Number","Number of Internet exchange points (IXPs)",,,43,"BRN","Brunei Darussalam","1",2023,"","","Number of Internet Exchange Points (IXP)"
20375,"tpInternetConn_Internet_Exchanges_Number","Number of Internet exchange points (IXPs)",,,43,"BRN","Brunei Darussalam","1",2024,"","","Number of Internet Exchange Points (IXP)"
20375,"tpInternetConn_Internet_Exchanges_Number","Number of Internet exchange points (IXPs)",,,45,"BGR","Bulgaria","3",2015,"","","Number of Internet Exchange Points (IXP)"
20375,"tpInternetConn_Internet_Exchanges_Number","Number of Internet exchange points (IXPs)",,,45,"BGR","Bulgaria","4",2016,"","","Number of Internet Exchange Points (IXP)"
20375,"tpInternetConn_Internet_Exchanges_Number","Number of Internet exchange points (IXPs)",,,45,"BGR","Bulgaria","5",2017,"","","Number of Internet Exchange Points (IXP)"
20375,"tpInternetConn_Internet_Exchanges_Number","Number of Internet exchange points (IXPs)",,,47,"CAN","Canada","7",2015,"See: https://cira.ca/canadian_ixp","","Number of Internet Exchange Points (IXP)"
20375,"tpInternetConn_Internet_Exchanges_Number","Number of Internet exchange points (IXPs)",,,47,"CAN","Canada","9",2016,"","","Number of Internet Exchange Points (IXP)"
20375,"tpInternetConn_Internet_Exchanges_Number","Number of Internet exchange points (IXPs)",,,47,"CAN","Canada","11",2017,"See: https://cira.ca/canadian_ixp","","Number of Internet Exchange Points (IXP)"
20375,"tpInternetConn_Internet_Exchanges_Number","Number of Internet exchange points (IXPs)",,,47,"CAN","Canada","11",2018,"See: https://cira.ca/canadian_ixp","","Number of Internet Exchange Points (IXP)"
20375,"tpInternetConn_Internet_Exchanges_Number","Number of Internet exchange points (IXPs)",,,47,"CAN","Canada","12",2020,"See: https://www.cira.ca/improving-canadas-internet/initiatives/canadas-internet-infrastructure-internet-exchange-points","","Number of Internet Exchange Points (IXP)"
20375,"tpInternetConn_Internet_Exchanges_Number","Number of Internet exchange points (IXPs)",,,48,"KHM","Cambodia","3",2015,"","","Number of Internet Exchange Points (IXP)"
20375,"tpInternetConn_Internet_Exchanges_Number","Number of Internet exchange points (IXPs)",,,48,"KHM","Cambodia","3",2016,"","","Number of Internet Exchange Points (IXP)"
20375,"tpInternetConn_Internet_Exchanges_Number","Number of Internet exchange points (IXPs)",,,48,"KHM","Cambodia","3",2017,"","","Number of Internet Exchange Points (IXP)"
20375,"tpInternetConn_Internet_Exchanges_Number","Number of Internet exchange points (IXPs)",,,48,"KHM","Cambodia","3",2018,"","","Number of Internet Exchange Points (IXP)"
20375,"tpInternetConn_Internet_Exchanges_Number","Number of Internet exchange points (IXPs)",,,48,"KHM","Cambodia","3",2019,"","","Number of Internet Exchange Points (IXP)"
20375,"tpInternetConn_Internet_Exchanges_Number","Number of Internet exchange points (IXPs)",,,48,"KHM","Cambodia","3",2020,"","","Number of Internet Exchange Points (IXP)"
20375,"tpInternetConn_Internet_Exchanges_Number","Number of Internet exchange points (IXPs)",,,48,"KHM","Cambodia","3",2021,"","","Number of Internet Exchange Points (IXP)"
20375,"tpInternetConn_Internet_Exchanges_Number","Number of Internet exchange points (IXPs)",,,48,"KHM","Cambodia","3",2022,"","","Number of Internet Exchange Points (IXP)"
20375,"tpInternetConn_Internet_Exchanges_Number","Number of Internet exchange points (IXPs)",,,48,"KHM","Cambodia","3",2023,"","","Number of Internet Exchange Points (IXP)"
20375,"tpInternetConn_Internet_Exchanges_Number","Number of Internet exchange points (IXPs)",,,48,"KHM","Cambodia","3",2024,"","","Number of Internet Exchange Points (IXP)"
20375,"tpInternetConn_Internet_Exchanges_Number","Number of Internet exchange points (IXPs)",,,49,"CHL","Chile","10",2021,"","","Number of Internet Exchange Points (IXP)"
20375,"tpInternetConn_Internet_Exchanges_Number","Number of Internet exchange points (IXPs)",,,49,"CHL","Chile","10",2022,"","","Number of Internet Exchange Points (IXP)"
20375,"tpInternetConn_Internet_Exchanges_Number","Number of Internet exchange points (IXPs)",,,50,"CHN","China","3",2015,"","","Number of Internet Exchange Points (IXP)"
20375,"tpInternetConn_Internet_Exchanges_Number","Number of Internet exchange points (IXPs)",,,50,"CHN","China","3",2016,"","","Number of Internet Exchange Points (IXP)"
20375,"tpInternetConn_Internet_Exchanges_Number","Number of Internet exchange points (IXPs)",,,50,"CHN","China","3",2017,"","","Number of Internet Exchange Points (IXP)"
20375,"tpInternetConn_Internet_Exchanges_Number","Number of Internet exchange points (IXPs)",,,53,"COL","Colombia","1",2015,"","","Number of Internet Exchange Points (IXP)"
20375,"tpInternetConn_Internet_Exchanges_Number","Number of Internet exchange points (IXPs)",,,53,"COL","Colombia","1",2016,"","","Number of Internet Exchange Points (IXP)"
20375,"tpInternetConn_Internet_Exchanges_Number","Number of Internet exchange points (IXPs)",,,53,"COL","Colombia","1",2017,"","","Number of Internet Exchange Points (IXP)"
20375,"tpInternetConn_Internet_Exchanges_Number","Number of Internet exchange points (IXPs)",,,53,"COL","Colombia","1",2018,"","","Number of Internet Exchange Points (IXP)"
20375,"tpInternetConn_Internet_Exchanges_Number","Number of Internet exchange points (IXPs)",,,53,"COL","Colombia","1",2019,"","","Number of Internet Exchange Points (IXP)"
20375,"tpInternetConn_Internet_Exchanges_Number","Number of Internet exchange points (IXPs)",,,53,"COL","Colombia","1",2020,"","","Number of Internet Exchange Points (IXP)"
20375,"tpInternetConn_Internet_Exchanges_Number","Number of Internet exchange points (IXPs)",,,53,"COL","Colombia","1",2021,"","","Number of Internet Exchange Points (IXP)"
20375,"tpInternetConn_Internet_Exchanges_Number","Number of Internet exchange points (IXPs)",,,53,"COL","Colombia","2",2022,"","","Number of Internet Exchange Points (IXP)"
20375,"tpInternetConn_Internet_Exchanges_Number","Number of Internet exchange points (IXPs)",,,53,"COL","Colombia","2",2023,"","","Number of Internet Exchange Points (IXP)"
20375,"tpInternetConn_Internet_Exchanges_Number","Number of Internet exchange points (IXPs)",,,53,"COL","Colombia","2",2024,"","","Number of Internet Exchange Points (IXP)"
20375,"tpInternetConn_Internet_Exchanges_Number","Number of Internet exchange points (IXPs)",,,55,"CMR","Cameroon","2",2017,"","","Number of Internet Exchange Points (IXP)"
20375,"tpInternetConn_Internet_Exchanges_Number","Number of Internet exchange points (IXPs)",,,55,"CMR","Cameroon","2",2018,"","","Number of Internet Exchange Points (IXP)"
20375,"tpInternetConn_Internet_Exchanges_Number","Number of Internet exchange points (IXPs)",,,55,"CMR","Cameroon","2",2021,"","","Number of Internet Exchange Points (IXP)"
20375,"tpInternetConn_Internet_Exchanges_Number","Number of Internet exchange points (IXPs)",,,55,"CMR","Cameroon","2",2022,"2","","Number of Internet Exchange Points (IXP)"
20375,"tpInternetConn_Internet_Exchanges_Number","Number of Internet exchange points (IXPs)",,,57,"COG","Congo (Rep. of the)","2",2017,"","","Number of Internet Exchange Points (IXP)"
20375,"tpInternetConn_Internet_Exchanges_Number","Number of Internet exchange points (IXPs)",,,57,"COG","Congo (Rep. of the)","2",2018,"","","Number of Internet Exchange Points (IXP)"
20375,"tpInternetConn_Internet_Exchanges_Number","Number of Internet exchange points (IXPs)",,,57,"COG","Congo (Rep. of the)","2",2019,"","","Number of Internet Exchange Points (IXP)"
20375,"tpInternetConn_Internet_Exchanges_Number","Number of Internet exchange points (IXPs)",,,57,"COG","Congo (Rep. of the)","1",2021,"","","Number of Internet Exchange Points (IXP)"
20375,"tpInternetConn_Internet_Exchanges_Number","Number of Internet exchange points (IXPs)",,,57,"COG","Congo (Rep. of the)","1",2022,"","","Number of Internet Exchange Points (IXP)"
20375,"tpInternetConn_Internet_Exchanges_Number","Number of Internet exchange points (IXPs)",,,57,"COG","Congo (Rep. of the)","1",2023,"","","Number of Internet Exchange Points (IXP)"
20375,"tpInternetConn_Internet_Exchanges_Number","Number of Internet exchange points (IXPs)",,,57,"COG","Congo (Rep. of the)","2",2024,"","","Number of Internet Exchange Points (IXP)"
20375,"tpInternetConn_Internet_Exchanges_Number","Number of Internet exchange points (IXPs)",,,61,"CIV","Côte d'Ivoire","1",2015,"","","Number of Internet Exchange Points (IXP)"
20375,"tpInternetConn_Internet_Exchanges_Number","Number of Internet exchange points (IXPs)",,,61,"CIV","Côte d'Ivoire","1",2016,"","","Number of Internet Exchange Points (IXP)"
20375,"tpInternetConn_Internet_Exchanges_Number","Number of Internet exchange points (IXPs)",,,61,"CIV","Côte d'Ivoire","1",2017,"","","Number of Internet Exchange Points (IXP)"
20375,"tpInternetConn_Internet_Exchanges_Number","Number of Internet exchange points (IXPs)",,,61,"CIV","Côte d'Ivoire","1",2018,"","","Number of Internet Exchange Points (IXP)"
20375,"tpInternetConn_Internet_Exchanges_Number","Number of Internet exchange points (IXPs)",,,61,"CIV","Côte d'Ivoire","1",2019,"","","Number of Internet Exchange Points (IXP)"
20375,"tpInternetConn_Internet_Exchanges_Number","Number of Internet exchange points (IXPs)",,,62,"CRI","Costa Rica","1",2015,"IXP","","Number of Internet Exchange Points (IXP)"
20375,"tpInternetConn_Internet_Exchanges_Number","Number of Internet exchange points (IXPs)",,,62,"CRI","Costa Rica","1",2016,"","","Number of Internet Exchange Points (IXP)"
20375,"tpInternetConn_Internet_Exchanges_Number","Number of Internet exchange points (IXPs)",,,62,"CRI","Costa Rica","1",2017,"","","Number of Internet Exchange Points (IXP)"
20375,"tpInternetConn_Internet_Exchanges_Number","Number of Internet exchange points (IXPs)",,,62,"CRI","Costa Rica","1",2018,"","","Number of Internet Exchange Points (IXP)"
20375,"tpInternetConn_Internet_Exchanges_Number","Number of Internet exchange points (IXPs)",,,62,"CRI","Costa Rica","1",2019,"","","Number of Internet Exchange Points (IXP)"
20375,"tpInternetConn_Internet_Exchanges_Number","Number of Internet exchange points (IXPs)",,,62,"CRI","Costa Rica","3",2020,"http://www.infocom.cr/ixp/https://www.navegalo.com/en/ixp/https://www.crix.cr/nosotros","","Number of Internet Exchange Points (IXP)"
20375,"tpInternetConn_Internet_Exchanges_Number","Number of Internet exchange points (IXPs)",,,62,"CRI","Costa Rica","3",2021,"","","Number of Internet Exchange Points (IXP)"
20375,"tpInternetConn_Internet_Exchanges_Number","Number of Internet exchange points (IXPs)",,,62,"CRI","Costa Rica","3",2022,"","","Number of Internet Exchange Points (IXP)"
20375,"tpInternetConn_Internet_Exchanges_Number","Number of Internet exchange points (IXPs)",,,62,"CRI","Costa Rica","3",2023,"","","Number of Internet Exchange Points (IXP)"
20375,"tpInternetConn_Internet_Exchanges_Number","Number of Internet exchange points (IXPs)",,,62,"CRI","Costa Rica","3",2024,"","","Number of Internet Exchange Points (IXP)"
20375,"tpInternetConn_Internet_Exchanges_Number","Number of Internet exchange points (IXPs)",,,63,"CUB","Cuba","1",2021,"","","Number of Internet Exchange Points (IXP)"
20375,"tpInternetConn_Internet_Exchanges_Number","Number of Internet exchange points (IXPs)",,,63,"CUB","Cuba","1",2022,"","","Number of Internet Exchange Points (IXP)"
20375,"tpInternetConn_Internet_Exchanges_Number","Number of Internet exchange points (IXPs)",,,63,"CUB","Cuba","1",2023,"","","Number of Internet Exchange Points (IXP)"
20375,"tpInternetConn_Internet_Exchanges_Number","Number of Internet exchange points (IXPs)",,,63,"CUB","Cuba","1",2024,"","","Number of Internet Exchange Points (IXP)"
20375,"tpInternetConn_Internet_Exchanges_Number","Number of Internet exchange points (IXPs)",,,66,"CYP","Cyprus","1",2018,"","","Number of Internet Exchange Points (IXP)"
20375,"tpInternetConn_Internet_Exchanges_Number","Number of Internet exchange points (IXPs)",,,66,"CYP","Cyprus","1",2019,"","","Number of Internet Exchange Points (IXP)"
20375,"tpInternetConn_Internet_Exchanges_Number","Number of Internet exchange points (IXPs)",,,66,"CYP","Cyprus","1",2020,"","","Number of Internet Exchange Points (IXP)"
20375,"tpInternetConn_Internet_Exchanges_Number","Number of Internet exchange points (IXPs)",,,66,"CYP","Cyprus","1",2021,"","","Number of Internet Exchange Points (IXP)"
20375,"tpInternetConn_Internet_Exchanges_Number","Number of Internet exchange points (IXPs)",,,66,"CYP","Cyprus","1",2022,"","","Number of Internet Exchange Points (IXP)"
20375,"tpInternetConn_Internet_Exchanges_Number","Number of Internet exchange points (IXPs)",,,66,"CYP","Cyprus","1",2023,"","","Number of Internet Exchange Points (IXP)"
20375,"tpInternetConn_Internet_Exchanges_Number","Number of Internet exchange points (IXPs)",,,66,"CYP","Cyprus","1",2024,"","","Number of Internet Exchange Points (IXP)"
20375,"tpInternetConn_Internet_Exchanges_Number","Number of Internet exchange points (IXPs)",,,69,"DJI","Djibouti","1",2018,"","","Number of Internet Exchange Points (IXP)"
20375,"tpInternetConn_Internet_Exchanges_Number","Number of Internet exchange points (IXPs)",,,70,"DMA","Dominica","1",2024,"","","Number of Internet Exchange Points (IXP)"
20375,"tpInternetConn_Internet_Exchanges_Number","Number of Internet exchange points (IXPs)",,,72,"DOM","Dominican Rep.","1",2022,"","","Number of Internet Exchange Points (IXP)"
20375,"tpInternetConn_Internet_Exchanges_Number","Number of Internet exchange points (IXPs)",,,72,"DOM","Dominican Rep.","1",2024,"","","Number of Internet Exchange Points (IXP)"
20375,"tpInternetConn_Internet_Exchanges_Number","Number of Internet exchange points (IXPs)",,,73,"ESP","Spain","0",2017,"","","Number of Internet Exchange Points (IXP)"
20375,"tpInternetConn_Internet_Exchanges_Number","Number of Internet exchange points (IXPs)",,,73,"ESP","Spain","0",2018,"","","Number of Internet Exchange Points (IXP)"
20375,"tpInternetConn_Internet_Exchanges_Number","Number of Internet exchange points (IXPs)",,,73,"ESP","Spain","0",2019,"","","Number of Internet Exchange Points (IXP)"
20375,"tpInternetConn_Internet_Exchanges_Number","Number of Internet exchange points (IXPs)",,,73,"ESP","Spain","0",2020,"","","Number of Internet Exchange Points (IXP)"
20375,"tpInternetConn_Internet_Exchanges_Number","Number of Internet exchange points (IXPs)",,,73,"ESP","Spain","5",2021,"","","Number of Internet Exchange Points (IXP)"
20375,"tpInternetConn_Internet_Exchanges_Number","Number of Internet exchange points (IXPs)",,,73,"ESP","Spain","5",2022,"5","","Number of Internet Exchange Points (IXP)"
20375,"tpInternetConn_Internet_Exchanges_Number","Number of Internet exchange points (IXPs)",,,73,"ESP","Spain","9",2023,"9","","Number of Internet Exchange Points (IXP)"
20375,"tpInternetConn_Internet_Exchanges_Number","Number of Internet exchange points (IXPs)",,,73,"ESP","Spain","9",2024,"","","Number of Internet Exchange Points (IXP)"
20375,"tpInternetConn_Internet_Exchanges_Number","Number of Internet exchange points (IXPs)",,,74,"EGY","Egypt","1",2020,"","","Number of Internet Exchange Points (IXP)"
20375,"tpInternetConn_Internet_Exchanges_Number","Number of Internet exchange points (IXPs)",,,74,"EGY","Egypt","1",2021,"","","Number of Internet Exchange Points (IXP)"
20375,"tpInternetConn_Internet_Exchanges_Number","Number of Internet exchange points (IXPs)",,,75,"ECU","Ecuador","1",2019,"","","Number of Internet Exchange Points (IXP)"
20375,"tpInternetConn_Internet_Exchanges_Number","Number of Internet exchange points (IXPs)",,,75,"ECU","Ecuador","2",2021,"","","Number of Internet Exchange Points (IXP)"
20375,"tpInternetConn_Internet_Exchanges_Number","Number of Internet exchange points (IXPs)",,,75,"ECU","Ecuador","2",2022,"","","Number of Internet Exchange Points (IXP)"
20375,"tpInternetConn_Internet_Exchanges_Number","Number of Internet exchange points (IXPs)",,,75,"ECU","Ecuador","2",2023,"","","Number of Internet Exchange Points (IXP)"
20375,"tpInternetConn_Internet_Exchanges_Number","Number of Internet exchange points (IXPs)",,,76,"EST","Estonia","3",2016,"","","Number of Internet Exchange Points (IXP)"
20375,"tpInternetConn_Internet_Exchanges_Number","Number of Internet exchange points (IXPs)",,,76,"EST","Estonia","3",2017,"","","Number of Internet Exchange Points (IXP)"
20375,"tpInternetConn_Internet_Exchanges_Number","Number of Internet exchange points (IXPs)",,,78,"FRA","France","21",2016,"","","Number of Internet Exchange Points (IXP)"
20375,"tpInternetConn_Internet_Exchanges_Number","Number of Internet exchange points (IXPs)",,,78,"FRA","France","31",2018,"","","Number of Internet Exchange Points (IXP)"
20375,"tpInternetConn_Internet_Exchanges_Number","Number of Internet exchange points (IXPs)",,,78,"FRA","France","34",2019,"","","Number of Internet Exchange Points (IXP)"
20375,"tpInternetConn_Internet_Exchanges_Number","Number of Internet exchange points (IXPs)",,,78,"FRA","France","22",2020,"","","Number of Internet Exchange Points (IXP)"
20375,"tpInternetConn_Internet_Exchanges_Number","Number of Internet exchange points (IXPs)",,,78,"FRA","France","22",2021,"","","Number of Internet Exchange Points (IXP)"
20375,"tpInternetConn_Internet_Exchanges_Number","Number of Internet exchange points (IXPs)",,,78,"FRA","France","22",2022,"","","Number of Internet Exchange Points (IXP)"
20375,"tpInternetConn_Internet_Exchanges_Number","Number of Internet exchange points (IXPs)",,,78,"FRA","France","23",2023,"","","Number of Internet Exchange Points (IXP)"
20375,"tpInternetConn_Internet_Exchanges_Number","Number of Internet exchange points (IXPs)",,,78,"FRA","France","25",2024,"","","Number of Internet Exchange Points (IXP)"
20375,"tpInternetConn_Internet_Exchanges_Number","Number of Internet exchange points (IXPs)",,,79,"FJI","Fiji","1",2021,"","","Number of Internet Exchange Points (IXP)"
20375,"tpInternetConn_Internet_Exchanges_Number","Number of Internet exchange points (IXPs)",,,79,"FJI","Fiji","1",2022,"","","Number of Internet Exchange Points (IXP)"
20375,"tpInternetConn_Internet_Exchanges_Number","Number of Internet exchange points (IXPs)",,,81,"FIN","Finland","4",2018,"","","Number of Internet Exchange Points (IXP)"
20375,"tpInternetConn_Internet_Exchanges_Number","Number of Internet exchange points (IXPs)",,,81,"FIN","Finland","4",2019,"","","Number of Internet Exchange Points (IXP)"
20375,"tpInternetConn_Internet_Exchanges_Number","Number of Internet exchange points (IXPs)",,,81,"FIN","Finland","2",2022,"","","Number of Internet Exchange Points (IXP)"
20375,"tpInternetConn_Internet_Exchanges_Number","Number of Internet exchange points (IXPs)",,,81,"FIN","Finland","3",2023,"","","Number of Internet Exchange Points (IXP)"
20375,"tpInternetConn_Internet_Exchanges_Number","Number of Internet exchange points (IXPs)",,,81,"FIN","Finland","7",2024,"","","Number of Internet Exchange Points (IXP)"
20375,"tpInternetConn_Internet_Exchanges_Number","Number of Internet exchange points (IXPs)",,,85,"GAB","Gabon","1",2018,"","","Number of Internet Exchange Points (IXP)"
20375,"tpInternetConn_Internet_Exchanges_Number","Number of Internet exchange points (IXPs)",,,85,"GAB","Gabon","1",2019,"","","Number of Internet Exchange Points (IXP)"
20375,"tpInternetConn_Internet_Exchanges_Number","Number of Internet exchange points (IXPs)",,,85,"GAB","Gabon","1",2021,"","","Number of Internet Exchange Points (IXP)"
20375,"tpInternetConn_Internet_Exchanges_Number","Number of Internet exchange points (IXPs)",,,85,"GAB","Gabon","1",2023,"","","Number of Internet Exchange Points (IXP)"
20375,"tpInternetConn_Internet_Exchanges_Number","Number of Internet exchange points (IXPs)",,,85,"GAB","Gabon","1",2024,"","","Number of Internet Exchange Points (IXP)"
20375,"tpInternetConn_Internet_Exchanges_Number","Number of Internet exchange points (IXPs)",,,90,"GHA","Ghana","1",2016,"","","Number of Internet Exchange Points (IXP)"
20375,"tpInternetConn_Internet_Exchanges_Number","Number of Internet exchange points (IXPs)",,,90,"GHA","Ghana","1",2017,"","","Number of Internet Exchange Points (IXP)"
20375,"tpInternetConn_Internet_Exchanges_Number","Number of Internet exchange points (IXPs)",,,90,"GHA","Ghana","1",2018,"","","Number of Internet Exchange Points (IXP)"
20375,"tpInternetConn_Internet_Exchanges_Number","Number of Internet exchange points (IXPs)",,,90,"GHA","Ghana","1",2019,"","","Number of Internet Exchange Points (IXP)"
20375,"tpInternetConn_Internet_Exchanges_Number","Number of Internet exchange points (IXPs)",,,90,"GHA","Ghana","1",2020,"","","Number of Internet Exchange Points (IXP)"
20375,"tpInternetConn_Internet_Exchanges_Number","Number of Internet exchange points (IXPs)",,,90,"GHA","Ghana","1",2021,"","","Number of Internet Exchange Points (IXP)"
20375,"tpInternetConn_Internet_Exchanges_Number","Number of Internet exchange points (IXPs)",,,90,"GHA","Ghana","1",2022,"","","Number of Internet Exchange Points (IXP)"
20375,"tpInternetConn_Internet_Exchanges_Number","Number of Internet exchange points (IXPs)",,,90,"GHA","Ghana","2",2023,"","","Number of Internet Exchange Points (IXP)"
20375,"tpInternetConn_Internet_Exchanges_Number","Number of Internet exchange points (IXPs)",,,90,"GHA","Ghana","2",2024,"","","Number of Internet Exchange Points (IXP)"
20375,"tpInternetConn_Internet_Exchanges_Number","Number of Internet exchange points (IXPs)",,,92,"GMB","Gambia","1",2016,"","","Number of Internet Exchange Points (IXP)"
20375,"tpInternetConn_Internet_Exchanges_Number","Number of Internet exchange points (IXPs)",,,92,"GMB","Gambia","1",2017,"","","Number of Internet Exchange Points (IXP)"
20375,"tpInternetConn_Internet_Exchanges_Number","Number of Internet exchange points (IXPs)",,,92,"GMB","Gambia","1",2018,"","","Number of Internet Exchange Points (IXP)"
20375,"tpInternetConn_Internet_Exchanges_Number","Number of Internet exchange points (IXPs)",,,92,"GMB","Gambia","1",2021,"","","Number of Internet Exchange Points (IXP)"
20375,"tpInternetConn_Internet_Exchanges_Number","Number of Internet exchange points (IXPs)",,,92,"GMB","Gambia","1",2022,"","","Number of Internet Exchange Points (IXP)"
20375,"tpInternetConn_Internet_Exchanges_Number","Number of Internet exchange points (IXPs)",,,92,"GMB","Gambia","1",2023,"","","Number of Internet Exchange Points (IXP)"
20375,"tpInternetConn_Internet_Exchanges_Number","Number of Internet exchange points (IXPs)",,,92,"GMB","Gambia","1",2024,"","","Number of Internet Exchange Points (IXP)"
20375,"tpInternetConn_Internet_Exchanges_Number","Number of Internet exchange points (IXPs)",,,93,"GNB","Guinea-Bissau","1",2024,"","","Number of Internet Exchange Points (IXP)"
20375,"tpInternetConn_Internet_Exchanges_Number","Number of Internet exchange points (IXPs)",,,95,"GRC","Greece","1",2015,"","","Number of Internet Exchange Points (IXP)"
20375,"tpInternetConn_Internet_Exchanges_Number","Number of Internet exchange points (IXPs)",,,95,"GRC","Greece","1",2016,"","","Number of Internet Exchange Points (IXP)"
20375,"tpInternetConn_Internet_Exchanges_Number","Number of Internet exchange points (IXPs)",,,95,"GRC","Greece","1",2017,"","","Number of Internet Exchange Points (IXP)"
20375,"tpInternetConn_Internet_Exchanges_Number","Number of Internet exchange points (IXPs)",,,95,"GRC","Greece","1",2018,"","","Number of Internet Exchange Points (IXP)"
20375,"tpInternetConn_Internet_Exchanges_Number","Number of Internet exchange points (IXPs)",,,95,"GRC","Greece","4",2019,"","","Number of Internet Exchange Points (IXP)"
20375,"tpInternetConn_Internet_Exchanges_Number","Number of Internet exchange points (IXPs)",,,95,"GRC","Greece","4",2021,"","","Number of Internet Exchange Points (IXP)"
20375,"tpInternetConn_Internet_Exchanges_Number","Number of Internet exchange points (IXPs)",,,95,"GRC","Greece","4",2022,"4","","Number of Internet Exchange Points (IXP)"
20375,"tpInternetConn_Internet_Exchanges_Number","Number of Internet exchange points (IXPs)",,,95,"GRC","Greece","4",2023,"","","Number of Internet Exchange Points (IXP)"
20375,"tpInternetConn_Internet_Exchanges_Number","Number of Internet exchange points (IXPs)",,,95,"GRC","Greece","4",2024,"","","Number of Internet Exchange Points (IXP)"
20375,"tpInternetConn_Internet_Exchanges_Number","Number of Internet exchange points (IXPs)",,,96,"GRD","Grenada","1",2018,"","","Number of Internet Exchange Points (IXP)"
20375,"tpInternetConn_Internet_Exchanges_Number","Number of Internet exchange points (IXPs)",,,96,"GRD","Grenada","1",2020,"","","Number of Internet Exchange Points (IXP)"
20375,"tpInternetConn_Internet_Exchanges_Number","Number of Internet exchange points (IXPs)",,,96,"GRD","Grenada","1",2022,"","","Number of Internet Exchange Points (IXP)"
20375,"tpInternetConn_Internet_Exchanges_Number","Number of Internet exchange points (IXPs)",,,98,"GTM","Guatemala","1",2019,"","","Number of Internet Exchange Points (IXP)"
20375,"tpInternetConn_Internet_Exchanges_Number","Number of Internet exchange points (IXPs)",,,98,"GTM","Guatemala","1",2021,"","","Number of Internet Exchange Points (IXP)"
20375,"tpInternetConn_Internet_Exchanges_Number","Number of Internet exchange points (IXPs)",,,98,"GTM","Guatemala","1",2022,"","","Number of Internet Exchange Points (IXP)"
20375,"tpInternetConn_Internet_Exchanges_Number","Number of Internet exchange points (IXPs)",,,98,"GTM","Guatemala","1",2023,"","","Number of Internet Exchange Points (IXP)"
20375,"tpInternetConn_Internet_Exchanges_Number","Number of Internet exchange points (IXPs)",,,98,"GTM","Guatemala","1",2024,"","","Number of Internet Exchange Points (IXP)"
20375,"tpInternetConn_Internet_Exchanges_Number","Number of Internet exchange points (IXPs)",,,100,"GIN","Guinea","2",2020,"","","Number of Internet Exchange Points (IXP)"
20375,"tpInternetConn_Internet_Exchanges_Number","Number of Internet exchange points (IXPs)",,,100,"GIN","Guinea","2",2021,"","","Number of Internet Exchange Points (IXP)"
20375,"tpInternetConn_Internet_Exchanges_Number","Number of Internet exchange points (IXPs)",,,100,"GIN","Guinea","2",2022,"","","Number of Internet Exchange Points (IXP)"
20375,"tpInternetConn_Internet_Exchanges_Number","Number of Internet exchange points (IXPs)",,,100,"GIN","Guinea","2",2023,"","","Number of Internet Exchange Points (IXP)"
20375,"tpInternetConn_Internet_Exchanges_Number","Number of Internet exchange points (IXPs)",,,100,"GIN","Guinea","2",2024,"","","Number of Internet Exchange Points (IXP)"
20375,"tpInternetConn_Internet_Exchanges_Number","Number of Internet exchange points (IXPs)",,,104,"HND","Honduras","1",2015,"","","Number of Internet Exchange Points (IXP)"
20375,"tpInternetConn_Internet_Exchanges_Number","Number of Internet exchange points (IXPs)",,,104,"HND","Honduras","1",2016,"","","Number of Internet Exchange Points (IXP)"
20375,"tpInternetConn_Internet_Exchanges_Number","Number of Internet exchange points (IXPs)",,,104,"HND","Honduras","1",2017,"","","Number of Internet Exchange Points (IXP)"
20375,"tpInternetConn_Internet_Exchanges_Number","Number of Internet exchange points (IXPs)",,,104,"HND","Honduras","1",2019,"","","Number of Internet Exchange Points (IXP)"
20375,"tpInternetConn_Internet_Exchanges_Number","Number of Internet exchange points (IXPs)",,,104,"HND","Honduras","1",2020,"","","Number of Internet Exchange Points (IXP)"
20375,"tpInternetConn_Internet_Exchanges_Number","Number of Internet exchange points (IXPs)",,,104,"HND","Honduras","6",2021,"","","Number of Internet Exchange Points (IXP)"
20375,"tpInternetConn_Internet_Exchanges_Number","Number of Internet exchange points (IXPs)",,,104,"HND","Honduras","6",2022,"","","Number of Internet Exchange Points (IXP)"
20375,"tpInternetConn_Internet_Exchanges_Number","Number of Internet exchange points (IXPs)",,,104,"HND","Honduras","6",2023,"","","Number of Internet Exchange Points (IXP)"
20375,"tpInternetConn_Internet_Exchanges_Number","Number of Internet exchange points (IXPs)",,,104,"HND","Honduras","6",2024,"","","Number of Internet Exchange Points (IXP)"
20375,"tpInternetConn_Internet_Exchanges_Number","Number of Internet exchange points (IXPs)",,,105,"HUN","Hungary","1",2016,"","","Number of Internet Exchange Points (IXP)"
20375,"tpInternetConn_Internet_Exchanges_Number","Number of Internet exchange points (IXPs)",,,105,"HUN","Hungary","1",2017,"","","Number of Internet Exchange Points (IXP)"
20375,"tpInternetConn_Internet_Exchanges_Number","Number of Internet exchange points (IXPs)",,,105,"HUN","Hungary","1",2018,"","","Number of Internet Exchange Points (IXP)"
20375,"tpInternetConn_Internet_Exchanges_Number","Number of Internet exchange points (IXPs)",,,105,"HUN","Hungary","1",2019,"","","Number of Internet Exchange Points (IXP)"
20375,"tpInternetConn_Internet_Exchanges_Number","Number of Internet exchange points (IXPs)",,,105,"HUN","Hungary","1",2020,"","","Number of Internet Exchange Points (IXP)"
20375,"tpInternetConn_Internet_Exchanges_Number","Number of Internet exchange points (IXPs)",,,105,"HUN","Hungary","1",2021,"","","Number of Internet Exchange Points (IXP)"
20375,"tpInternetConn_Internet_Exchanges_Number","Number of Internet exchange points (IXPs)",,,105,"HUN","Hungary","1",2022,"","","Number of Internet Exchange Points (IXP)"
20375,"tpInternetConn_Internet_Exchanges_Number","Number of Internet exchange points (IXPs)",,,105,"HUN","Hungary","1",2023,"","","Number of Internet Exchange Points (IXP)"
20375,"tpInternetConn_Internet_Exchanges_Number","Number of Internet exchange points (IXPs)",,,106,"NLD","Netherlands","8",2021,"","","Number of Internet Exchange Points (IXP)"
20375,"tpInternetConn_Internet_Exchanges_Number","Number of Internet exchange points (IXPs)",,,107,"HRV","Croatia","1",2016,"","","Number of Internet Exchange Points (IXP)"
20375,"tpInternetConn_Internet_Exchanges_Number","Number of Internet exchange points (IXPs)",,,107,"HRV","Croatia","1",2017,"","","Number of Internet Exchange Points (IXP)"
20375,"tpInternetConn_Internet_Exchanges_Number","Number of Internet exchange points (IXPs)",,,107,"HRV","Croatia","1",2018,"","","Number of Internet Exchange Points (IXP)"
20375,"tpInternetConn_Internet_Exchanges_Number","Number of Internet exchange points (IXPs)",,,107,"HRV","Croatia","1",2019,"","","Number of Internet Exchange Points (IXP)"
20375,"tpInternetConn_Internet_Exchanges_Number","Number of Internet exchange points (IXPs)",,,107,"HRV","Croatia","1",2020,"","","Number of Internet Exchange Points (IXP)"
20375,"tpInternetConn_Internet_Exchanges_Number","Number of Internet exchange points (IXPs)",,,107,"HRV","Croatia","1",2021,"","","Number of Internet Exchange Points (IXP)"
20375,"tpInternetConn_Internet_Exchanges_Number","Number of Internet exchange points (IXPs)",,,108,"HTI","Haiti","1",2015,"","","Number of Internet Exchange Points (IXP)"
20375,"tpInternetConn_Internet_Exchanges_Number","Number of Internet exchange points (IXPs)",,,108,"HTI","Haiti","1",2016,"","","Number of Internet Exchange Points (IXP)"
20375,"tpInternetConn_Internet_Exchanges_Number","Number of Internet exchange points (IXPs)",,,108,"HTI","Haiti","1",2017,"","","Number of Internet Exchange Points (IXP)"
20375,"tpInternetConn_Internet_Exchanges_Number","Number of Internet exchange points (IXPs)",,,108,"HTI","Haiti","1",2018,"","","Number of Internet Exchange Points (IXP)"
20375,"tpInternetConn_Internet_Exchanges_Number","Number of Internet exchange points (IXPs)",,,108,"HTI","Haiti","1",2022,"","","Number of Internet Exchange Points (IXP)"
20375,"tpInternetConn_Internet_Exchanges_Number","Number of Internet exchange points (IXPs)",,,111,"ITA","Italy","11",2019,"","","Number of Internet Exchange Points (IXP)"
20375,"tpInternetConn_Internet_Exchanges_Number","Number of Internet exchange points (IXPs)",,,111,"ITA","Italy","11",2021,"","","Number of Internet Exchange Points (IXP)"
20375,"tpInternetConn_Internet_Exchanges_Number","Number of Internet exchange points (IXPs)",,,113,"IND","India","38",2022,"","","Number of Internet Exchange Points (IXP)"
20375,"tpInternetConn_Internet_Exchanges_Number","Number of Internet exchange points (IXPs)",,,113,"IND","India","42",2023,"","","Number of Internet Exchange Points (IXP)"
20375,"tpInternetConn_Internet_Exchanges_Number","Number of Internet exchange points (IXPs)",,,113,"IND","India","42",2024,"","","Number of Internet Exchange Points (IXP)"
20375,"tpInternetConn_Internet_Exchanges_Number","Number of Internet exchange points (IXPs)",,,116,"IRN","Iran (Islamic Republic of)","4",2016,"","","Number of Internet Exchange Points (IXP)"
20375,"tpInternetConn_Internet_Exchanges_Number","Number of Internet exchange points (IXPs)",,,116,"IRN","Iran (Islamic Republic of)","4",2017,"","","Number of Internet Exchange Points (IXP)"
20375,"tpInternetConn_Internet_Exchanges_Number","Number of Internet exchange points (IXPs)",,,116,"IRN","Iran (Islamic Republic of)","9",2019,"","","Number of Internet Exchange Points (IXP)"
20375,"tpInternetConn_Internet_Exchanges_Number","Number of Internet exchange points (IXPs)",,,116,"IRN","Iran (Islamic Republic of)","9",2020,"","","Number of Internet Exchange Points (IXP)"
20375,"tpInternetConn_Internet_Exchanges_Number","Number of Internet exchange points (IXPs)",,,116,"IRN","Iran (Islamic Republic of)","9",2021,"","","Number of Internet Exchange Points (IXP)"
20375,"tpInternetConn_Internet_Exchanges_Number","Number of Internet exchange points (IXPs)",,,116,"IRN","Iran (Islamic Republic of)","9",2022,"","","Number of Internet Exchange Points (IXP)"
20375,"tpInternetConn_Internet_Exchanges_Number","Number of Internet exchange points (IXPs)",,,116,"IRN","Iran (Islamic Republic of)","9",2023,"","","Number of Internet Exchange Points (IXP)"
20375,"tpInternetConn_Internet_Exchanges_Number","Number of Internet exchange points (IXPs)",,,116,"IRN","Iran (Islamic Republic of)","9",2024,"","","Number of Internet Exchange Points (IXP)"
20375,"tpInternetConn_Internet_Exchanges_Number","Number of Internet exchange points (IXPs)",,,118,"ISL","Iceland","1",2015,"","","Number of Internet Exchange Points (IXP)"
20375,"tpInternetConn_Internet_Exchanges_Number","Number of Internet exchange points (IXPs)",,,118,"ISL","Iceland","1",2016,"","","Number of Internet Exchange Points (IXP)"
20375,"tpInternetConn_Internet_Exchanges_Number","Number of Internet exchange points (IXPs)",,,118,"ISL","Iceland","1",2017,"","","Number of Internet Exchange Points (IXP)"
20375,"tpInternetConn_Internet_Exchanges_Number","Number of Internet exchange points (IXPs)",,,118,"ISL","Iceland","1",2018,"The exchange, called Reykjavik Internet eXchange (RIX) is for national traffic only. Parties connect on 1Gb/s or 10Gb/s links.","","Number of Internet Exchange Points (IXP)"
20375,"tpInternetConn_Internet_Exchanges_Number","Number of Internet exchange points (IXPs)",,,118,"ISL","Iceland","1",2019,"","","Number of Internet Exchange Points (IXP)"
20375,"tpInternetConn_Internet_Exchanges_Number","Number of Internet exchange points (IXPs)",,,118,"ISL","Iceland","1",2020,"","","Number of Internet Exchange Points (IXP)"
20375,"tpInternetConn_Internet_Exchanges_Number","Number of Internet exchange points (IXPs)",,,118,"ISL","Iceland","1",2021,"","","Number of Internet Exchange Points (IXP)"
20375,"tpInternetConn_Internet_Exchanges_Number","Number of Internet exchange points (IXPs)",,,118,"ISL","Iceland","1",2022,"","","Number of Internet Exchange Points (IXP)"
20375,"tpInternetConn_Internet_Exchanges_Number","Number of Internet exchange points (IXPs)",,,118,"ISL","Iceland","1",2023,"","","Number of Internet Exchange Points (IXP)"
20375,"tpInternetConn_Internet_Exchanges_Number","Number of Internet exchange points (IXPs)",,,118,"ISL","Iceland","2",2024,"","","Number of Internet Exchange Points (IXP)"
20375,"tpInternetConn_Internet_Exchanges_Number","Number of Internet exchange points (IXPs)",,,119,"ISR","Israel","1",2017,"","","Number of Internet Exchange Points (IXP)"
20375,"tpInternetConn_Internet_Exchanges_Number","Number of Internet exchange points (IXPs)",,,119,"ISR","Israel","1",2018,"","","Number of Internet Exchange Points (IXP)"
20375,"tpInternetConn_Internet_Exchanges_Number","Number of Internet exchange points (IXPs)",,,119,"ISR","Israel","1",2019,"","","Number of Internet Exchange Points (IXP)"
20375,"tpInternetConn_Internet_Exchanges_Number","Number of Internet exchange points (IXPs)",,,119,"ISR","Israel","1",2020,"","","Number of Internet Exchange Points (IXP)"
20375,"tpInternetConn_Internet_Exchanges_Number","Number of Internet exchange points (IXPs)",,,119,"ISR","Israel","1",2021,"","","Number of Internet Exchange Points (IXP)"
20375,"tpInternetConn_Internet_Exchanges_Number","Number of Internet exchange points (IXPs)",,,119,"ISR","Israel","1",2022,"","","Number of Internet Exchange Points (IXP)"
20375,"tpInternetConn_Internet_Exchanges_Number","Number of Internet exchange points (IXPs)",,,119,"ISR","Israel","1",2023,"","","Number of Internet Exchange Points (IXP)"
20375,"tpInternetConn_Internet_Exchanges_Number","Number of Internet exchange points (IXPs)",,,122,"JAM","Jamaica","1",2016,"","","Number of Internet Exchange Points (IXP)"
20375,"tpInternetConn_Internet_Exchanges_Number","Number of Internet exchange points (IXPs)",,,122,"JAM","Jamaica","1",2017,"","","Number of Internet Exchange Points (IXP)"
20375,"tpInternetConn_Internet_Exchanges_Number","Number of Internet exchange points (IXPs)",,,122,"JAM","Jamaica","1",2018,"","","Number of Internet Exchange Points (IXP)"
20375,"tpInternetConn_Internet_Exchanges_Number","Number of Internet exchange points (IXPs)",,,122,"JAM","Jamaica","1",2019,"","","Number of Internet Exchange Points (IXP)"
20375,"tpInternetConn_Internet_Exchanges_Number","Number of Internet exchange points (IXPs)",,,122,"JAM","Jamaica","1",2020,"","","Number of Internet Exchange Points (IXP)"
20375,"tpInternetConn_Internet_Exchanges_Number","Number of Internet exchange points (IXPs)",,,122,"JAM","Jamaica","1",2021,"","","Number of Internet Exchange Points (IXP)"
20375,"tpInternetConn_Internet_Exchanges_Number","Number of Internet exchange points (IXPs)",,,122,"JAM","Jamaica","1",2022,"","","Number of Internet Exchange Points (IXP)"
20375,"tpInternetConn_Internet_Exchanges_Number","Number of Internet exchange points (IXPs)",,,124,"JOR","Jordan","0",2018,"","","Number of Internet Exchange Points (IXP)"
20375,"tpInternetConn_Internet_Exchanges_Number","Number of Internet exchange points (IXPs)",,,124,"JOR","Jordan","0",2019,"","","Number of Internet Exchange Points (IXP)"
20375,"tpInternetConn_Internet_Exchanges_Number","Number of Internet exchange points (IXPs)",,,124,"JOR","Jordan","10",2021,"","","Number of Internet Exchange Points (IXP)"
20375,"tpInternetConn_Internet_Exchanges_Number","Number of Internet exchange points (IXPs)",,,124,"JOR","Jordan","1",2022,"","","Number of Internet Exchange Points (IXP)"
20375,"tpInternetConn_Internet_Exchanges_Number","Number of Internet exchange points (IXPs)",,,124,"JOR","Jordan","1",2023,"","","Number of Internet Exchange Points (IXP)"
20375,"tpInternetConn_Internet_Exchanges_Number","Number of Internet exchange points (IXPs)",,,124,"JOR","Jordan","1",2024,"","","Number of Internet Exchange Points (IXP)"
20375,"tpInternetConn_Internet_Exchanges_Number","Number of Internet exchange points (IXPs)",,,125,"KEN","Kenya","1",2015,"","","Number of Internet Exchange Points (IXP)"
20375,"tpInternetConn_Internet_Exchanges_Number","Number of Internet exchange points (IXPs)",,,125,"KEN","Kenya","2",2019,"","","Number of Internet Exchange Points (IXP)"
20375,"tpInternetConn_Internet_Exchanges_Number","Number of Internet exchange points (IXPs)",,,125,"KEN","Kenya","2",2021,"","","Number of Internet Exchange Points (IXP)"
20375,"tpInternetConn_Internet_Exchanges_Number","Number of Internet exchange points (IXPs)",,,130,"KWT","Kuwait","1",2017,"","","Number of Internet Exchange Points (IXP)"
20375,"tpInternetConn_Internet_Exchanges_Number","Number of Internet exchange points (IXPs)",,,130,"KWT","Kuwait","1",2018,"","","Number of Internet Exchange Points (IXP)"
20375,"tpInternetConn_Internet_Exchanges_Number","Number of Internet exchange points (IXPs)",,,130,"KWT","Kuwait","1",2019,"","","Number of Internet Exchange Points (IXP)"
20375,"tpInternetConn_Internet_Exchanges_Number","Number of Internet exchange points (IXPs)",,,130,"KWT","Kuwait","1",2020,"","","Number of Internet Exchange Points (IXP)"
20375,"tpInternetConn_Internet_Exchanges_Number","Number of Internet exchange points (IXPs)",,,130,"KWT","Kuwait","1",2021,"","","Number of Internet Exchange Points (IXP)"
20375,"tpInternetConn_Internet_Exchanges_Number","Number of Internet exchange points (IXPs)",,,130,"KWT","Kuwait","1",2022,"","","Number of Internet Exchange Points (IXP)"
20375,"tpInternetConn_Internet_Exchanges_Number","Number of Internet exchange points (IXPs)",,,130,"KWT","Kuwait","1",2023,"","","Number of Internet Exchange Points (IXP)"
20375,"tpInternetConn_Internet_Exchanges_Number","Number of Internet exchange points (IXPs)",,,130,"KWT","Kuwait","1",2024,"","","Number of Internet Exchange Points (IXP)"
20375,"tpInternetConn_Internet_Exchanges_Number","Number of Internet exchange points (IXPs)",,,132,"LBN","Lebanon","2",2021,"","","Number of Internet Exchange Points (IXP)"
20375,"tpInternetConn_Internet_Exchanges_Number","Number of Internet exchange points (IXPs)",,,133,"LBR","Liberia","1",2018,"","","Number of Internet Exchange Points (IXP)"
20375,"tpInternetConn_Internet_Exchanges_Number","Number of Internet exchange points (IXPs)",,,133,"LBR","Liberia","1",2021,"","","Number of Internet Exchange Points (IXP)"
20375,"tpInternetConn_Internet_Exchanges_Number","Number of Internet exchange points (IXPs)",,,133,"LBR","Liberia","1",2022,"","","Number of Internet Exchange Points (IXP)"
20375,"tpInternetConn_Internet_Exchanges_Number","Number of Internet exchange points (IXPs)",,,133,"LBR","Liberia","1",2023,"","","Number of Internet Exchange Points (IXP)"
20375,"tpInternetConn_Internet_Exchanges_Number","Number of Internet exchange points (IXPs)",,,135,"LCA","Saint Lucia","1",2015,"","","Number of Internet Exchange Points (IXP)"
20375,"tpInternetConn_Internet_Exchanges_Number","Number of Internet exchange points (IXPs)",,,135,"LCA","Saint Lucia","1",2016,"","","Number of Internet Exchange Points (IXP)"
20375,"tpInternetConn_Internet_Exchanges_Number","Number of Internet exchange points (IXPs)",,,135,"LCA","Saint Lucia","1",2017,"","","Number of Internet Exchange Points (IXP)"
20375,"tpInternetConn_Internet_Exchanges_Number","Number of Internet exchange points (IXPs)",,,135,"LCA","Saint Lucia","1",2018,"","","Number of Internet Exchange Points (IXP)"
20375,"tpInternetConn_Internet_Exchanges_Number","Number of Internet exchange points (IXPs)",,,135,"LCA","Saint Lucia","1",2019,"","","Number of Internet Exchange Points (IXP)"
20375,"tpInternetConn_Internet_Exchanges_Number","Number of Internet exchange points (IXPs)",,,135,"LCA","Saint Lucia","1",2020,"","","Number of Internet Exchange Points (IXP)"
20375,"tpInternetConn_Internet_Exchanges_Number","Number of Internet exchange points (IXPs)",,,135,"LCA","Saint Lucia","1",2021,"","","Number of Internet Exchange Points (IXP)"
20375,"tpInternetConn_Internet_Exchanges_Number","Number of Internet exchange points (IXPs)",,,135,"LCA","Saint Lucia","1",2022,"","","Number of Internet Exchange Points (IXP)"
20375,"tpInternetConn_Internet_Exchanges_Number","Number of Internet exchange points (IXPs)",,,135,"LCA","Saint Lucia","1",2023,"","","Number of Internet Exchange Points (IXP)"
20375,"tpInternetConn_Internet_Exchanges_Number","Number of Internet exchange points (IXPs)",,,135,"LCA","Saint Lucia","1",2024,"","","Number of Internet Exchange Points (IXP)"
20375,"tpInternetConn_Internet_Exchanges_Number","Number of Internet exchange points (IXPs)",,,136,"LIE","Liechtenstein","1",2015,"","","Number of Internet Exchange Points (IXP)"
20375,"tpInternetConn_Internet_Exchanges_Number","Number of Internet exchange points (IXPs)",,,136,"LIE","Liechtenstein","1",2016,"","","Number of Internet Exchange Points (IXP)"
20375,"tpInternetConn_Internet_Exchanges_Number","Number of Internet exchange points (IXPs)",,,136,"LIE","Liechtenstein","1",2017,"","","Number of Internet Exchange Points (IXP)"
20375,"tpInternetConn_Internet_Exchanges_Number","Number of Internet exchange points (IXPs)",,,136,"LIE","Liechtenstein","1",2018,"","","Number of Internet Exchange Points (IXP)"
20375,"tpInternetConn_Internet_Exchanges_Number","Number of Internet exchange points (IXPs)",,,136,"LIE","Liechtenstein","1",2019,"","","Number of Internet Exchange Points (IXP)"
20375,"tpInternetConn_Internet_Exchanges_Number","Number of Internet exchange points (IXPs)",,,136,"LIE","Liechtenstein","1",2020,"","","Number of Internet Exchange Points (IXP)"
20375,"tpInternetConn_Internet_Exchanges_Number","Number of Internet exchange points (IXPs)",,,136,"LIE","Liechtenstein","1",2021,"see https://www.rheintal-ix.net/rheintal_ix/sites/","","Number of Internet Exchange Points (IXP)"
20375,"tpInternetConn_Internet_Exchanges_Number","Number of Internet exchange points (IXPs)",,,136,"LIE","Liechtenstein","1",2022,"see https://www.rheintal-ix.net/rheintal_ix/sites/","","Number of Internet Exchange Points (IXP)"
20375,"tpInternetConn_Internet_Exchanges_Number","Number of Internet exchange points (IXPs)",,,136,"LIE","Liechtenstein","1",2023,"","","Number of Internet Exchange Points (IXP)"
20375,"tpInternetConn_Internet_Exchanges_Number","Number of Internet exchange points (IXPs)",,,136,"LIE","Liechtenstein","1",2024,"","","Number of Internet Exchange Points (IXP)"
20375,"tpInternetConn_Internet_Exchanges_Number","Number of Internet exchange points (IXPs)",,,137,"LSO","Lesotho","1",2015,"","","Number of Internet Exchange Points (IXP)"
20375,"tpInternetConn_Internet_Exchanges_Number","Number of Internet exchange points (IXPs)",,,137,"LSO","Lesotho","1",2016,"","","Number of Internet Exchange Points (IXP)"
20375,"tpInternetConn_Internet_Exchanges_Number","Number of Internet exchange points (IXPs)",,,137,"LSO","Lesotho","1",2017,"","","Number of Internet Exchange Points (IXP)"
20375,"tpInternetConn_Internet_Exchanges_Number","Number of Internet exchange points (IXPs)",,,137,"LSO","Lesotho","1",2018,"","","Number of Internet Exchange Points (IXP)"
20375,"tpInternetConn_Internet_Exchanges_Number","Number of Internet exchange points (IXPs)",,,137,"LSO","Lesotho","1",2019,"","","Number of Internet Exchange Points (IXP)"
20375,"tpInternetConn_Internet_Exchanges_Number","Number of Internet exchange points (IXPs)",,,137,"LSO","Lesotho","1",2020,"","","Number of Internet Exchange Points (IXP)"
20375,"tpInternetConn_Internet_Exchanges_Number","Number of Internet exchange points (IXPs)",,,137,"LSO","Lesotho","1",2021,"","","Number of Internet Exchange Points (IXP)"
20375,"tpInternetConn_Internet_Exchanges_Number","Number of Internet exchange points (IXPs)",,,137,"LSO","Lesotho","1",2023,"","","Number of Internet Exchange Points (IXP)"
20375,"tpInternetConn_Internet_Exchanges_Number","Number of Internet exchange points (IXPs)",,,138,"LTU","Lithuania","4",2021,"","","Number of Internet Exchange Points (IXP)"
20375,"tpInternetConn_Internet_Exchanges_Number","Number of Internet exchange points (IXPs)",,,138,"LTU","Lithuania","4",2022,"","","Number of Internet Exchange Points (IXP)"
20375,"tpInternetConn_Internet_Exchanges_Number","Number of Internet exchange points (IXPs)",,,138,"LTU","Lithuania","4",2023,"","","Number of Internet Exchange Points (IXP)"
20375,"tpInternetConn_Internet_Exchanges_Number","Number of Internet exchange points (IXPs)",,,138,"LTU","Lithuania","4",2024,"","","Number of Internet Exchange Points (IXP)"
20375,"tpInternetConn_Internet_Exchanges_Number","Number of Internet exchange points (IXPs)",,,139,"LUX","Luxembourg","1",2017,"","","Number of Internet Exchange Points (IXP)"
20375,"tpInternetConn_Internet_Exchanges_Number","Number of Internet exchange points (IXPs)",,,142,"MUS","Mauritius","1",2018,"","","Number of Internet Exchange Points (IXP)"
20375,"tpInternetConn_Internet_Exchanges_Number","Number of Internet exchange points (IXPs)",,,142,"MUS","Mauritius","1",2019,"","","Number of Internet Exchange Points (IXP)"
20375,"tpInternetConn_Internet_Exchanges_Number","Number of Internet exchange points (IXPs)",,,142,"MUS","Mauritius","1",2020,"","","Number of Internet Exchange Points (IXP)"
20375,"tpInternetConn_Internet_Exchanges_Number","Number of Internet exchange points (IXPs)",,,142,"MUS","Mauritius","1",2021,"","","Number of Internet Exchange Points (IXP)"
20375,"tpInternetConn_Internet_Exchanges_Number","Number of Internet exchange points (IXPs)",,,142,"MUS","Mauritius","1",2022,"1","","Number of Internet Exchange Points (IXP)"
20375,"tpInternetConn_Internet_Exchanges_Number","Number of Internet exchange points (IXPs)",,,142,"MUS","Mauritius","1",2023,"","","Number of Internet Exchange Points (IXP)"
20375,"tpInternetConn_Internet_Exchanges_Number","Number of Internet exchange points (IXPs)",,,142,"MUS","Mauritius","1",2024,"","","Number of Internet Exchange Points (IXP)"
20375,"tpInternetConn_Internet_Exchanges_Number","Number of Internet exchange points (IXPs)",,,144,"MDG","Madagascar","1",2016,"","","Number of Internet Exchange Points (IXP)"
20375,"tpInternetConn_Internet_Exchanges_Number","Number of Internet exchange points (IXPs)",,,144,"MDG","Madagascar","1",2019,"","","Number of Internet Exchange Points (IXP)"
20375,"tpInternetConn_Internet_Exchanges_Number","Number of Internet exchange points (IXPs)",,,144,"MDG","Madagascar","1",2020,"","","Number of Internet Exchange Points (IXP)"
20375,"tpInternetConn_Internet_Exchanges_Number","Number of Internet exchange points (IXPs)",,,144,"MDG","Madagascar","0",2021,"","","Number of Internet Exchange Points (IXP)"
20375,"tpInternetConn_Internet_Exchanges_Number","Number of Internet exchange points (IXPs)",,,147,"MEX","Mexico","1",2016,"","","Number of Internet Exchange Points (IXP)"
20375,"tpInternetConn_Internet_Exchanges_Number","Number of Internet exchange points (IXPs)",,,147,"MEX","Mexico","1",2017,"El Consorcio de Intercambio de Tráfico de Internet, es una Asociación Civil sin fines de lucro integrado por importantes organizaciones del sector privado, que se fundó con el objetivo de establecer el primer IXP (Internet Exchange Point o Punto de Intercambio de Tráfico de Internet) en México, y obtener beneficios en términos de eficiencia en las comunicaciones que en él se intercambian.","","Number of Internet Exchange Points (IXP)"
20375,"tpInternetConn_Internet_Exchanges_Number","Number of Internet exchange points (IXPs)",,,147,"MEX","Mexico","1",2019,"Con la finalidad de establecer el primer IXP (Internet Exchange Point o Punto de Intercambio de Tráfico de Internet) y tener en México se creo CITI, A.C. , Consorcio de Intercambio de Tráfico de Internet, una Asociación civil sin fines de lucro.","","Number of Internet Exchange Points (IXP)"
20375,"tpInternetConn_Internet_Exchanges_Number","Number of Internet exchange points (IXPs)",,,147,"MEX","Mexico","2",2022,"","","Number of Internet Exchange Points (IXP)"
20375,"tpInternetConn_Internet_Exchanges_Number","Number of Internet exchange points (IXPs)",,,147,"MEX","Mexico","2",2023,"","","Number of Internet Exchange Points (IXP)"
20375,"tpInternetConn_Internet_Exchanges_Number","Number of Internet exchange points (IXPs)",,,147,"MEX","Mexico","2",2024,"","","Number of Internet Exchange Points (IXP)"
20375,"tpInternetConn_Internet_Exchanges_Number","Number of Internet exchange points (IXPs)",,,148,"MYS","Malaysia","1",2016,"","","Number of Internet Exchange Points (IXP)"
20375,"tpInternetConn_Internet_Exchanges_Number","Number of Internet exchange points (IXPs)",,,148,"MYS","Malaysia","1",2017,"","","Number of Internet Exchange Points (IXP)"
20375,"tpInternetConn_Internet_Exchanges_Number","Number of Internet exchange points (IXPs)",,,148,"MYS","Malaysia","1",2018,"","","Number of Internet Exchange Points (IXP)"
20375,"tpInternetConn_Internet_Exchanges_Number","Number of Internet exchange points (IXPs)",,,148,"MYS","Malaysia","4",2020,"","","Number of Internet Exchange Points (IXP)"
20375,"tpInternetConn_Internet_Exchanges_Number","Number of Internet exchange points (IXPs)",,,148,"MYS","Malaysia","4",2021,"","","Number of Internet Exchange Points (IXP)"
20375,"tpInternetConn_Internet_Exchanges_Number","Number of Internet exchange points (IXPs)",,,148,"MYS","Malaysia","6",2022,"","","Number of Internet Exchange Points (IXP)"
20375,"tpInternetConn_Internet_Exchanges_Number","Number of Internet exchange points (IXPs)",,,148,"MYS","Malaysia","6",2023,"","","Number of Internet Exchange Points (IXP)"
20375,"tpInternetConn_Internet_Exchanges_Number","Number of Internet exchange points (IXPs)",,,150,"MLI","Mali","1",2016,"","","Number of Internet Exchange Points (IXP)"
20375,"tpInternetConn_Internet_Exchanges_Number","Number of Internet exchange points (IXPs)",,,150,"MLI","Mali","1",2018,"","","Number of Internet Exchange Points (IXP)"
20375,"tpInternetConn_Internet_Exchanges_Number","Number of Internet exchange points (IXPs)",,,150,"MLI","Mali","1",2019,"","","Number of Internet Exchange Points (IXP)"
20375,"tpInternetConn_Internet_Exchanges_Number","Number of Internet exchange points (IXPs)",,,150,"MLI","Mali","1",2020,"","","Number of Internet Exchange Points (IXP)"
20375,"tpInternetConn_Internet_Exchanges_Number","Number of Internet exchange points (IXPs)",,,150,"MLI","Mali","1",2022,"","","Number of Internet Exchange Points (IXP)"
20375,"tpInternetConn_Internet_Exchanges_Number","Number of Internet exchange points (IXPs)",,,150,"MLI","Mali","1",2023,"","","Number of Internet Exchange Points (IXP)"
20375,"tpInternetConn_Internet_Exchanges_Number","Number of Internet exchange points (IXPs)",,,151,"MLT","Malta","1",2016,"","","Number of Internet Exchange Points (IXP)"
20375,"tpInternetConn_Internet_Exchanges_Number","Number of Internet exchange points (IXPs)",,,151,"MLT","Malta","1",2017,"","","Number of Internet Exchange Points (IXP)"
20375,"tpInternetConn_Internet_Exchanges_Number","Number of Internet exchange points (IXPs)",,,151,"MLT","Malta","1",2018,"","","Number of Internet Exchange Points (IXP)"
20375,"tpInternetConn_Internet_Exchanges_Number","Number of Internet exchange points (IXPs)",,,151,"MLT","Malta","1",2019,"","","Number of Internet Exchange Points (IXP)"
20375,"tpInternetConn_Internet_Exchanges_Number","Number of Internet exchange points (IXPs)",,,151,"MLT","Malta","1",2020,"","","Number of Internet Exchange Points (IXP)"
20375,"tpInternetConn_Internet_Exchanges_Number","Number of Internet exchange points (IXPs)",,,151,"MLT","Malta","1",2021,"","","Number of Internet Exchange Points (IXP)"
20375,"tpInternetConn_Internet_Exchanges_Number","Number of Internet exchange points (IXPs)",,,152,"MNG","Mongolia","1",2018,"","","Number of Internet Exchange Points (IXP)"
20375,"tpInternetConn_Internet_Exchanges_Number","Number of Internet exchange points (IXPs)",,,152,"MNG","Mongolia","1",2019,"","","Number of Internet Exchange Points (IXP)"
20375,"tpInternetConn_Internet_Exchanges_Number","Number of Internet exchange points (IXPs)",,,152,"MNG","Mongolia","1",2020,"","","Number of Internet Exchange Points (IXP)"
20375,"tpInternetConn_Internet_Exchanges_Number","Number of Internet exchange points (IXPs)",,,152,"MNG","Mongolia","1",2021,"","","Number of Internet Exchange Points (IXP)"
20375,"tpInternetConn_Internet_Exchanges_Number","Number of Internet exchange points (IXPs)",,,152,"MNG","Mongolia","1",2022,"","","Number of Internet Exchange Points (IXP)"
20375,"tpInternetConn_Internet_Exchanges_Number","Number of Internet exchange points (IXPs)",,,152,"MNG","Mongolia","1",2023,"","","Number of Internet Exchange Points (IXP)"
20375,"tpInternetConn_Internet_Exchanges_Number","Number of Internet exchange points (IXPs)",,,152,"MNG","Mongolia","1",2024,"","","Number of Internet Exchange Points (IXP)"
20375,"tpInternetConn_Internet_Exchanges_Number","Number of Internet exchange points (IXPs)",,,153,"MOZ","Mozambique","1",2016,"","","Number of Internet Exchange Points (IXP)"
20375,"tpInternetConn_Internet_Exchanges_Number","Number of Internet exchange points (IXPs)",,,153,"MOZ","Mozambique","1",2017,"","","Number of Internet Exchange Points (IXP)"
20375,"tpInternetConn_Internet_Exchanges_Number","Number of Internet exchange points (IXPs)",,,153,"MOZ","Mozambique","1",2019,"","","Number of Internet Exchange Points (IXP)"
20375,"tpInternetConn_Internet_Exchanges_Number","Number of Internet exchange points (IXPs)",,,153,"MOZ","Mozambique","1",2020,"","","Number of Internet Exchange Points (IXP)"
20375,"tpInternetConn_Internet_Exchanges_Number","Number of Internet exchange points (IXPs)",,,153,"MOZ","Mozambique","1",2021,"","","Number of Internet Exchange Points (IXP)"
20375,"tpInternetConn_Internet_Exchanges_Number","Number of Internet exchange points (IXPs)",,,160,"MRT","Mauritania","1",2016,"","","Number of Internet Exchange Points (IXP)"
20375,"tpInternetConn_Internet_Exchanges_Number","Number of Internet exchange points (IXPs)",,,160,"MRT","Mauritania","1",2017,"","","Number of Internet Exchange Points (IXP)"
20375,"tpInternetConn_Internet_Exchanges_Number","Number of Internet exchange points (IXPs)",,,160,"MRT","Mauritania","1",2018,"","","Number of Internet Exchange Points (IXP)"
20375,"tpInternetConn_Internet_Exchanges_Number","Number of Internet exchange points (IXPs)",,,160,"MRT","Mauritania","1",2020,"","","Number of Internet Exchange Points (IXP)"
20375,"tpInternetConn_Internet_Exchanges_Number","Number of Internet exchange points (IXPs)",,,160,"MRT","Mauritania","1",2022,"","","Number of Internet Exchange Points (IXP)"
20375,"tpInternetConn_Internet_Exchanges_Number","Number of Internet exchange points (IXPs)",,,161,"MWI","Malawi","1",2016,"","","Number of Internet Exchange Points (IXP)"
20375,"tpInternetConn_Internet_Exchanges_Number","Number of Internet exchange points (IXPs)",,,161,"MWI","Malawi","1",2017,"","","Number of Internet Exchange Points (IXP)"
20375,"tpInternetConn_Internet_Exchanges_Number","Number of Internet exchange points (IXPs)",,,161,"MWI","Malawi","1",2018,"","","Number of Internet Exchange Points (IXP)"
20375,"tpInternetConn_Internet_Exchanges_Number","Number of Internet exchange points (IXPs)",,,161,"MWI","Malawi","1",2019,"","","Number of Internet Exchange Points (IXP)"
20375,"tpInternetConn_Internet_Exchanges_Number","Number of Internet exchange points (IXPs)",,,161,"MWI","Malawi","1",2021,"","","Number of Internet Exchange Points (IXP)"
20375,"tpInternetConn_Internet_Exchanges_Number","Number of Internet exchange points (IXPs)",,,163,"NIC","Nicaragua","1",2021,"","","Number of Internet Exchange Points (IXP)"
20375,"tpInternetConn_Internet_Exchanges_Number","Number of Internet exchange points (IXPs)",,,163,"NIC","Nicaragua","1",2022,"","","Number of Internet Exchange Points (IXP)"
20375,"tpInternetConn_Internet_Exchanges_Number","Number of Internet exchange points (IXPs)",,,163,"NIC","Nicaragua","1",2023,"","","Number of Internet Exchange Points (IXP)"
20375,"tpInternetConn_Internet_Exchanges_Number","Number of Internet exchange points (IXPs)",,,163,"NIC","Nicaragua","2",2024,"Un IXP privado en el que participa mayoría operadores y Uno exclusivo de Universidades.","","Number of Internet Exchange Points (IXP)"
20375,"tpInternetConn_Internet_Exchanges_Number","Number of Internet exchange points (IXPs)",,,167,"NGA","Nigeria","1",2019,"","","Number of Internet Exchange Points (IXP)"
20375,"tpInternetConn_Internet_Exchanges_Number","Number of Internet exchange points (IXPs)",,,169,"NAM","Namibia","1",2015,"","","Number of Internet Exchange Points (IXP)"
20375,"tpInternetConn_Internet_Exchanges_Number","Number of Internet exchange points (IXPs)",,,169,"NAM","Namibia","1",2017,"","","Number of Internet Exchange Points (IXP)"
20375,"tpInternetConn_Internet_Exchanges_Number","Number of Internet exchange points (IXPs)",,,169,"NAM","Namibia","1",2018,"","","Number of Internet Exchange Points (IXP)"
20375,"tpInternetConn_Internet_Exchanges_Number","Number of Internet exchange points (IXPs)",,,169,"NAM","Namibia","1",2019,"","","Number of Internet Exchange Points (IXP)"
20375,"tpInternetConn_Internet_Exchanges_Number","Number of Internet exchange points (IXPs)",,,169,"NAM","Namibia","1",2020,"","","Number of Internet Exchange Points (IXP)"
20375,"tpInternetConn_Internet_Exchanges_Number","Number of Internet exchange points (IXPs)",,,169,"NAM","Namibia","1",2021,"","","Number of Internet Exchange Points (IXP)"
20375,"tpInternetConn_Internet_Exchanges_Number","Number of Internet exchange points (IXPs)",,,169,"NAM","Namibia","1",2022,"","","Number of Internet Exchange Points (IXP)"
20375,"tpInternetConn_Internet_Exchanges_Number","Number of Internet exchange points (IXPs)",,,169,"NAM","Namibia","1",2023,"","","Number of Internet Exchange Points (IXP)"
20375,"tpInternetConn_Internet_Exchanges_Number","Number of Internet exchange points (IXPs)",,,169,"NAM","Namibia","1",2024,"","","Number of Internet Exchange Points (IXP)"
20375,"tpInternetConn_Internet_Exchanges_Number","Number of Internet exchange points (IXPs)",,,170,"NOR","Norway","8",2015,"4 in Oslo, 1 in Stavanger, 1 in Bergen, 1 in Trondheim and 1 in Tromsø","","Number of Internet Exchange Points (IXP)"
20375,"tpInternetConn_Internet_Exchanges_Number","Number of Internet exchange points (IXPs)",,,170,"NOR","Norway","6",2016,"","","Number of Internet Exchange Points (IXP)"
20375,"tpInternetConn_Internet_Exchanges_Number","Number of Internet exchange points (IXPs)",,,170,"NOR","Norway","6",2017,"","","Number of Internet Exchange Points (IXP)"
20375,"tpInternetConn_Internet_Exchanges_Number","Number of Internet exchange points (IXPs)",,,170,"NOR","Norway","6",2018,"","","Number of Internet Exchange Points (IXP)"
20375,"tpInternetConn_Internet_Exchanges_Number","Number of Internet exchange points (IXPs)",,,170,"NOR","Norway","6",2019,"","","Number of Internet Exchange Points (IXP)"
20375,"tpInternetConn_Internet_Exchanges_Number","Number of Internet exchange points (IXPs)",,,170,"NOR","Norway","6",2020,"","","Number of Internet Exchange Points (IXP)"
20375,"tpInternetConn_Internet_Exchanges_Number","Number of Internet exchange points (IXPs)",,,170,"NOR","Norway","6",2021,"","","Number of Internet Exchange Points (IXP)"
20375,"tpInternetConn_Internet_Exchanges_Number","Number of Internet exchange points (IXPs)",,,170,"NOR","Norway","6",2022,"","","Number of Internet Exchange Points (IXP)"
20375,"tpInternetConn_Internet_Exchanges_Number","Number of Internet exchange points (IXPs)",,,170,"NOR","Norway","6",2023,"","","Number of Internet Exchange Points (IXP)"
20375,"tpInternetConn_Internet_Exchanges_Number","Number of Internet exchange points (IXPs)",,,170,"NOR","Norway","6",2024,"","","Number of Internet Exchange Points (IXP)"
20375,"tpInternetConn_Internet_Exchanges_Number","Number of Internet exchange points (IXPs)",,,171,"NPL","Nepal (Republic of)","1",2017,"","","Number of Internet Exchange Points (IXP)"
20375,"tpInternetConn_Internet_Exchanges_Number","Number of Internet exchange points (IXPs)",,,171,"NPL","Nepal (Republic of)","1",2018,"","","Number of Internet Exchange Points (IXP)"
20375,"tpInternetConn_Internet_Exchanges_Number","Number of Internet exchange points (IXPs)",,,171,"NPL","Nepal (Republic of)","12",2022,"","","Number of Internet Exchange Points (IXP)"
20375,"tpInternetConn_Internet_Exchanges_Number","Number of Internet exchange points (IXPs)",,,173,"NZL","New Zealand","7",2015,"","","Number of Internet Exchange Points (IXP)"
20375,"tpInternetConn_Internet_Exchanges_Number","Number of Internet exchange points (IXPs)",,,173,"NZL","New Zealand","5",2018,"","","Number of Internet Exchange Points (IXP)"
20375,"tpInternetConn_Internet_Exchanges_Number","Number of Internet exchange points (IXPs)",,,173,"NZL","New Zealand","5",2019,"","","Number of Internet Exchange Points (IXP)"
20375,"tpInternetConn_Internet_Exchanges_Number","Number of Internet exchange points (IXPs)",,,173,"NZL","New Zealand","5",2020,"","","Number of Internet Exchange Points (IXP)"
20375,"tpInternetConn_Internet_Exchanges_Number","Number of Internet exchange points (IXPs)",,,173,"NZL","New Zealand","5",2021,"","","Number of Internet Exchange Points (IXP)"
20375,"tpInternetConn_Internet_Exchanges_Number","Number of Internet exchange points (IXPs)",,,176,"OMN","Oman","2",2024,"","","Number of Internet Exchange Points (IXP)"
20375,"tpInternetConn_Internet_Exchanges_Number","Number of Internet exchange points (IXPs)",,,182,"PAK","Pakistan","2",2019,"","","Number of Internet Exchange Points (IXP)"
20375,"tpInternetConn_Internet_Exchanges_Number","Number of Internet exchange points (IXPs)",,,182,"PAK","Pakistan","2",2020,"","","Number of Internet Exchange Points (IXP)"
20375,"tpInternetConn_Internet_Exchanges_Number","Number of Internet exchange points (IXPs)",,,182,"PAK","Pakistan","3",2021,"","","Number of Internet Exchange Points (IXP)"
20375,"tpInternetConn_Internet_Exchanges_Number","Number of Internet exchange points (IXPs)",,,188,"PNG","Papua New Guinea","1",2018,"","","Number of Internet Exchange Points (IXP)"
20375,"tpInternetConn_Internet_Exchanges_Number","Number of Internet exchange points (IXPs)",,,189,"PAN","Panama","1",2016,"","","Number of Internet Exchange Points (IXP)"
20375,"tpInternetConn_Internet_Exchanges_Number","Number of Internet exchange points (IXPs)",,,189,"PAN","Panama","1",2017,"","","Number of Internet Exchange Points (IXP)"
20375,"tpInternetConn_Internet_Exchanges_Number","Number of Internet exchange points (IXPs)",,,189,"PAN","Panama","1",2018,"","","Number of Internet Exchange Points (IXP)"
20375,"tpInternetConn_Internet_Exchanges_Number","Number of Internet exchange points (IXPs)",,,189,"PAN","Panama","1",2019,"","","Number of Internet Exchange Points (IXP)"
20375,"tpInternetConn_Internet_Exchanges_Number","Number of Internet exchange points (IXPs)",,,189,"PAN","Panama","1",2020,"","","Number of Internet Exchange Points (IXP)"
20375,"tpInternetConn_Internet_Exchanges_Number","Number of Internet exchange points (IXPs)",,,189,"PAN","Panama","1",2021,"","","Number of Internet Exchange Points (IXP)"
20375,"tpInternetConn_Internet_Exchanges_Number","Number of Internet exchange points (IXPs)",,,189,"PAN","Panama","1",2022,"","","Number of Internet Exchange Points (IXP)"
20375,"tpInternetConn_Internet_Exchanges_Number","Number of Internet exchange points (IXPs)",,,189,"PAN","Panama","1",2023,"","","Number of Internet Exchange Points (IXP)"
20375,"tpInternetConn_Internet_Exchanges_Number","Number of Internet exchange points (IXPs)",,,191,"PRT","Portugal","1",2017,"","","Number of Internet Exchange Points (IXP)"
20375,"tpInternetConn_Internet_Exchanges_Number","Number of Internet exchange points (IXPs)",,,191,"PRT","Portugal","1",2018,"","","Number of Internet Exchange Points (IXP)"
20375,"tpInternetConn_Internet_Exchanges_Number","Number of Internet exchange points (IXPs)",,,191,"PRT","Portugal","1",2019,"","","Number of Internet Exchange Points (IXP)"
20375,"tpInternetConn_Internet_Exchanges_Number","Number of Internet exchange points (IXPs)",,,191,"PRT","Portugal","1",2021,"","","Number of Internet Exchange Points (IXP)"
20375,"tpInternetConn_Internet_Exchanges_Number","Number of Internet exchange points (IXPs)",,,191,"PRT","Portugal","1",2022,"","","Number of Internet Exchange Points (IXP)"
20375,"tpInternetConn_Internet_Exchanges_Number","Number of Internet exchange points (IXPs)",,,191,"PRT","Portugal","1",2023,"","","Number of Internet Exchange Points (IXP)"
20375,"tpInternetConn_Internet_Exchanges_Number","Number of Internet exchange points (IXPs)",,,191,"PRT","Portugal","1",2024,"","","Number of Internet Exchange Points (IXP)"
20375,"tpInternetConn_Internet_Exchanges_Number","Number of Internet exchange points (IXPs)",,,192,"PRY","Paraguay","1",2016,"El IXP fue creado en el 2016","","Number of Internet Exchange Points (IXP)"
20375,"tpInternetConn_Internet_Exchanges_Number","Number of Internet exchange points (IXPs)",,,192,"PRY","Paraguay","1",2017,"","","Number of Internet Exchange Points (IXP)"
20375,"tpInternetConn_Internet_Exchanges_Number","Number of Internet exchange points (IXPs)",,,192,"PRY","Paraguay","1",2018,"","","Number of Internet Exchange Points (IXP)"
20375,"tpInternetConn_Internet_Exchanges_Number","Number of Internet exchange points (IXPs)",,,192,"PRY","Paraguay","1",2019,"","","Number of Internet Exchange Points (IXP)"
20375,"tpInternetConn_Internet_Exchanges_Number","Number of Internet exchange points (IXPs)",,,192,"PRY","Paraguay","1",2023,"","","Number of Internet Exchange Points (IXP)"
20375,"tpInternetConn_Internet_Exchanges_Number","Number of Internet exchange points (IXPs)",,,193,"PER","Peru","1",2015,"","","Number of Internet Exchange Points (IXP)"
20375,"tpInternetConn_Internet_Exchanges_Number","Number of Internet exchange points (IXPs)",,,193,"PER","Peru","1",2016,"","","Number of Internet Exchange Points (IXP)"
20375,"tpInternetConn_Internet_Exchanges_Number","Number of Internet exchange points (IXPs)",,,193,"PER","Peru","1",2017,"","","Number of Internet Exchange Points (IXP)"
20375,"tpInternetConn_Internet_Exchanges_Number","Number of Internet exchange points (IXPs)",,,193,"PER","Peru","1",2018,"","","Number of Internet Exchange Points (IXP)"
20375,"tpInternetConn_Internet_Exchanges_Number","Number of Internet exchange points (IXPs)",,,193,"PER","Peru","1",2019,"","","Number of Internet Exchange Points (IXP)"
20375,"tpInternetConn_Internet_Exchanges_Number","Number of Internet exchange points (IXPs)",,,193,"PER","Peru","2",2020,"","","Number of Internet Exchange Points (IXP)"
20375,"tpInternetConn_Internet_Exchanges_Number","Number of Internet exchange points (IXPs)",,,193,"PER","Peru","2",2021,"","","Number of Internet Exchange Points (IXP)"
20375,"tpInternetConn_Internet_Exchanges_Number","Number of Internet exchange points (IXPs)",,,193,"PER","Peru","2",2022,"","","Number of Internet Exchange Points (IXP)"
20375,"tpInternetConn_Internet_Exchanges_Number","Number of Internet exchange points (IXPs)",,,193,"PER","Peru","2",2024,"","","Number of Internet Exchange Points (IXP)"
20375,"tpInternetConn_Internet_Exchanges_Number","Number of Internet exchange points (IXPs)",,,196,"QAT","Qatar","2",2022,"There is one Qatar IXP which is located in two different data centers.It is expected that more locations will be added in the future.","","Number of Internet Exchange Points (IXP)"
20375,"tpInternetConn_Internet_Exchanges_Number","Number of Internet exchange points (IXPs)",,,196,"QAT","Qatar","3",2023,"","","Number of Internet Exchange Points (IXP)"
20375,"tpInternetConn_Internet_Exchanges_Number","Number of Internet exchange points (IXPs)",,,196,"QAT","Qatar","3",2024,"","","Number of Internet Exchange Points (IXP)"
20375,"tpInternetConn_Internet_Exchanges_Number","Number of Internet exchange points (IXPs)",,,201,"RWA","Rwanda","1",2018,"","","Number of Internet Exchange Points (IXP)"
20375,"tpInternetConn_Internet_Exchanges_Number","Number of Internet exchange points (IXPs)",,,201,"RWA","Rwanda","1",2019,"","","Number of Internet Exchange Points (IXP)"
20375,"tpInternetConn_Internet_Exchanges_Number","Number of Internet exchange points (IXPs)",,,201,"RWA","Rwanda","1",2020,"","","Number of Internet Exchange Points (IXP)"
20375,"tpInternetConn_Internet_Exchanges_Number","Number of Internet exchange points (IXPs)",,,201,"RWA","Rwanda","1",2021,"","","Number of Internet Exchange Points (IXP)"
20375,"tpInternetConn_Internet_Exchanges_Number","Number of Internet exchange points (IXPs)",,,201,"RWA","Rwanda","1",2023,"","","Number of Internet Exchange Points (IXP)"
20375,"tpInternetConn_Internet_Exchanges_Number","Number of Internet exchange points (IXPs)",,,201,"RWA","Rwanda","1",2024,"","","Number of Internet Exchange Points (IXP)"
20375,"tpInternetConn_Internet_Exchanges_Number","Number of Internet exchange points (IXPs)",,,202,"RUS","Russian Federation","38",2017,"","","Number of Internet Exchange Points (IXP)"
20375,"tpInternetConn_Internet_Exchanges_Number","Number of Internet exchange points (IXPs)",,,202,"RUS","Russian Federation","38",2018,"","","Number of Internet Exchange Points (IXP)"
20375,"tpInternetConn_Internet_Exchanges_Number","Number of Internet exchange points (IXPs)",,,202,"RUS","Russian Federation","38",2019,"","","Number of Internet Exchange Points (IXP)"
20375,"tpInternetConn_Internet_Exchanges_Number","Number of Internet exchange points (IXPs)",,,202,"RUS","Russian Federation","38",2020,"","","Number of Internet Exchange Points (IXP)"
20375,"tpInternetConn_Internet_Exchanges_Number","Number of Internet exchange points (IXPs)",,,202,"RUS","Russian Federation","38",2021,"","","Number of Internet Exchange Points (IXP)"
20375,"tpInternetConn_Internet_Exchanges_Number","Number of Internet exchange points (IXPs)",,,202,"RUS","Russian Federation","40",2022,"40","","Number of Internet Exchange Points (IXP)"
20375,"tpInternetConn_Internet_Exchanges_Number","Number of Internet exchange points (IXPs)",,,202,"RUS","Russian Federation","38",2023,"","","Number of Internet Exchange Points (IXP)"
20375,"tpInternetConn_Internet_Exchanges_Number","Number of Internet exchange points (IXPs)",,,203,"SWE","Sweden","8",2017,"","","Number of Internet Exchange Points (IXP)"
20375,"tpInternetConn_Internet_Exchanges_Number","Number of Internet exchange points (IXPs)",,,203,"SWE","Sweden","8",2018,"","","Number of Internet Exchange Points (IXP)"
20375,"tpInternetConn_Internet_Exchanges_Number","Number of Internet exchange points (IXPs)",,,203,"SWE","Sweden","8",2019,"","","Number of Internet Exchange Points (IXP)"
20375,"tpInternetConn_Internet_Exchanges_Number","Number of Internet exchange points (IXPs)",,,203,"SWE","Sweden","8",2020,"","","Number of Internet Exchange Points (IXP)"
20375,"tpInternetConn_Internet_Exchanges_Number","Number of Internet exchange points (IXPs)",,,203,"SWE","Sweden","10",2022,"","","Number of Internet Exchange Points (IXP)"
20375,"tpInternetConn_Internet_Exchanges_Number","Number of Internet exchange points (IXPs)",,,205,"SDN","Sudan","1",2015,"","","Number of Internet Exchange Points (IXP)"
20375,"tpInternetConn_Internet_Exchanges_Number","Number of Internet exchange points (IXPs)",,,205,"SDN","Sudan","1",2018,"","","Number of Internet Exchange Points (IXP)"
20375,"tpInternetConn_Internet_Exchanges_Number","Number of Internet exchange points (IXPs)",,,205,"SDN","Sudan","1",2019,"","","Number of Internet Exchange Points (IXP)"
20375,"tpInternetConn_Internet_Exchanges_Number","Number of Internet exchange points (IXPs)",,,205,"SDN","Sudan","1",2020,"","","Number of Internet Exchange Points (IXP)"
20375,"tpInternetConn_Internet_Exchanges_Number","Number of Internet exchange points (IXPs)",,,205,"SDN","Sudan","1",2021,"","","Number of Internet Exchange Points (IXP)"
20375,"tpInternetConn_Internet_Exchanges_Number","Number of Internet exchange points (IXPs)",,,205,"SDN","Sudan","1",2022,"","","Number of Internet Exchange Points (IXP)"
20375,"tpInternetConn_Internet_Exchanges_Number","Number of Internet exchange points (IXPs)",,,206,"SEN","Senegal","1",2019,"","","Number of Internet Exchange Points (IXP)"
20375,"tpInternetConn_Internet_Exchanges_Number","Number of Internet exchange points (IXPs)",,,206,"SEN","Senegal","1",2020,"","","Number of Internet Exchange Points (IXP)"
20375,"tpInternetConn_Internet_Exchanges_Number","Number of Internet exchange points (IXPs)",,,206,"SEN","Senegal","1",2021,"","","Number of Internet Exchange Points (IXP)"
20375,"tpInternetConn_Internet_Exchanges_Number","Number of Internet exchange points (IXPs)",,,206,"SEN","Senegal","1",2022,"","","Number of Internet Exchange Points (IXP)"
20375,"tpInternetConn_Internet_Exchanges_Number","Number of Internet exchange points (IXPs)",,,206,"SEN","Senegal","1",2023,"","","Number of Internet Exchange Points (IXP)"
20375,"tpInternetConn_Internet_Exchanges_Number","Number of Internet exchange points (IXPs)",,,206,"SEN","Senegal","1",2024,"","","Number of Internet Exchange Points (IXP)"
20375,"tpInternetConn_Internet_Exchanges_Number","Number of Internet exchange points (IXPs)",,,207,"SYC","Seychelles","1",2016,"","","Number of Internet Exchange Points (IXP)"
20375,"tpInternetConn_Internet_Exchanges_Number","Number of Internet exchange points (IXPs)",,,207,"SYC","Seychelles","1",2017,"","","Number of Internet Exchange Points (IXP)"
20375,"tpInternetConn_Internet_Exchanges_Number","Number of Internet exchange points (IXPs)",,,207,"SYC","Seychelles","1",2018,"","","Number of Internet Exchange Points (IXP)"
20375,"tpInternetConn_Internet_Exchanges_Number","Number of Internet exchange points (IXPs)",,,207,"SYC","Seychelles","1",2019,"","","Number of Internet Exchange Points (IXP)"
20375,"tpInternetConn_Internet_Exchanges_Number","Number of Internet exchange points (IXPs)",,,207,"SYC","Seychelles","1",2020,"","","Number of Internet Exchange Points (IXP)"
20375,"tpInternetConn_Internet_Exchanges_Number","Number of Internet exchange points (IXPs)",,,207,"SYC","Seychelles","1",2021,"","","Number of Internet Exchange Points (IXP)"
20375,"tpInternetConn_Internet_Exchanges_Number","Number of Internet exchange points (IXPs)",,,207,"SYC","Seychelles","1",2022,"","","Number of Internet Exchange Points (IXP)"
20375,"tpInternetConn_Internet_Exchanges_Number","Number of Internet exchange points (IXPs)",,,207,"SYC","Seychelles","1",2023,"","","Number of Internet Exchange Points (IXP)"
20375,"tpInternetConn_Internet_Exchanges_Number","Number of Internet exchange points (IXPs)",,,207,"SYC","Seychelles","1",2024,"","","Number of Internet Exchange Points (IXP)"
20375,"tpInternetConn_Internet_Exchanges_Number","Number of Internet exchange points (IXPs)",,,212,"WSM","Samoa","1",2017,"","","Number of Internet Exchange Points (IXP)"
20375,"tpInternetConn_Internet_Exchanges_Number","Number of Internet exchange points (IXPs)",,,212,"WSM","Samoa","1",2018,"","","Number of Internet Exchange Points (IXP)"
20375,"tpInternetConn_Internet_Exchanges_Number","Number of Internet exchange points (IXPs)",,,212,"WSM","Samoa","1",2019,"","","Number of Internet Exchange Points (IXP)"
20375,"tpInternetConn_Internet_Exchanges_Number","Number of Internet exchange points (IXPs)",,,212,"WSM","Samoa","1",2020,"","","Number of Internet Exchange Points (IXP)"
20375,"tpInternetConn_Internet_Exchanges_Number","Number of Internet exchange points (IXPs)",,,212,"WSM","Samoa","1",2021,"","","Number of Internet Exchange Points (IXP)"
20375,"tpInternetConn_Internet_Exchanges_Number","Number of Internet exchange points (IXPs)",,,212,"WSM","Samoa","1",2022,"","","Number of Internet Exchange Points (IXP)"
20375,"tpInternetConn_Internet_Exchanges_Number","Number of Internet exchange points (IXPs)",,,212,"WSM","Samoa","1",2023,"","","Number of Internet Exchange Points (IXP)"
20375,"tpInternetConn_Internet_Exchanges_Number","Number of Internet exchange points (IXPs)",,,212,"WSM","Samoa","1",2024,"","","Number of Internet Exchange Points (IXP)"
20375,"tpInternetConn_Internet_Exchanges_Number","Number of Internet exchange points (IXPs)",,,215,"SOM","Somalia","7",2018,"","","Number of Internet Exchange Points (IXP)"
20375,"tpInternetConn_Internet_Exchanges_Number","Number of Internet exchange points (IXPs)",,,215,"SOM","Somalia","1",2019,"","","Number of Internet Exchange Points (IXP)"
20375,"tpInternetConn_Internet_Exchanges_Number","Number of Internet exchange points (IXPs)",,,215,"SOM","Somalia","1",2023,"","","Number of Internet Exchange Points (IXP)"
20375,"tpInternetConn_Internet_Exchanges_Number","Number of Internet exchange points (IXPs)",,,215,"SOM","Somalia","1",2024,"","","Number of Internet Exchange Points (IXP)"
20375,"tpInternetConn_Internet_Exchanges_Number","Number of Internet exchange points (IXPs)",,,217,"SLE","Sierra Leone","1",2021,"","","Number of Internet Exchange Points (IXP)"
20375,"tpInternetConn_Internet_Exchanges_Number","Number of Internet exchange points (IXPs)",,,217,"SLE","Sierra Leone","1",2022,"","","Number of Internet Exchange Points (IXP)"
20375,"tpInternetConn_Internet_Exchanges_Number","Number of Internet exchange points (IXPs)",,,219,"CHE","Switzerland","3",2015,"","","Number of Internet Exchange Points (IXP)"
20375,"tpInternetConn_Internet_Exchanges_Number","Number of Internet exchange points (IXPs)",,,219,"CHE","Switzerland","3",2016,"3 IXPs with several locations","","Number of Internet Exchange Points (IXP)"
20375,"tpInternetConn_Internet_Exchanges_Number","Number of Internet exchange points (IXPs)",,,219,"CHE","Switzerland","3",2017,"3 IXPs with several locations","","Number of Internet Exchange Points (IXP)"
20375,"tpInternetConn_Internet_Exchanges_Number","Number of Internet exchange points (IXPs)",,,219,"CHE","Switzerland","3",2018,"","","Number of Internet Exchange Points (IXP)"
20375,"tpInternetConn_Internet_Exchanges_Number","Number of Internet exchange points (IXPs)",,,219,"CHE","Switzerland","3",2019,"","","Number of Internet Exchange Points (IXP)"
20375,"tpInternetConn_Internet_Exchanges_Number","Number of Internet exchange points (IXPs)",,,219,"CHE","Switzerland","3",2020,"","","Number of Internet Exchange Points (IXP)"
20375,"tpInternetConn_Internet_Exchanges_Number","Number of Internet exchange points (IXPs)",,,219,"CHE","Switzerland","3",2021,"","","Number of Internet Exchange Points (IXP)"
20375,"tpInternetConn_Internet_Exchanges_Number","Number of Internet exchange points (IXPs)",,,220,"SUR","Suriname","3",2022,"","","Number of Internet Exchange Points (IXP)"
20375,"tpInternetConn_Internet_Exchanges_Number","Number of Internet exchange points (IXPs)",,,220,"SUR","Suriname","1",2023,"","","Number of Internet Exchange Points (IXP)"
20375,"tpInternetConn_Internet_Exchanges_Number","Number of Internet exchange points (IXPs)",,,220,"SUR","Suriname","1",2024,"","","Number of Internet Exchange Points (IXP)"
20375,"tpInternetConn_Internet_Exchanges_Number","Number of Internet exchange points (IXPs)",,,221,"SVN","Slovenia","2",2016,"LIX Tivolska, SIX Arnes","","Number of Internet Exchange Points (IXP)"
20375,"tpInternetConn_Internet_Exchanges_Number","Number of Internet exchange points (IXPs)",,,221,"SVN","Slovenia","2",2017,"LIX Tivolska, SIX Arnes","","Number of Internet Exchange Points (IXP)"
20375,"tpInternetConn_Internet_Exchanges_Number","Number of Internet exchange points (IXPs)",,,221,"SVN","Slovenia","2",2018,"LIX Tivolska, SIX Arnes","","Number of Internet Exchange Points (IXP)"
20375,"tpInternetConn_Internet_Exchanges_Number","Number of Internet exchange points (IXPs)",,,221,"SVN","Slovenia","1",2019,"SIX Arnes","","Number of Internet Exchange Points (IXP)"
20375,"tpInternetConn_Internet_Exchanges_Number","Number of Internet exchange points (IXPs)",,,221,"SVN","Slovenia","1",2020,"SIX Arnes","","Number of Internet Exchange Points (IXP)"
20375,"tpInternetConn_Internet_Exchanges_Number","Number of Internet exchange points (IXPs)",,,221,"SVN","Slovenia","1",2021,"","","Number of Internet Exchange Points (IXP)"
20375,"tpInternetConn_Internet_Exchanges_Number","Number of Internet exchange points (IXPs)",,,221,"SVN","Slovenia","1",2022,"","","Number of Internet Exchange Points (IXP)"
20375,"tpInternetConn_Internet_Exchanges_Number","Number of Internet exchange points (IXPs)",,,221,"SVN","Slovenia","1",2023,"","","Number of Internet Exchange Points (IXP)"
20375,"tpInternetConn_Internet_Exchanges_Number","Number of Internet exchange points (IXPs)",,,221,"SVN","Slovenia","1",2024,"","","Number of Internet Exchange Points (IXP)"
20375,"tpInternetConn_Internet_Exchanges_Number","Number of Internet exchange points (IXPs)",,,223,"SWZ","Eswatini","1",2017,"","","Number of Internet Exchange Points (IXP)"
20375,"tpInternetConn_Internet_Exchanges_Number","Number of Internet exchange points (IXPs)",,,223,"SWZ","Eswatini","1",2018,"","","Number of Internet Exchange Points (IXP)"
20375,"tpInternetConn_Internet_Exchanges_Number","Number of Internet exchange points (IXPs)",,,223,"SWZ","Eswatini","1",2019,"","","Number of Internet Exchange Points (IXP)"
20375,"tpInternetConn_Internet_Exchanges_Number","Number of Internet exchange points (IXPs)",,,223,"SWZ","Eswatini","1",2020,"","","Number of Internet Exchange Points (IXP)"
20375,"tpInternetConn_Internet_Exchanges_Number","Number of Internet exchange points (IXPs)",,,223,"SWZ","Eswatini","1",2021,"","","Number of Internet Exchange Points (IXP)"
20375,"tpInternetConn_Internet_Exchanges_Number","Number of Internet exchange points (IXPs)",,,223,"SWZ","Eswatini","1",2022,"","","Number of Internet Exchange Points (IXP)"
20375,"tpInternetConn_Internet_Exchanges_Number","Number of Internet exchange points (IXPs)",,,223,"SWZ","Eswatini","1",2023,"","","Number of Internet Exchange Points (IXP)"
20375,"tpInternetConn_Internet_Exchanges_Number","Number of Internet exchange points (IXPs)",,,223,"SWZ","Eswatini","1",2024,"","","Number of Internet Exchange Points (IXP)"
20375,"tpInternetConn_Internet_Exchanges_Number","Number of Internet exchange points (IXPs)",,,227,"CZE","Czech Republic","2",2016,"","","Number of Internet Exchange Points (IXP)"
20375,"tpInternetConn_Internet_Exchanges_Number","Number of Internet exchange points (IXPs)",,,227,"CZE","Czech Republic","2",2017,"","","Number of Internet Exchange Points (IXP)"
20375,"tpInternetConn_Internet_Exchanges_Number","Number of Internet exchange points (IXPs)",,,227,"CZE","Czech Republic","2",2018,"","","Number of Internet Exchange Points (IXP)"
20375,"tpInternetConn_Internet_Exchanges_Number","Number of Internet exchange points (IXPs)",,,227,"CZE","Czech Republic","2",2019,"","","Number of Internet Exchange Points (IXP)"
20375,"tpInternetConn_Internet_Exchanges_Number","Number of Internet exchange points (IXPs)",,,227,"CZE","Czech Republic","2",2020,"","","Number of Internet Exchange Points (IXP)"
20375,"tpInternetConn_Internet_Exchanges_Number","Number of Internet exchange points (IXPs)",,,227,"CZE","Czech Republic","2",2021,"","","Number of Internet Exchange Points (IXP)"
20375,"tpInternetConn_Internet_Exchanges_Number","Number of Internet exchange points (IXPs)",,,227,"CZE","Czech Republic","2",2022,"","","Number of Internet Exchange Points (IXP)"
20375,"tpInternetConn_Internet_Exchanges_Number","Number of Internet exchange points (IXPs)",,,227,"CZE","Czech Republic","2",2023,"","","Number of Internet Exchange Points (IXP)"
20375,"tpInternetConn_Internet_Exchanges_Number","Number of Internet exchange points (IXPs)",,,227,"CZE","Czech Republic","2",2024,"","","Number of Internet Exchange Points (IXP)"
20375,"tpInternetConn_Internet_Exchanges_Number","Number of Internet exchange points (IXPs)",,,228,"TGO","Togo","1",2017,"","","Number of Internet Exchange Points (IXP)"
20375,"tpInternetConn_Internet_Exchanges_Number","Number of Internet exchange points (IXPs)",,,228,"TGO","Togo","1",2018,"","","Number of Internet Exchange Points (IXP)"
20375,"tpInternetConn_Internet_Exchanges_Number","Number of Internet exchange points (IXPs)",,,228,"TGO","Togo","1",2019,"","","Number of Internet Exchange Points (IXP)"
20375,"tpInternetConn_Internet_Exchanges_Number","Number of Internet exchange points (IXPs)",,,228,"TGO","Togo","1",2020,"","","Number of Internet Exchange Points (IXP)"
20375,"tpInternetConn_Internet_Exchanges_Number","Number of Internet exchange points (IXPs)",,,228,"TGO","Togo","1",2021,"","","Number of Internet Exchange Points (IXP)"
20375,"tpInternetConn_Internet_Exchanges_Number","Number of Internet exchange points (IXPs)",,,228,"TGO","Togo","1",2022,"1","","Number of Internet Exchange Points (IXP)"
20375,"tpInternetConn_Internet_Exchanges_Number","Number of Internet exchange points (IXPs)",,,228,"TGO","Togo","1",2024,"","","Number of Internet Exchange Points (IXP)"
20375,"tpInternetConn_Internet_Exchanges_Number","Number of Internet exchange points (IXPs)",,,229,"THA","Thailand","2",2018,"","","Number of Internet Exchange Points (IXP)"
20375,"tpInternetConn_Internet_Exchanges_Number","Number of Internet exchange points (IXPs)",,,229,"THA","Thailand","2",2019,"","","Number of Internet Exchange Points (IXP)"
20375,"tpInternetConn_Internet_Exchanges_Number","Number of Internet exchange points (IXPs)",,,232,"TON","Tonga","1",2018,"","","Number of Internet Exchange Points (IXP)"
20375,"tpInternetConn_Internet_Exchanges_Number","Number of Internet exchange points (IXPs)",,,232,"TON","Tonga","1",2019,"","","Number of Internet Exchange Points (IXP)"
20375,"tpInternetConn_Internet_Exchanges_Number","Number of Internet exchange points (IXPs)",,,232,"TON","Tonga","1",2021,"","","Number of Internet Exchange Points (IXP)"
20375,"tpInternetConn_Internet_Exchanges_Number","Number of Internet exchange points (IXPs)",,,232,"TON","Tonga","1",2022,"","","Number of Internet Exchange Points (IXP)"
20375,"tpInternetConn_Internet_Exchanges_Number","Number of Internet exchange points (IXPs)",,,234,"TTO","Trinidad and Tobago","1",2015,"","","Number of Internet Exchange Points (IXP)"
20375,"tpInternetConn_Internet_Exchanges_Number","Number of Internet exchange points (IXPs)",,,234,"TTO","Trinidad and Tobago","1",2016,"","","Number of Internet Exchange Points (IXP)"
20375,"tpInternetConn_Internet_Exchanges_Number","Number of Internet exchange points (IXPs)",,,234,"TTO","Trinidad and Tobago","1",2017,"","","Number of Internet Exchange Points (IXP)"
20375,"tpInternetConn_Internet_Exchanges_Number","Number of Internet exchange points (IXPs)",,,234,"TTO","Trinidad and Tobago","2",2018,"","","Number of Internet Exchange Points (IXP)"
20375,"tpInternetConn_Internet_Exchanges_Number","Number of Internet exchange points (IXPs)",,,234,"TTO","Trinidad and Tobago","2",2019,"","","Number of Internet Exchange Points (IXP)"
20375,"tpInternetConn_Internet_Exchanges_Number","Number of Internet exchange points (IXPs)",,,234,"TTO","Trinidad and Tobago","1",2020,"","","Number of Internet Exchange Points (IXP)"
20375,"tpInternetConn_Internet_Exchanges_Number","Number of Internet exchange points (IXPs)",,,234,"TTO","Trinidad and Tobago","1",2021,"","","Number of Internet Exchange Points (IXP)"
20375,"tpInternetConn_Internet_Exchanges_Number","Number of Internet exchange points (IXPs)",,,234,"TTO","Trinidad and Tobago","1",2022,"","","Number of Internet Exchange Points (IXP)"
20375,"tpInternetConn_Internet_Exchanges_Number","Number of Internet exchange points (IXPs)",,,234,"TTO","Trinidad and Tobago","1",2023,"","","Number of Internet Exchange Points (IXP)"
20375,"tpInternetConn_Internet_Exchanges_Number","Number of Internet exchange points (IXPs)",,,234,"TTO","Trinidad and Tobago","1",2024,"","","Number of Internet Exchange Points (IXP)"
20375,"tpInternetConn_Internet_Exchanges_Number","Number of Internet exchange points (IXPs)",,,235,"TUN","Tunisia","2",2015,"","","Number of Internet Exchange Points (IXP)"
20375,"tpInternetConn_Internet_Exchanges_Number","Number of Internet exchange points (IXPs)",,,235,"TUN","Tunisia","1",2016,"","","Number of Internet Exchange Points (IXP)"
20375,"tpInternetConn_Internet_Exchanges_Number","Number of Internet exchange points (IXPs)",,,235,"TUN","Tunisia","1",2017,"","","Number of Internet Exchange Points (IXP)"
20375,"tpInternetConn_Internet_Exchanges_Number","Number of Internet exchange points (IXPs)",,,235,"TUN","Tunisia","1",2018,"","","Number of Internet Exchange Points (IXP)"
20375,"tpInternetConn_Internet_Exchanges_Number","Number of Internet exchange points (IXPs)",,,235,"TUN","Tunisia","1",2019,"","","Number of Internet Exchange Points (IXP)"
20375,"tpInternetConn_Internet_Exchanges_Number","Number of Internet exchange points (IXPs)",,,235,"TUN","Tunisia","1",2020,"","","Number of Internet Exchange Points (IXP)"
20375,"tpInternetConn_Internet_Exchanges_Number","Number of Internet exchange points (IXPs)",,,235,"TUN","Tunisia","1",2021,"","","Number of Internet Exchange Points (IXP)"
20375,"tpInternetConn_Internet_Exchanges_Number","Number of Internet exchange points (IXPs)",,,235,"TUN","Tunisia","1",2022,"","","Number of Internet Exchange Points (IXP)"
20375,"tpInternetConn_Internet_Exchanges_Number","Number of Internet exchange points (IXPs)",,,235,"TUN","Tunisia","1",2023,"","","Number of Internet Exchange Points (IXP)"
20375,"tpInternetConn_Internet_Exchanges_Number","Number of Internet exchange points (IXPs)",,,235,"TUN","Tunisia","1",2024,"","","Number of Internet Exchange Points (IXP)"
20375,"tpInternetConn_Internet_Exchanges_Number","Number of Internet exchange points (IXPs)",,,236,"TUR","Türkiye","1",2016,"","","Number of Internet Exchange Points (IXP)"
20375,"tpInternetConn_Internet_Exchanges_Number","Number of Internet exchange points (IXPs)",,,236,"TUR","Türkiye","2",2017,"","","Number of Internet Exchange Points (IXP)"
20375,"tpInternetConn_Internet_Exchanges_Number","Number of Internet exchange points (IXPs)",,,236,"TUR","Türkiye","2",2018,"","","Number of Internet Exchange Points (IXP)"
20375,"tpInternetConn_Internet_Exchanges_Number","Number of Internet exchange points (IXPs)",,,236,"TUR","Türkiye","7",2022,"","","Number of Internet Exchange Points (IXP)"
20375,"tpInternetConn_Internet_Exchanges_Number","Number of Internet exchange points (IXPs)",,,236,"TUR","Türkiye","7",2023,"","","Number of Internet Exchange Points (IXP)"
20375,"tpInternetConn_Internet_Exchanges_Number","Number of Internet exchange points (IXPs)",,,236,"TUR","Türkiye","2",2024,"","","Number of Internet Exchange Points (IXP)"
20375,"tpInternetConn_Internet_Exchanges_Number","Number of Internet exchange points (IXPs)",,,238,"TZA","Tanzania","1",2015,"","","Number of Internet Exchange Points (IXP)"
20375,"tpInternetConn_Internet_Exchanges_Number","Number of Internet exchange points (IXPs)",,,238,"TZA","Tanzania","5",2017,"","","Number of Internet Exchange Points (IXP)"
20375,"tpInternetConn_Internet_Exchanges_Number","Number of Internet exchange points (IXPs)",,,238,"TZA","Tanzania","5",2018,"","","Number of Internet Exchange Points (IXP)"
20375,"tpInternetConn_Internet_Exchanges_Number","Number of Internet exchange points (IXPs)",,,238,"TZA","Tanzania","5",2019,"","","Number of Internet Exchange Points (IXP)"
20375,"tpInternetConn_Internet_Exchanges_Number","Number of Internet exchange points (IXPs)",,,238,"TZA","Tanzania","5",2020,"","","Number of Internet Exchange Points (IXP)"
20375,"tpInternetConn_Internet_Exchanges_Number","Number of Internet exchange points (IXPs)",,,238,"TZA","Tanzania","5",2021,"","","Number of Internet Exchange Points (IXP)"
20375,"tpInternetConn_Internet_Exchanges_Number","Number of Internet exchange points (IXPs)",,,238,"TZA","Tanzania","6",2022,"","","Number of Internet Exchange Points (IXP)"
20375,"tpInternetConn_Internet_Exchanges_Number","Number of Internet exchange points (IXPs)",,,238,"TZA","Tanzania","6",2023,"","","Number of Internet Exchange Points (IXP)"
20375,"tpInternetConn_Internet_Exchanges_Number","Number of Internet exchange points (IXPs)",,,238,"TZA","Tanzania","6",2024,"","","Number of Internet Exchange Points (IXP)"
20375,"tpInternetConn_Internet_Exchanges_Number","Number of Internet exchange points (IXPs)",,,239,"ARE","United Arab Emirates","1",2015,"","","Number of Internet Exchange Points (IXP)"
20375,"tpInternetConn_Internet_Exchanges_Number","Number of Internet exchange points (IXPs)",,,239,"ARE","United Arab Emirates","1",2016,"","","Number of Internet Exchange Points (IXP)"
20375,"tpInternetConn_Internet_Exchanges_Number","Number of Internet exchange points (IXPs)",,,239,"ARE","United Arab Emirates","1",2017,"","","Number of Internet Exchange Points (IXP)"
20375,"tpInternetConn_Internet_Exchanges_Number","Number of Internet exchange points (IXPs)",,,239,"ARE","United Arab Emirates","1",2018,"","","Number of Internet Exchange Points (IXP)"
20375,"tpInternetConn_Internet_Exchanges_Number","Number of Internet exchange points (IXPs)",,,239,"ARE","United Arab Emirates","2",2019,"","","Number of Internet Exchange Points (IXP)"
20375,"tpInternetConn_Internet_Exchanges_Number","Number of Internet exchange points (IXPs)",,,239,"ARE","United Arab Emirates","2",2020,"","","Number of Internet Exchange Points (IXP)"
20375,"tpInternetConn_Internet_Exchanges_Number","Number of Internet exchange points (IXPs)",,,239,"ARE","United Arab Emirates","3",2021,"","","Number of Internet Exchange Points (IXP)"
20375,"tpInternetConn_Internet_Exchanges_Number","Number of Internet exchange points (IXPs)",,,239,"ARE","United Arab Emirates","2",2022,"2","","Number of Internet Exchange Points (IXP)"
20375,"tpInternetConn_Internet_Exchanges_Number","Number of Internet exchange points (IXPs)",,,239,"ARE","United Arab Emirates","2",2023,"","","Number of Internet Exchange Points (IXP)"
20375,"tpInternetConn_Internet_Exchanges_Number","Number of Internet exchange points (IXPs)",,,239,"ARE","United Arab Emirates","2",2024,"","","Number of Internet Exchange Points (IXP)"
20375,"tpInternetConn_Internet_Exchanges_Number","Number of Internet exchange points (IXPs)",,,240,"UGA","Uganda","1",2018,"","","Number of Internet Exchange Points (IXP)"
20375,"tpInternetConn_Internet_Exchanges_Number","Number of Internet exchange points (IXPs)",,,240,"UGA","Uganda","1",2019,"","","Number of Internet Exchange Points (IXP)"
20375,"tpInternetConn_Internet_Exchanges_Number","Number of Internet exchange points (IXPs)",,,240,"UGA","Uganda","1",2020,"","","Number of Internet Exchange Points (IXP)"
20375,"tpInternetConn_Internet_Exchanges_Number","Number of Internet exchange points (IXPs)",,,240,"UGA","Uganda","1",2021,"","","Number of Internet Exchange Points (IXP)"
20375,"tpInternetConn_Internet_Exchanges_Number","Number of Internet exchange points (IXPs)",,,240,"UGA","Uganda","1",2022,"","","Number of Internet Exchange Points (IXP)"
20375,"tpInternetConn_Internet_Exchanges_Number","Number of Internet exchange points (IXPs)",,,240,"UGA","Uganda","1",2023,"","","Number of Internet Exchange Points (IXP)"
20375,"tpInternetConn_Internet_Exchanges_Number","Number of Internet exchange points (IXPs)",,,241,"UKR","Ukraine","10",2017,"","","Number of Internet Exchange Points (IXP)"
20375,"tpInternetConn_Internet_Exchanges_Number","Number of Internet exchange points (IXPs)",,,241,"UKR","Ukraine","10",2018,"","","Number of Internet Exchange Points (IXP)"
20375,"tpInternetConn_Internet_Exchanges_Number","Number of Internet exchange points (IXPs)",,,241,"UKR","Ukraine","10",2019,"","","Number of Internet Exchange Points (IXP)"
20375,"tpInternetConn_Internet_Exchanges_Number","Number of Internet exchange points (IXPs)",,,245,"UZB","Uzbekistan","1",2018,"","","Number of Internet Exchange Points (IXP)"
20375,"tpInternetConn_Internet_Exchanges_Number","Number of Internet exchange points (IXPs)",,,245,"UZB","Uzbekistan","3",2019,"","","Number of Internet Exchange Points (IXP)"
20375,"tpInternetConn_Internet_Exchanges_Number","Number of Internet exchange points (IXPs)",,,245,"UZB","Uzbekistan","3",2022,"","","Number of Internet Exchange Points (IXP)"
20375,"tpInternetConn_Internet_Exchanges_Number","Number of Internet exchange points (IXPs)",,,245,"UZB","Uzbekistan","3",2023,"","","Number of Internet Exchange Points (IXP)"
20375,"tpInternetConn_Internet_Exchanges_Number","Number of Internet exchange points (IXPs)",,,245,"UZB","Uzbekistan","3",2024,"","","Number of Internet Exchange Points (IXP)"
20375,"tpInternetConn_Internet_Exchanges_Number","Number of Internet exchange points (IXPs)",,,246,"VCT","Saint Vincent and the Grenadines","1",2015,"","","Number of Internet Exchange Points (IXP)"
20375,"tpInternetConn_Internet_Exchanges_Number","Number of Internet exchange points (IXPs)",,,246,"VCT","Saint Vincent and the Grenadines","1",2017,"","","Number of Internet Exchange Points (IXP)"
20375,"tpInternetConn_Internet_Exchanges_Number","Number of Internet exchange points (IXPs)",,,246,"VCT","Saint Vincent and the Grenadines","1",2018,"","","Number of Internet Exchange Points (IXP)"
20375,"tpInternetConn_Internet_Exchanges_Number","Number of Internet exchange points (IXPs)",,,246,"VCT","Saint Vincent and the Grenadines","1",2020,"","","Number of Internet Exchange Points (IXP)"
20375,"tpInternetConn_Internet_Exchanges_Number","Number of Internet exchange points (IXPs)",,,246,"VCT","Saint Vincent and the Grenadines","1",2021,"","","Number of Internet Exchange Points (IXP)"
20375,"tpInternetConn_Internet_Exchanges_Number","Number of Internet exchange points (IXPs)",,,246,"VCT","Saint Vincent and the Grenadines","1",2022,"","","Number of Internet Exchange Points (IXP)"
20375,"tpInternetConn_Internet_Exchanges_Number","Number of Internet exchange points (IXPs)",,,246,"VCT","Saint Vincent and the Grenadines","1",2023,"","","Number of Internet Exchange Points (IXP)"
20375,"tpInternetConn_Internet_Exchanges_Number","Number of Internet exchange points (IXPs)",,,246,"VCT","Saint Vincent and the Grenadines","1",2024,"","","Number of Internet Exchange Points (IXP)"
20375,"tpInternetConn_Internet_Exchanges_Number","Number of Internet exchange points (IXPs)",,,250,"VNM","Viet Nam","1",2017,"","","Number of Internet Exchange Points (IXP)"
20375,"tpInternetConn_Internet_Exchanges_Number","Number of Internet exchange points (IXPs)",,,250,"VNM","Viet Nam","10",2018,"","","Number of Internet Exchange Points (IXP)"
20375,"tpInternetConn_Internet_Exchanges_Number","Number of Internet exchange points (IXPs)",,,250,"VNM","Viet Nam","10",2019,"","","Number of Internet Exchange Points (IXP)"
20375,"tpInternetConn_Internet_Exchanges_Number","Number of Internet exchange points (IXPs)",,,250,"VNM","Viet Nam","3",2020,"","","Number of Internet Exchange Points (IXP)"
20375,"tpInternetConn_Internet_Exchanges_Number","Number of Internet exchange points (IXPs)",,,250,"VNM","Viet Nam","3",2021,"","","Number of Internet Exchange Points (IXP)"
20375,"tpInternetConn_Internet_Exchanges_Number","Number of Internet exchange points (IXPs)",,,251,"VUT","Vanuatu","1",2017,"","","Number of Internet Exchange Points (IXP)"
20375,"tpInternetConn_Internet_Exchanges_Number","Number of Internet exchange points (IXPs)",,,251,"VUT","Vanuatu","1",2018,"","","Number of Internet Exchange Points (IXP)"
20375,"tpInternetConn_Internet_Exchanges_Number","Number of Internet exchange points (IXPs)",,,251,"VUT","Vanuatu","1",2019,"","","Number of Internet Exchange Points (IXP)"
20375,"tpInternetConn_Internet_Exchanges_Number","Number of Internet exchange points (IXPs)",,,256,"SRB","Serbia","1",2015,"","","Number of Internet Exchange Points (IXP)"
20375,"tpInternetConn_Internet_Exchanges_Number","Number of Internet exchange points (IXPs)",,,256,"SRB","Serbia","1",2016,"","","Number of Internet Exchange Points (IXP)"
20375,"tpInternetConn_Internet_Exchanges_Number","Number of Internet exchange points (IXPs)",,,256,"SRB","Serbia","1",2017,"","","Number of Internet Exchange Points (IXP)"
20375,"tpInternetConn_Internet_Exchanges_Number","Number of Internet exchange points (IXPs)",,,256,"SRB","Serbia","1",2018,"","","Number of Internet Exchange Points (IXP)"
20375,"tpInternetConn_Internet_Exchanges_Number","Number of Internet exchange points (IXPs)",,,256,"SRB","Serbia","1",2019,"","","Number of Internet Exchange Points (IXP)"
20375,"tpInternetConn_Internet_Exchanges_Number","Number of Internet exchange points (IXPs)",,,256,"SRB","Serbia","1",2020,"","","Number of Internet Exchange Points (IXP)"
20375,"tpInternetConn_Internet_Exchanges_Number","Number of Internet exchange points (IXPs)",,,257,"COD","Dem. Rep. of the Congo","1",2015,"","","Number of Internet Exchange Points (IXP)"
20375,"tpInternetConn_Internet_Exchanges_Number","Number of Internet exchange points (IXPs)",,,257,"COD","Dem. Rep. of the Congo","1",2016,"","","Number of Internet Exchange Points (IXP)"
20375,"tpInternetConn_Internet_Exchanges_Number","Number of Internet exchange points (IXPs)",,,257,"COD","Dem. Rep. of the Congo","1",2017,"","","Number of Internet Exchange Points (IXP)"
20375,"tpInternetConn_Internet_Exchanges_Number","Number of Internet exchange points (IXPs)",,,257,"COD","Dem. Rep. of the Congo","1",2018,"","","Number of Internet Exchange Points (IXP)"
20375,"tpInternetConn_Internet_Exchanges_Number","Number of Internet exchange points (IXPs)",,,257,"COD","Dem. Rep. of the Congo","2",2019,"","","Number of Internet Exchange Points (IXP)"
20375,"tpInternetConn_Internet_Exchanges_Number","Number of Internet exchange points (IXPs)",,,257,"COD","Dem. Rep. of the Congo","2",2020,"","","Number of Internet Exchange Points (IXP)"
20375,"tpInternetConn_Internet_Exchanges_Number","Number of Internet exchange points (IXPs)",,,257,"COD","Dem. Rep. of the Congo","2",2021,"","","Number of Internet Exchange Points (IXP)"
20375,"tpInternetConn_Internet_Exchanges_Number","Number of Internet exchange points (IXPs)",,,257,"COD","Dem. Rep. of the Congo","3",2022,"","","Number of Internet Exchange Points (IXP)"
20375,"tpInternetConn_Internet_Exchanges_Number","Number of Internet exchange points (IXPs)",,,257,"COD","Dem. Rep. of the Congo","4",2023,"","","Number of Internet Exchange Points (IXP)"
20375,"tpInternetConn_Internet_Exchanges_Number","Number of Internet exchange points (IXPs)",,,257,"COD","Dem. Rep. of the Congo","4",2024,"","","Number of Internet Exchange Points (IXP)"
20375,"tpInternetConn_Internet_Exchanges_Number","Number of Internet exchange points (IXPs)",,,259,"ZMB","Zambia","1",2016,"","","Number of Internet Exchange Points (IXP)"
20375,"tpInternetConn_Internet_Exchanges_Number","Number of Internet exchange points (IXPs)",,,259,"ZMB","Zambia","1",2020,"","","Number of Internet Exchange Points (IXP)"
20375,"tpInternetConn_Internet_Exchanges_Number","Number of Internet exchange points (IXPs)",,,259,"ZMB","Zambia","1",2021,"","","Number of Internet Exchange Points (IXP)"
20375,"tpInternetConn_Internet_Exchanges_Number","Number of Internet exchange points (IXPs)",,,259,"ZMB","Zambia","1",2022,"","","Number of Internet Exchange Points (IXP)"
20375,"tpInternetConn_Internet_Exchanges_Number","Number of Internet exchange points (IXPs)",,,259,"ZMB","Zambia","1",2023,"","","Number of Internet Exchange Points (IXP)"
20375,"tpInternetConn_Internet_Exchanges_Number","Number of Internet exchange points (IXPs)",,,259,"ZMB","Zambia","2",2024,"","","Number of Internet Exchange Points (IXP)"
20375,"tpInternetConn_Internet_Exchanges_Number","Number of Internet exchange points (IXPs)",,,260,"ZWE","Zimbabwe","1",2016,"","","Number of Internet Exchange Points (IXP)"
20375,"tpInternetConn_Internet_Exchanges_Number","Number of Internet exchange points (IXPs)",,,260,"ZWE","Zimbabwe","1",2017,"","","Number of Internet Exchange Points (IXP)"
20375,"tpInternetConn_Internet_Exchanges_Number","Number of Internet exchange points (IXPs)",,,260,"ZWE","Zimbabwe","1",2018,"","","Number of Internet Exchange Points (IXP)"
20375,"tpInternetConn_Internet_Exchanges_Number","Number of Internet exchange points (IXPs)",,,260,"ZWE","Zimbabwe","1",2019,"","","Number of Internet Exchange Points (IXP)"
20375,"tpInternetConn_Internet_Exchanges_Number","Number of Internet exchange points (IXPs)",,,260,"ZWE","Zimbabwe","1",2020,"","","Number of Internet Exchange Points (IXP)"
20375,"tpInternetConn_Internet_Exchanges_Number","Number of Internet exchange points (IXPs)",,,260,"ZWE","Zimbabwe","1",2021,"","","Number of Internet Exchange Points (IXP)"
20375,"tpInternetConn_Internet_Exchanges_Number","Number of Internet exchange points (IXPs)",,,260,"ZWE","Zimbabwe","2",2022,"","","Number of Internet Exchange Points (IXP)"
20375,"tpInternetConn_Internet_Exchanges_Number","Number of Internet exchange points (IXPs)",,,260,"ZWE","Zimbabwe","2",2023,"","","Number of Internet Exchange Points (IXP)"
20375,"tpInternetConn_Internet_Exchanges_Number","Number of Internet exchange points (IXPs)",,,260,"ZWE","Zimbabwe","2",2024,"","","Number of Internet Exchange Points (IXP)"
20375,"tpInternetConn_Internet_Exchanges_Number","Number of Internet exchange points (IXPs)",,,274,"MDA","Moldova","2",2016,"","","Number of Internet Exchange Points (IXP)"
20375,"tpInternetConn_Internet_Exchanges_Number","Number of Internet exchange points (IXPs)",,,274,"MDA","Moldova","2",2017,"","","Number of Internet Exchange Points (IXP)"
20375,"tpInternetConn_Internet_Exchanges_Number","Number of Internet exchange points (IXPs)",,,274,"MDA","Moldova","2",2018,"","","Number of Internet Exchange Points (IXP)"
20375,"tpInternetConn_Internet_Exchanges_Number","Number of Internet exchange points (IXPs)",,,274,"MDA","Moldova","2",2019,"","","Number of Internet Exchange Points (IXP)"
20375,"tpInternetConn_Internet_Exchanges_Number","Number of Internet exchange points (IXPs)",,,274,"MDA","Moldova","2",2020,"","","Number of Internet Exchange Points (IXP)"
20375,"tpInternetConn_Internet_Exchanges_Number","Number of Internet exchange points (IXPs)",,,274,"MDA","Moldova","2",2021,"","","Number of Internet Exchange Points (IXP)"
20375,"tpInternetConn_Internet_Exchanges_Number","Number of Internet exchange points (IXPs)",,,274,"MDA","Moldova","2",2022,"","","Number of Internet Exchange Points (IXP)"
20375,"tpInternetConn_Internet_Exchanges_Number","Number of Internet exchange points (IXPs)",,,274,"MDA","Moldova","2",2023,"","","Number of Internet Exchange Points (IXP)"
20375,"tpInternetConn_Internet_Exchanges_Number","Number of Internet exchange points (IXPs)",,,274,"MDA","Moldova","2",2024,"","","Number of Internet Exchange Points (IXP)"
20375,"tpInternetConn_Internet_Exchanges_Number","Number of Internet exchange points (IXPs)",,,275,"BIH","Bosnia and Herzegovina","0",2016,"data not available","","Number of Internet Exchange Points (IXP)"
20375,"tpInternetConn_Internet_Exchanges_Number","Number of Internet exchange points (IXPs)",,,277,"KAZ","Kazakhstan","1",2023,"","","Number of Internet Exchange Points (IXP)"
20375,"tpInternetConn_Internet_Exchanges_Number","Number of Internet exchange points (IXPs)",,,280,"KGZ","Kyrgyzstan","2",2019,"","","Number of Internet Exchange Points (IXP)"
20375,"tpInternetConn_Internet_Exchanges_Number","Number of Internet exchange points (IXPs)",,,280,"KGZ","Kyrgyzstan","12",2023,"","","Number of Internet Exchange Points (IXP)"
20375,"tpInternetConn_Internet_Exchanges_Number","Number of Internet exchange points (IXPs)",,,281,"SVK","Slovakia","2",2017,"","","Number of Internet Exchange Points (IXP)"
20375,"tpInternetConn_Internet_Exchanges_Number","Number of Internet exchange points (IXPs)",,,281,"SVK","Slovakia","2",2018,"","","Number of Internet Exchange Points (IXP)"
20375,"tpInternetConn_Internet_Exchanges_Number","Number of Internet exchange points (IXPs)",,,281,"SVK","Slovakia","3",2019,"","","Number of Internet Exchange Points (IXP)"
20375,"tpInternetConn_Internet_Exchanges_Number","Number of Internet exchange points (IXPs)",,,281,"SVK","Slovakia","3",2020,"","","Number of Internet Exchange Points (IXP)"
20375,"tpInternetConn_Internet_Exchanges_Number","Number of Internet exchange points (IXPs)",,,281,"SVK","Slovakia","3",2021,"","","Number of Internet Exchange Points (IXP)"
20375,"tpInternetConn_Internet_Exchanges_Number","Number of Internet exchange points (IXPs)",,,281,"SVK","Slovakia","3",2022,"","","Number of Internet Exchange Points (IXP)"
20375,"tpInternetConn_Internet_Exchanges_Number","Number of Internet exchange points (IXPs)",,,281,"SVK","Slovakia","3",2023,"","","Number of Internet Exchange Points (IXP)"
20375,"tpInternetConn_Internet_Exchanges_Number","Number of Internet exchange points (IXPs)",,,281,"SVK","Slovakia","3",2024,"","","Number of Internet Exchange Points (IXP)"
20375,"tpInternetConn_Internet_Exchanges_Number","Number of Internet exchange points (IXPs)",,,316,"MNE","Montenegro","1",2015,"","","Number of Internet Exchange Points (IXP)"
20375,"tpInternetConn_Internet_Exchanges_Number","Number of Internet exchange points (IXPs)",,,316,"MNE","Montenegro","1",2016,"","","Number of Internet Exchange Points (IXP)"
20375,"tpInternetConn_Internet_Exchanges_Number","Number of Internet exchange points (IXPs)",,,316,"MNE","Montenegro","1",2017,"","","Number of Internet Exchange Points (IXP)"
20375,"tpInternetConn_Internet_Exchanges_Number","Number of Internet exchange points (IXPs)",,,316,"MNE","Montenegro","1",2018,"","","Number of Internet Exchange Points (IXP)"
20375,"tpInternetConn_Internet_Exchanges_Number","Number of Internet exchange points (IXPs)",,,316,"MNE","Montenegro","1",2019,"","","Number of Internet Exchange Points (IXP)"
20375,"tpInternetConn_Internet_Exchanges_Number","Number of Internet exchange points (IXPs)",,,316,"MNE","Montenegro","1",2022,"","","Number of Internet Exchange Points (IXP)"