"seriesID","seriesCode","seriesName","seriesParent","seriesUnits","entityID","entityIso","entityName","dataValue","dataYear","dataNote","dataSource","seriesDescription"
11901,"tpInterInternetConn_PortionOfCost","Portion of access costs to international connection in retail price",,,6,"AFG","Afghanistan","26% - 50%",2012,"","","Portion of access costs to international connection in retail price"
11901,"tpInterInternetConn_PortionOfCost","Portion of access costs to international connection in retail price",,,6,"AFG","Afghanistan","26% - 50%",2018,"","","Portion of access costs to international connection in retail price"
11901,"tpInterInternetConn_PortionOfCost","Portion of access costs to international connection in retail price",,,6,"AFG","Afghanistan","Above 50%",2019,"","","Portion of access costs to international connection in retail price"
11901,"tpInterInternetConn_PortionOfCost","Portion of access costs to international connection in retail price",,,6,"AFG","Afghanistan","Above 50%",2020,"","","Portion of access costs to international connection in retail price"
11901,"tpInterInternetConn_PortionOfCost","Portion of access costs to international connection in retail price",,,6,"AFG","Afghanistan","26% - 50%",2021,"","","Portion of access costs to international connection in retail price"
11901,"tpInterInternetConn_PortionOfCost","Portion of access costs to international connection in retail price",,,6,"AFG","Afghanistan","10% - 25%",2024,"","","Portion of access costs to international connection in retail price"
11901,"tpInterInternetConn_PortionOfCost","Portion of access costs to international connection in retail price",,,8,"AGO","Angola","10% - 25%",2021,"","","Portion of access costs to international connection in retail price"
11901,"tpInterInternetConn_PortionOfCost","Portion of access costs to international connection in retail price",,,8,"AGO","Angola","10% - 25%",2023,"","","Portion of access costs to international connection in retail price"
11901,"tpInterInternetConn_PortionOfCost","Portion of access costs to international connection in retail price",,,8,"AGO","Angola","10% - 25%",2024,"","","Portion of access costs to international connection in retail price"
11901,"tpInterInternetConn_PortionOfCost","Portion of access costs to international connection in retail price",,,10,"ALB","Albania","26% - 50%",2015,"","","Portion of access costs to international connection in retail price"
11901,"tpInterInternetConn_PortionOfCost","Portion of access costs to international connection in retail price",,,10,"ALB","Albania","26% - 50%",2016,"","","Portion of access costs to international connection in retail price"
11901,"tpInterInternetConn_PortionOfCost","Portion of access costs to international connection in retail price",,,10,"ALB","Albania","26% - 50%",2017,"","","Portion of access costs to international connection in retail price"
11901,"tpInterInternetConn_PortionOfCost","Portion of access costs to international connection in retail price",,,10,"ALB","Albania","26% - 50%",2018,"","","Portion of access costs to international connection in retail price"
11901,"tpInterInternetConn_PortionOfCost","Portion of access costs to international connection in retail price",,,10,"ALB","Albania","26% - 50%",2019,"","","Portion of access costs to international connection in retail price"
11901,"tpInterInternetConn_PortionOfCost","Portion of access costs to international connection in retail price",,,11,"DZA","Algeria","10% - 25%",2022,"","","Portion of access costs to international connection in retail price"
11901,"tpInterInternetConn_PortionOfCost","Portion of access costs to international connection in retail price",,,11,"DZA","Algeria","10% - 25%",2023,"","","Portion of access costs to international connection in retail price"
11901,"tpInterInternetConn_PortionOfCost","Portion of access costs to international connection in retail price",,,11,"DZA","Algeria","10% - 25%",2024,"","","Portion of access costs to international connection in retail price"
11901,"tpInterInternetConn_PortionOfCost","Portion of access costs to international connection in retail price",,,14,"AND","Andorra","Above 50%",2013,"","","Portion of access costs to international connection in retail price"
11901,"tpInterInternetConn_PortionOfCost","Portion of access costs to international connection in retail price",,,14,"AND","Andorra","26% - 50%",2014,"","","Portion of access costs to international connection in retail price"
11901,"tpInterInternetConn_PortionOfCost","Portion of access costs to international connection in retail price",,,14,"AND","Andorra","26% - 50%",2015,"","","Portion of access costs to international connection in retail price"
11901,"tpInterInternetConn_PortionOfCost","Portion of access costs to international connection in retail price",,,14,"AND","Andorra","26% - 50%",2018,"","","Portion of access costs to international connection in retail price"
11901,"tpInterInternetConn_PortionOfCost","Portion of access costs to international connection in retail price",,,14,"AND","Andorra","10% - 25%",2021,"","","Portion of access costs to international connection in retail price"
11901,"tpInterInternetConn_PortionOfCost","Portion of access costs to international connection in retail price",,,14,"AND","Andorra","10% - 25%",2022,"","","Portion of access costs to international connection in retail price"
11901,"tpInterInternetConn_PortionOfCost","Portion of access costs to international connection in retail price",,,14,"AND","Andorra","10% - 25%",2023,"","","Portion of access costs to international connection in retail price"
11901,"tpInterInternetConn_PortionOfCost","Portion of access costs to international connection in retail price",,,14,"AND","Andorra","10% - 25%",2024,"","","Portion of access costs to international connection in retail price"
11901,"tpInterInternetConn_PortionOfCost","Portion of access costs to international connection in retail price",,,17,"ARM","Armenia","Above 50%",2010,"","","Portion of access costs to international connection in retail price"
11901,"tpInterInternetConn_PortionOfCost","Portion of access costs to international connection in retail price",,,17,"ARM","Armenia","Above 50%",2011,"","","Portion of access costs to international connection in retail price"
11901,"tpInterInternetConn_PortionOfCost","Portion of access costs to international connection in retail price",,,17,"ARM","Armenia","Above 50%",2012,"","","Portion of access costs to international connection in retail price"
11901,"tpInterInternetConn_PortionOfCost","Portion of access costs to international connection in retail price",,,17,"ARM","Armenia","Above 50%",2013,"","","Portion of access costs to international connection in retail price"
11901,"tpInterInternetConn_PortionOfCost","Portion of access costs to international connection in retail price",,,17,"ARM","Armenia","Above 50%",2014,"","","Portion of access costs to international connection in retail price"
11901,"tpInterInternetConn_PortionOfCost","Portion of access costs to international connection in retail price",,,17,"ARM","Armenia","Above 50%",2015,"","","Portion of access costs to international connection in retail price"
11901,"tpInterInternetConn_PortionOfCost","Portion of access costs to international connection in retail price",,,17,"ARM","Armenia","26% - 50%",2016,"","","Portion of access costs to international connection in retail price"
11901,"tpInterInternetConn_PortionOfCost","Portion of access costs to international connection in retail price",,,17,"ARM","Armenia","26% - 50%",2017,"","","Portion of access costs to international connection in retail price"
11901,"tpInterInternetConn_PortionOfCost","Portion of access costs to international connection in retail price",,,17,"ARM","Armenia","26% - 50%",2018,"","","Portion of access costs to international connection in retail price"
11901,"tpInterInternetConn_PortionOfCost","Portion of access costs to international connection in retail price",,,17,"ARM","Armenia","26% - 50%",2019,"","","Portion of access costs to international connection in retail price"
11901,"tpInterInternetConn_PortionOfCost","Portion of access costs to international connection in retail price",,,17,"ARM","Armenia","26% - 50%",2020,"","","Portion of access costs to international connection in retail price"
11901,"tpInterInternetConn_PortionOfCost","Portion of access costs to international connection in retail price",,,17,"ARM","Armenia","26% - 50%",2021,"","","Portion of access costs to international connection in retail price"
11901,"tpInterInternetConn_PortionOfCost","Portion of access costs to international connection in retail price",,,17,"ARM","Armenia","26% - 50%",2022,"","","Portion of access costs to international connection in retail price"
11901,"tpInterInternetConn_PortionOfCost","Portion of access costs to international connection in retail price",,,17,"ARM","Armenia","26% - 50%",2023,"","","Portion of access costs to international connection in retail price"
11901,"tpInterInternetConn_PortionOfCost","Portion of access costs to international connection in retail price",,,17,"ARM","Armenia","26% - 50%",2024,"","","Portion of access costs to international connection in retail price"
11901,"tpInterInternetConn_PortionOfCost","Portion of access costs to international connection in retail price",,,18,"SAU","Saudi Arabia","26% - 50%",2010,"","","Portion of access costs to international connection in retail price"
11901,"tpInterInternetConn_PortionOfCost","Portion of access costs to international connection in retail price",,,18,"SAU","Saudi Arabia","26% - 50%",2011,"","","Portion of access costs to international connection in retail price"
11901,"tpInterInternetConn_PortionOfCost","Portion of access costs to international connection in retail price",,,18,"SAU","Saudi Arabia","26% - 50%",2012,"","","Portion of access costs to international connection in retail price"
11901,"tpInterInternetConn_PortionOfCost","Portion of access costs to international connection in retail price",,,18,"SAU","Saudi Arabia","26% - 50%",2015,"","","Portion of access costs to international connection in retail price"
11901,"tpInterInternetConn_PortionOfCost","Portion of access costs to international connection in retail price",,,18,"SAU","Saudi Arabia","26% - 50%",2016,"","","Portion of access costs to international connection in retail price"
11901,"tpInterInternetConn_PortionOfCost","Portion of access costs to international connection in retail price",,,18,"SAU","Saudi Arabia","10% - 25%",2017,"","","Portion of access costs to international connection in retail price"
11901,"tpInterInternetConn_PortionOfCost","Portion of access costs to international connection in retail price",,,18,"SAU","Saudi Arabia","10% - 25%",2018,"","","Portion of access costs to international connection in retail price"
11901,"tpInterInternetConn_PortionOfCost","Portion of access costs to international connection in retail price",,,18,"SAU","Saudi Arabia","10% - 25%",2019,"","","Portion of access costs to international connection in retail price"
11901,"tpInterInternetConn_PortionOfCost","Portion of access costs to international connection in retail price",,,18,"SAU","Saudi Arabia","10% - 25%",2020,"","","Portion of access costs to international connection in retail price"
11901,"tpInterInternetConn_PortionOfCost","Portion of access costs to international connection in retail price",,,18,"SAU","Saudi Arabia","10% - 25%",2021,"","","Portion of access costs to international connection in retail price"
11901,"tpInterInternetConn_PortionOfCost","Portion of access costs to international connection in retail price",,,18,"SAU","Saudi Arabia","10% - 25%",2022,"","","Portion of access costs to international connection in retail price"
11901,"tpInterInternetConn_PortionOfCost","Portion of access costs to international connection in retail price",,,18,"SAU","Saudi Arabia","10% - 25%",2023,"","","Portion of access costs to international connection in retail price"
11901,"tpInterInternetConn_PortionOfCost","Portion of access costs to international connection in retail price",,,23,"AUS","Australia","less than 10%",2023,"","","Portion of access costs to international connection in retail price"
11901,"tpInterInternetConn_PortionOfCost","Portion of access costs to international connection in retail price",,,23,"AUS","Australia","less than 10%",2024,"","","Portion of access costs to international connection in retail price"
11901,"tpInterInternetConn_PortionOfCost","Portion of access costs to international connection in retail price",,,24,"AUT","Austria","less than 10%",2010,"","","Portion of access costs to international connection in retail price"
11901,"tpInterInternetConn_PortionOfCost","Portion of access costs to international connection in retail price",,,24,"AUT","Austria","less than 10%",2011,"","","Portion of access costs to international connection in retail price"
11901,"tpInterInternetConn_PortionOfCost","Portion of access costs to international connection in retail price",,,24,"AUT","Austria","less than 10%",2012,"","","Portion of access costs to international connection in retail price"
11901,"tpInterInternetConn_PortionOfCost","Portion of access costs to international connection in retail price",,,24,"AUT","Austria","less than 10%",2013,"","","Portion of access costs to international connection in retail price"
11901,"tpInterInternetConn_PortionOfCost","Portion of access costs to international connection in retail price",,,24,"AUT","Austria","less than 10%",2014,"","","Portion of access costs to international connection in retail price"
11901,"tpInterInternetConn_PortionOfCost","Portion of access costs to international connection in retail price",,,24,"AUT","Austria","less than 10%",2015,"","","Portion of access costs to international connection in retail price"
11901,"tpInterInternetConn_PortionOfCost","Portion of access costs to international connection in retail price",,,24,"AUT","Austria","less than 10%",2016,"","","Portion of access costs to international connection in retail price"
11901,"tpInterInternetConn_PortionOfCost","Portion of access costs to international connection in retail price",,,24,"AUT","Austria","less than 10%",2017,"","","Portion of access costs to international connection in retail price"
11901,"tpInterInternetConn_PortionOfCost","Portion of access costs to international connection in retail price",,,24,"AUT","Austria","less than 10%",2018,"","","Portion of access costs to international connection in retail price"
11901,"tpInterInternetConn_PortionOfCost","Portion of access costs to international connection in retail price",,,24,"AUT","Austria","less than 10%",2019,"","","Portion of access costs to international connection in retail price"
11901,"tpInterInternetConn_PortionOfCost","Portion of access costs to international connection in retail price",,,24,"AUT","Austria","less than 10%",2020,"","","Portion of access costs to international connection in retail price"
11901,"tpInterInternetConn_PortionOfCost","Portion of access costs to international connection in retail price",,,24,"AUT","Austria","less than 10%",2021,"","","Portion of access costs to international connection in retail price"
11901,"tpInterInternetConn_PortionOfCost","Portion of access costs to international connection in retail price",,,24,"AUT","Austria","less than 10%",2022,"","","Portion of access costs to international connection in retail price"
11901,"tpInterInternetConn_PortionOfCost","Portion of access costs to international connection in retail price",,,24,"AUT","Austria","less than 10%",2023,"","","Portion of access costs to international connection in retail price"
11901,"tpInterInternetConn_PortionOfCost","Portion of access costs to international connection in retail price",,,24,"AUT","Austria","less than 10%",2024,"","","Portion of access costs to international connection in retail price"
11901,"tpInterInternetConn_PortionOfCost","Portion of access costs to international connection in retail price",,,25,"AZE","Azerbaijan","Above 50%",2010,"","","Portion of access costs to international connection in retail price"
11901,"tpInterInternetConn_PortionOfCost","Portion of access costs to international connection in retail price",,,25,"AZE","Azerbaijan","Above 50%",2011,"","","Portion of access costs to international connection in retail price"
11901,"tpInterInternetConn_PortionOfCost","Portion of access costs to international connection in retail price",,,25,"AZE","Azerbaijan","26% - 50%",2012,"","","Portion of access costs to international connection in retail price"
11901,"tpInterInternetConn_PortionOfCost","Portion of access costs to international connection in retail price",,,25,"AZE","Azerbaijan","26% - 50%",2013,"","","Portion of access costs to international connection in retail price"
11901,"tpInterInternetConn_PortionOfCost","Portion of access costs to international connection in retail price",,,25,"AZE","Azerbaijan","26% - 50%",2014,"","","Portion of access costs to international connection in retail price"
11901,"tpInterInternetConn_PortionOfCost","Portion of access costs to international connection in retail price",,,25,"AZE","Azerbaijan","26% - 50%",2015,"","","Portion of access costs to international connection in retail price"
11901,"tpInterInternetConn_PortionOfCost","Portion of access costs to international connection in retail price",,,25,"AZE","Azerbaijan","26% - 50%",2016,"","","Portion of access costs to international connection in retail price"
11901,"tpInterInternetConn_PortionOfCost","Portion of access costs to international connection in retail price",,,25,"AZE","Azerbaijan","26% - 50%",2017,"","","Portion of access costs to international connection in retail price"
11901,"tpInterInternetConn_PortionOfCost","Portion of access costs to international connection in retail price",,,25,"AZE","Azerbaijan","26% - 50%",2018,"","","Portion of access costs to international connection in retail price"
11901,"tpInterInternetConn_PortionOfCost","Portion of access costs to international connection in retail price",,,25,"AZE","Azerbaijan","26% - 50%",2019,"","","Portion of access costs to international connection in retail price"
11901,"tpInterInternetConn_PortionOfCost","Portion of access costs to international connection in retail price",,,25,"AZE","Azerbaijan","26% - 50%",2020,"","","Portion of access costs to international connection in retail price"
11901,"tpInterInternetConn_PortionOfCost","Portion of access costs to international connection in retail price",,,25,"AZE","Azerbaijan","26% - 50%",2022,"","","Portion of access costs to international connection in retail price"
11901,"tpInterInternetConn_PortionOfCost","Portion of access costs to international connection in retail price",,,25,"AZE","Azerbaijan","26% - 50%",2023,"","","Portion of access costs to international connection in retail price"
11901,"tpInterInternetConn_PortionOfCost","Portion of access costs to international connection in retail price",,,25,"AZE","Azerbaijan","26% - 50%",2024,"","","Portion of access costs to international connection in retail price"
11901,"tpInterInternetConn_PortionOfCost","Portion of access costs to international connection in retail price",,,27,"BRA","Brazil","less than 10%",2010,"","","Portion of access costs to international connection in retail price"
11901,"tpInterInternetConn_PortionOfCost","Portion of access costs to international connection in retail price",,,29,"BDI","Burundi","10% - 25%",2021,"","","Portion of access costs to international connection in retail price"
11901,"tpInterInternetConn_PortionOfCost","Portion of access costs to international connection in retail price",,,29,"BDI","Burundi","10% - 25%",2022,"","","Portion of access costs to international connection in retail price"
11901,"tpInterInternetConn_PortionOfCost","Portion of access costs to international connection in retail price",,,29,"BDI","Burundi","10% - 25%",2023,"","","Portion of access costs to international connection in retail price"
11901,"tpInterInternetConn_PortionOfCost","Portion of access costs to international connection in retail price",,,29,"BDI","Burundi","10% - 25%",2024,"","","Portion of access costs to international connection in retail price"
11901,"tpInterInternetConn_PortionOfCost","Portion of access costs to international connection in retail price",,,31,"BEN","Benin","26% - 50%",2010,"","","Portion of access costs to international connection in retail price"
11901,"tpInterInternetConn_PortionOfCost","Portion of access costs to international connection in retail price",,,31,"BEN","Benin","26% - 50%",2013,"Les travaux sont en cours pour déterminer ces coûts.","","Portion of access costs to international connection in retail price"
11901,"tpInterInternetConn_PortionOfCost","Portion of access costs to international connection in retail price",,,31,"BEN","Benin","26% - 50%",2014,"","","Portion of access costs to international connection in retail price"
11901,"tpInterInternetConn_PortionOfCost","Portion of access costs to international connection in retail price",,,31,"BEN","Benin","10% - 25%",2019,"","","Portion of access costs to international connection in retail price"
11901,"tpInterInternetConn_PortionOfCost","Portion of access costs to international connection in retail price",,,31,"BEN","Benin","10% - 25%",2020,"","","Portion of access costs to international connection in retail price"
11901,"tpInterInternetConn_PortionOfCost","Portion of access costs to international connection in retail price",,,31,"BEN","Benin","10% - 25%",2021,"","","Portion of access costs to international connection in retail price"
11901,"tpInterInternetConn_PortionOfCost","Portion of access costs to international connection in retail price",,,31,"BEN","Benin","10% - 25%",2022,"","","Portion of access costs to international connection in retail price"
11901,"tpInterInternetConn_PortionOfCost","Portion of access costs to international connection in retail price",,,31,"BEN","Benin","10% - 25%",2023,"","","Portion of access costs to international connection in retail price"
11901,"tpInterInternetConn_PortionOfCost","Portion of access costs to international connection in retail price",,,31,"BEN","Benin","10% - 25%",2024,"","","Portion of access costs to international connection in retail price"
11901,"tpInterInternetConn_PortionOfCost","Portion of access costs to international connection in retail price",,,33,"BFA","Burkina Faso","Above 50%",2011,"","","Portion of access costs to international connection in retail price"
11901,"tpInterInternetConn_PortionOfCost","Portion of access costs to international connection in retail price",,,33,"BFA","Burkina Faso","Above 50%",2012,"","","Portion of access costs to international connection in retail price"
11901,"tpInterInternetConn_PortionOfCost","Portion of access costs to international connection in retail price",,,33,"BFA","Burkina Faso","Above 50%",2013,"","","Portion of access costs to international connection in retail price"
11901,"tpInterInternetConn_PortionOfCost","Portion of access costs to international connection in retail price",,,33,"BFA","Burkina Faso","Above 50%",2014,"","","Portion of access costs to international connection in retail price"
11901,"tpInterInternetConn_PortionOfCost","Portion of access costs to international connection in retail price",,,33,"BFA","Burkina Faso","Above 50%",2015,"","","Portion of access costs to international connection in retail price"
11901,"tpInterInternetConn_PortionOfCost","Portion of access costs to international connection in retail price",,,33,"BFA","Burkina Faso","Above 50%",2016,"","","Portion of access costs to international connection in retail price"
11901,"tpInterInternetConn_PortionOfCost","Portion of access costs to international connection in retail price",,,34,"BGD","Bangladesh","26% - 50%",2013,"","","Portion of access costs to international connection in retail price"
11901,"tpInterInternetConn_PortionOfCost","Portion of access costs to international connection in retail price",,,34,"BGD","Bangladesh","26% - 50%",2014,"","","Portion of access costs to international connection in retail price"
11901,"tpInterInternetConn_PortionOfCost","Portion of access costs to international connection in retail price",,,34,"BGD","Bangladesh","26% - 50%",2022,"","","Portion of access costs to international connection in retail price"
11901,"tpInterInternetConn_PortionOfCost","Portion of access costs to international connection in retail price",,,35,"BHR","Bahrain","26% - 50%",2010,"","","Portion of access costs to international connection in retail price"
11901,"tpInterInternetConn_PortionOfCost","Portion of access costs to international connection in retail price",,,35,"BHR","Bahrain","10% - 25%",2011,"","","Portion of access costs to international connection in retail price"
11901,"tpInterInternetConn_PortionOfCost","Portion of access costs to international connection in retail price",,,35,"BHR","Bahrain","10% - 25%",2012,"","","Portion of access costs to international connection in retail price"
11901,"tpInterInternetConn_PortionOfCost","Portion of access costs to international connection in retail price",,,35,"BHR","Bahrain","10% - 25%",2021,"","","Portion of access costs to international connection in retail price"
11901,"tpInterInternetConn_PortionOfCost","Portion of access costs to international connection in retail price",,,35,"BHR","Bahrain","10% - 25%",2022,"","","Portion of access costs to international connection in retail price"
11901,"tpInterInternetConn_PortionOfCost","Portion of access costs to international connection in retail price",,,35,"BHR","Bahrain","10% - 25%",2023,"","","Portion of access costs to international connection in retail price"
11901,"tpInterInternetConn_PortionOfCost","Portion of access costs to international connection in retail price",,,35,"BHR","Bahrain","10% - 25%",2024,"","","Portion of access costs to international connection in retail price"
11901,"tpInterInternetConn_PortionOfCost","Portion of access costs to international connection in retail price",,,37,"BLR","Belarus","less than 10%",2020,"","","Portion of access costs to international connection in retail price"
11901,"tpInterInternetConn_PortionOfCost","Portion of access costs to international connection in retail price",,,37,"BLR","Belarus","less than 10%",2021,"","","Portion of access costs to international connection in retail price"
11901,"tpInterInternetConn_PortionOfCost","Portion of access costs to international connection in retail price",,,37,"BLR","Belarus","less than 10%",2023,"","","Portion of access costs to international connection in retail price"
11901,"tpInterInternetConn_PortionOfCost","Portion of access costs to international connection in retail price",,,38,"BLZ","Belize","10% - 25%",2014,"","","Portion of access costs to international connection in retail price"
11901,"tpInterInternetConn_PortionOfCost","Portion of access costs to international connection in retail price",,,38,"BLZ","Belize","26% - 50%",2015,"","","Portion of access costs to international connection in retail price"
11901,"tpInterInternetConn_PortionOfCost","Portion of access costs to international connection in retail price",,,38,"BLZ","Belize","26% - 50%",2023,"","","Portion of access costs to international connection in retail price"
11901,"tpInterInternetConn_PortionOfCost","Portion of access costs to international connection in retail price",,,39,"BOL","Bolivia (Plurinational State of)","26% - 50%",2010,"","","Portion of access costs to international connection in retail price"
11901,"tpInterInternetConn_PortionOfCost","Portion of access costs to international connection in retail price",,,39,"BOL","Bolivia (Plurinational State of)","26% - 50%",2015,"","","Portion of access costs to international connection in retail price"
11901,"tpInterInternetConn_PortionOfCost","Portion of access costs to international connection in retail price",,,39,"BOL","Bolivia (Plurinational State of)","26% - 50%",2016,"","","Portion of access costs to international connection in retail price"
11901,"tpInterInternetConn_PortionOfCost","Portion of access costs to international connection in retail price",,,39,"BOL","Bolivia (Plurinational State of)","26% - 50%",2017,"","","Portion of access costs to international connection in retail price"
11901,"tpInterInternetConn_PortionOfCost","Portion of access costs to international connection in retail price",,,39,"BOL","Bolivia (Plurinational State of)","26% - 50%",2018,"","","Portion of access costs to international connection in retail price"
11901,"tpInterInternetConn_PortionOfCost","Portion of access costs to international connection in retail price",,,40,"BWA","Botswana","26% - 50%",2010,"","","Portion of access costs to international connection in retail price"
11901,"tpInterInternetConn_PortionOfCost","Portion of access costs to international connection in retail price",,,40,"BWA","Botswana","10% - 25%",2011,"","","Portion of access costs to international connection in retail price"
11901,"tpInterInternetConn_PortionOfCost","Portion of access costs to international connection in retail price",,,40,"BWA","Botswana","10% - 25%",2012,"","","Portion of access costs to international connection in retail price"
11901,"tpInterInternetConn_PortionOfCost","Portion of access costs to international connection in retail price",,,40,"BWA","Botswana","10% - 25%",2013,"","","Portion of access costs to international connection in retail price"
11901,"tpInterInternetConn_PortionOfCost","Portion of access costs to international connection in retail price",,,40,"BWA","Botswana","10% - 25%",2014,"","","Portion of access costs to international connection in retail price"
11901,"tpInterInternetConn_PortionOfCost","Portion of access costs to international connection in retail price",,,40,"BWA","Botswana","10% - 25%",2015,"","","Portion of access costs to international connection in retail price"
11901,"tpInterInternetConn_PortionOfCost","Portion of access costs to international connection in retail price",,,40,"BWA","Botswana","10% - 25%",2016,"","","Portion of access costs to international connection in retail price"
11901,"tpInterInternetConn_PortionOfCost","Portion of access costs to international connection in retail price",,,40,"BWA","Botswana","10% - 25%",2017,"","","Portion of access costs to international connection in retail price"
11901,"tpInterInternetConn_PortionOfCost","Portion of access costs to international connection in retail price",,,40,"BWA","Botswana","10% - 25%",2019,"","","Portion of access costs to international connection in retail price"
11901,"tpInterInternetConn_PortionOfCost","Portion of access costs to international connection in retail price",,,40,"BWA","Botswana","10% - 25%",2020,"","","Portion of access costs to international connection in retail price"
11901,"tpInterInternetConn_PortionOfCost","Portion of access costs to international connection in retail price",,,40,"BWA","Botswana","10% - 25%",2021,"","","Portion of access costs to international connection in retail price"
11901,"tpInterInternetConn_PortionOfCost","Portion of access costs to international connection in retail price",,,40,"BWA","Botswana","10% - 25%",2022,"","","Portion of access costs to international connection in retail price"
11901,"tpInterInternetConn_PortionOfCost","Portion of access costs to international connection in retail price",,,40,"BWA","Botswana","10% - 25%",2023,"","","Portion of access costs to international connection in retail price"
11901,"tpInterInternetConn_PortionOfCost","Portion of access costs to international connection in retail price",,,40,"BWA","Botswana","10% - 25%",2024,"","","Portion of access costs to international connection in retail price"
11901,"tpInterInternetConn_PortionOfCost","Portion of access costs to international connection in retail price",,,42,"MMR","Myanmar","10% - 25%",2012,"","","Portion of access costs to international connection in retail price"
11901,"tpInterInternetConn_PortionOfCost","Portion of access costs to international connection in retail price",,,42,"MMR","Myanmar","10% - 25%",2013,"","","Portion of access costs to international connection in retail price"
11901,"tpInterInternetConn_PortionOfCost","Portion of access costs to international connection in retail price",,,42,"MMR","Myanmar","26% - 50%",2024,"","","Portion of access costs to international connection in retail price"
11901,"tpInterInternetConn_PortionOfCost","Portion of access costs to international connection in retail price",,,43,"BRN","Brunei Darussalam","Above 50%",2013,"","","Portion of access costs to international connection in retail price"
11901,"tpInterInternetConn_PortionOfCost","Portion of access costs to international connection in retail price",,,43,"BRN","Brunei Darussalam","Above 50%",2014,"","","Portion of access costs to international connection in retail price"
11901,"tpInterInternetConn_PortionOfCost","Portion of access costs to international connection in retail price",,,43,"BRN","Brunei Darussalam","Above 50%",2015,"","","Portion of access costs to international connection in retail price"
11901,"tpInterInternetConn_PortionOfCost","Portion of access costs to international connection in retail price",,,43,"BRN","Brunei Darussalam","Above 50%",2016,"","","Portion of access costs to international connection in retail price"
11901,"tpInterInternetConn_PortionOfCost","Portion of access costs to international connection in retail price",,,43,"BRN","Brunei Darussalam","Above 50%",2017,"","","Portion of access costs to international connection in retail price"
11901,"tpInterInternetConn_PortionOfCost","Portion of access costs to international connection in retail price",,,43,"BRN","Brunei Darussalam","Above 50%",2018,"","","Portion of access costs to international connection in retail price"
11901,"tpInterInternetConn_PortionOfCost","Portion of access costs to international connection in retail price",,,43,"BRN","Brunei Darussalam","Above 50%",2019,"","","Portion of access costs to international connection in retail price"
11901,"tpInterInternetConn_PortionOfCost","Portion of access costs to international connection in retail price",,,43,"BRN","Brunei Darussalam","Above 50%",2020,"","","Portion of access costs to international connection in retail price"
11901,"tpInterInternetConn_PortionOfCost","Portion of access costs to international connection in retail price",,,43,"BRN","Brunei Darussalam","Above 50%",2021,"","","Portion of access costs to international connection in retail price"
11901,"tpInterInternetConn_PortionOfCost","Portion of access costs to international connection in retail price",,,43,"BRN","Brunei Darussalam","Above 50%",2022,"","","Portion of access costs to international connection in retail price"
11901,"tpInterInternetConn_PortionOfCost","Portion of access costs to international connection in retail price",,,43,"BRN","Brunei Darussalam","Above 50%",2023,"","","Portion of access costs to international connection in retail price"
11901,"tpInterInternetConn_PortionOfCost","Portion of access costs to international connection in retail price",,,43,"BRN","Brunei Darussalam","Above 50%",2024,"","","Portion of access costs to international connection in retail price"
11901,"tpInterInternetConn_PortionOfCost","Portion of access costs to international connection in retail price",,,46,"CAF","Central African Rep.","26% - 50%",2010,"","","Portion of access costs to international connection in retail price"
11901,"tpInterInternetConn_PortionOfCost","Portion of access costs to international connection in retail price",,,48,"KHM","Cambodia","26% - 50%",2014,"","","Portion of access costs to international connection in retail price"
11901,"tpInterInternetConn_PortionOfCost","Portion of access costs to international connection in retail price",,,48,"KHM","Cambodia","26% - 50%",2015,"","","Portion of access costs to international connection in retail price"
11901,"tpInterInternetConn_PortionOfCost","Portion of access costs to international connection in retail price",,,48,"KHM","Cambodia","26% - 50%",2016,"","","Portion of access costs to international connection in retail price"
11901,"tpInterInternetConn_PortionOfCost","Portion of access costs to international connection in retail price",,,48,"KHM","Cambodia","26% - 50%",2017,"","","Portion of access costs to international connection in retail price"
11901,"tpInterInternetConn_PortionOfCost","Portion of access costs to international connection in retail price",,,48,"KHM","Cambodia","26% - 50%",2018,"","","Portion of access costs to international connection in retail price"
11901,"tpInterInternetConn_PortionOfCost","Portion of access costs to international connection in retail price",,,48,"KHM","Cambodia","26% - 50%",2019,"","","Portion of access costs to international connection in retail price"
11901,"tpInterInternetConn_PortionOfCost","Portion of access costs to international connection in retail price",,,48,"KHM","Cambodia","26% - 50%",2020,"","","Portion of access costs to international connection in retail price"
11901,"tpInterInternetConn_PortionOfCost","Portion of access costs to international connection in retail price",,,48,"KHM","Cambodia","10% - 25%",2021,"","","Portion of access costs to international connection in retail price"
11901,"tpInterInternetConn_PortionOfCost","Portion of access costs to international connection in retail price",,,48,"KHM","Cambodia","10% - 25%",2022,"","","Portion of access costs to international connection in retail price"
11901,"tpInterInternetConn_PortionOfCost","Portion of access costs to international connection in retail price",,,48,"KHM","Cambodia","10% - 25%",2023,"","","Portion of access costs to international connection in retail price"
11901,"tpInterInternetConn_PortionOfCost","Portion of access costs to international connection in retail price",,,48,"KHM","Cambodia","10% - 25%",2024,"","","Portion of access costs to international connection in retail price"
11901,"tpInterInternetConn_PortionOfCost","Portion of access costs to international connection in retail price",,,49,"CHL","Chile","26% - 50%",2011,"","","Portion of access costs to international connection in retail price"
11901,"tpInterInternetConn_PortionOfCost","Portion of access costs to international connection in retail price",,,49,"CHL","Chile","10% - 25%",2012,"","","Portion of access costs to international connection in retail price"
11901,"tpInterInternetConn_PortionOfCost","Portion of access costs to international connection in retail price",,,49,"CHL","Chile","10% - 25%",2013,"","","Portion of access costs to international connection in retail price"
11901,"tpInterInternetConn_PortionOfCost","Portion of access costs to international connection in retail price",,,49,"CHL","Chile","10% - 25%",2022,"","","Portion of access costs to international connection in retail price"
11901,"tpInterInternetConn_PortionOfCost","Portion of access costs to international connection in retail price",,,49,"CHL","Chile","10% - 25%",2023,"","","Portion of access costs to international connection in retail price"
11901,"tpInterInternetConn_PortionOfCost","Portion of access costs to international connection in retail price",,,49,"CHL","Chile","10% - 25%",2024,"","","Portion of access costs to international connection in retail price"
11901,"tpInterInternetConn_PortionOfCost","Portion of access costs to international connection in retail price",,,50,"CHN","China","Above 50%",2010,"","","Portion of access costs to international connection in retail price"
11901,"tpInterInternetConn_PortionOfCost","Portion of access costs to international connection in retail price",,,50,"CHN","China","26% - 50%",2011,"","","Portion of access costs to international connection in retail price"
11901,"tpInterInternetConn_PortionOfCost","Portion of access costs to international connection in retail price",,,53,"COL","Colombia","26% - 50%",2012,"","","Portion of access costs to international connection in retail price"
11901,"tpInterInternetConn_PortionOfCost","Portion of access costs to international connection in retail price",,,53,"COL","Colombia","26% - 50%",2013,"","","Portion of access costs to international connection in retail price"
11901,"tpInterInternetConn_PortionOfCost","Portion of access costs to international connection in retail price",,,53,"COL","Colombia","26% - 50%",2014,"No se tiene información","","Portion of access costs to international connection in retail price"
11901,"tpInterInternetConn_PortionOfCost","Portion of access costs to international connection in retail price",,,53,"COL","Colombia","26% - 50%",2015,"No se tiene información","","Portion of access costs to international connection in retail price"
11901,"tpInterInternetConn_PortionOfCost","Portion of access costs to international connection in retail price",,,54,"LKA","Sri Lanka","Above 50%",2011,"","","Portion of access costs to international connection in retail price"
11901,"tpInterInternetConn_PortionOfCost","Portion of access costs to international connection in retail price",,,54,"LKA","Sri Lanka","26% - 50%",2012,"","","Portion of access costs to international connection in retail price"
11901,"tpInterInternetConn_PortionOfCost","Portion of access costs to international connection in retail price",,,54,"LKA","Sri Lanka","26% - 50%",2013,"","","Portion of access costs to international connection in retail price"
11901,"tpInterInternetConn_PortionOfCost","Portion of access costs to international connection in retail price",,,54,"LKA","Sri Lanka","26% - 50%",2014,"","","Portion of access costs to international connection in retail price"
11901,"tpInterInternetConn_PortionOfCost","Portion of access costs to international connection in retail price",,,54,"LKA","Sri Lanka","26% - 50%",2016,"","","Portion of access costs to international connection in retail price"
11901,"tpInterInternetConn_PortionOfCost","Portion of access costs to international connection in retail price",,,54,"LKA","Sri Lanka","26% - 50%",2020,"","","Portion of access costs to international connection in retail price"
11901,"tpInterInternetConn_PortionOfCost","Portion of access costs to international connection in retail price",,,54,"LKA","Sri Lanka","26% - 50%",2021,"","","Portion of access costs to international connection in retail price"
11901,"tpInterInternetConn_PortionOfCost","Portion of access costs to international connection in retail price",,,54,"LKA","Sri Lanka","26% - 50%",2022,"","","Portion of access costs to international connection in retail price"
11901,"tpInterInternetConn_PortionOfCost","Portion of access costs to international connection in retail price",,,55,"CMR","Cameroon","Above 50%",2010,"","","Portion of access costs to international connection in retail price"
11901,"tpInterInternetConn_PortionOfCost","Portion of access costs to international connection in retail price",,,55,"CMR","Cameroon","Above 50%",2011,"","","Portion of access costs to international connection in retail price"
11901,"tpInterInternetConn_PortionOfCost","Portion of access costs to international connection in retail price",,,55,"CMR","Cameroon","Above 50%",2012,"","","Portion of access costs to international connection in retail price"
11901,"tpInterInternetConn_PortionOfCost","Portion of access costs to international connection in retail price",,,55,"CMR","Cameroon","Above 50%",2013,"","","Portion of access costs to international connection in retail price"
11901,"tpInterInternetConn_PortionOfCost","Portion of access costs to international connection in retail price",,,55,"CMR","Cameroon","26% - 50%",2017,"","","Portion of access costs to international connection in retail price"
11901,"tpInterInternetConn_PortionOfCost","Portion of access costs to international connection in retail price",,,55,"CMR","Cameroon","26% - 50%",2018,"","","Portion of access costs to international connection in retail price"
11901,"tpInterInternetConn_PortionOfCost","Portion of access costs to international connection in retail price",,,55,"CMR","Cameroon","26% - 50%",2021,"","","Portion of access costs to international connection in retail price"
11901,"tpInterInternetConn_PortionOfCost","Portion of access costs to international connection in retail price",,,55,"CMR","Cameroon","26% - 50%",2022,"","","Portion of access costs to international connection in retail price"
11901,"tpInterInternetConn_PortionOfCost","Portion of access costs to international connection in retail price",,,57,"COG","Congo (Rep. of the)","26% - 50%",2011,"","","Portion of access costs to international connection in retail price"
11901,"tpInterInternetConn_PortionOfCost","Portion of access costs to international connection in retail price",,,57,"COG","Congo (Rep. of the)","Above 50%",2012,"","","Portion of access costs to international connection in retail price"
11901,"tpInterInternetConn_PortionOfCost","Portion of access costs to international connection in retail price",,,57,"COG","Congo (Rep. of the)","26% - 50%",2013,"","","Portion of access costs to international connection in retail price"
11901,"tpInterInternetConn_PortionOfCost","Portion of access costs to international connection in retail price",,,57,"COG","Congo (Rep. of the)","26% - 50%",2014,"","","Portion of access costs to international connection in retail price"
11901,"tpInterInternetConn_PortionOfCost","Portion of access costs to international connection in retail price",,,57,"COG","Congo (Rep. of the)","Above 50%",2017,"","","Portion of access costs to international connection in retail price"
11901,"tpInterInternetConn_PortionOfCost","Portion of access costs to international connection in retail price",,,57,"COG","Congo (Rep. of the)","Above 50%",2018,"","","Portion of access costs to international connection in retail price"
11901,"tpInterInternetConn_PortionOfCost","Portion of access costs to international connection in retail price",,,57,"COG","Congo (Rep. of the)","Above 50%",2019,"","","Portion of access costs to international connection in retail price"
11901,"tpInterInternetConn_PortionOfCost","Portion of access costs to international connection in retail price",,,57,"COG","Congo (Rep. of the)","Above 50%",2020,"","","Portion of access costs to international connection in retail price"
11901,"tpInterInternetConn_PortionOfCost","Portion of access costs to international connection in retail price",,,57,"COG","Congo (Rep. of the)","Above 50%",2021,"","","Portion of access costs to international connection in retail price"
11901,"tpInterInternetConn_PortionOfCost","Portion of access costs to international connection in retail price",,,57,"COG","Congo (Rep. of the)","Above 50%",2022,"","","Portion of access costs to international connection in retail price"
11901,"tpInterInternetConn_PortionOfCost","Portion of access costs to international connection in retail price",,,57,"COG","Congo (Rep. of the)","Above 50%",2023,"","","Portion of access costs to international connection in retail price"
11901,"tpInterInternetConn_PortionOfCost","Portion of access costs to international connection in retail price",,,57,"COG","Congo (Rep. of the)","26% - 50%",2024,"Cette estimation tient compte du fait que le coût de la bande passante internationale reste un facteur significatif dans la formation des prix, mais que d'autres éléments comme les coûts d'infrastructure locale, les frais d'exploitation, et la concurrence influencent également le prix final payé par les consommateurs.","","Portion of access costs to international connection in retail price"
11901,"tpInterInternetConn_PortionOfCost","Portion of access costs to international connection in retail price",,,59,"CPV","Cabo Verde","Above 50%",2013,"","","Portion of access costs to international connection in retail price"
11901,"tpInterInternetConn_PortionOfCost","Portion of access costs to international connection in retail price",,,59,"CPV","Cabo Verde","Above 50%",2014,"","","Portion of access costs to international connection in retail price"
11901,"tpInterInternetConn_PortionOfCost","Portion of access costs to international connection in retail price",,,59,"CPV","Cabo Verde","26% - 50%",2017,"","","Portion of access costs to international connection in retail price"
11901,"tpInterInternetConn_PortionOfCost","Portion of access costs to international connection in retail price",,,59,"CPV","Cabo Verde","26% - 50%",2018,"","","Portion of access costs to international connection in retail price"
11901,"tpInterInternetConn_PortionOfCost","Portion of access costs to international connection in retail price",,,59,"CPV","Cabo Verde","26% - 50%",2019,"","","Portion of access costs to international connection in retail price"
11901,"tpInterInternetConn_PortionOfCost","Portion of access costs to international connection in retail price",,,59,"CPV","Cabo Verde","26% - 50%",2020,"","","Portion of access costs to international connection in retail price"
11901,"tpInterInternetConn_PortionOfCost","Portion of access costs to international connection in retail price",,,59,"CPV","Cabo Verde","26% - 50%",2021,"","","Portion of access costs to international connection in retail price"
11901,"tpInterInternetConn_PortionOfCost","Portion of access costs to international connection in retail price",,,61,"CIV","Côte d'Ivoire","Above 50%",2010,"","","Portion of access costs to international connection in retail price"
11901,"tpInterInternetConn_PortionOfCost","Portion of access costs to international connection in retail price",,,61,"CIV","Côte d'Ivoire","Above 50%",2012,"","","Portion of access costs to international connection in retail price"
11901,"tpInterInternetConn_PortionOfCost","Portion of access costs to international connection in retail price",,,61,"CIV","Côte d'Ivoire","Above 50%",2013,"","","Portion of access costs to international connection in retail price"
11901,"tpInterInternetConn_PortionOfCost","Portion of access costs to international connection in retail price",,,61,"CIV","Côte d'Ivoire","Above 50%",2015,"","","Portion of access costs to international connection in retail price"
11901,"tpInterInternetConn_PortionOfCost","Portion of access costs to international connection in retail price",,,62,"CRI","Costa Rica","Above 50%",2010,"","","Portion of access costs to international connection in retail price"
11901,"tpInterInternetConn_PortionOfCost","Portion of access costs to international connection in retail price",,,62,"CRI","Costa Rica","Above 50%",2011,"","","Portion of access costs to international connection in retail price"
11901,"tpInterInternetConn_PortionOfCost","Portion of access costs to international connection in retail price",,,62,"CRI","Costa Rica","10% - 25%",2012,"Es un dato estimado.","","Portion of access costs to international connection in retail price"
11901,"tpInterInternetConn_PortionOfCost","Portion of access costs to international connection in retail price",,,62,"CRI","Costa Rica","10% - 25%",2013,"Es un dato estimado.","","Portion of access costs to international connection in retail price"
11901,"tpInterInternetConn_PortionOfCost","Portion of access costs to international connection in retail price",,,62,"CRI","Costa Rica","10% - 25%",2014,"Es un dato estimado.","","Portion of access costs to international connection in retail price"
11901,"tpInterInternetConn_PortionOfCost","Portion of access costs to international connection in retail price",,,62,"CRI","Costa Rica","10% - 25%",2015,"","","Portion of access costs to international connection in retail price"
11901,"tpInterInternetConn_PortionOfCost","Portion of access costs to international connection in retail price",,,62,"CRI","Costa Rica","10% - 25%",2016,"","","Portion of access costs to international connection in retail price"
11901,"tpInterInternetConn_PortionOfCost","Portion of access costs to international connection in retail price",,,62,"CRI","Costa Rica","10% - 25%",2017,"","","Portion of access costs to international connection in retail price"
11901,"tpInterInternetConn_PortionOfCost","Portion of access costs to international connection in retail price",,,62,"CRI","Costa Rica","10% - 25%",2018,"","","Portion of access costs to international connection in retail price"
11901,"tpInterInternetConn_PortionOfCost","Portion of access costs to international connection in retail price",,,62,"CRI","Costa Rica","10% - 25%",2019,"","","Portion of access costs to international connection in retail price"
11901,"tpInterInternetConn_PortionOfCost","Portion of access costs to international connection in retail price",,,62,"CRI","Costa Rica","10% - 25%",2020,"","","Portion of access costs to international connection in retail price"
11901,"tpInterInternetConn_PortionOfCost","Portion of access costs to international connection in retail price",,,62,"CRI","Costa Rica","10% - 25%",2021,"","","Portion of access costs to international connection in retail price"
11901,"tpInterInternetConn_PortionOfCost","Portion of access costs to international connection in retail price",,,62,"CRI","Costa Rica","10% - 25%",2022,"","","Portion of access costs to international connection in retail price"
11901,"tpInterInternetConn_PortionOfCost","Portion of access costs to international connection in retail price",,,62,"CRI","Costa Rica","10% - 25%",2023,"","","Portion of access costs to international connection in retail price"
11901,"tpInterInternetConn_PortionOfCost","Portion of access costs to international connection in retail price",,,62,"CRI","Costa Rica","10% - 25%",2024,"","","Portion of access costs to international connection in retail price"
11901,"tpInterInternetConn_PortionOfCost","Portion of access costs to international connection in retail price",,,63,"CUB","Cuba","Above 50%",2010,"","","Portion of access costs to international connection in retail price"
11901,"tpInterInternetConn_PortionOfCost","Portion of access costs to international connection in retail price",,,63,"CUB","Cuba","26% - 50%",2011,"","","Portion of access costs to international connection in retail price"
11901,"tpInterInternetConn_PortionOfCost","Portion of access costs to international connection in retail price",,,63,"CUB","Cuba","Above 50%",2016,"","","Portion of access costs to international connection in retail price"
11901,"tpInterInternetConn_PortionOfCost","Portion of access costs to international connection in retail price",,,63,"CUB","Cuba","Above 50%",2017,"","","Portion of access costs to international connection in retail price"
11901,"tpInterInternetConn_PortionOfCost","Portion of access costs to international connection in retail price",,,63,"CUB","Cuba","Above 50%",2018,"","","Portion of access costs to international connection in retail price"
11901,"tpInterInternetConn_PortionOfCost","Portion of access costs to international connection in retail price",,,63,"CUB","Cuba","Above 50%",2019,"","","Portion of access costs to international connection in retail price"
11901,"tpInterInternetConn_PortionOfCost","Portion of access costs to international connection in retail price",,,63,"CUB","Cuba","Above 50%",2020,"","","Portion of access costs to international connection in retail price"
11901,"tpInterInternetConn_PortionOfCost","Portion of access costs to international connection in retail price",,,63,"CUB","Cuba","Above 50%",2021,"","","Portion of access costs to international connection in retail price"
11901,"tpInterInternetConn_PortionOfCost","Portion of access costs to international connection in retail price",,,63,"CUB","Cuba","Above 50%",2022,"","","Portion of access costs to international connection in retail price"
11901,"tpInterInternetConn_PortionOfCost","Portion of access costs to international connection in retail price",,,63,"CUB","Cuba","Above 50%",2023,"","","Portion of access costs to international connection in retail price"
11901,"tpInterInternetConn_PortionOfCost","Portion of access costs to international connection in retail price",,,63,"CUB","Cuba","Above 50%",2024,"","","Portion of access costs to international connection in retail price"
11901,"tpInterInternetConn_PortionOfCost","Portion of access costs to international connection in retail price",,,67,"DEU","Germany","less than 10%",2013,"","","Portion of access costs to international connection in retail price"
11901,"tpInterInternetConn_PortionOfCost","Portion of access costs to international connection in retail price",,,67,"DEU","Germany","less than 10%",2014,"","","Portion of access costs to international connection in retail price"
11901,"tpInterInternetConn_PortionOfCost","Portion of access costs to international connection in retail price",,,67,"DEU","Germany","less than 10%",2015,"","","Portion of access costs to international connection in retail price"
11901,"tpInterInternetConn_PortionOfCost","Portion of access costs to international connection in retail price",,,67,"DEU","Germany","less than 10%",2016,"","","Portion of access costs to international connection in retail price"
11901,"tpInterInternetConn_PortionOfCost","Portion of access costs to international connection in retail price",,,67,"DEU","Germany","less than 10%",2017,"","","Portion of access costs to international connection in retail price"
11901,"tpInterInternetConn_PortionOfCost","Portion of access costs to international connection in retail price",,,67,"DEU","Germany","less than 10%",2018,"","","Portion of access costs to international connection in retail price"
11901,"tpInterInternetConn_PortionOfCost","Portion of access costs to international connection in retail price",,,67,"DEU","Germany","less than 10%",2019,"","","Portion of access costs to international connection in retail price"
11901,"tpInterInternetConn_PortionOfCost","Portion of access costs to international connection in retail price",,,67,"DEU","Germany","less than 10%",2020,"","","Portion of access costs to international connection in retail price"
11901,"tpInterInternetConn_PortionOfCost","Portion of access costs to international connection in retail price",,,67,"DEU","Germany","less than 10%",2021,"","","Portion of access costs to international connection in retail price"
11901,"tpInterInternetConn_PortionOfCost","Portion of access costs to international connection in retail price",,,67,"DEU","Germany","less than 10%",2022,"","","Portion of access costs to international connection in retail price"
11901,"tpInterInternetConn_PortionOfCost","Portion of access costs to international connection in retail price",,,67,"DEU","Germany","less than 10%",2023,"","","Portion of access costs to international connection in retail price"
11901,"tpInterInternetConn_PortionOfCost","Portion of access costs to international connection in retail price",,,69,"DJI","Djibouti","26% - 50%",2010,"","","Portion of access costs to international connection in retail price"
11901,"tpInterInternetConn_PortionOfCost","Portion of access costs to international connection in retail price",,,69,"DJI","Djibouti","10% - 25%",2018,"","","Portion of access costs to international connection in retail price"
11901,"tpInterInternetConn_PortionOfCost","Portion of access costs to international connection in retail price",,,70,"DMA","Dominica","Above 50%",2024,"","","Portion of access costs to international connection in retail price"
11901,"tpInterInternetConn_PortionOfCost","Portion of access costs to international connection in retail price",,,72,"DOM","Dominican Rep.","26% - 50%",2010,"","","Portion of access costs to international connection in retail price"
11901,"tpInterInternetConn_PortionOfCost","Portion of access costs to international connection in retail price",,,72,"DOM","Dominican Rep.","26% - 50%",2012,"","","Portion of access costs to international connection in retail price"
11901,"tpInterInternetConn_PortionOfCost","Portion of access costs to international connection in retail price",,,72,"DOM","Dominican Rep.","26% - 50%",2013,"","","Portion of access costs to international connection in retail price"
11901,"tpInterInternetConn_PortionOfCost","Portion of access costs to international connection in retail price",,,72,"DOM","Dominican Rep.","26% - 50%",2014,"","","Portion of access costs to international connection in retail price"
11901,"tpInterInternetConn_PortionOfCost","Portion of access costs to international connection in retail price",,,72,"DOM","Dominican Rep.","10% - 25%",2017,"","","Portion of access costs to international connection in retail price"
11901,"tpInterInternetConn_PortionOfCost","Portion of access costs to international connection in retail price",,,72,"DOM","Dominican Rep.","10% - 25%",2018,"","","Portion of access costs to international connection in retail price"
11901,"tpInterInternetConn_PortionOfCost","Portion of access costs to international connection in retail price",,,72,"DOM","Dominican Rep.","10% - 25%",2019,"","","Portion of access costs to international connection in retail price"
11901,"tpInterInternetConn_PortionOfCost","Portion of access costs to international connection in retail price",,,73,"ESP","Spain","less than 10%",2010,"","","Portion of access costs to international connection in retail price"
11901,"tpInterInternetConn_PortionOfCost","Portion of access costs to international connection in retail price",,,73,"ESP","Spain","less than 10%",2011,"","","Portion of access costs to international connection in retail price"
11901,"tpInterInternetConn_PortionOfCost","Portion of access costs to international connection in retail price",,,73,"ESP","Spain","less than 10%",2013,"","","Portion of access costs to international connection in retail price"
11901,"tpInterInternetConn_PortionOfCost","Portion of access costs to international connection in retail price",,,73,"ESP","Spain","less than 10%",2014,"","","Portion of access costs to international connection in retail price"
11901,"tpInterInternetConn_PortionOfCost","Portion of access costs to international connection in retail price",,,73,"ESP","Spain","less than 10%",2015,"","","Portion of access costs to international connection in retail price"
11901,"tpInterInternetConn_PortionOfCost","Portion of access costs to international connection in retail price",,,73,"ESP","Spain","less than 10%",2016,"","","Portion of access costs to international connection in retail price"
11901,"tpInterInternetConn_PortionOfCost","Portion of access costs to international connection in retail price",,,73,"ESP","Spain","less than 10%",2017,"","","Portion of access costs to international connection in retail price"
11901,"tpInterInternetConn_PortionOfCost","Portion of access costs to international connection in retail price",,,73,"ESP","Spain","less than 10%",2018,"","","Portion of access costs to international connection in retail price"
11901,"tpInterInternetConn_PortionOfCost","Portion of access costs to international connection in retail price",,,73,"ESP","Spain","less than 10%",2019,"","","Portion of access costs to international connection in retail price"
11901,"tpInterInternetConn_PortionOfCost","Portion of access costs to international connection in retail price",,,73,"ESP","Spain","less than 10%",2020,"","","Portion of access costs to international connection in retail price"
11901,"tpInterInternetConn_PortionOfCost","Portion of access costs to international connection in retail price",,,73,"ESP","Spain","less than 10%",2021,"","","Portion of access costs to international connection in retail price"
11901,"tpInterInternetConn_PortionOfCost","Portion of access costs to international connection in retail price",,,73,"ESP","Spain","less than 10%",2022,"","","Portion of access costs to international connection in retail price"
11901,"tpInterInternetConn_PortionOfCost","Portion of access costs to international connection in retail price",,,73,"ESP","Spain","less than 10%",2023,"","","Portion of access costs to international connection in retail price"
11901,"tpInterInternetConn_PortionOfCost","Portion of access costs to international connection in retail price",,,73,"ESP","Spain","less than 10%",2024,"","","Portion of access costs to international connection in retail price"
11901,"tpInterInternetConn_PortionOfCost","Portion of access costs to international connection in retail price",,,74,"EGY","Egypt","10% - 25%",2014,"","","Portion of access costs to international connection in retail price"
11901,"tpInterInternetConn_PortionOfCost","Portion of access costs to international connection in retail price",,,74,"EGY","Egypt","10% - 25%",2020,"","","Portion of access costs to international connection in retail price"
11901,"tpInterInternetConn_PortionOfCost","Portion of access costs to international connection in retail price",,,74,"EGY","Egypt","10% - 25%",2021,"","","Portion of access costs to international connection in retail price"
11901,"tpInterInternetConn_PortionOfCost","Portion of access costs to international connection in retail price",,,74,"EGY","Egypt","10% - 25%",2023,"","","Portion of access costs to international connection in retail price"
11901,"tpInterInternetConn_PortionOfCost","Portion of access costs to international connection in retail price",,,74,"EGY","Egypt","10% - 25%",2024,"","","Portion of access costs to international connection in retail price"
11901,"tpInterInternetConn_PortionOfCost","Portion of access costs to international connection in retail price",,,75,"ECU","Ecuador","Above 50%",2011,"","","Portion of access costs to international connection in retail price"
11901,"tpInterInternetConn_PortionOfCost","Portion of access costs to international connection in retail price",,,78,"FRA","France","less than 10%",2012,"","","Portion of access costs to international connection in retail price"
11901,"tpInterInternetConn_PortionOfCost","Portion of access costs to international connection in retail price",,,78,"FRA","France","less than 10%",2013,"","","Portion of access costs to international connection in retail price"
11901,"tpInterInternetConn_PortionOfCost","Portion of access costs to international connection in retail price",,,78,"FRA","France","less than 10%",2014,"","","Portion of access costs to international connection in retail price"
11901,"tpInterInternetConn_PortionOfCost","Portion of access costs to international connection in retail price",,,78,"FRA","France","less than 10%",2016,"","","Portion of access costs to international connection in retail price"
11901,"tpInterInternetConn_PortionOfCost","Portion of access costs to international connection in retail price",,,78,"FRA","France","less than 10%",2017,"","","Portion of access costs to international connection in retail price"
11901,"tpInterInternetConn_PortionOfCost","Portion of access costs to international connection in retail price",,,78,"FRA","France","less than 10%",2018,"","","Portion of access costs to international connection in retail price"
11901,"tpInterInternetConn_PortionOfCost","Portion of access costs to international connection in retail price",,,78,"FRA","France","less than 10%",2019,"","","Portion of access costs to international connection in retail price"
11901,"tpInterInternetConn_PortionOfCost","Portion of access costs to international connection in retail price",,,78,"FRA","France","less than 10%",2020,"","","Portion of access costs to international connection in retail price"
11901,"tpInterInternetConn_PortionOfCost","Portion of access costs to international connection in retail price",,,78,"FRA","France","less than 10%",2021,"","","Portion of access costs to international connection in retail price"
11901,"tpInterInternetConn_PortionOfCost","Portion of access costs to international connection in retail price",,,78,"FRA","France","less than 10%",2022,"","","Portion of access costs to international connection in retail price"
11901,"tpInterInternetConn_PortionOfCost","Portion of access costs to international connection in retail price",,,78,"FRA","France","less than 10%",2023,"","","Portion of access costs to international connection in retail price"
11901,"tpInterInternetConn_PortionOfCost","Portion of access costs to international connection in retail price",,,78,"FRA","France","less than 10%",2024,"","","Portion of access costs to international connection in retail price"
11901,"tpInterInternetConn_PortionOfCost","Portion of access costs to international connection in retail price",,,79,"FJI","Fiji","10% - 25%",2021,"","","Portion of access costs to international connection in retail price"
11901,"tpInterInternetConn_PortionOfCost","Portion of access costs to international connection in retail price",,,79,"FJI","Fiji","10% - 25%",2022,"","","Portion of access costs to international connection in retail price"
11901,"tpInterInternetConn_PortionOfCost","Portion of access costs to international connection in retail price",,,84,"GBR","United Kingdom","less than 10%",2018,"","","Portion of access costs to international connection in retail price"
11901,"tpInterInternetConn_PortionOfCost","Portion of access costs to international connection in retail price",,,85,"GAB","Gabon","less than 10%",2015,"","","Portion of access costs to international connection in retail price"
11901,"tpInterInternetConn_PortionOfCost","Portion of access costs to international connection in retail price",,,85,"GAB","Gabon","less than 10%",2023,"","","Portion of access costs to international connection in retail price"
11901,"tpInterInternetConn_PortionOfCost","Portion of access costs to international connection in retail price",,,85,"GAB","Gabon","less than 10%",2024,"","","Portion of access costs to international connection in retail price"
11901,"tpInterInternetConn_PortionOfCost","Portion of access costs to international connection in retail price",,,90,"GHA","Ghana","less than 10%",2010,"","","Portion of access costs to international connection in retail price"
11901,"tpInterInternetConn_PortionOfCost","Portion of access costs to international connection in retail price",,,90,"GHA","Ghana","less than 10%",2011,"","","Portion of access costs to international connection in retail price"
11901,"tpInterInternetConn_PortionOfCost","Portion of access costs to international connection in retail price",,,90,"GHA","Ghana","10% - 25%",2012,"","","Portion of access costs to international connection in retail price"
11901,"tpInterInternetConn_PortionOfCost","Portion of access costs to international connection in retail price",,,90,"GHA","Ghana","10% - 25%",2013,"","","Portion of access costs to international connection in retail price"
11901,"tpInterInternetConn_PortionOfCost","Portion of access costs to international connection in retail price",,,90,"GHA","Ghana","10% - 25%",2014,"","","Portion of access costs to international connection in retail price"
11901,"tpInterInternetConn_PortionOfCost","Portion of access costs to international connection in retail price",,,90,"GHA","Ghana","Above 50%",2016,"","","Portion of access costs to international connection in retail price"
11901,"tpInterInternetConn_PortionOfCost","Portion of access costs to international connection in retail price",,,90,"GHA","Ghana","Above 50%",2017,"","","Portion of access costs to international connection in retail price"
11901,"tpInterInternetConn_PortionOfCost","Portion of access costs to international connection in retail price",,,90,"GHA","Ghana","Above 50%",2018,"","","Portion of access costs to international connection in retail price"
11901,"tpInterInternetConn_PortionOfCost","Portion of access costs to international connection in retail price",,,90,"GHA","Ghana","Above 50%",2019,"","","Portion of access costs to international connection in retail price"
11901,"tpInterInternetConn_PortionOfCost","Portion of access costs to international connection in retail price",,,90,"GHA","Ghana","Above 50%",2020,"","","Portion of access costs to international connection in retail price"
11901,"tpInterInternetConn_PortionOfCost","Portion of access costs to international connection in retail price",,,90,"GHA","Ghana","Above 50%",2021,"","","Portion of access costs to international connection in retail price"
11901,"tpInterInternetConn_PortionOfCost","Portion of access costs to international connection in retail price",,,90,"GHA","Ghana","Above 50%",2022,"","","Portion of access costs to international connection in retail price"
11901,"tpInterInternetConn_PortionOfCost","Portion of access costs to international connection in retail price",,,90,"GHA","Ghana","Above 50%",2023,"","","Portion of access costs to international connection in retail price"
11901,"tpInterInternetConn_PortionOfCost","Portion of access costs to international connection in retail price",,,90,"GHA","Ghana","Above 50%",2024,"","","Portion of access costs to international connection in retail price"
11901,"tpInterInternetConn_PortionOfCost","Portion of access costs to international connection in retail price",,,92,"GMB","Gambia","Above 50%",2010,"","","Portion of access costs to international connection in retail price"
11901,"tpInterInternetConn_PortionOfCost","Portion of access costs to international connection in retail price",,,92,"GMB","Gambia","26% - 50%",2013,"","","Portion of access costs to international connection in retail price"
11901,"tpInterInternetConn_PortionOfCost","Portion of access costs to international connection in retail price",,,92,"GMB","Gambia","26% - 50%",2014,"","","Portion of access costs to international connection in retail price"
11901,"tpInterInternetConn_PortionOfCost","Portion of access costs to international connection in retail price",,,92,"GMB","Gambia","26% - 50%",2016,"","","Portion of access costs to international connection in retail price"
11901,"tpInterInternetConn_PortionOfCost","Portion of access costs to international connection in retail price",,,92,"GMB","Gambia","26% - 50%",2017,"","","Portion of access costs to international connection in retail price"
11901,"tpInterInternetConn_PortionOfCost","Portion of access costs to international connection in retail price",,,92,"GMB","Gambia","10% - 25%",2018,"","","Portion of access costs to international connection in retail price"
11901,"tpInterInternetConn_PortionOfCost","Portion of access costs to international connection in retail price",,,92,"GMB","Gambia","26% - 50%",2020,"","","Portion of access costs to international connection in retail price"
11901,"tpInterInternetConn_PortionOfCost","Portion of access costs to international connection in retail price",,,92,"GMB","Gambia","26% - 50%",2021,"","","Portion of access costs to international connection in retail price"
11901,"tpInterInternetConn_PortionOfCost","Portion of access costs to international connection in retail price",,,92,"GMB","Gambia","26% - 50%",2022,"","","Portion of access costs to international connection in retail price"
11901,"tpInterInternetConn_PortionOfCost","Portion of access costs to international connection in retail price",,,92,"GMB","Gambia","26% - 50%",2023,"","","Portion of access costs to international connection in retail price"
11901,"tpInterInternetConn_PortionOfCost","Portion of access costs to international connection in retail price",,,92,"GMB","Gambia","26% - 50%",2024,"","","Portion of access costs to international connection in retail price"
11901,"tpInterInternetConn_PortionOfCost","Portion of access costs to international connection in retail price",,,94,"GNQ","Equatorial Guinea","Above 50%",2017,"","","Portion of access costs to international connection in retail price"
11901,"tpInterInternetConn_PortionOfCost","Portion of access costs to international connection in retail price",,,94,"GNQ","Equatorial Guinea","Above 50%",2018,"","","Portion of access costs to international connection in retail price"
11901,"tpInterInternetConn_PortionOfCost","Portion of access costs to international connection in retail price",,,94,"GNQ","Equatorial Guinea","10% - 25%",2021,"","","Portion of access costs to international connection in retail price"
11901,"tpInterInternetConn_PortionOfCost","Portion of access costs to international connection in retail price",,,94,"GNQ","Equatorial Guinea","10% - 25%",2022,"","","Portion of access costs to international connection in retail price"
11901,"tpInterInternetConn_PortionOfCost","Portion of access costs to international connection in retail price",,,94,"GNQ","Equatorial Guinea","Above 50%",2023,"El precio mayorista de 1 Mbits (caso peor) es de 15.000 Fcfas y el precio minorista regulado de 1 Mbits es de 27.500 Fcas.","","Portion of access costs to international connection in retail price"
11901,"tpInterInternetConn_PortionOfCost","Portion of access costs to international connection in retail price",,,95,"GRC","Greece","less than 10%",2016,"","","Portion of access costs to international connection in retail price"
11901,"tpInterInternetConn_PortionOfCost","Portion of access costs to international connection in retail price",,,95,"GRC","Greece","less than 10%",2017,"","","Portion of access costs to international connection in retail price"
11901,"tpInterInternetConn_PortionOfCost","Portion of access costs to international connection in retail price",,,100,"GIN","Guinea","Above 50%",2014,"","","Portion of access costs to international connection in retail price"
11901,"tpInterInternetConn_PortionOfCost","Portion of access costs to international connection in retail price",,,100,"GIN","Guinea","26% - 50%",2015,"","","Portion of access costs to international connection in retail price"
11901,"tpInterInternetConn_PortionOfCost","Portion of access costs to international connection in retail price",,,102,"GUY","Guyana","10% - 25%",2019,"","","Portion of access costs to international connection in retail price"
11901,"tpInterInternetConn_PortionOfCost","Portion of access costs to international connection in retail price",,,102,"GUY","Guyana","10% - 25%",2020,"","","Portion of access costs to international connection in retail price"
11901,"tpInterInternetConn_PortionOfCost","Portion of access costs to international connection in retail price",,,102,"GUY","Guyana","10% - 25%",2021,"","","Portion of access costs to international connection in retail price"
11901,"tpInterInternetConn_PortionOfCost","Portion of access costs to international connection in retail price",,,104,"HND","Honduras","10% - 25%",2010,"","","Portion of access costs to international connection in retail price"
11901,"tpInterInternetConn_PortionOfCost","Portion of access costs to international connection in retail price",,,104,"HND","Honduras","26% - 50%",2012,"","","Portion of access costs to international connection in retail price"
11901,"tpInterInternetConn_PortionOfCost","Portion of access costs to international connection in retail price",,,104,"HND","Honduras","less than 10%",2014,"Menos de 10% acceso compartido y dedicado 45%","","Portion of access costs to international connection in retail price"
11901,"tpInterInternetConn_PortionOfCost","Portion of access costs to international connection in retail price",,,104,"HND","Honduras","less than 10%",2015,"","","Portion of access costs to international connection in retail price"
11901,"tpInterInternetConn_PortionOfCost","Portion of access costs to international connection in retail price",,,104,"HND","Honduras","10% - 25%",2016,"","","Portion of access costs to international connection in retail price"
11901,"tpInterInternetConn_PortionOfCost","Portion of access costs to international connection in retail price",,,104,"HND","Honduras","10% - 25%",2017,"","","Portion of access costs to international connection in retail price"
11901,"tpInterInternetConn_PortionOfCost","Portion of access costs to international connection in retail price",,,104,"HND","Honduras","26% - 50%",2019,"","","Portion of access costs to international connection in retail price"
11901,"tpInterInternetConn_PortionOfCost","Portion of access costs to international connection in retail price",,,104,"HND","Honduras","26% - 50%",2020,"","","Portion of access costs to international connection in retail price"
11901,"tpInterInternetConn_PortionOfCost","Portion of access costs to international connection in retail price",,,104,"HND","Honduras","26% - 50%",2021,"","","Portion of access costs to international connection in retail price"
11901,"tpInterInternetConn_PortionOfCost","Portion of access costs to international connection in retail price",,,104,"HND","Honduras","10% - 25%",2022,"","","Portion of access costs to international connection in retail price"
11901,"tpInterInternetConn_PortionOfCost","Portion of access costs to international connection in retail price",,,104,"HND","Honduras","less than 10%",2023,"","","Portion of access costs to international connection in retail price"
11901,"tpInterInternetConn_PortionOfCost","Portion of access costs to international connection in retail price",,,104,"HND","Honduras","less than 10%",2024,"","","Portion of access costs to international connection in retail price"
11901,"tpInterInternetConn_PortionOfCost","Portion of access costs to international connection in retail price",,,105,"HUN","Hungary","less than 10%",2019,"","","Portion of access costs to international connection in retail price"
11901,"tpInterInternetConn_PortionOfCost","Portion of access costs to international connection in retail price",,,105,"HUN","Hungary","less than 10%",2020,"","","Portion of access costs to international connection in retail price"
11901,"tpInterInternetConn_PortionOfCost","Portion of access costs to international connection in retail price",,,105,"HUN","Hungary","less than 10%",2021,"","","Portion of access costs to international connection in retail price"
11901,"tpInterInternetConn_PortionOfCost","Portion of access costs to international connection in retail price",,,105,"HUN","Hungary","less than 10%",2022,"","","Portion of access costs to international connection in retail price"
11901,"tpInterInternetConn_PortionOfCost","Portion of access costs to international connection in retail price",,,105,"HUN","Hungary","less than 10%",2023,"","","Portion of access costs to international connection in retail price"
11901,"tpInterInternetConn_PortionOfCost","Portion of access costs to international connection in retail price",,,108,"HTI","Haiti","Above 50%",2014,"","","Portion of access costs to international connection in retail price"
11901,"tpInterInternetConn_PortionOfCost","Portion of access costs to international connection in retail price",,,108,"HTI","Haiti","10% - 25%",2015,"","","Portion of access costs to international connection in retail price"
11901,"tpInterInternetConn_PortionOfCost","Portion of access costs to international connection in retail price",,,108,"HTI","Haiti","10% - 25%",2016,"","","Portion of access costs to international connection in retail price"
11901,"tpInterInternetConn_PortionOfCost","Portion of access costs to international connection in retail price",,,108,"HTI","Haiti","10% - 25%",2017,"","","Portion of access costs to international connection in retail price"
11901,"tpInterInternetConn_PortionOfCost","Portion of access costs to international connection in retail price",,,108,"HTI","Haiti","10% - 25%",2018,"","","Portion of access costs to international connection in retail price"
11901,"tpInterInternetConn_PortionOfCost","Portion of access costs to international connection in retail price",,,108,"HTI","Haiti","10% - 25%",2022,"","","Portion of access costs to international connection in retail price"
11901,"tpInterInternetConn_PortionOfCost","Portion of access costs to international connection in retail price",,,114,"IDN","Indonesia","26% - 50%",2010,"","","Portion of access costs to international connection in retail price"
11901,"tpInterInternetConn_PortionOfCost","Portion of access costs to international connection in retail price",,,116,"IRN","Iran (Islamic Republic of)","26% - 50%",2014,"","","Portion of access costs to international connection in retail price"
11901,"tpInterInternetConn_PortionOfCost","Portion of access costs to international connection in retail price",,,116,"IRN","Iran (Islamic Republic of)","10% - 25%",2016,"","","Portion of access costs to international connection in retail price"
11901,"tpInterInternetConn_PortionOfCost","Portion of access costs to international connection in retail price",,,116,"IRN","Iran (Islamic Republic of)","10% - 25%",2017,"","","Portion of access costs to international connection in retail price"
11901,"tpInterInternetConn_PortionOfCost","Portion of access costs to international connection in retail price",,,116,"IRN","Iran (Islamic Republic of)","10% - 25%",2018,"","","Portion of access costs to international connection in retail price"
11901,"tpInterInternetConn_PortionOfCost","Portion of access costs to international connection in retail price",,,116,"IRN","Iran (Islamic Republic of)","10% - 25%",2019,"","","Portion of access costs to international connection in retail price"
11901,"tpInterInternetConn_PortionOfCost","Portion of access costs to international connection in retail price",,,116,"IRN","Iran (Islamic Republic of)","10% - 25%",2020,"","","Portion of access costs to international connection in retail price"
11901,"tpInterInternetConn_PortionOfCost","Portion of access costs to international connection in retail price",,,116,"IRN","Iran (Islamic Republic of)","10% - 25%",2021,"","","Portion of access costs to international connection in retail price"
11901,"tpInterInternetConn_PortionOfCost","Portion of access costs to international connection in retail price",,,116,"IRN","Iran (Islamic Republic of)","10% - 25%",2022,"","","Portion of access costs to international connection in retail price"
11901,"tpInterInternetConn_PortionOfCost","Portion of access costs to international connection in retail price",,,116,"IRN","Iran (Islamic Republic of)","10% - 25%",2023,"","","Portion of access costs to international connection in retail price"
11901,"tpInterInternetConn_PortionOfCost","Portion of access costs to international connection in retail price",,,116,"IRN","Iran (Islamic Republic of)","10% - 25%",2024,"","","Portion of access costs to international connection in retail price"
11901,"tpInterInternetConn_PortionOfCost","Portion of access costs to international connection in retail price",,,117,"IRQ","Iraq","less than 10%",2019,"","","Portion of access costs to international connection in retail price"
11901,"tpInterInternetConn_PortionOfCost","Portion of access costs to international connection in retail price",,,117,"IRQ","Iraq","less than 10%",2020,"","","Portion of access costs to international connection in retail price"
11901,"tpInterInternetConn_PortionOfCost","Portion of access costs to international connection in retail price",,,117,"IRQ","Iraq","less than 10%",2021,"","","Portion of access costs to international connection in retail price"
11901,"tpInterInternetConn_PortionOfCost","Portion of access costs to international connection in retail price",,,117,"IRQ","Iraq","less than 10%",2022,"","","Portion of access costs to international connection in retail price"
11901,"tpInterInternetConn_PortionOfCost","Portion of access costs to international connection in retail price",,,117,"IRQ","Iraq","less than 10%",2023,"","","Portion of access costs to international connection in retail price"
11901,"tpInterInternetConn_PortionOfCost","Portion of access costs to international connection in retail price",,,117,"IRQ","Iraq","less than 10%",2024,"","","Portion of access costs to international connection in retail price"
11901,"tpInterInternetConn_PortionOfCost","Portion of access costs to international connection in retail price",,,118,"ISL","Iceland","Above 50%",2010,"","","Portion of access costs to international connection in retail price"
11901,"tpInterInternetConn_PortionOfCost","Portion of access costs to international connection in retail price",,,118,"ISL","Iceland","Above 50%",2011,"","","Portion of access costs to international connection in retail price"
11901,"tpInterInternetConn_PortionOfCost","Portion of access costs to international connection in retail price",,,118,"ISL","Iceland","Above 50%",2012,"","","Portion of access costs to international connection in retail price"
11901,"tpInterInternetConn_PortionOfCost","Portion of access costs to international connection in retail price",,,118,"ISL","Iceland","Above 50%",2013,"","","Portion of access costs to international connection in retail price"
11901,"tpInterInternetConn_PortionOfCost","Portion of access costs to international connection in retail price",,,118,"ISL","Iceland","Above 50%",2014,"","","Portion of access costs to international connection in retail price"
11901,"tpInterInternetConn_PortionOfCost","Portion of access costs to international connection in retail price",,,118,"ISL","Iceland","Above 50%",2015,"","","Portion of access costs to international connection in retail price"
11901,"tpInterInternetConn_PortionOfCost","Portion of access costs to international connection in retail price",,,118,"ISL","Iceland","Above 50%",2016,"","","Portion of access costs to international connection in retail price"
11901,"tpInterInternetConn_PortionOfCost","Portion of access costs to international connection in retail price",,,118,"ISL","Iceland","Above 50%",2017,"","","Portion of access costs to international connection in retail price"
11901,"tpInterInternetConn_PortionOfCost","Portion of access costs to international connection in retail price",,,118,"ISL","Iceland","Above 50%",2018,"","","Portion of access costs to international connection in retail price"
11901,"tpInterInternetConn_PortionOfCost","Portion of access costs to international connection in retail price",,,118,"ISL","Iceland","Above 50%",2019,"As retail ISP service and access to international connectivity is on commercial terms and not price regulated this is a guess based on comparing retail prices and price of regulated wholesale bitstream access.","","Portion of access costs to international connection in retail price"
11901,"tpInterInternetConn_PortionOfCost","Portion of access costs to international connection in retail price",,,118,"ISL","Iceland","Above 50%",2020,"As retail ISP service and access to international connectivity is on commercial terms and not price regulated this is a guess based on comparing retail prices and price of regulated wholesale bitstream access.","","Portion of access costs to international connection in retail price"
11901,"tpInterInternetConn_PortionOfCost","Portion of access costs to international connection in retail price",,,118,"ISL","Iceland","Above 50%",2021,"As retail ISP service and access to international connectivity is on commercial terms and not price regulated this is a guess based on comparing retail prices and price of regulated wholesale bitstream access.","","Portion of access costs to international connection in retail price"
11901,"tpInterInternetConn_PortionOfCost","Portion of access costs to international connection in retail price",,,118,"ISL","Iceland","Above 50%",2022,"As retail ISP service and access to international connectivity is on commercial terms and not price regulated this is a guess based on comparing retail prices and wholesale prices of regulated wholesale bitstream access.","","Portion of access costs to international connection in retail price"
11901,"tpInterInternetConn_PortionOfCost","Portion of access costs to international connection in retail price",,,118,"ISL","Iceland","Above 50%",2023,"As retail ISP service and access to international connectivity is on commercial terms and not price regulated this is only a guess based on comparing retail prices and wholesale prices of regulated wholesale bitstream access.","","Portion of access costs to international connection in retail price"
11901,"tpInterInternetConn_PortionOfCost","Portion of access costs to international connection in retail price",,,118,"ISL","Iceland","Above 50%",2024,"As retail ISP service and access to international connectivity is on commercial terms and not price regulated this is only a guess based on comparing ISP retail prices and wholesale prices of regulated wholesale bitstream access.","","Portion of access costs to international connection in retail price"
11901,"tpInterInternetConn_PortionOfCost","Portion of access costs to international connection in retail price",,,119,"ISR","Israel","less than 10%",2017,"","","Portion of access costs to international connection in retail price"
11901,"tpInterInternetConn_PortionOfCost","Portion of access costs to international connection in retail price",,,119,"ISR","Israel","less than 10%",2018,"","","Portion of access costs to international connection in retail price"
11901,"tpInterInternetConn_PortionOfCost","Portion of access costs to international connection in retail price",,,119,"ISR","Israel","less than 10%",2019,"","","Portion of access costs to international connection in retail price"
11901,"tpInterInternetConn_PortionOfCost","Portion of access costs to international connection in retail price",,,119,"ISR","Israel","less than 10%",2020,"","","Portion of access costs to international connection in retail price"
11901,"tpInterInternetConn_PortionOfCost","Portion of access costs to international connection in retail price",,,119,"ISR","Israel","less than 10%",2021,"","","Portion of access costs to international connection in retail price"
11901,"tpInterInternetConn_PortionOfCost","Portion of access costs to international connection in retail price",,,119,"ISR","Israel","less than 10%",2022,"","","Portion of access costs to international connection in retail price"
11901,"tpInterInternetConn_PortionOfCost","Portion of access costs to international connection in retail price",,,119,"ISR","Israel","less than 10%",2023,"","","Portion of access costs to international connection in retail price"
11901,"tpInterInternetConn_PortionOfCost","Portion of access costs to international connection in retail price",,,124,"JOR","Jordan","less than 10%",2011,"","","Portion of access costs to international connection in retail price"
11901,"tpInterInternetConn_PortionOfCost","Portion of access costs to international connection in retail price",,,124,"JOR","Jordan","less than 10%",2012,"","","Portion of access costs to international connection in retail price"
11901,"tpInterInternetConn_PortionOfCost","Portion of access costs to international connection in retail price",,,124,"JOR","Jordan","less than 10%",2019,"","","Portion of access costs to international connection in retail price"
11901,"tpInterInternetConn_PortionOfCost","Portion of access costs to international connection in retail price",,,124,"JOR","Jordan","less than 10%",2021,"","","Portion of access costs to international connection in retail price"
11901,"tpInterInternetConn_PortionOfCost","Portion of access costs to international connection in retail price",,,124,"JOR","Jordan","less than 10%",2022,"","","Portion of access costs to international connection in retail price"
11901,"tpInterInternetConn_PortionOfCost","Portion of access costs to international connection in retail price",,,124,"JOR","Jordan","less than 10%",2023,"","","Portion of access costs to international connection in retail price"
11901,"tpInterInternetConn_PortionOfCost","Portion of access costs to international connection in retail price",,,124,"JOR","Jordan","less than 10%",2024,"","","Portion of access costs to international connection in retail price"
11901,"tpInterInternetConn_PortionOfCost","Portion of access costs to international connection in retail price",,,128,"KOR","Korea (Rep. of)","less than 10%",2010,"Domestic traffic is more than 90% of total traffics","","Portion of access costs to international connection in retail price"
11901,"tpInterInternetConn_PortionOfCost","Portion of access costs to international connection in retail price",,,128,"KOR","Korea (Rep. of)","less than 10%",2019,"","","Portion of access costs to international connection in retail price"
11901,"tpInterInternetConn_PortionOfCost","Portion of access costs to international connection in retail price",,,128,"KOR","Korea (Rep. of)","less than 10%",2020,"","","Portion of access costs to international connection in retail price"
11901,"tpInterInternetConn_PortionOfCost","Portion of access costs to international connection in retail price",,,130,"KWT","Kuwait","Above 50%",2018,"","","Portion of access costs to international connection in retail price"
11901,"tpInterInternetConn_PortionOfCost","Portion of access costs to international connection in retail price",,,130,"KWT","Kuwait","Above 50%",2019,"","","Portion of access costs to international connection in retail price"
11901,"tpInterInternetConn_PortionOfCost","Portion of access costs to international connection in retail price",,,130,"KWT","Kuwait","Above 50%",2020,"","","Portion of access costs to international connection in retail price"
11901,"tpInterInternetConn_PortionOfCost","Portion of access costs to international connection in retail price",,,130,"KWT","Kuwait","Above 50%",2021,"","","Portion of access costs to international connection in retail price"
11901,"tpInterInternetConn_PortionOfCost","Portion of access costs to international connection in retail price",,,130,"KWT","Kuwait","Above 50%",2022,"","","Portion of access costs to international connection in retail price"
11901,"tpInterInternetConn_PortionOfCost","Portion of access costs to international connection in retail price",,,130,"KWT","Kuwait","Above 50%",2023,"","","Portion of access costs to international connection in retail price"
11901,"tpInterInternetConn_PortionOfCost","Portion of access costs to international connection in retail price",,,130,"KWT","Kuwait","Above 50%",2024,"","","Portion of access costs to international connection in retail price"
11901,"tpInterInternetConn_PortionOfCost","Portion of access costs to international connection in retail price",,,131,"LAO","Lao P.D.R.","26% - 50%",2016,"","","Portion of access costs to international connection in retail price"
11901,"tpInterInternetConn_PortionOfCost","Portion of access costs to international connection in retail price",,,131,"LAO","Lao P.D.R.","10% - 25%",2021,"","","Portion of access costs to international connection in retail price"
11901,"tpInterInternetConn_PortionOfCost","Portion of access costs to international connection in retail price",,,131,"LAO","Lao P.D.R.","10% - 25%",2022,"","","Portion of access costs to international connection in retail price"
11901,"tpInterInternetConn_PortionOfCost","Portion of access costs to international connection in retail price",,,131,"LAO","Lao P.D.R.","10% - 25%",2023,"","","Portion of access costs to international connection in retail price"
11901,"tpInterInternetConn_PortionOfCost","Portion of access costs to international connection in retail price",,,132,"LBN","Lebanon","26% - 50%",2010,"","","Portion of access costs to international connection in retail price"
11901,"tpInterInternetConn_PortionOfCost","Portion of access costs to international connection in retail price",,,132,"LBN","Lebanon","10% - 25%",2011,"","","Portion of access costs to international connection in retail price"
11901,"tpInterInternetConn_PortionOfCost","Portion of access costs to international connection in retail price",,,132,"LBN","Lebanon","10% - 25%",2012,"","","Portion of access costs to international connection in retail price"
11901,"tpInterInternetConn_PortionOfCost","Portion of access costs to international connection in retail price",,,133,"LBR","Liberia","Above 50%",2018,"","","Portion of access costs to international connection in retail price"
11901,"tpInterInternetConn_PortionOfCost","Portion of access costs to international connection in retail price",,,133,"LBR","Liberia","Above 50%",2021,"","","Portion of access costs to international connection in retail price"
11901,"tpInterInternetConn_PortionOfCost","Portion of access costs to international connection in retail price",,,133,"LBR","Liberia","Above 50%",2022,"","","Portion of access costs to international connection in retail price"
11901,"tpInterInternetConn_PortionOfCost","Portion of access costs to international connection in retail price",,,134,"LBY","Libya","26% - 50%",2010,"","","Portion of access costs to international connection in retail price"
11901,"tpInterInternetConn_PortionOfCost","Portion of access costs to international connection in retail price",,,134,"LBY","Libya","Above 50%",2017,"","","Portion of access costs to international connection in retail price"
11901,"tpInterInternetConn_PortionOfCost","Portion of access costs to international connection in retail price",,,136,"LIE","Liechtenstein","less than 10%",2011,"","","Portion of access costs to international connection in retail price"
11901,"tpInterInternetConn_PortionOfCost","Portion of access costs to international connection in retail price",,,136,"LIE","Liechtenstein","less than 10%",2012,"","","Portion of access costs to international connection in retail price"
11901,"tpInterInternetConn_PortionOfCost","Portion of access costs to international connection in retail price",,,136,"LIE","Liechtenstein","less than 10%",2013,"","","Portion of access costs to international connection in retail price"
11901,"tpInterInternetConn_PortionOfCost","Portion of access costs to international connection in retail price",,,136,"LIE","Liechtenstein","less than 10%",2014,"","","Portion of access costs to international connection in retail price"
11901,"tpInterInternetConn_PortionOfCost","Portion of access costs to international connection in retail price",,,136,"LIE","Liechtenstein","less than 10%",2015,"","","Portion of access costs to international connection in retail price"
11901,"tpInterInternetConn_PortionOfCost","Portion of access costs to international connection in retail price",,,136,"LIE","Liechtenstein","less than 10%",2016,"","","Portion of access costs to international connection in retail price"
11901,"tpInterInternetConn_PortionOfCost","Portion of access costs to international connection in retail price",,,136,"LIE","Liechtenstein","less than 10%",2017,"","","Portion of access costs to international connection in retail price"
11901,"tpInterInternetConn_PortionOfCost","Portion of access costs to international connection in retail price",,,136,"LIE","Liechtenstein","less than 10%",2018,"","","Portion of access costs to international connection in retail price"
11901,"tpInterInternetConn_PortionOfCost","Portion of access costs to international connection in retail price",,,136,"LIE","Liechtenstein","less than 10%",2019,"","","Portion of access costs to international connection in retail price"
11901,"tpInterInternetConn_PortionOfCost","Portion of access costs to international connection in retail price",,,136,"LIE","Liechtenstein","less than 10%",2020,"","","Portion of access costs to international connection in retail price"
11901,"tpInterInternetConn_PortionOfCost","Portion of access costs to international connection in retail price",,,136,"LIE","Liechtenstein","less than 10%",2021,"","","Portion of access costs to international connection in retail price"
11901,"tpInterInternetConn_PortionOfCost","Portion of access costs to international connection in retail price",,,136,"LIE","Liechtenstein","less than 10%",2022,"","","Portion of access costs to international connection in retail price"
11901,"tpInterInternetConn_PortionOfCost","Portion of access costs to international connection in retail price",,,136,"LIE","Liechtenstein","less than 10%",2023,"","","Portion of access costs to international connection in retail price"
11901,"tpInterInternetConn_PortionOfCost","Portion of access costs to international connection in retail price",,,136,"LIE","Liechtenstein","less than 10%",2024,"","","Portion of access costs to international connection in retail price"
11901,"tpInterInternetConn_PortionOfCost","Portion of access costs to international connection in retail price",,,137,"LSO","Lesotho","10% - 25%",2013,"","","Portion of access costs to international connection in retail price"
11901,"tpInterInternetConn_PortionOfCost","Portion of access costs to international connection in retail price",,,137,"LSO","Lesotho","10% - 25%",2014,"","","Portion of access costs to international connection in retail price"
11901,"tpInterInternetConn_PortionOfCost","Portion of access costs to international connection in retail price",,,137,"LSO","Lesotho","10% - 25%",2015,"","","Portion of access costs to international connection in retail price"
11901,"tpInterInternetConn_PortionOfCost","Portion of access costs to international connection in retail price",,,137,"LSO","Lesotho","10% - 25%",2016,"","","Portion of access costs to international connection in retail price"
11901,"tpInterInternetConn_PortionOfCost","Portion of access costs to international connection in retail price",,,137,"LSO","Lesotho","10% - 25%",2017,"","","Portion of access costs to international connection in retail price"
11901,"tpInterInternetConn_PortionOfCost","Portion of access costs to international connection in retail price",,,137,"LSO","Lesotho","10% - 25%",2018,"","","Portion of access costs to international connection in retail price"
11901,"tpInterInternetConn_PortionOfCost","Portion of access costs to international connection in retail price",,,137,"LSO","Lesotho","10% - 25%",2019,"","","Portion of access costs to international connection in retail price"
11901,"tpInterInternetConn_PortionOfCost","Portion of access costs to international connection in retail price",,,137,"LSO","Lesotho","10% - 25%",2020,"","","Portion of access costs to international connection in retail price"
11901,"tpInterInternetConn_PortionOfCost","Portion of access costs to international connection in retail price",,,137,"LSO","Lesotho","10% - 25%",2021,"","","Portion of access costs to international connection in retail price"
11901,"tpInterInternetConn_PortionOfCost","Portion of access costs to international connection in retail price",,,138,"LTU","Lithuania","10% - 25%",2010,"","","Portion of access costs to international connection in retail price"
11901,"tpInterInternetConn_PortionOfCost","Portion of access costs to international connection in retail price",,,138,"LTU","Lithuania","Above 50%",2016,"","","Portion of access costs to international connection in retail price"
11901,"tpInterInternetConn_PortionOfCost","Portion of access costs to international connection in retail price",,,138,"LTU","Lithuania","Above 50%",2017,"","","Portion of access costs to international connection in retail price"
11901,"tpInterInternetConn_PortionOfCost","Portion of access costs to international connection in retail price",,,138,"LTU","Lithuania","Above 50%",2018,"","","Portion of access costs to international connection in retail price"
11901,"tpInterInternetConn_PortionOfCost","Portion of access costs to international connection in retail price",,,138,"LTU","Lithuania","Above 50%",2019,"","","Portion of access costs to international connection in retail price"
11901,"tpInterInternetConn_PortionOfCost","Portion of access costs to international connection in retail price",,,138,"LTU","Lithuania","Above 50%",2020,"","","Portion of access costs to international connection in retail price"
11901,"tpInterInternetConn_PortionOfCost","Portion of access costs to international connection in retail price",,,138,"LTU","Lithuania","Above 50%",2021,"","","Portion of access costs to international connection in retail price"
11901,"tpInterInternetConn_PortionOfCost","Portion of access costs to international connection in retail price",,,138,"LTU","Lithuania","Above 50%",2022,"","","Portion of access costs to international connection in retail price"
11901,"tpInterInternetConn_PortionOfCost","Portion of access costs to international connection in retail price",,,138,"LTU","Lithuania","Above 50%",2023,"","","Portion of access costs to international connection in retail price"
11901,"tpInterInternetConn_PortionOfCost","Portion of access costs to international connection in retail price",,,138,"LTU","Lithuania","Above 50%",2024,"","","Portion of access costs to international connection in retail price"
11901,"tpInterInternetConn_PortionOfCost","Portion of access costs to international connection in retail price",,,140,"LVA","Latvia","less than 10%",2011,"","","Portion of access costs to international connection in retail price"
11901,"tpInterInternetConn_PortionOfCost","Portion of access costs to international connection in retail price",,,140,"LVA","Latvia","less than 10%",2012,"","","Portion of access costs to international connection in retail price"
11901,"tpInterInternetConn_PortionOfCost","Portion of access costs to international connection in retail price",,,140,"LVA","Latvia","less than 10%",2013,"","","Portion of access costs to international connection in retail price"
11901,"tpInterInternetConn_PortionOfCost","Portion of access costs to international connection in retail price",,,140,"LVA","Latvia","less than 10%",2014,"","","Portion of access costs to international connection in retail price"
11901,"tpInterInternetConn_PortionOfCost","Portion of access costs to international connection in retail price",,,140,"LVA","Latvia","less than 10%",2015,"","","Portion of access costs to international connection in retail price"
11901,"tpInterInternetConn_PortionOfCost","Portion of access costs to international connection in retail price",,,140,"LVA","Latvia","less than 10%",2016,"","","Portion of access costs to international connection in retail price"
11901,"tpInterInternetConn_PortionOfCost","Portion of access costs to international connection in retail price",,,140,"LVA","Latvia","less than 10%",2017,"","","Portion of access costs to international connection in retail price"
11901,"tpInterInternetConn_PortionOfCost","Portion of access costs to international connection in retail price",,,140,"LVA","Latvia","less than 10%",2018,"","","Portion of access costs to international connection in retail price"
11901,"tpInterInternetConn_PortionOfCost","Portion of access costs to international connection in retail price",,,140,"LVA","Latvia","less than 10%",2019,"","","Portion of access costs to international connection in retail price"
11901,"tpInterInternetConn_PortionOfCost","Portion of access costs to international connection in retail price",,,142,"MUS","Mauritius","26% - 50%",2010,"","","Portion of access costs to international connection in retail price"
11901,"tpInterInternetConn_PortionOfCost","Portion of access costs to international connection in retail price",,,142,"MUS","Mauritius","Above 50%",2011,"","","Portion of access costs to international connection in retail price"
11901,"tpInterInternetConn_PortionOfCost","Portion of access costs to international connection in retail price",,,142,"MUS","Mauritius","Above 50%",2012,"","","Portion of access costs to international connection in retail price"
11901,"tpInterInternetConn_PortionOfCost","Portion of access costs to international connection in retail price",,,142,"MUS","Mauritius","26% - 50%",2013,"","","Portion of access costs to international connection in retail price"
11901,"tpInterInternetConn_PortionOfCost","Portion of access costs to international connection in retail price",,,142,"MUS","Mauritius","26% - 50%",2014,"Pertains to the most popular internet access service: Mobile Internet","","Portion of access costs to international connection in retail price"
11901,"tpInterInternetConn_PortionOfCost","Portion of access costs to international connection in retail price",,,142,"MUS","Mauritius","10% - 25%",2018,"","","Portion of access costs to international connection in retail price"
11901,"tpInterInternetConn_PortionOfCost","Portion of access costs to international connection in retail price",,,142,"MUS","Mauritius","less than 10%",2019,"Based on the tariffs of residential internet access","","Portion of access costs to international connection in retail price"
11901,"tpInterInternetConn_PortionOfCost","Portion of access costs to international connection in retail price",,,142,"MUS","Mauritius","less than 10%",2020,"Based on the tariffs of residential internet access","","Portion of access costs to international connection in retail price"
11901,"tpInterInternetConn_PortionOfCost","Portion of access costs to international connection in retail price",,,142,"MUS","Mauritius","10% - 25%",2021,"Based on the tariffs for most popular residential internet access offers of the incumbent operator","","Portion of access costs to international connection in retail price"
11901,"tpInterInternetConn_PortionOfCost","Portion of access costs to international connection in retail price",,,142,"MUS","Mauritius","10% - 25%",2022,"","","Portion of access costs to international connection in retail price"
11901,"tpInterInternetConn_PortionOfCost","Portion of access costs to international connection in retail price",,,142,"MUS","Mauritius","10% - 25%",2023,"","","Portion of access costs to international connection in retail price"
11901,"tpInterInternetConn_PortionOfCost","Portion of access costs to international connection in retail price",,,142,"MUS","Mauritius","10% - 25%",2024,"","","Portion of access costs to international connection in retail price"
11901,"tpInterInternetConn_PortionOfCost","Portion of access costs to international connection in retail price",,,148,"MYS","Malaysia","10% - 25%",2014,"","","Portion of access costs to international connection in retail price"
11901,"tpInterInternetConn_PortionOfCost","Portion of access costs to international connection in retail price",,,148,"MYS","Malaysia","10% - 25%",2016,"","","Portion of access costs to international connection in retail price"
11901,"tpInterInternetConn_PortionOfCost","Portion of access costs to international connection in retail price",,,148,"MYS","Malaysia","10% - 25%",2017,"","","Portion of access costs to international connection in retail price"
11901,"tpInterInternetConn_PortionOfCost","Portion of access costs to international connection in retail price",,,148,"MYS","Malaysia","less than 10%",2018,"","","Portion of access costs to international connection in retail price"
11901,"tpInterInternetConn_PortionOfCost","Portion of access costs to international connection in retail price",,,150,"MLI","Mali","10% - 25%",2010,"","","Portion of access costs to international connection in retail price"
11901,"tpInterInternetConn_PortionOfCost","Portion of access costs to international connection in retail price",,,150,"MLI","Mali","Above 50%",2016,"","","Portion of access costs to international connection in retail price"
11901,"tpInterInternetConn_PortionOfCost","Portion of access costs to international connection in retail price",,,150,"MLI","Mali","Above 50%",2017,"","","Portion of access costs to international connection in retail price"
11901,"tpInterInternetConn_PortionOfCost","Portion of access costs to international connection in retail price",,,150,"MLI","Mali","Above 50%",2018,"","","Portion of access costs to international connection in retail price"
11901,"tpInterInternetConn_PortionOfCost","Portion of access costs to international connection in retail price",,,150,"MLI","Mali","Above 50%",2019,"","","Portion of access costs to international connection in retail price"
11901,"tpInterInternetConn_PortionOfCost","Portion of access costs to international connection in retail price",,,150,"MLI","Mali","Above 50%",2020,"","","Portion of access costs to international connection in retail price"
11901,"tpInterInternetConn_PortionOfCost","Portion of access costs to international connection in retail price",,,150,"MLI","Mali","26% - 50%",2022,"","","Portion of access costs to international connection in retail price"
11901,"tpInterInternetConn_PortionOfCost","Portion of access costs to international connection in retail price",,,150,"MLI","Mali","26% - 50%",2023,"","","Portion of access costs to international connection in retail price"
11901,"tpInterInternetConn_PortionOfCost","Portion of access costs to international connection in retail price",,,152,"MNG","Mongolia","10% - 25%",2010,"","","Portion of access costs to international connection in retail price"
11901,"tpInterInternetConn_PortionOfCost","Portion of access costs to international connection in retail price",,,152,"MNG","Mongolia","10% - 25%",2011,"","","Portion of access costs to international connection in retail price"
11901,"tpInterInternetConn_PortionOfCost","Portion of access costs to international connection in retail price",,,152,"MNG","Mongolia","10% - 25%",2016,"","","Portion of access costs to international connection in retail price"
11901,"tpInterInternetConn_PortionOfCost","Portion of access costs to international connection in retail price",,,152,"MNG","Mongolia","26% - 50%",2018,"","","Portion of access costs to international connection in retail price"
11901,"tpInterInternetConn_PortionOfCost","Portion of access costs to international connection in retail price",,,152,"MNG","Mongolia","26% - 50%",2019,"","","Portion of access costs to international connection in retail price"
11901,"tpInterInternetConn_PortionOfCost","Portion of access costs to international connection in retail price",,,152,"MNG","Mongolia","26% - 50%",2020,"","","Portion of access costs to international connection in retail price"
11901,"tpInterInternetConn_PortionOfCost","Portion of access costs to international connection in retail price",,,152,"MNG","Mongolia","26% - 50%",2021,"","","Portion of access costs to international connection in retail price"
11901,"tpInterInternetConn_PortionOfCost","Portion of access costs to international connection in retail price",,,152,"MNG","Mongolia","26% - 50%",2022,"","","Portion of access costs to international connection in retail price"
11901,"tpInterInternetConn_PortionOfCost","Portion of access costs to international connection in retail price",,,152,"MNG","Mongolia","26% - 50%",2023,"","","Portion of access costs to international connection in retail price"
11901,"tpInterInternetConn_PortionOfCost","Portion of access costs to international connection in retail price",,,152,"MNG","Mongolia","26% - 50%",2024,"","","Portion of access costs to international connection in retail price"
11901,"tpInterInternetConn_PortionOfCost","Portion of access costs to international connection in retail price",,,153,"MOZ","Mozambique","Above 50%",2014,"","","Portion of access costs to international connection in retail price"
11901,"tpInterInternetConn_PortionOfCost","Portion of access costs to international connection in retail price",,,153,"MOZ","Mozambique","10% - 25%",2015,"","","Portion of access costs to international connection in retail price"
11901,"tpInterInternetConn_PortionOfCost","Portion of access costs to international connection in retail price",,,153,"MOZ","Mozambique","10% - 25%",2016,"","","Portion of access costs to international connection in retail price"
11901,"tpInterInternetConn_PortionOfCost","Portion of access costs to international connection in retail price",,,153,"MOZ","Mozambique","10% - 25%",2017,"","","Portion of access costs to international connection in retail price"
11901,"tpInterInternetConn_PortionOfCost","Portion of access costs to international connection in retail price",,,153,"MOZ","Mozambique","less than 10%",2019,"","","Portion of access costs to international connection in retail price"
11901,"tpInterInternetConn_PortionOfCost","Portion of access costs to international connection in retail price",,,153,"MOZ","Mozambique","less than 10%",2020,"","","Portion of access costs to international connection in retail price"
11901,"tpInterInternetConn_PortionOfCost","Portion of access costs to international connection in retail price",,,153,"MOZ","Mozambique","less than 10%",2021,"","","Portion of access costs to international connection in retail price"
11901,"tpInterInternetConn_PortionOfCost","Portion of access costs to international connection in retail price",,,160,"MRT","Mauritania","26% - 50%",2013,"","","Portion of access costs to international connection in retail price"
11901,"tpInterInternetConn_PortionOfCost","Portion of access costs to international connection in retail price",,,160,"MRT","Mauritania","Above 50%",2016,"","","Portion of access costs to international connection in retail price"
11901,"tpInterInternetConn_PortionOfCost","Portion of access costs to international connection in retail price",,,160,"MRT","Mauritania","10% - 25%",2017,"","","Portion of access costs to international connection in retail price"
11901,"tpInterInternetConn_PortionOfCost","Portion of access costs to international connection in retail price",,,160,"MRT","Mauritania","10% - 25%",2018,"","","Portion of access costs to international connection in retail price"
11901,"tpInterInternetConn_PortionOfCost","Portion of access costs to international connection in retail price",,,160,"MRT","Mauritania","10% - 25%",2019,"","","Portion of access costs to international connection in retail price"
11901,"tpInterInternetConn_PortionOfCost","Portion of access costs to international connection in retail price",,,160,"MRT","Mauritania","10% - 25%",2020,"","","Portion of access costs to international connection in retail price"
11901,"tpInterInternetConn_PortionOfCost","Portion of access costs to international connection in retail price",,,160,"MRT","Mauritania","10% - 25%",2022,"","","Portion of access costs to international connection in retail price"
11901,"tpInterInternetConn_PortionOfCost","Portion of access costs to international connection in retail price",,,161,"MWI","Malawi","Above 50%",2013,"","","Portion of access costs to international connection in retail price"
11901,"tpInterInternetConn_PortionOfCost","Portion of access costs to international connection in retail price",,,161,"MWI","Malawi","Above 50%",2014,"","","Portion of access costs to international connection in retail price"
11901,"tpInterInternetConn_PortionOfCost","Portion of access costs to international connection in retail price",,,161,"MWI","Malawi","Above 50%",2016,"","","Portion of access costs to international connection in retail price"
11901,"tpInterInternetConn_PortionOfCost","Portion of access costs to international connection in retail price",,,161,"MWI","Malawi","Above 50%",2017,"","","Portion of access costs to international connection in retail price"
11901,"tpInterInternetConn_PortionOfCost","Portion of access costs to international connection in retail price",,,161,"MWI","Malawi","Above 50%",2018,"","","Portion of access costs to international connection in retail price"
11901,"tpInterInternetConn_PortionOfCost","Portion of access costs to international connection in retail price",,,161,"MWI","Malawi","Above 50%",2019,"","","Portion of access costs to international connection in retail price"
11901,"tpInterInternetConn_PortionOfCost","Portion of access costs to international connection in retail price",,,161,"MWI","Malawi","Above 50%",2021,"","","Portion of access costs to international connection in retail price"
11901,"tpInterInternetConn_PortionOfCost","Portion of access costs to international connection in retail price",,,163,"NIC","Nicaragua","Above 50%",2016,"","","Portion of access costs to international connection in retail price"
11901,"tpInterInternetConn_PortionOfCost","Portion of access costs to international connection in retail price",,,163,"NIC","Nicaragua","10% - 25%",2021,"","","Portion of access costs to international connection in retail price"
11901,"tpInterInternetConn_PortionOfCost","Portion of access costs to international connection in retail price",,,163,"NIC","Nicaragua","10% - 25%",2022,"","","Portion of access costs to international connection in retail price"
11901,"tpInterInternetConn_PortionOfCost","Portion of access costs to international connection in retail price",,,163,"NIC","Nicaragua","less than 10%",2023,"","","Portion of access costs to international connection in retail price"
11901,"tpInterInternetConn_PortionOfCost","Portion of access costs to international connection in retail price",,,163,"NIC","Nicaragua","less than 10%",2024,"","","Portion of access costs to international connection in retail price"
11901,"tpInterInternetConn_PortionOfCost","Portion of access costs to international connection in retail price",,,166,"NER","Niger","less than 10%",2012,"","","Portion of access costs to international connection in retail price"
11901,"tpInterInternetConn_PortionOfCost","Portion of access costs to international connection in retail price",,,166,"NER","Niger","26% - 50%",2014,"","","Portion of access costs to international connection in retail price"
11901,"tpInterInternetConn_PortionOfCost","Portion of access costs to international connection in retail price",,,167,"NGA","Nigeria","Above 50%",2019,"","","Portion of access costs to international connection in retail price"
11901,"tpInterInternetConn_PortionOfCost","Portion of access costs to international connection in retail price",,,169,"NAM","Namibia","Above 50%",2011,"","","Portion of access costs to international connection in retail price"
11901,"tpInterInternetConn_PortionOfCost","Portion of access costs to international connection in retail price",,,169,"NAM","Namibia","26% - 50%",2017,"","","Portion of access costs to international connection in retail price"
11901,"tpInterInternetConn_PortionOfCost","Portion of access costs to international connection in retail price",,,169,"NAM","Namibia","26% - 50%",2018,"","","Portion of access costs to international connection in retail price"
11901,"tpInterInternetConn_PortionOfCost","Portion of access costs to international connection in retail price",,,169,"NAM","Namibia","26% - 50%",2019,"","","Portion of access costs to international connection in retail price"
11901,"tpInterInternetConn_PortionOfCost","Portion of access costs to international connection in retail price",,,169,"NAM","Namibia","26% - 50%",2020,"","","Portion of access costs to international connection in retail price"
11901,"tpInterInternetConn_PortionOfCost","Portion of access costs to international connection in retail price",,,169,"NAM","Namibia","26% - 50%",2021,"","","Portion of access costs to international connection in retail price"
11901,"tpInterInternetConn_PortionOfCost","Portion of access costs to international connection in retail price",,,169,"NAM","Namibia","26% - 50%",2022,"","","Portion of access costs to international connection in retail price"
11901,"tpInterInternetConn_PortionOfCost","Portion of access costs to international connection in retail price",,,169,"NAM","Namibia","26% - 50%",2023,"","","Portion of access costs to international connection in retail price"
11901,"tpInterInternetConn_PortionOfCost","Portion of access costs to international connection in retail price",,,169,"NAM","Namibia","26% - 50%",2024,"","","Portion of access costs to international connection in retail price"
11901,"tpInterInternetConn_PortionOfCost","Portion of access costs to international connection in retail price",,,171,"NPL","Nepal (Republic of)","26% - 50%",2017,"","","Portion of access costs to international connection in retail price"
11901,"tpInterInternetConn_PortionOfCost","Portion of access costs to international connection in retail price",,,171,"NPL","Nepal (Republic of)","26% - 50%",2018,"","","Portion of access costs to international connection in retail price"
11901,"tpInterInternetConn_PortionOfCost","Portion of access costs to international connection in retail price",,,171,"NPL","Nepal (Republic of)","10% - 25%",2020,"","","Portion of access costs to international connection in retail price"
11901,"tpInterInternetConn_PortionOfCost","Portion of access costs to international connection in retail price",,,171,"NPL","Nepal (Republic of)","10% - 25%",2021,"","","Portion of access costs to international connection in retail price"
11901,"tpInterInternetConn_PortionOfCost","Portion of access costs to international connection in retail price",,,171,"NPL","Nepal (Republic of)","10% - 25%",2022,"","","Portion of access costs to international connection in retail price"
11901,"tpInterInternetConn_PortionOfCost","Portion of access costs to international connection in retail price",,,173,"NZL","New Zealand","less than 10%",2013,"","","Portion of access costs to international connection in retail price"
11901,"tpInterInternetConn_PortionOfCost","Portion of access costs to international connection in retail price",,,173,"NZL","New Zealand","less than 10%",2014,"","","Portion of access costs to international connection in retail price"
11901,"tpInterInternetConn_PortionOfCost","Portion of access costs to international connection in retail price",,,173,"NZL","New Zealand","less than 10%",2015,"","","Portion of access costs to international connection in retail price"
11901,"tpInterInternetConn_PortionOfCost","Portion of access costs to international connection in retail price",,,173,"NZL","New Zealand","less than 10%",2017,"","","Portion of access costs to international connection in retail price"
11901,"tpInterInternetConn_PortionOfCost","Portion of access costs to international connection in retail price",,,173,"NZL","New Zealand","less than 10%",2018,"","","Portion of access costs to international connection in retail price"
11901,"tpInterInternetConn_PortionOfCost","Portion of access costs to international connection in retail price",,,173,"NZL","New Zealand","less than 10%",2019,"","","Portion of access costs to international connection in retail price"
11901,"tpInterInternetConn_PortionOfCost","Portion of access costs to international connection in retail price",,,173,"NZL","New Zealand","less than 10%",2020,"","","Portion of access costs to international connection in retail price"
11901,"tpInterInternetConn_PortionOfCost","Portion of access costs to international connection in retail price",,,173,"NZL","New Zealand","less than 10%",2021,"","","Portion of access costs to international connection in retail price"
11901,"tpInterInternetConn_PortionOfCost","Portion of access costs to international connection in retail price",,,176,"OMN","Oman","26% - 50%",2010,"","","Portion of access costs to international connection in retail price"
11901,"tpInterInternetConn_PortionOfCost","Portion of access costs to international connection in retail price",,,176,"OMN","Oman","26% - 50%",2011,"","","Portion of access costs to international connection in retail price"
11901,"tpInterInternetConn_PortionOfCost","Portion of access costs to international connection in retail price",,,176,"OMN","Oman","26% - 50%",2012,"","","Portion of access costs to international connection in retail price"
11901,"tpInterInternetConn_PortionOfCost","Portion of access costs to international connection in retail price",,,176,"OMN","Oman","26% - 50%",2013,"","","Portion of access costs to international connection in retail price"
11901,"tpInterInternetConn_PortionOfCost","Portion of access costs to international connection in retail price",,,176,"OMN","Oman","26% - 50%",2014,"","","Portion of access costs to international connection in retail price"
11901,"tpInterInternetConn_PortionOfCost","Portion of access costs to international connection in retail price",,,176,"OMN","Oman","26% - 50%",2016,"","","Portion of access costs to international connection in retail price"
11901,"tpInterInternetConn_PortionOfCost","Portion of access costs to international connection in retail price",,,176,"OMN","Oman","26% - 50%",2017,"","","Portion of access costs to international connection in retail price"
11901,"tpInterInternetConn_PortionOfCost","Portion of access costs to international connection in retail price",,,176,"OMN","Oman","26% - 50%",2018,"","","Portion of access costs to international connection in retail price"
11901,"tpInterInternetConn_PortionOfCost","Portion of access costs to international connection in retail price",,,176,"OMN","Oman","26% - 50%",2019,"","","Portion of access costs to international connection in retail price"
11901,"tpInterInternetConn_PortionOfCost","Portion of access costs to international connection in retail price",,,176,"OMN","Oman","26% - 50%",2020,"","","Portion of access costs to international connection in retail price"
11901,"tpInterInternetConn_PortionOfCost","Portion of access costs to international connection in retail price",,,176,"OMN","Oman","26% - 50%",2021,"","","Portion of access costs to international connection in retail price"
11901,"tpInterInternetConn_PortionOfCost","Portion of access costs to international connection in retail price",,,176,"OMN","Oman","26% - 50%",2022,"","","Portion of access costs to international connection in retail price"
11901,"tpInterInternetConn_PortionOfCost","Portion of access costs to international connection in retail price",,,176,"OMN","Oman","26% - 50%",2023,"","","Portion of access costs to international connection in retail price"
11901,"tpInterInternetConn_PortionOfCost","Portion of access costs to international connection in retail price",,,176,"OMN","Oman","26% - 50%",2024,"","","Portion of access costs to international connection in retail price"
11901,"tpInterInternetConn_PortionOfCost","Portion of access costs to international connection in retail price",,,182,"PAK","Pakistan","26% - 50%",2011,"","","Portion of access costs to international connection in retail price"
11901,"tpInterInternetConn_PortionOfCost","Portion of access costs to international connection in retail price",,,182,"PAK","Pakistan","26% - 50%",2012,"","","Portion of access costs to international connection in retail price"
11901,"tpInterInternetConn_PortionOfCost","Portion of access costs to international connection in retail price",,,182,"PAK","Pakistan","26% - 50%",2013,"","","Portion of access costs to international connection in retail price"
11901,"tpInterInternetConn_PortionOfCost","Portion of access costs to international connection in retail price",,,182,"PAK","Pakistan","26% - 50%",2014,"","","Portion of access costs to international connection in retail price"
11901,"tpInterInternetConn_PortionOfCost","Portion of access costs to international connection in retail price",,,182,"PAK","Pakistan","10% - 25%",2019,"","","Portion of access costs to international connection in retail price"
11901,"tpInterInternetConn_PortionOfCost","Portion of access costs to international connection in retail price",,,182,"PAK","Pakistan","10% - 25%",2020,"","","Portion of access costs to international connection in retail price"
11901,"tpInterInternetConn_PortionOfCost","Portion of access costs to international connection in retail price",,,182,"PAK","Pakistan","10% - 25%",2021,"","","Portion of access costs to international connection in retail price"
11901,"tpInterInternetConn_PortionOfCost","Portion of access costs to international connection in retail price",,,182,"PAK","Pakistan","10% - 25%",2022,"","","Portion of access costs to international connection in retail price"
11901,"tpInterInternetConn_PortionOfCost","Portion of access costs to international connection in retail price",,,188,"PNG","Papua New Guinea","Above 50%",2012,"","","Portion of access costs to international connection in retail price"
11901,"tpInterInternetConn_PortionOfCost","Portion of access costs to international connection in retail price",,,189,"PAN","Panama","less than 10%",2013,"","","Portion of access costs to international connection in retail price"
11901,"tpInterInternetConn_PortionOfCost","Portion of access costs to international connection in retail price",,,189,"PAN","Panama","less than 10%",2016,"","","Portion of access costs to international connection in retail price"
11901,"tpInterInternetConn_PortionOfCost","Portion of access costs to international connection in retail price",,,189,"PAN","Panama","less than 10%",2017,"","","Portion of access costs to international connection in retail price"
11901,"tpInterInternetConn_PortionOfCost","Portion of access costs to international connection in retail price",,,189,"PAN","Panama","less than 10%",2018,"","","Portion of access costs to international connection in retail price"
11901,"tpInterInternetConn_PortionOfCost","Portion of access costs to international connection in retail price",,,189,"PAN","Panama","less than 10%",2019,"","","Portion of access costs to international connection in retail price"
11901,"tpInterInternetConn_PortionOfCost","Portion of access costs to international connection in retail price",,,189,"PAN","Panama","less than 10%",2020,"","","Portion of access costs to international connection in retail price"
11901,"tpInterInternetConn_PortionOfCost","Portion of access costs to international connection in retail price",,,189,"PAN","Panama","less than 10%",2021,"","","Portion of access costs to international connection in retail price"
11901,"tpInterInternetConn_PortionOfCost","Portion of access costs to international connection in retail price",,,189,"PAN","Panama","less than 10%",2022,"","","Portion of access costs to international connection in retail price"
11901,"tpInterInternetConn_PortionOfCost","Portion of access costs to international connection in retail price",,,189,"PAN","Panama","less than 10%",2023,"","","Portion of access costs to international connection in retail price"
11901,"tpInterInternetConn_PortionOfCost","Portion of access costs to international connection in retail price",,,190,"POL","Poland","26% - 50%",2017,"","","Portion of access costs to international connection in retail price"
11901,"tpInterInternetConn_PortionOfCost","Portion of access costs to international connection in retail price",,,190,"POL","Poland","26% - 50%",2018,"","","Portion of access costs to international connection in retail price"
11901,"tpInterInternetConn_PortionOfCost","Portion of access costs to international connection in retail price",,,190,"POL","Poland","26% - 50%",2019,"","","Portion of access costs to international connection in retail price"
11901,"tpInterInternetConn_PortionOfCost","Portion of access costs to international connection in retail price",,,191,"PRT","Portugal","less than 10%",2011,"","","Portion of access costs to international connection in retail price"
11901,"tpInterInternetConn_PortionOfCost","Portion of access costs to international connection in retail price",,,191,"PRT","Portugal","less than 10%",2012,"","","Portion of access costs to international connection in retail price"
11901,"tpInterInternetConn_PortionOfCost","Portion of access costs to international connection in retail price",,,191,"PRT","Portugal","less than 10%",2013,"","","Portion of access costs to international connection in retail price"
11901,"tpInterInternetConn_PortionOfCost","Portion of access costs to international connection in retail price",,,191,"PRT","Portugal","less than 10%",2014,"","","Portion of access costs to international connection in retail price"
11901,"tpInterInternetConn_PortionOfCost","Portion of access costs to international connection in retail price",,,191,"PRT","Portugal","less than 10%",2016,"Information not available","","Portion of access costs to international connection in retail price"
11901,"tpInterInternetConn_PortionOfCost","Portion of access costs to international connection in retail price",,,191,"PRT","Portugal","less than 10%",2017,"Information not available","","Portion of access costs to international connection in retail price"
11901,"tpInterInternetConn_PortionOfCost","Portion of access costs to international connection in retail price",,,191,"PRT","Portugal","less than 10%",2018,"Information not available","","Portion of access costs to international connection in retail price"
11901,"tpInterInternetConn_PortionOfCost","Portion of access costs to international connection in retail price",,,192,"PRY","Paraguay","26% - 50%",2010,"","","Portion of access costs to international connection in retail price"
11901,"tpInterInternetConn_PortionOfCost","Portion of access costs to international connection in retail price",,,192,"PRY","Paraguay","26% - 50%",2013,"","","Portion of access costs to international connection in retail price"
11901,"tpInterInternetConn_PortionOfCost","Portion of access costs to international connection in retail price",,,192,"PRY","Paraguay","26% - 50%",2014,"","","Portion of access costs to international connection in retail price"
11901,"tpInterInternetConn_PortionOfCost","Portion of access costs to international connection in retail price",,,192,"PRY","Paraguay","10% - 25%",2016,"","","Portion of access costs to international connection in retail price"
11901,"tpInterInternetConn_PortionOfCost","Portion of access costs to international connection in retail price",,,192,"PRY","Paraguay","less than 10%",2017,"","","Portion of access costs to international connection in retail price"
11901,"tpInterInternetConn_PortionOfCost","Portion of access costs to international connection in retail price",,,192,"PRY","Paraguay","less than 10%",2018,"","","Portion of access costs to international connection in retail price"
11901,"tpInterInternetConn_PortionOfCost","Portion of access costs to international connection in retail price",,,192,"PRY","Paraguay","less than 10%",2019,"","","Portion of access costs to international connection in retail price"
11901,"tpInterInternetConn_PortionOfCost","Portion of access costs to international connection in retail price",,,192,"PRY","Paraguay","less than 10%",2021,"","","Portion of access costs to international connection in retail price"
11901,"tpInterInternetConn_PortionOfCost","Portion of access costs to international connection in retail price",,,192,"PRY","Paraguay","less than 10%",2023,"","","Portion of access costs to international connection in retail price"
11901,"tpInterInternetConn_PortionOfCost","Portion of access costs to international connection in retail price",,,196,"QAT","Qatar","26% - 50%",2011,"","","Portion of access costs to international connection in retail price"
11901,"tpInterInternetConn_PortionOfCost","Portion of access costs to international connection in retail price",,,196,"QAT","Qatar","26% - 50%",2012,"","","Portion of access costs to international connection in retail price"
11901,"tpInterInternetConn_PortionOfCost","Portion of access costs to international connection in retail price",,,196,"QAT","Qatar","26% - 50%",2013,"","","Portion of access costs to international connection in retail price"
11901,"tpInterInternetConn_PortionOfCost","Portion of access costs to international connection in retail price",,,196,"QAT","Qatar","26% - 50%",2014,"","","Portion of access costs to international connection in retail price"
11901,"tpInterInternetConn_PortionOfCost","Portion of access costs to international connection in retail price",,,196,"QAT","Qatar","10% - 25%",2016,"","","Portion of access costs to international connection in retail price"
11901,"tpInterInternetConn_PortionOfCost","Portion of access costs to international connection in retail price",,,196,"QAT","Qatar","10% - 25%",2017,"","","Portion of access costs to international connection in retail price"
11901,"tpInterInternetConn_PortionOfCost","Portion of access costs to international connection in retail price",,,196,"QAT","Qatar","10% - 25%",2018,"","","Portion of access costs to international connection in retail price"
11901,"tpInterInternetConn_PortionOfCost","Portion of access costs to international connection in retail price",,,196,"QAT","Qatar","10% - 25%",2019,"","","Portion of access costs to international connection in retail price"
11901,"tpInterInternetConn_PortionOfCost","Portion of access costs to international connection in retail price",,,196,"QAT","Qatar","10% - 25%",2020,"","","Portion of access costs to international connection in retail price"
11901,"tpInterInternetConn_PortionOfCost","Portion of access costs to international connection in retail price",,,196,"QAT","Qatar","less than 10%",2021,"","","Portion of access costs to international connection in retail price"
11901,"tpInterInternetConn_PortionOfCost","Portion of access costs to international connection in retail price",,,196,"QAT","Qatar","less than 10%",2022,"","","Portion of access costs to international connection in retail price"
11901,"tpInterInternetConn_PortionOfCost","Portion of access costs to international connection in retail price",,,196,"QAT","Qatar","less than 10%",2023,"","","Portion of access costs to international connection in retail price"
11901,"tpInterInternetConn_PortionOfCost","Portion of access costs to international connection in retail price",,,196,"QAT","Qatar","less than 10%",2024,"","","Portion of access costs to international connection in retail price"
11901,"tpInterInternetConn_PortionOfCost","Portion of access costs to international connection in retail price",,,201,"RWA","Rwanda","26% - 50%",2012,"","","Portion of access costs to international connection in retail price"
11901,"tpInterInternetConn_PortionOfCost","Portion of access costs to international connection in retail price",,,201,"RWA","Rwanda","26% - 50%",2013,"","","Portion of access costs to international connection in retail price"
11901,"tpInterInternetConn_PortionOfCost","Portion of access costs to international connection in retail price",,,201,"RWA","Rwanda","26% - 50%",2014,"","","Portion of access costs to international connection in retail price"
11901,"tpInterInternetConn_PortionOfCost","Portion of access costs to international connection in retail price",,,201,"RWA","Rwanda","26% - 50%",2015,"","","Portion of access costs to international connection in retail price"
11901,"tpInterInternetConn_PortionOfCost","Portion of access costs to international connection in retail price",,,201,"RWA","Rwanda","26% - 50%",2016,"","","Portion of access costs to international connection in retail price"
11901,"tpInterInternetConn_PortionOfCost","Portion of access costs to international connection in retail price",,,201,"RWA","Rwanda","26% - 50%",2017,"","","Portion of access costs to international connection in retail price"
11901,"tpInterInternetConn_PortionOfCost","Portion of access costs to international connection in retail price",,,201,"RWA","Rwanda","26% - 50%",2018,"","","Portion of access costs to international connection in retail price"
11901,"tpInterInternetConn_PortionOfCost","Portion of access costs to international connection in retail price",,,201,"RWA","Rwanda","26% - 50%",2019,"","","Portion of access costs to international connection in retail price"
11901,"tpInterInternetConn_PortionOfCost","Portion of access costs to international connection in retail price",,,201,"RWA","Rwanda","26% - 50%",2020,"","","Portion of access costs to international connection in retail price"
11901,"tpInterInternetConn_PortionOfCost","Portion of access costs to international connection in retail price",,,201,"RWA","Rwanda","26% - 50%",2021,"","","Portion of access costs to international connection in retail price"
11901,"tpInterInternetConn_PortionOfCost","Portion of access costs to international connection in retail price",,,201,"RWA","Rwanda","26% - 50%",2023,"","","Portion of access costs to international connection in retail price"
11901,"tpInterInternetConn_PortionOfCost","Portion of access costs to international connection in retail price",,,201,"RWA","Rwanda","26% - 50%",2024,"","","Portion of access costs to international connection in retail price"
11901,"tpInterInternetConn_PortionOfCost","Portion of access costs to international connection in retail price",,,202,"RUS","Russian Federation","less than 10%",2017,"","","Portion of access costs to international connection in retail price"
11901,"tpInterInternetConn_PortionOfCost","Portion of access costs to international connection in retail price",,,202,"RUS","Russian Federation","less than 10%",2019,"","","Portion of access costs to international connection in retail price"
11901,"tpInterInternetConn_PortionOfCost","Portion of access costs to international connection in retail price",,,202,"RUS","Russian Federation","less than 10%",2020,"","","Portion of access costs to international connection in retail price"
11901,"tpInterInternetConn_PortionOfCost","Portion of access costs to international connection in retail price",,,202,"RUS","Russian Federation","less than 10%",2021,"","","Portion of access costs to international connection in retail price"
11901,"tpInterInternetConn_PortionOfCost","Portion of access costs to international connection in retail price",,,202,"RUS","Russian Federation","less than 10%",2022,"","","Portion of access costs to international connection in retail price"
11901,"tpInterInternetConn_PortionOfCost","Portion of access costs to international connection in retail price",,,202,"RUS","Russian Federation","less than 10%",2023,"","","Portion of access costs to international connection in retail price"
11901,"tpInterInternetConn_PortionOfCost","Portion of access costs to international connection in retail price",,,203,"SWE","Sweden","less than 10%",2013,"","","Portion of access costs to international connection in retail price"
11901,"tpInterInternetConn_PortionOfCost","Portion of access costs to international connection in retail price",,,203,"SWE","Sweden","less than 10%",2014,"","","Portion of access costs to international connection in retail price"
11901,"tpInterInternetConn_PortionOfCost","Portion of access costs to international connection in retail price",,,203,"SWE","Sweden","less than 10%",2015,"","","Portion of access costs to international connection in retail price"
11901,"tpInterInternetConn_PortionOfCost","Portion of access costs to international connection in retail price",,,203,"SWE","Sweden","less than 10%",2016,"","","Portion of access costs to international connection in retail price"
11901,"tpInterInternetConn_PortionOfCost","Portion of access costs to international connection in retail price",,,203,"SWE","Sweden","less than 10%",2017,"","","Portion of access costs to international connection in retail price"
11901,"tpInterInternetConn_PortionOfCost","Portion of access costs to international connection in retail price",,,203,"SWE","Sweden","less than 10%",2018,"","","Portion of access costs to international connection in retail price"
11901,"tpInterInternetConn_PortionOfCost","Portion of access costs to international connection in retail price",,,203,"SWE","Sweden","less than 10%",2019,"","","Portion of access costs to international connection in retail price"
11901,"tpInterInternetConn_PortionOfCost","Portion of access costs to international connection in retail price",,,203,"SWE","Sweden","less than 10%",2020,"","","Portion of access costs to international connection in retail price"
11901,"tpInterInternetConn_PortionOfCost","Portion of access costs to international connection in retail price",,,205,"SDN","Sudan","26% - 50%",2013,"","","Portion of access costs to international connection in retail price"
11901,"tpInterInternetConn_PortionOfCost","Portion of access costs to international connection in retail price",,,205,"SDN","Sudan","26% - 50%",2014,"","","Portion of access costs to international connection in retail price"
11901,"tpInterInternetConn_PortionOfCost","Portion of access costs to international connection in retail price",,,205,"SDN","Sudan","26% - 50%",2016,"","","Portion of access costs to international connection in retail price"
11901,"tpInterInternetConn_PortionOfCost","Portion of access costs to international connection in retail price",,,205,"SDN","Sudan","26% - 50%",2017,"","","Portion of access costs to international connection in retail price"
11901,"tpInterInternetConn_PortionOfCost","Portion of access costs to international connection in retail price",,,205,"SDN","Sudan","26% - 50%",2018,"","","Portion of access costs to international connection in retail price"
11901,"tpInterInternetConn_PortionOfCost","Portion of access costs to international connection in retail price",,,205,"SDN","Sudan","26% - 50%",2019,"","","Portion of access costs to international connection in retail price"
11901,"tpInterInternetConn_PortionOfCost","Portion of access costs to international connection in retail price",,,205,"SDN","Sudan","26% - 50%",2020,"","","Portion of access costs to international connection in retail price"
11901,"tpInterInternetConn_PortionOfCost","Portion of access costs to international connection in retail price",,,205,"SDN","Sudan","26% - 50%",2021,"","","Portion of access costs to international connection in retail price"
11901,"tpInterInternetConn_PortionOfCost","Portion of access costs to international connection in retail price",,,205,"SDN","Sudan","26% - 50%",2022,"","","Portion of access costs to international connection in retail price"
11901,"tpInterInternetConn_PortionOfCost","Portion of access costs to international connection in retail price",,,206,"SEN","Senegal","26% - 50%",2010,"","","Portion of access costs to international connection in retail price"
11901,"tpInterInternetConn_PortionOfCost","Portion of access costs to international connection in retail price",,,207,"SYC","Seychelles","10% - 25%",2013,"","","Portion of access costs to international connection in retail price"
11901,"tpInterInternetConn_PortionOfCost","Portion of access costs to international connection in retail price",,,207,"SYC","Seychelles","10% - 25%",2014,"","","Portion of access costs to international connection in retail price"
11901,"tpInterInternetConn_PortionOfCost","Portion of access costs to international connection in retail price",,,207,"SYC","Seychelles","10% - 25%",2016,"","","Portion of access costs to international connection in retail price"
11901,"tpInterInternetConn_PortionOfCost","Portion of access costs to international connection in retail price",,,207,"SYC","Seychelles","10% - 25%",2017,"","","Portion of access costs to international connection in retail price"
11901,"tpInterInternetConn_PortionOfCost","Portion of access costs to international connection in retail price",,,207,"SYC","Seychelles","10% - 25%",2018,"","","Portion of access costs to international connection in retail price"
11901,"tpInterInternetConn_PortionOfCost","Portion of access costs to international connection in retail price",,,207,"SYC","Seychelles","10% - 25%",2019,"","","Portion of access costs to international connection in retail price"
11901,"tpInterInternetConn_PortionOfCost","Portion of access costs to international connection in retail price",,,207,"SYC","Seychelles","10% - 25%",2020,"","","Portion of access costs to international connection in retail price"
11901,"tpInterInternetConn_PortionOfCost","Portion of access costs to international connection in retail price",,,207,"SYC","Seychelles","10% - 25%",2021,"","","Portion of access costs to international connection in retail price"
11901,"tpInterInternetConn_PortionOfCost","Portion of access costs to international connection in retail price",,,207,"SYC","Seychelles","10% - 25%",2022,"","","Portion of access costs to international connection in retail price"
11901,"tpInterInternetConn_PortionOfCost","Portion of access costs to international connection in retail price",,,207,"SYC","Seychelles","10% - 25%",2023,"","","Portion of access costs to international connection in retail price"
11901,"tpInterInternetConn_PortionOfCost","Portion of access costs to international connection in retail price",,,207,"SYC","Seychelles","10% - 25%",2024,"","","Portion of access costs to international connection in retail price"
11901,"tpInterInternetConn_PortionOfCost","Portion of access costs to international connection in retail price",,,209,"SLB","Solomon Islands","Above 50%",2014,"","","Portion of access costs to international connection in retail price"
11901,"tpInterInternetConn_PortionOfCost","Portion of access costs to international connection in retail price",,,212,"WSM","Samoa","26% - 50%",2011,"","","Portion of access costs to international connection in retail price"
11901,"tpInterInternetConn_PortionOfCost","Portion of access costs to international connection in retail price",,,212,"WSM","Samoa","26% - 50%",2012,"","","Portion of access costs to international connection in retail price"
11901,"tpInterInternetConn_PortionOfCost","Portion of access costs to international connection in retail price",,,212,"WSM","Samoa","26% - 50%",2013,"","","Portion of access costs to international connection in retail price"
11901,"tpInterInternetConn_PortionOfCost","Portion of access costs to international connection in retail price",,,212,"WSM","Samoa","26% - 50%",2014,"","","Portion of access costs to international connection in retail price"
11901,"tpInterInternetConn_PortionOfCost","Portion of access costs to international connection in retail price",,,212,"WSM","Samoa","Above 50%",2021,"","","Portion of access costs to international connection in retail price"
11901,"tpInterInternetConn_PortionOfCost","Portion of access costs to international connection in retail price",,,212,"WSM","Samoa","Above 50%",2022,"","","Portion of access costs to international connection in retail price"
11901,"tpInterInternetConn_PortionOfCost","Portion of access costs to international connection in retail price",,,212,"WSM","Samoa","Above 50%",2023,"","","Portion of access costs to international connection in retail price"
11901,"tpInterInternetConn_PortionOfCost","Portion of access costs to international connection in retail price",,,212,"WSM","Samoa","Above 50%",2024,"","","Portion of access costs to international connection in retail price"
11901,"tpInterInternetConn_PortionOfCost","Portion of access costs to international connection in retail price",,,215,"SOM","Somalia","26% - 50%",2018,"","","Portion of access costs to international connection in retail price"
11901,"tpInterInternetConn_PortionOfCost","Portion of access costs to international connection in retail price",,,215,"SOM","Somalia","26% - 50%",2019,"","","Portion of access costs to international connection in retail price"
11901,"tpInterInternetConn_PortionOfCost","Portion of access costs to international connection in retail price",,,217,"SLE","Sierra Leone","26% - 50%",2014,"","","Portion of access costs to international connection in retail price"
11901,"tpInterInternetConn_PortionOfCost","Portion of access costs to international connection in retail price",,,217,"SLE","Sierra Leone","26% - 50%",2015,"","","Portion of access costs to international connection in retail price"
11901,"tpInterInternetConn_PortionOfCost","Portion of access costs to international connection in retail price",,,217,"SLE","Sierra Leone","26% - 50%",2016,"","","Portion of access costs to international connection in retail price"
11901,"tpInterInternetConn_PortionOfCost","Portion of access costs to international connection in retail price",,,217,"SLE","Sierra Leone","26% - 50%",2021,"","","Portion of access costs to international connection in retail price"
11901,"tpInterInternetConn_PortionOfCost","Portion of access costs to international connection in retail price",,,217,"SLE","Sierra Leone","26% - 50%",2022,"","","Portion of access costs to international connection in retail price"
11901,"tpInterInternetConn_PortionOfCost","Portion of access costs to international connection in retail price",,,218,"STP","Sao Tome and Principe","26% - 50%",2011,"","","Portion of access costs to international connection in retail price"
11901,"tpInterInternetConn_PortionOfCost","Portion of access costs to international connection in retail price",,,218,"STP","Sao Tome and Principe","Above 50%",2014,"Cette donnée est de l'operateur historique","","Portion of access costs to international connection in retail price"
11901,"tpInterInternetConn_PortionOfCost","Portion of access costs to international connection in retail price",,,218,"STP","Sao Tome and Principe","Above 50%",2015,"","","Portion of access costs to international connection in retail price"
11901,"tpInterInternetConn_PortionOfCost","Portion of access costs to international connection in retail price",,,218,"STP","Sao Tome and Principe","Above 50%",2016,"","","Portion of access costs to international connection in retail price"
11901,"tpInterInternetConn_PortionOfCost","Portion of access costs to international connection in retail price",,,218,"STP","Sao Tome and Principe","Above 50%",2017,"","","Portion of access costs to international connection in retail price"
11901,"tpInterInternetConn_PortionOfCost","Portion of access costs to international connection in retail price",,,218,"STP","Sao Tome and Principe","Above 50%",2019,"","","Portion of access costs to international connection in retail price"
11901,"tpInterInternetConn_PortionOfCost","Portion of access costs to international connection in retail price",,,218,"STP","Sao Tome and Principe","Above 50%",2020,"","","Portion of access costs to international connection in retail price"
11901,"tpInterInternetConn_PortionOfCost","Portion of access costs to international connection in retail price",,,218,"STP","Sao Tome and Principe","Above 50%",2021,"","","Portion of access costs to international connection in retail price"
11901,"tpInterInternetConn_PortionOfCost","Portion of access costs to international connection in retail price",,,218,"STP","Sao Tome and Principe","Above 50%",2022,"","","Portion of access costs to international connection in retail price"
11901,"tpInterInternetConn_PortionOfCost","Portion of access costs to international connection in retail price",,,219,"CHE","Switzerland","less than 10%",2013,"","","Portion of access costs to international connection in retail price"
11901,"tpInterInternetConn_PortionOfCost","Portion of access costs to international connection in retail price",,,219,"CHE","Switzerland","less than 10%",2014,"","","Portion of access costs to international connection in retail price"
11901,"tpInterInternetConn_PortionOfCost","Portion of access costs to international connection in retail price",,,219,"CHE","Switzerland","less than 10%",2015,"assumption","","Portion of access costs to international connection in retail price"
11901,"tpInterInternetConn_PortionOfCost","Portion of access costs to international connection in retail price",,,219,"CHE","Switzerland","less than 10%",2016,"assumption","","Portion of access costs to international connection in retail price"
11901,"tpInterInternetConn_PortionOfCost","Portion of access costs to international connection in retail price",,,219,"CHE","Switzerland","less than 10%",2017,"assumption","","Portion of access costs to international connection in retail price"
11901,"tpInterInternetConn_PortionOfCost","Portion of access costs to international connection in retail price",,,219,"CHE","Switzerland","less than 10%",2018,"","","Portion of access costs to international connection in retail price"
11901,"tpInterInternetConn_PortionOfCost","Portion of access costs to international connection in retail price",,,219,"CHE","Switzerland","less than 10%",2019,"","","Portion of access costs to international connection in retail price"
11901,"tpInterInternetConn_PortionOfCost","Portion of access costs to international connection in retail price",,,219,"CHE","Switzerland","less than 10%",2020,"","","Portion of access costs to international connection in retail price"
11901,"tpInterInternetConn_PortionOfCost","Portion of access costs to international connection in retail price",,,219,"CHE","Switzerland","less than 10%",2021,"","","Portion of access costs to international connection in retail price"
11901,"tpInterInternetConn_PortionOfCost","Portion of access costs to international connection in retail price",,,219,"CHE","Switzerland","less than 10%",2022,"","","Portion of access costs to international connection in retail price"
11901,"tpInterInternetConn_PortionOfCost","Portion of access costs to international connection in retail price",,,219,"CHE","Switzerland","less than 10%",2023,"","","Portion of access costs to international connection in retail price"
11901,"tpInterInternetConn_PortionOfCost","Portion of access costs to international connection in retail price",,,219,"CHE","Switzerland","less than 10%",2024,"","","Portion of access costs to international connection in retail price"
11901,"tpInterInternetConn_PortionOfCost","Portion of access costs to international connection in retail price",,,220,"SUR","Suriname","10% - 25%",2011,"","","Portion of access costs to international connection in retail price"
11901,"tpInterInternetConn_PortionOfCost","Portion of access costs to international connection in retail price",,,223,"SWZ","Eswatini","26% - 50%",2018,"","","Portion of access costs to international connection in retail price"
11901,"tpInterInternetConn_PortionOfCost","Portion of access costs to international connection in retail price",,,223,"SWZ","Eswatini","Above 50%",2020,"","","Portion of access costs to international connection in retail price"
11901,"tpInterInternetConn_PortionOfCost","Portion of access costs to international connection in retail price",,,223,"SWZ","Eswatini","26% - 50%",2021,"","","Portion of access costs to international connection in retail price"
11901,"tpInterInternetConn_PortionOfCost","Portion of access costs to international connection in retail price",,,223,"SWZ","Eswatini","26% - 50%",2022,"","","Portion of access costs to international connection in retail price"
11901,"tpInterInternetConn_PortionOfCost","Portion of access costs to international connection in retail price",,,223,"SWZ","Eswatini","26% - 50%",2023,"","","Portion of access costs to international connection in retail price"
11901,"tpInterInternetConn_PortionOfCost","Portion of access costs to international connection in retail price",,,223,"SWZ","Eswatini","26% - 50%",2024,"","","Portion of access costs to international connection in retail price"
11901,"tpInterInternetConn_PortionOfCost","Portion of access costs to international connection in retail price",,,228,"TGO","Togo","10% - 25%",2010,"","","Portion of access costs to international connection in retail price"
11901,"tpInterInternetConn_PortionOfCost","Portion of access costs to international connection in retail price",,,228,"TGO","Togo","26% - 50%",2011,"","","Portion of access costs to international connection in retail price"
11901,"tpInterInternetConn_PortionOfCost","Portion of access costs to international connection in retail price",,,228,"TGO","Togo","26% - 50%",2012,"","","Portion of access costs to international connection in retail price"
11901,"tpInterInternetConn_PortionOfCost","Portion of access costs to international connection in retail price",,,228,"TGO","Togo","26% - 50%",2013,"","","Portion of access costs to international connection in retail price"
11901,"tpInterInternetConn_PortionOfCost","Portion of access costs to international connection in retail price",,,228,"TGO","Togo","26% - 50%",2014,"","","Portion of access costs to international connection in retail price"
11901,"tpInterInternetConn_PortionOfCost","Portion of access costs to international connection in retail price",,,228,"TGO","Togo","26% - 50%",2015,"","","Portion of access costs to international connection in retail price"
11901,"tpInterInternetConn_PortionOfCost","Portion of access costs to international connection in retail price",,,228,"TGO","Togo","26% - 50%",2016,"","","Portion of access costs to international connection in retail price"
11901,"tpInterInternetConn_PortionOfCost","Portion of access costs to international connection in retail price",,,228,"TGO","Togo","26% - 50%",2017,"","","Portion of access costs to international connection in retail price"
11901,"tpInterInternetConn_PortionOfCost","Portion of access costs to international connection in retail price",,,228,"TGO","Togo","26% - 50%",2018,"","","Portion of access costs to international connection in retail price"
11901,"tpInterInternetConn_PortionOfCost","Portion of access costs to international connection in retail price",,,228,"TGO","Togo","26% - 50%",2019,"","","Portion of access costs to international connection in retail price"
11901,"tpInterInternetConn_PortionOfCost","Portion of access costs to international connection in retail price",,,228,"TGO","Togo","26% - 50%",2020,"","","Portion of access costs to international connection in retail price"
11901,"tpInterInternetConn_PortionOfCost","Portion of access costs to international connection in retail price",,,228,"TGO","Togo","26% - 50%",2021,"","","Portion of access costs to international connection in retail price"
11901,"tpInterInternetConn_PortionOfCost","Portion of access costs to international connection in retail price",,,228,"TGO","Togo","26% - 50%",2022,"","","Portion of access costs to international connection in retail price"
11901,"tpInterInternetConn_PortionOfCost","Portion of access costs to international connection in retail price",,,228,"TGO","Togo","26% - 50%",2024,"Il faut noter que le coût d'accès se paie une fois seulement alors les redevances sont mensuelles. Si on convertie la redevance mensuelle en année la part moyenne du coût d'accès sera de 4% donc moins de 10%.","","Portion of access costs to international connection in retail price"
11901,"tpInterInternetConn_PortionOfCost","Portion of access costs to international connection in retail price",,,232,"TON","Tonga","10% - 25%",2011,"","","Portion of access costs to international connection in retail price"
11901,"tpInterInternetConn_PortionOfCost","Portion of access costs to international connection in retail price",,,232,"TON","Tonga","10% - 25%",2018,"","","Portion of access costs to international connection in retail price"
11901,"tpInterInternetConn_PortionOfCost","Portion of access costs to international connection in retail price",,,232,"TON","Tonga","10% - 25%",2019,"","","Portion of access costs to international connection in retail price"
11901,"tpInterInternetConn_PortionOfCost","Portion of access costs to international connection in retail price",,,232,"TON","Tonga","Above 50%",2021,"","","Portion of access costs to international connection in retail price"
11901,"tpInterInternetConn_PortionOfCost","Portion of access costs to international connection in retail price",,,232,"TON","Tonga","Above 50%",2022,"","","Portion of access costs to international connection in retail price"
11901,"tpInterInternetConn_PortionOfCost","Portion of access costs to international connection in retail price",,,234,"TTO","Trinidad and Tobago","Above 50%",2011,"","","Portion of access costs to international connection in retail price"
11901,"tpInterInternetConn_PortionOfCost","Portion of access costs to international connection in retail price",,,234,"TTO","Trinidad and Tobago","Above 50%",2013,"","","Portion of access costs to international connection in retail price"
11901,"tpInterInternetConn_PortionOfCost","Portion of access costs to international connection in retail price",,,234,"TTO","Trinidad and Tobago","Above 50%",2014,"","","Portion of access costs to international connection in retail price"
11901,"tpInterInternetConn_PortionOfCost","Portion of access costs to international connection in retail price",,,235,"TUN","Tunisia","10% - 25%",2024,"","","Portion of access costs to international connection in retail price"
11901,"tpInterInternetConn_PortionOfCost","Portion of access costs to international connection in retail price",,,237,"TUV","Tuvalu","26% - 50%",2015,"","","Portion of access costs to international connection in retail price"
11901,"tpInterInternetConn_PortionOfCost","Portion of access costs to international connection in retail price",,,238,"TZA","Tanzania","26% - 50%",2013,"","","Portion of access costs to international connection in retail price"
11901,"tpInterInternetConn_PortionOfCost","Portion of access costs to international connection in retail price",,,238,"TZA","Tanzania","26% - 50%",2015,"","","Portion of access costs to international connection in retail price"
11901,"tpInterInternetConn_PortionOfCost","Portion of access costs to international connection in retail price",,,238,"TZA","Tanzania","26% - 50%",2017,"","","Portion of access costs to international connection in retail price"
11901,"tpInterInternetConn_PortionOfCost","Portion of access costs to international connection in retail price",,,238,"TZA","Tanzania","26% - 50%",2018,"","","Portion of access costs to international connection in retail price"
11901,"tpInterInternetConn_PortionOfCost","Portion of access costs to international connection in retail price",,,238,"TZA","Tanzania","26% - 50%",2019,"","","Portion of access costs to international connection in retail price"
11901,"tpInterInternetConn_PortionOfCost","Portion of access costs to international connection in retail price",,,238,"TZA","Tanzania","26% - 50%",2020,"","","Portion of access costs to international connection in retail price"
11901,"tpInterInternetConn_PortionOfCost","Portion of access costs to international connection in retail price",,,239,"ARE","United Arab Emirates","less than 10%",2015,"ALSO, 10%-25% Varies with product and bandwidth","","Portion of access costs to international connection in retail price"
11901,"tpInterInternetConn_PortionOfCost","Portion of access costs to international connection in retail price",,,239,"ARE","United Arab Emirates","less than 10%",2016,"","","Portion of access costs to international connection in retail price"
11901,"tpInterInternetConn_PortionOfCost","Portion of access costs to international connection in retail price",,,239,"ARE","United Arab Emirates","less than 10%",2017,"","","Portion of access costs to international connection in retail price"
11901,"tpInterInternetConn_PortionOfCost","Portion of access costs to international connection in retail price",,,239,"ARE","United Arab Emirates","less than 10%",2018,"","","Portion of access costs to international connection in retail price"
11901,"tpInterInternetConn_PortionOfCost","Portion of access costs to international connection in retail price",,,239,"ARE","United Arab Emirates","less than 10%",2019,"","","Portion of access costs to international connection in retail price"
11901,"tpInterInternetConn_PortionOfCost","Portion of access costs to international connection in retail price",,,239,"ARE","United Arab Emirates","less than 10%",2020,"","","Portion of access costs to international connection in retail price"
11901,"tpInterInternetConn_PortionOfCost","Portion of access costs to international connection in retail price",,,239,"ARE","United Arab Emirates","less than 10%",2021,"","","Portion of access costs to international connection in retail price"
11901,"tpInterInternetConn_PortionOfCost","Portion of access costs to international connection in retail price",,,239,"ARE","United Arab Emirates","less than 10%",2022,"","","Portion of access costs to international connection in retail price"
11901,"tpInterInternetConn_PortionOfCost","Portion of access costs to international connection in retail price",,,239,"ARE","United Arab Emirates","less than 10%",2023,"","","Portion of access costs to international connection in retail price"
11901,"tpInterInternetConn_PortionOfCost","Portion of access costs to international connection in retail price",,,239,"ARE","United Arab Emirates","less than 10%",2024,"","","Portion of access costs to international connection in retail price"
11901,"tpInterInternetConn_PortionOfCost","Portion of access costs to international connection in retail price",,,240,"UGA","Uganda","10% - 25%",2010,"","","Portion of access costs to international connection in retail price"
11901,"tpInterInternetConn_PortionOfCost","Portion of access costs to international connection in retail price",,,240,"UGA","Uganda","less than 10%",2011,"","","Portion of access costs to international connection in retail price"
11901,"tpInterInternetConn_PortionOfCost","Portion of access costs to international connection in retail price",,,240,"UGA","Uganda","10% - 25%",2012,"","","Portion of access costs to international connection in retail price"
11901,"tpInterInternetConn_PortionOfCost","Portion of access costs to international connection in retail price",,,240,"UGA","Uganda","10% - 25%",2013,"","","Portion of access costs to international connection in retail price"
11901,"tpInterInternetConn_PortionOfCost","Portion of access costs to international connection in retail price",,,240,"UGA","Uganda","10% - 25%",2018,"","","Portion of access costs to international connection in retail price"
11901,"tpInterInternetConn_PortionOfCost","Portion of access costs to international connection in retail price",,,240,"UGA","Uganda","10% - 25%",2019,"","","Portion of access costs to international connection in retail price"
11901,"tpInterInternetConn_PortionOfCost","Portion of access costs to international connection in retail price",,,240,"UGA","Uganda","10% - 25%",2020,"","","Portion of access costs to international connection in retail price"
11901,"tpInterInternetConn_PortionOfCost","Portion of access costs to international connection in retail price",,,240,"UGA","Uganda","10% - 25%",2021,"","","Portion of access costs to international connection in retail price"
11901,"tpInterInternetConn_PortionOfCost","Portion of access costs to international connection in retail price",,,240,"UGA","Uganda","10% - 25%",2022,"","","Portion of access costs to international connection in retail price"
11901,"tpInterInternetConn_PortionOfCost","Portion of access costs to international connection in retail price",,,240,"UGA","Uganda","10% - 25%",2023,"","","Portion of access costs to international connection in retail price"
11901,"tpInterInternetConn_PortionOfCost","Portion of access costs to international connection in retail price",,,241,"UKR","Ukraine","Above 50%",2011,"","","Portion of access costs to international connection in retail price"
11901,"tpInterInternetConn_PortionOfCost","Portion of access costs to international connection in retail price",,,241,"UKR","Ukraine","Above 50%",2012,"","","Portion of access costs to international connection in retail price"
11901,"tpInterInternetConn_PortionOfCost","Portion of access costs to international connection in retail price",,,241,"UKR","Ukraine","10% - 25%",2013,"","","Portion of access costs to international connection in retail price"
11901,"tpInterInternetConn_PortionOfCost","Portion of access costs to international connection in retail price",,,242,"URY","Uruguay","Above 50%",2010,"","","Portion of access costs to international connection in retail price"
11901,"tpInterInternetConn_PortionOfCost","Portion of access costs to international connection in retail price",,,242,"URY","Uruguay","less than 10%",2021,"","","Portion of access costs to international connection in retail price"
11901,"tpInterInternetConn_PortionOfCost","Portion of access costs to international connection in retail price",,,242,"URY","Uruguay","less than 10%",2022,"","","Portion of access costs to international connection in retail price"
11901,"tpInterInternetConn_PortionOfCost","Portion of access costs to international connection in retail price",,,242,"URY","Uruguay","less than 10%",2023,"","","Portion of access costs to international connection in retail price"
11901,"tpInterInternetConn_PortionOfCost","Portion of access costs to international connection in retail price",,,245,"UZB","Uzbekistan","10% - 25%",2018,"","","Portion of access costs to international connection in retail price"
11901,"tpInterInternetConn_PortionOfCost","Portion of access costs to international connection in retail price",,,245,"UZB","Uzbekistan","10% - 25%",2019,"","","Portion of access costs to international connection in retail price"
11901,"tpInterInternetConn_PortionOfCost","Portion of access costs to international connection in retail price",,,245,"UZB","Uzbekistan","less than 10%",2022,"","","Portion of access costs to international connection in retail price"
11901,"tpInterInternetConn_PortionOfCost","Portion of access costs to international connection in retail price",,,245,"UZB","Uzbekistan","less than 10%",2023,"","","Portion of access costs to international connection in retail price"
11901,"tpInterInternetConn_PortionOfCost","Portion of access costs to international connection in retail price",,,245,"UZB","Uzbekistan","less than 10%",2024,"","","Portion of access costs to international connection in retail price"
11901,"tpInterInternetConn_PortionOfCost","Portion of access costs to international connection in retail price",,,246,"VCT","Saint Vincent and the Grenadines","26% - 50%",2010,"","","Portion of access costs to international connection in retail price"
11901,"tpInterInternetConn_PortionOfCost","Portion of access costs to international connection in retail price",,,247,"VEN","Venezuela","26% - 50%",2017,"","","Portion of access costs to international connection in retail price"
11901,"tpInterInternetConn_PortionOfCost","Portion of access costs to international connection in retail price",,,247,"VEN","Venezuela","26% - 50%",2018,"","","Portion of access costs to international connection in retail price"
11901,"tpInterInternetConn_PortionOfCost","Portion of access costs to international connection in retail price",,,247,"VEN","Venezuela","26% - 50%",2019,"","","Portion of access costs to international connection in retail price"
11901,"tpInterInternetConn_PortionOfCost","Portion of access costs to international connection in retail price",,,250,"VNM","Viet Nam","Above 50%",2010,"","","Portion of access costs to international connection in retail price"
11901,"tpInterInternetConn_PortionOfCost","Portion of access costs to international connection in retail price",,,250,"VNM","Viet Nam","10% - 25%",2011,"","","Portion of access costs to international connection in retail price"
11901,"tpInterInternetConn_PortionOfCost","Portion of access costs to international connection in retail price",,,250,"VNM","Viet Nam","10% - 25%",2012,"","","Portion of access costs to international connection in retail price"
11901,"tpInterInternetConn_PortionOfCost","Portion of access costs to international connection in retail price",,,250,"VNM","Viet Nam","26% - 50%",2013,"","","Portion of access costs to international connection in retail price"
11901,"tpInterInternetConn_PortionOfCost","Portion of access costs to international connection in retail price",,,250,"VNM","Viet Nam","26% - 50%",2014,"","","Portion of access costs to international connection in retail price"
11901,"tpInterInternetConn_PortionOfCost","Portion of access costs to international connection in retail price",,,250,"VNM","Viet Nam","10% - 25%",2015,"","","Portion of access costs to international connection in retail price"
11901,"tpInterInternetConn_PortionOfCost","Portion of access costs to international connection in retail price",,,250,"VNM","Viet Nam","10% - 25%",2016,"","","Portion of access costs to international connection in retail price"
11901,"tpInterInternetConn_PortionOfCost","Portion of access costs to international connection in retail price",,,250,"VNM","Viet Nam","10% - 25%",2017,"","","Portion of access costs to international connection in retail price"
11901,"tpInterInternetConn_PortionOfCost","Portion of access costs to international connection in retail price",,,250,"VNM","Viet Nam","10% - 25%",2018,"","","Portion of access costs to international connection in retail price"
11901,"tpInterInternetConn_PortionOfCost","Portion of access costs to international connection in retail price",,,250,"VNM","Viet Nam","10% - 25%",2019,"","","Portion of access costs to international connection in retail price"
11901,"tpInterInternetConn_PortionOfCost","Portion of access costs to international connection in retail price",,,250,"VNM","Viet Nam","Above 50%",2020,"","","Portion of access costs to international connection in retail price"
11901,"tpInterInternetConn_PortionOfCost","Portion of access costs to international connection in retail price",,,250,"VNM","Viet Nam","Above 50%",2021,"","","Portion of access costs to international connection in retail price"
11901,"tpInterInternetConn_PortionOfCost","Portion of access costs to international connection in retail price",,,251,"VUT","Vanuatu","Above 50%",2011,"","","Portion of access costs to international connection in retail price"
11901,"tpInterInternetConn_PortionOfCost","Portion of access costs to international connection in retail price",,,251,"VUT","Vanuatu","Above 50%",2012,"","","Portion of access costs to international connection in retail price"
11901,"tpInterInternetConn_PortionOfCost","Portion of access costs to international connection in retail price",,,251,"VUT","Vanuatu","26% - 50%",2013,"","","Portion of access costs to international connection in retail price"
11901,"tpInterInternetConn_PortionOfCost","Portion of access costs to international connection in retail price",,,251,"VUT","Vanuatu","26% - 50%",2014,"","","Portion of access costs to international connection in retail price"
11901,"tpInterInternetConn_PortionOfCost","Portion of access costs to international connection in retail price",,,251,"VUT","Vanuatu","Above 50%",2017,"","","Portion of access costs to international connection in retail price"
11901,"tpInterInternetConn_PortionOfCost","Portion of access costs to international connection in retail price",,,251,"VUT","Vanuatu","Above 50%",2018,"","","Portion of access costs to international connection in retail price"
11901,"tpInterInternetConn_PortionOfCost","Portion of access costs to international connection in retail price",,,251,"VUT","Vanuatu","Above 50%",2019,"","","Portion of access costs to international connection in retail price"
11901,"tpInterInternetConn_PortionOfCost","Portion of access costs to international connection in retail price",,,256,"SRB","Serbia","less than 10%",2011,"","","Portion of access costs to international connection in retail price"
11901,"tpInterInternetConn_PortionOfCost","Portion of access costs to international connection in retail price",,,256,"SRB","Serbia","less than 10%",2012,"","","Portion of access costs to international connection in retail price"
11901,"tpInterInternetConn_PortionOfCost","Portion of access costs to international connection in retail price",,,256,"SRB","Serbia","less than 10%",2013,"","","Portion of access costs to international connection in retail price"
11901,"tpInterInternetConn_PortionOfCost","Portion of access costs to international connection in retail price",,,256,"SRB","Serbia","less than 10%",2014,"","","Portion of access costs to international connection in retail price"
11901,"tpInterInternetConn_PortionOfCost","Portion of access costs to international connection in retail price",,,257,"COD","Dem. Rep. of the Congo","Above 50%",2012,"","","Portion of access costs to international connection in retail price"
11901,"tpInterInternetConn_PortionOfCost","Portion of access costs to international connection in retail price",,,257,"COD","Dem. Rep. of the Congo","Above 50%",2013,"","","Portion of access costs to international connection in retail price"
11901,"tpInterInternetConn_PortionOfCost","Portion of access costs to international connection in retail price",,,257,"COD","Dem. Rep. of the Congo","26% - 50%",2014,"","","Portion of access costs to international connection in retail price"
11901,"tpInterInternetConn_PortionOfCost","Portion of access costs to international connection in retail price",,,257,"COD","Dem. Rep. of the Congo","Above 50%",2015,"","","Portion of access costs to international connection in retail price"
11901,"tpInterInternetConn_PortionOfCost","Portion of access costs to international connection in retail price",,,257,"COD","Dem. Rep. of the Congo","Above 50%",2016,"","","Portion of access costs to international connection in retail price"
11901,"tpInterInternetConn_PortionOfCost","Portion of access costs to international connection in retail price",,,257,"COD","Dem. Rep. of the Congo","Above 50%",2017,"","","Portion of access costs to international connection in retail price"
11901,"tpInterInternetConn_PortionOfCost","Portion of access costs to international connection in retail price",,,257,"COD","Dem. Rep. of the Congo","Above 50%",2018,"","","Portion of access costs to international connection in retail price"
11901,"tpInterInternetConn_PortionOfCost","Portion of access costs to international connection in retail price",,,257,"COD","Dem. Rep. of the Congo","Above 50%",2019,"","","Portion of access costs to international connection in retail price"
11901,"tpInterInternetConn_PortionOfCost","Portion of access costs to international connection in retail price",,,257,"COD","Dem. Rep. of the Congo","Above 50%",2020,"","","Portion of access costs to international connection in retail price"
11901,"tpInterInternetConn_PortionOfCost","Portion of access costs to international connection in retail price",,,257,"COD","Dem. Rep. of the Congo","Above 50%",2021,"","","Portion of access costs to international connection in retail price"
11901,"tpInterInternetConn_PortionOfCost","Portion of access costs to international connection in retail price",,,257,"COD","Dem. Rep. of the Congo","Above 50%",2022,"","","Portion of access costs to international connection in retail price"
11901,"tpInterInternetConn_PortionOfCost","Portion of access costs to international connection in retail price",,,257,"COD","Dem. Rep. of the Congo","Above 50%",2023,"","","Portion of access costs to international connection in retail price"
11901,"tpInterInternetConn_PortionOfCost","Portion of access costs to international connection in retail price",,,257,"COD","Dem. Rep. of the Congo","Above 50%",2024,"","","Portion of access costs to international connection in retail price"
11901,"tpInterInternetConn_PortionOfCost","Portion of access costs to international connection in retail price",,,259,"ZMB","Zambia","26% - 50%",2015,"","","Portion of access costs to international connection in retail price"
11901,"tpInterInternetConn_PortionOfCost","Portion of access costs to international connection in retail price",,,259,"ZMB","Zambia","26% - 50%",2016,"","","Portion of access costs to international connection in retail price"
11901,"tpInterInternetConn_PortionOfCost","Portion of access costs to international connection in retail price",,,259,"ZMB","Zambia","26% - 50%",2017,"","","Portion of access costs to international connection in retail price"
11901,"tpInterInternetConn_PortionOfCost","Portion of access costs to international connection in retail price",,,259,"ZMB","Zambia","26% - 50%",2018,"","","Portion of access costs to international connection in retail price"
11901,"tpInterInternetConn_PortionOfCost","Portion of access costs to international connection in retail price",,,259,"ZMB","Zambia","26% - 50%",2019,"","","Portion of access costs to international connection in retail price"
11901,"tpInterInternetConn_PortionOfCost","Portion of access costs to international connection in retail price",,,259,"ZMB","Zambia","26% - 50%",2020,"","","Portion of access costs to international connection in retail price"
11901,"tpInterInternetConn_PortionOfCost","Portion of access costs to international connection in retail price",,,259,"ZMB","Zambia","26% - 50%",2021,"","","Portion of access costs to international connection in retail price"
11901,"tpInterInternetConn_PortionOfCost","Portion of access costs to international connection in retail price",,,259,"ZMB","Zambia","26% - 50%",2022,"","","Portion of access costs to international connection in retail price"
11901,"tpInterInternetConn_PortionOfCost","Portion of access costs to international connection in retail price",,,259,"ZMB","Zambia","26% - 50%",2023,"","","Portion of access costs to international connection in retail price"
11901,"tpInterInternetConn_PortionOfCost","Portion of access costs to international connection in retail price",,,259,"ZMB","Zambia","26% - 50%",2024,"","","Portion of access costs to international connection in retail price"
11901,"tpInterInternetConn_PortionOfCost","Portion of access costs to international connection in retail price",,,260,"ZWE","Zimbabwe","Above 50%",2012,"","","Portion of access costs to international connection in retail price"
11901,"tpInterInternetConn_PortionOfCost","Portion of access costs to international connection in retail price",,,260,"ZWE","Zimbabwe","Above 50%",2013,"","","Portion of access costs to international connection in retail price"
11901,"tpInterInternetConn_PortionOfCost","Portion of access costs to international connection in retail price",,,260,"ZWE","Zimbabwe","Above 50%",2014,"","","Portion of access costs to international connection in retail price"
11901,"tpInterInternetConn_PortionOfCost","Portion of access costs to international connection in retail price",,,260,"ZWE","Zimbabwe","26% - 50%",2015,"","","Portion of access costs to international connection in retail price"
11901,"tpInterInternetConn_PortionOfCost","Portion of access costs to international connection in retail price",,,260,"ZWE","Zimbabwe","26% - 50%",2016,"","","Portion of access costs to international connection in retail price"
11901,"tpInterInternetConn_PortionOfCost","Portion of access costs to international connection in retail price",,,260,"ZWE","Zimbabwe","26% - 50%",2017,"","","Portion of access costs to international connection in retail price"
11901,"tpInterInternetConn_PortionOfCost","Portion of access costs to international connection in retail price",,,260,"ZWE","Zimbabwe","26% - 50%",2018,"","","Portion of access costs to international connection in retail price"
11901,"tpInterInternetConn_PortionOfCost","Portion of access costs to international connection in retail price",,,260,"ZWE","Zimbabwe","26% - 50%",2019,"","","Portion of access costs to international connection in retail price"
11901,"tpInterInternetConn_PortionOfCost","Portion of access costs to international connection in retail price",,,260,"ZWE","Zimbabwe","26% - 50%",2020,"","","Portion of access costs to international connection in retail price"
11901,"tpInterInternetConn_PortionOfCost","Portion of access costs to international connection in retail price",,,260,"ZWE","Zimbabwe","26% - 50%",2021,"","","Portion of access costs to international connection in retail price"
11901,"tpInterInternetConn_PortionOfCost","Portion of access costs to international connection in retail price",,,260,"ZWE","Zimbabwe","26% - 50%",2022,"","","Portion of access costs to international connection in retail price"
11901,"tpInterInternetConn_PortionOfCost","Portion of access costs to international connection in retail price",,,260,"ZWE","Zimbabwe","26% - 50%",2023,"","","Portion of access costs to international connection in retail price"
11901,"tpInterInternetConn_PortionOfCost","Portion of access costs to international connection in retail price",,,260,"ZWE","Zimbabwe","26% - 50%",2024,"","","Portion of access costs to international connection in retail price"
11901,"tpInterInternetConn_PortionOfCost","Portion of access costs to international connection in retail price",,,274,"MDA","Moldova","10% - 25%",2010,"","","Portion of access costs to international connection in retail price"
11901,"tpInterInternetConn_PortionOfCost","Portion of access costs to international connection in retail price",,,274,"MDA","Moldova","10% - 25%",2011,"","","Portion of access costs to international connection in retail price"
11901,"tpInterInternetConn_PortionOfCost","Portion of access costs to international connection in retail price",,,274,"MDA","Moldova","10% - 25%",2012,"","","Portion of access costs to international connection in retail price"
11901,"tpInterInternetConn_PortionOfCost","Portion of access costs to international connection in retail price",,,274,"MDA","Moldova","10% - 25%",2013,"","","Portion of access costs to international connection in retail price"
11901,"tpInterInternetConn_PortionOfCost","Portion of access costs to international connection in retail price",,,274,"MDA","Moldova","10% - 25%",2014,"","","Portion of access costs to international connection in retail price"
11901,"tpInterInternetConn_PortionOfCost","Portion of access costs to international connection in retail price",,,274,"MDA","Moldova","10% - 25%",2016,"","","Portion of access costs to international connection in retail price"
11901,"tpInterInternetConn_PortionOfCost","Portion of access costs to international connection in retail price",,,274,"MDA","Moldova","10% - 25%",2017,"","","Portion of access costs to international connection in retail price"
11901,"tpInterInternetConn_PortionOfCost","Portion of access costs to international connection in retail price",,,274,"MDA","Moldova","less than 10%",2018,"","","Portion of access costs to international connection in retail price"
11901,"tpInterInternetConn_PortionOfCost","Portion of access costs to international connection in retail price",,,274,"MDA","Moldova","less than 10%",2019,"","","Portion of access costs to international connection in retail price"
11901,"tpInterInternetConn_PortionOfCost","Portion of access costs to international connection in retail price",,,274,"MDA","Moldova","less than 10%",2020,"","","Portion of access costs to international connection in retail price"
11901,"tpInterInternetConn_PortionOfCost","Portion of access costs to international connection in retail price",,,274,"MDA","Moldova","less than 10%",2021,"","","Portion of access costs to international connection in retail price"
11901,"tpInterInternetConn_PortionOfCost","Portion of access costs to international connection in retail price",,,274,"MDA","Moldova","less than 10%",2022,"","","Portion of access costs to international connection in retail price"
11901,"tpInterInternetConn_PortionOfCost","Portion of access costs to international connection in retail price",,,275,"BIH","Bosnia and Herzegovina","Above 50%",2010,"","","Portion of access costs to international connection in retail price"
11901,"tpInterInternetConn_PortionOfCost","Portion of access costs to international connection in retail price",,,275,"BIH","Bosnia and Herzegovina","26% - 50%",2012,"","","Portion of access costs to international connection in retail price"
11901,"tpInterInternetConn_PortionOfCost","Portion of access costs to international connection in retail price",,,275,"BIH","Bosnia and Herzegovina","26% - 50%",2013,"","","Portion of access costs to international connection in retail price"
11901,"tpInterInternetConn_PortionOfCost","Portion of access costs to international connection in retail price",,,275,"BIH","Bosnia and Herzegovina","26% - 50%",2014,"","","Portion of access costs to international connection in retail price"
11901,"tpInterInternetConn_PortionOfCost","Portion of access costs to international connection in retail price",,,275,"BIH","Bosnia and Herzegovina","26% - 50%",2015,"","","Portion of access costs to international connection in retail price"
11901,"tpInterInternetConn_PortionOfCost","Portion of access costs to international connection in retail price",,,275,"BIH","Bosnia and Herzegovina","26% - 50%",2016,"","","Portion of access costs to international connection in retail price"
11901,"tpInterInternetConn_PortionOfCost","Portion of access costs to international connection in retail price",,,275,"BIH","Bosnia and Herzegovina","26% - 50%",2017,"","","Portion of access costs to international connection in retail price"
11901,"tpInterInternetConn_PortionOfCost","Portion of access costs to international connection in retail price",,,275,"BIH","Bosnia and Herzegovina","26% - 50%",2019,"","","Portion of access costs to international connection in retail price"
11901,"tpInterInternetConn_PortionOfCost","Portion of access costs to international connection in retail price",,,275,"BIH","Bosnia and Herzegovina","26% - 50%",2020,"","","Portion of access costs to international connection in retail price"
11901,"tpInterInternetConn_PortionOfCost","Portion of access costs to international connection in retail price",,,275,"BIH","Bosnia and Herzegovina","26% - 50%",2021,"","","Portion of access costs to international connection in retail price"
11901,"tpInterInternetConn_PortionOfCost","Portion of access costs to international connection in retail price",,,275,"BIH","Bosnia and Herzegovina","26% - 50%",2022,"","","Portion of access costs to international connection in retail price"
11901,"tpInterInternetConn_PortionOfCost","Portion of access costs to international connection in retail price",,,275,"BIH","Bosnia and Herzegovina","26% - 50%",2023,"","","Portion of access costs to international connection in retail price"
11901,"tpInterInternetConn_PortionOfCost","Portion of access costs to international connection in retail price",,,275,"BIH","Bosnia and Herzegovina","26% - 50%",2024,"","","Portion of access costs to international connection in retail price"
11901,"tpInterInternetConn_PortionOfCost","Portion of access costs to international connection in retail price",,,276,"GEO","Georgia","Above 50%",2011,"","","Portion of access costs to international connection in retail price"
11901,"tpInterInternetConn_PortionOfCost","Portion of access costs to international connection in retail price",,,276,"GEO","Georgia","26% - 50%",2012,"","","Portion of access costs to international connection in retail price"
11901,"tpInterInternetConn_PortionOfCost","Portion of access costs to international connection in retail price",,,276,"GEO","Georgia","10% - 25%",2013,"","","Portion of access costs to international connection in retail price"
11901,"tpInterInternetConn_PortionOfCost","Portion of access costs to international connection in retail price",,,276,"GEO","Georgia","10% - 25%",2014,"","","Portion of access costs to international connection in retail price"
11901,"tpInterInternetConn_PortionOfCost","Portion of access costs to international connection in retail price",,,276,"GEO","Georgia","10% - 25%",2015,"","","Portion of access costs to international connection in retail price"
11901,"tpInterInternetConn_PortionOfCost","Portion of access costs to international connection in retail price",,,276,"GEO","Georgia","10% - 25%",2016,"","","Portion of access costs to international connection in retail price"
11901,"tpInterInternetConn_PortionOfCost","Portion of access costs to international connection in retail price",,,276,"GEO","Georgia","10% - 25%",2017,"","","Portion of access costs to international connection in retail price"
11901,"tpInterInternetConn_PortionOfCost","Portion of access costs to international connection in retail price",,,276,"GEO","Georgia","10% - 25%",2018,"","","Portion of access costs to international connection in retail price"
11901,"tpInterInternetConn_PortionOfCost","Portion of access costs to international connection in retail price",,,280,"KGZ","Kyrgyzstan","26% - 50%",2013,"","","Portion of access costs to international connection in retail price"
11901,"tpInterInternetConn_PortionOfCost","Portion of access costs to international connection in retail price",,,280,"KGZ","Kyrgyzstan","26% - 50%",2019,"","","Portion of access costs to international connection in retail price"
11901,"tpInterInternetConn_PortionOfCost","Portion of access costs to international connection in retail price",,,280,"KGZ","Kyrgyzstan","26% - 50%",2023,"","","Portion of access costs to international connection in retail price"
11901,"tpInterInternetConn_PortionOfCost","Portion of access costs to international connection in retail price",,,283,"MKD","North Macedonia","26% - 50%",2012,"","","Portion of access costs to international connection in retail price"
11901,"tpInterInternetConn_PortionOfCost","Portion of access costs to international connection in retail price",,,308,"PSE","State of Palestine","Above 50%",2013,"","","Portion of access costs to international connection in retail price"
11901,"tpInterInternetConn_PortionOfCost","Portion of access costs to international connection in retail price",,,308,"PSE","State of Palestine","26% - 50%",2014,"","","Portion of access costs to international connection in retail price"
11901,"tpInterInternetConn_PortionOfCost","Portion of access costs to international connection in retail price",,,316,"MNE","Montenegro","10% - 25%",2016,"","","Portion of access costs to international connection in retail price"
11901,"tpInterInternetConn_PortionOfCost","Portion of access costs to international connection in retail price",,,316,"MNE","Montenegro","10% - 25%",2017,"","","Portion of access costs to international connection in retail price"
11901,"tpInterInternetConn_PortionOfCost","Portion of access costs to international connection in retail price",,,316,"MNE","Montenegro","10% - 25%",2018,"","","Portion of access costs to international connection in retail price"
11901,"tpInterInternetConn_PortionOfCost","Portion of access costs to international connection in retail price",,,316,"MNE","Montenegro","10% - 25%",2019,"","","Portion of access costs to international connection in retail price"
11901,"tpInterInternetConn_PortionOfCost","Portion of access costs to international connection in retail price",,,316,"MNE","Montenegro","less than 10%",2022,"","","Portion of access costs to international connection in retail price"
11901,"tpInterInternetConn_PortionOfCost","Portion of access costs to international connection in retail price",,,321,"SSD","South Sudan","Above 50%",2016,"","","Portion of access costs to international connection in retail price"
11901,"tpInterInternetConn_PortionOfCost","Portion of access costs to international connection in retail price",,,321,"SSD","South Sudan","Above 50%",2017,"","","Portion of access costs to international connection in retail price"
11901,"tpInterInternetConn_PortionOfCost","Portion of access costs to international connection in retail price",,,321,"SSD","South Sudan","Above 50%",2018,"","","Portion of access costs to international connection in retail price"
11901,"tpInterInternetConn_PortionOfCost","Portion of access costs to international connection in retail price",,,321,"SSD","South Sudan","Above 50%",2019,"","","Portion of access costs to international connection in retail price"
11901,"tpInterInternetConn_PortionOfCost","Portion of access costs to international connection in retail price",,,321,"SSD","South Sudan","Above 50%",2020,"","","Portion of access costs to international connection in retail price"
11901,"tpInterInternetConn_PortionOfCost","Portion of access costs to international connection in retail price",,,321,"SSD","South Sudan","Above 50%",2021,"","","Portion of access costs to international connection in retail price"
11901,"tpInterInternetConn_PortionOfCost","Portion of access costs to international connection in retail price",,,321,"SSD","South Sudan","Above 50%",2022,"","","Portion of access costs to international connection in retail price"
11901,"tpInterInternetConn_PortionOfCost","Portion of access costs to international connection in retail price",,,321,"SSD","South Sudan","Above 50%",2023,"","","Portion of access costs to international connection in retail price"
11901,"tpInterInternetConn_PortionOfCost","Portion of access costs to international connection in retail price",,,321,"SSD","South Sudan","Above 50%",2024,"","","Portion of access costs to international connection in retail price"