"seriesID","seriesCode","seriesName","seriesParent","seriesUnits","entityID","entityIso","entityName","dataValue","dataYear","dataNote","dataSource","seriesDescription","dataValue 1","dataValue 2","dataValue 3","dataValue 4"
11902,"tpInterInternetConn_StepsOptimize","Steps used to optimize costs of international connectivity",,,6,"AFG","Afghanistan","Other,",2012,"","","Steps used to optimize costs of international connectivity",,,,
11902,"tpInterInternetConn_StepsOptimize","Steps used to optimize costs of international connectivity",,,6,"AFG","Afghanistan","Other,",2018,"","","Steps used to optimize costs of international connectivity",,,,
11902,"tpInterInternetConn_StepsOptimize","Steps used to optimize costs of international connectivity",,,6,"AFG","Afghanistan","Implementation of Internet Exchange Point (IXP)",2019,"","","Steps used to optimize costs of international connectivity",,,,
11902,"tpInterInternetConn_StepsOptimize","Steps used to optimize costs of international connectivity",,,6,"AFG","Afghanistan","Implementation of Internet Exchange Point (IXP)",2020,"Hosting of most frequently visited web sites as well.","","Steps used to optimize costs of international connectivity",,,,
11902,"tpInterInternetConn_StepsOptimize","Steps used to optimize costs of international connectivity",,,6,"AFG","Afghanistan","Encourage the development of local content",2021,"","","Steps used to optimize costs of international connectivity",,,,
11902,"tpInterInternetConn_StepsOptimize","Steps used to optimize costs of international connectivity",,,6,"AFG","Afghanistan","Encourage the development of local content",2024,"","","Steps used to optimize costs of international connectivity",,,,
11902,"tpInterInternetConn_StepsOptimize","Steps used to optimize costs of international connectivity",,,8,"AGO","Angola","Implementation of Internet Exchange Point (IXP)",2021,"","","Steps used to optimize costs of international connectivity",,,,
11902,"tpInterInternetConn_StepsOptimize","Steps used to optimize costs of international connectivity",,,8,"AGO","Angola",,2023,"","","Steps used to optimize costs of international connectivity","Hosting of most frequently visited web sites (e.g. search engines, Data Centers, Content delivery network (CDN), Cache Servers, etc.)","Implementation of Internet Exchange Point (IXP)","Encourage the development of local content",
11902,"tpInterInternetConn_StepsOptimize","Steps used to optimize costs of international connectivity",,,8,"AGO","Angola",,2024,"","","Steps used to optimize costs of international connectivity","Implementation of Internet Exchange Point (IXP)","Hosting of most frequently visited web sites (e.g. search engines, Data Centers, Content delivery network (CDN), Cache Servers, etc.)","Encourage the development of local content",
11902,"tpInterInternetConn_StepsOptimize","Steps used to optimize costs of international connectivity",,,10,"ALB","Albania","Hosting of most frequently visited web sites (e.g. search engines, Data Centers, Content delivery network (CDN), Cache Servers, etc.)",2014,"","","Steps used to optimize costs of international connectivity",,,,
11902,"tpInterInternetConn_StepsOptimize","Steps used to optimize costs of international connectivity",,,10,"ALB","Albania","Hosting of most frequently visited web sites (e.g. search engines, Data Centers, Content delivery network (CDN), Cache Servers, etc.)",2015,"","","Steps used to optimize costs of international connectivity",,,,
11902,"tpInterInternetConn_StepsOptimize","Steps used to optimize costs of international connectivity",,,10,"ALB","Albania","Hosting of most frequently visited web sites (e.g. search engines, Data Centers, Content delivery network (CDN), Cache Servers, etc.)",2016,"","","Steps used to optimize costs of international connectivity",,,,
11902,"tpInterInternetConn_StepsOptimize","Steps used to optimize costs of international connectivity",,,10,"ALB","Albania","Hosting of most frequently visited web sites (e.g. search engines, Data Centers, Content delivery network (CDN), Cache Servers, etc.)",2017,"","","Steps used to optimize costs of international connectivity",,,,
11902,"tpInterInternetConn_StepsOptimize","Steps used to optimize costs of international connectivity",,,10,"ALB","Albania","Encourage the development of local content",2018,"","","Steps used to optimize costs of international connectivity",,,,
11902,"tpInterInternetConn_StepsOptimize","Steps used to optimize costs of international connectivity",,,10,"ALB","Albania","Encourage the development of local content",2019,"","","Steps used to optimize costs of international connectivity",,,,
11902,"tpInterInternetConn_StepsOptimize","Steps used to optimize costs of international connectivity",,,10,"ALB","Albania","Encourage the development of local content",2020,"","","Steps used to optimize costs of international connectivity",,,,
11902,"tpInterInternetConn_StepsOptimize","Steps used to optimize costs of international connectivity",,,10,"ALB","Albania","Encourage the development of local content",2021,"","","Steps used to optimize costs of international connectivity",,,,
11902,"tpInterInternetConn_StepsOptimize","Steps used to optimize costs of international connectivity",,,10,"ALB","Albania","Encourage the development of local content",2022,"","","Steps used to optimize costs of international connectivity",,,,
11902,"tpInterInternetConn_StepsOptimize","Steps used to optimize costs of international connectivity",,,10,"ALB","Albania","Encourage the development of local content",2023,"","","Steps used to optimize costs of international connectivity",,,,
11902,"tpInterInternetConn_StepsOptimize","Steps used to optimize costs of international connectivity",,,10,"ALB","Albania","Encourage the development of local content",2024,"","","Steps used to optimize costs of international connectivity",,,,
11902,"tpInterInternetConn_StepsOptimize","Steps used to optimize costs of international connectivity",,,11,"DZA","Algeria","Other,",2011,"","","Steps used to optimize costs of international connectivity",,,,
11902,"tpInterInternetConn_StepsOptimize","Steps used to optimize costs of international connectivity",,,11,"DZA","Algeria","Encourage the development of local content",2012,"","","Steps used to optimize costs of international connectivity",,,,
11902,"tpInterInternetConn_StepsOptimize","Steps used to optimize costs of international connectivity",,,11,"DZA","Algeria","Encourage the development of local content",2013,"","","Steps used to optimize costs of international connectivity",,,,
11902,"tpInterInternetConn_StepsOptimize","Steps used to optimize costs of international connectivity",,,11,"DZA","Algeria","Hosting of most frequently visited web sites (e.g. search engines, Data Centers, Content delivery network (CDN), Cache Servers, etc.)",2016,"","","Steps used to optimize costs of international connectivity",,,,
11902,"tpInterInternetConn_StepsOptimize","Steps used to optimize costs of international connectivity",,,11,"DZA","Algeria","Hosting of most frequently visited web sites (e.g. search engines, Data Centers, Content delivery network (CDN), Cache Servers, etc.)",2017,"","","Steps used to optimize costs of international connectivity",,,,
11902,"tpInterInternetConn_StepsOptimize","Steps used to optimize costs of international connectivity",,,11,"DZA","Algeria","Hosting of most frequently visited web sites (e.g. search engines, Data Centers, Content delivery network (CDN), Cache Servers, etc.)",2018,"","","Steps used to optimize costs of international connectivity",,,,
11902,"tpInterInternetConn_StepsOptimize","Steps used to optimize costs of international connectivity",,,11,"DZA","Algeria","Hosting of most frequently visited web sites (e.g. search engines, Data Centers, Content delivery network (CDN), Cache Servers, etc.)",2022,"","","Steps used to optimize costs of international connectivity",,,,
11902,"tpInterInternetConn_StepsOptimize","Steps used to optimize costs of international connectivity",,,11,"DZA","Algeria","Hosting of most frequently visited web sites (e.g. search engines, Data Centers, Content delivery network (CDN), Cache Servers, etc.)",2023,"","","Steps used to optimize costs of international connectivity",,,,
11902,"tpInterInternetConn_StepsOptimize","Steps used to optimize costs of international connectivity",,,11,"DZA","Algeria","Hosting of most frequently visited web sites (e.g. search engines, Data Centers, Content delivery network (CDN), Cache Servers, etc.)",2024,"","","Steps used to optimize costs of international connectivity",,,,
11902,"tpInterInternetConn_StepsOptimize","Steps used to optimize costs of international connectivity",,,14,"AND","Andorra","Other,",2011,"","","Steps used to optimize costs of international connectivity",,,,
11902,"tpInterInternetConn_StepsOptimize","Steps used to optimize costs of international connectivity",,,14,"AND","Andorra","Hosting of most frequently visited web sites (e.g. search engines, Data Centers, Content delivery network (CDN), Cache Servers, etc.)",2013,"","","Steps used to optimize costs of international connectivity",,,,
11902,"tpInterInternetConn_StepsOptimize","Steps used to optimize costs of international connectivity",,,14,"AND","Andorra","Hosting of most frequently visited web sites (e.g. search engines, Data Centers, Content delivery network (CDN), Cache Servers, etc.)",2014,"","","Steps used to optimize costs of international connectivity",,,,
11902,"tpInterInternetConn_StepsOptimize","Steps used to optimize costs of international connectivity",,,14,"AND","Andorra","Hosting of most frequently visited web sites (e.g. search engines, Data Centers, Content delivery network (CDN), Cache Servers, etc.)",2015,"","","Steps used to optimize costs of international connectivity",,,,
11902,"tpInterInternetConn_StepsOptimize","Steps used to optimize costs of international connectivity",,,14,"AND","Andorra","Hosting of most frequently visited web sites (e.g. search engines, Data Centers, Content delivery network (CDN), Cache Servers, etc.)",2018,"","","Steps used to optimize costs of international connectivity",,,,
11902,"tpInterInternetConn_StepsOptimize","Steps used to optimize costs of international connectivity",,,14,"AND","Andorra","Hosting of most frequently visited web sites (e.g. search engines, Data Centers, Content delivery network (CDN), Cache Servers, etc.)",2021,"","","Steps used to optimize costs of international connectivity",,,,
11902,"tpInterInternetConn_StepsOptimize","Steps used to optimize costs of international connectivity",,,14,"AND","Andorra","Hosting of most frequently visited web sites (e.g. search engines, Data Centers, Content delivery network (CDN), Cache Servers, etc.)",2022,"","","Steps used to optimize costs of international connectivity",,,,
11902,"tpInterInternetConn_StepsOptimize","Steps used to optimize costs of international connectivity",,,14,"AND","Andorra","Hosting of most frequently visited web sites (e.g. search engines, Data Centers, Content delivery network (CDN), Cache Servers, etc.)",2023,"","","Steps used to optimize costs of international connectivity",,,,
11902,"tpInterInternetConn_StepsOptimize","Steps used to optimize costs of international connectivity",,,14,"AND","Andorra","Hosting of most frequently visited web sites (e.g. search engines, Data Centers, Content delivery network (CDN), Cache Servers, etc.)",2024,"","","Steps used to optimize costs of international connectivity",,,,
11902,"tpInterInternetConn_StepsOptimize","Steps used to optimize costs of international connectivity",,,16,"ARG","Argentina","Hosting of most frequently visited web sites (e.g. search engines, Data Centers, Content delivery network (CDN), Cache Servers, etc.)",2016,"También se han adoptado el resto de las opciones: Utilización de una central Internet (IXP), Promover el desarrollo de contenidos locales","","Steps used to optimize costs of international connectivity",,,,
11902,"tpInterInternetConn_StepsOptimize","Steps used to optimize costs of international connectivity",,,16,"ARG","Argentina","Other,",2017,"","","Steps used to optimize costs of international connectivity",,,,
11902,"tpInterInternetConn_StepsOptimize","Steps used to optimize costs of international connectivity",,,16,"ARG","Argentina","Other,",2018,"Utilización de una central Internet (IXP); Alojamiento de las páginas web más visitadas (por ejemplo, motores de búsqueda, Datacenters, red de distribución de contenidos (CDN), cash, etc.); Promover el desarrollo de contenidos locales","","Steps used to optimize costs of international connectivity",,,,
11902,"tpInterInternetConn_StepsOptimize","Steps used to optimize costs of international connectivity",,,16,"ARG","Argentina","Other,",2019,"","","Steps used to optimize costs of international connectivity",,,,
11902,"tpInterInternetConn_StepsOptimize","Steps used to optimize costs of international connectivity",,,16,"ARG","Argentina","Other,",2020,"","","Steps used to optimize costs of international connectivity",,,,
11902,"tpInterInternetConn_StepsOptimize","Steps used to optimize costs of international connectivity",,,16,"ARG","Argentina","Other,",2021,"","","Steps used to optimize costs of international connectivity",,,,
11902,"tpInterInternetConn_StepsOptimize","Steps used to optimize costs of international connectivity",,,16,"ARG","Argentina","Other,",2022,"","","Steps used to optimize costs of international connectivity",,,,
11902,"tpInterInternetConn_StepsOptimize","Steps used to optimize costs of international connectivity",,,16,"ARG","Argentina",,2023,"Utilización de una central Internet (IXP); Alojamiento de las páginas web más visitadas (ej.: motores de búsqueda, Datacenters, red de distribución de contenidos (CDN), cash, etc); Promover el desarrollo de contenidos locales.","","Steps used to optimize costs of international connectivity","Implementation of Internet Exchange Point (IXP)","Hosting of most frequently visited web sites (e.g. search engines, Data Centers, Content delivery network (CDN), Cache Servers, etc.)","Encourage the development of local content",
11902,"tpInterInternetConn_StepsOptimize","Steps used to optimize costs of international connectivity",,,16,"ARG","Argentina",,2024,"","","Steps used to optimize costs of international connectivity","Hosting of most frequently visited web sites (e.g. search engines, Data Centers, Content delivery network (CDN), Cache Servers, etc.)","Implementation of Internet Exchange Point (IXP)","Encourage the development of local content",
11902,"tpInterInternetConn_StepsOptimize","Steps used to optimize costs of international connectivity",,,17,"ARM","Armenia","Other,",2011,"","","Steps used to optimize costs of international connectivity",,,,
11902,"tpInterInternetConn_StepsOptimize","Steps used to optimize costs of international connectivity",,,17,"ARM","Armenia","Other,",2012,"","","Steps used to optimize costs of international connectivity",,,,
11902,"tpInterInternetConn_StepsOptimize","Steps used to optimize costs of international connectivity",,,17,"ARM","Armenia","Implementation of Internet Exchange Point (IXP)",2013,"","","Steps used to optimize costs of international connectivity",,,,
11902,"tpInterInternetConn_StepsOptimize","Steps used to optimize costs of international connectivity",,,17,"ARM","Armenia","Implementation of Internet Exchange Point (IXP)",2014,"","","Steps used to optimize costs of international connectivity",,,,
11902,"tpInterInternetConn_StepsOptimize","Steps used to optimize costs of international connectivity",,,17,"ARM","Armenia","Implementation of Internet Exchange Point (IXP)",2015,"","","Steps used to optimize costs of international connectivity",,,,
11902,"tpInterInternetConn_StepsOptimize","Steps used to optimize costs of international connectivity",,,17,"ARM","Armenia","Implementation of Internet Exchange Point (IXP)",2016,"","","Steps used to optimize costs of international connectivity",,,,
11902,"tpInterInternetConn_StepsOptimize","Steps used to optimize costs of international connectivity",,,17,"ARM","Armenia","Implementation of Internet Exchange Point (IXP)",2017,"","","Steps used to optimize costs of international connectivity",,,,
11902,"tpInterInternetConn_StepsOptimize","Steps used to optimize costs of international connectivity",,,17,"ARM","Armenia","Implementation of Internet Exchange Point (IXP)",2018,"","","Steps used to optimize costs of international connectivity",,,,
11902,"tpInterInternetConn_StepsOptimize","Steps used to optimize costs of international connectivity",,,17,"ARM","Armenia","Implementation of Internet Exchange Point (IXP)",2019,"","","Steps used to optimize costs of international connectivity",,,,
11902,"tpInterInternetConn_StepsOptimize","Steps used to optimize costs of international connectivity",,,17,"ARM","Armenia","Implementation of Internet Exchange Point (IXP)",2020,"","","Steps used to optimize costs of international connectivity",,,,
11902,"tpInterInternetConn_StepsOptimize","Steps used to optimize costs of international connectivity",,,17,"ARM","Armenia","Implementation of Internet Exchange Point (IXP)",2021,"","","Steps used to optimize costs of international connectivity",,,,
11902,"tpInterInternetConn_StepsOptimize","Steps used to optimize costs of international connectivity",,,17,"ARM","Armenia","Implementation of Internet Exchange Point (IXP)",2022,"","","Steps used to optimize costs of international connectivity",,,,
11902,"tpInterInternetConn_StepsOptimize","Steps used to optimize costs of international connectivity",,,17,"ARM","Armenia","Implementation of Internet Exchange Point (IXP)",2023,"","","Steps used to optimize costs of international connectivity",,,,
11902,"tpInterInternetConn_StepsOptimize","Steps used to optimize costs of international connectivity",,,17,"ARM","Armenia","Implementation of Internet Exchange Point (IXP)",2024,"","","Steps used to optimize costs of international connectivity",,,,
11902,"tpInterInternetConn_StepsOptimize","Steps used to optimize costs of international connectivity",,,18,"SAU","Saudi Arabia","Other,",2010,"","","Steps used to optimize costs of international connectivity",,,,
11902,"tpInterInternetConn_StepsOptimize","Steps used to optimize costs of international connectivity",,,18,"SAU","Saudi Arabia","Hosting of most frequently visited web sites (e.g. search engines, Data Centers, Content delivery network (CDN), Cache Servers, etc.)",2011,"","","Steps used to optimize costs of international connectivity",,,,
11902,"tpInterInternetConn_StepsOptimize","Steps used to optimize costs of international connectivity",,,18,"SAU","Saudi Arabia","Encourage the development of local content",2012,"","","Steps used to optimize costs of international connectivity",,,,
11902,"tpInterInternetConn_StepsOptimize","Steps used to optimize costs of international connectivity",,,18,"SAU","Saudi Arabia","Encourage the development of local content",2015,"","","Steps used to optimize costs of international connectivity",,,,
11902,"tpInterInternetConn_StepsOptimize","Steps used to optimize costs of international connectivity",,,18,"SAU","Saudi Arabia","Encourage the development of local content",2016,"","","Steps used to optimize costs of international connectivity",,,,
11902,"tpInterInternetConn_StepsOptimize","Steps used to optimize costs of international connectivity",,,18,"SAU","Saudi Arabia","Other,",2017,"","","Steps used to optimize costs of international connectivity",,,,
11902,"tpInterInternetConn_StepsOptimize","Steps used to optimize costs of international connectivity",,,18,"SAU","Saudi Arabia","Other,",2018,"","","Steps used to optimize costs of international connectivity",,,,
11902,"tpInterInternetConn_StepsOptimize","Steps used to optimize costs of international connectivity",,,18,"SAU","Saudi Arabia","Other,",2019,"","","Steps used to optimize costs of international connectivity",,,,
11902,"tpInterInternetConn_StepsOptimize","Steps used to optimize costs of international connectivity",,,18,"SAU","Saudi Arabia","Other,",2020,"","","Steps used to optimize costs of international connectivity",,,,
11902,"tpInterInternetConn_StepsOptimize","Steps used to optimize costs of international connectivity",,,18,"SAU","Saudi Arabia","Other,",2021,"","","Steps used to optimize costs of international connectivity",,,,
11902,"tpInterInternetConn_StepsOptimize","Steps used to optimize costs of international connectivity",,,18,"SAU","Saudi Arabia","Other,",2022,"All three options","","Steps used to optimize costs of international connectivity",,,,
11902,"tpInterInternetConn_StepsOptimize","Steps used to optimize costs of international connectivity",,,18,"SAU","Saudi Arabia","Other,",2023,"All three options","","Steps used to optimize costs of international connectivity",,,,
11902,"tpInterInternetConn_StepsOptimize","Steps used to optimize costs of international connectivity",,,20,"ATG","Antigua and Barbuda","Encourage the development of local content",2012,"","","Steps used to optimize costs of international connectivity",,,,
11902,"tpInterInternetConn_StepsOptimize","Steps used to optimize costs of international connectivity",,,20,"ATG","Antigua and Barbuda","Encourage the development of local content",2013,"","","Steps used to optimize costs of international connectivity",,,,
11902,"tpInterInternetConn_StepsOptimize","Steps used to optimize costs of international connectivity",,,23,"AUS","Australia","Other,",2011,"","","Steps used to optimize costs of international connectivity",,,,
11902,"tpInterInternetConn_StepsOptimize","Steps used to optimize costs of international connectivity",,,23,"AUS","Australia","Other,",2012,"open market","","Steps used to optimize costs of international connectivity",,,,
11902,"tpInterInternetConn_StepsOptimize","Steps used to optimize costs of international connectivity",,,23,"AUS","Australia","Encourage the development of local content",2014,"","","Steps used to optimize costs of international connectivity",,,,
11902,"tpInterInternetConn_StepsOptimize","Steps used to optimize costs of international connectivity",,,23,"AUS","Australia","Other,",2015,"","","Steps used to optimize costs of international connectivity",,,,
11902,"tpInterInternetConn_StepsOptimize","Steps used to optimize costs of international connectivity",,,23,"AUS","Australia","Other,",2016,"","","Steps used to optimize costs of international connectivity",,,,
11902,"tpInterInternetConn_StepsOptimize","Steps used to optimize costs of international connectivity",,,23,"AUS","Australia","Other,",2017,"","","Steps used to optimize costs of international connectivity",,,,
11902,"tpInterInternetConn_StepsOptimize","Steps used to optimize costs of international connectivity",,,23,"AUS","Australia","Other,",2018,"","","Steps used to optimize costs of international connectivity",,,,
11902,"tpInterInternetConn_StepsOptimize","Steps used to optimize costs of international connectivity",,,23,"AUS","Australia","Other,",2019,"","","Steps used to optimize costs of international connectivity",,,,
11902,"tpInterInternetConn_StepsOptimize","Steps used to optimize costs of international connectivity",,,23,"AUS","Australia","Other,",2020,"","","Steps used to optimize costs of international connectivity",,,,
11902,"tpInterInternetConn_StepsOptimize","Steps used to optimize costs of international connectivity",,,23,"AUS","Australia","Other,",2021,"","","Steps used to optimize costs of international connectivity",,,,
11902,"tpInterInternetConn_StepsOptimize","Steps used to optimize costs of international connectivity",,,23,"AUS","Australia","Other,",2022,"","","Steps used to optimize costs of international connectivity",,,,
11902,"tpInterInternetConn_StepsOptimize","Steps used to optimize costs of international connectivity",,,23,"AUS","Australia","Other,",2023,"Competition","","Steps used to optimize costs of international connectivity",,,,
11902,"tpInterInternetConn_StepsOptimize","Steps used to optimize costs of international connectivity",,,23,"AUS","Australia","Other,",2024,"Competition","","Steps used to optimize costs of international connectivity",,,,
11902,"tpInterInternetConn_StepsOptimize","Steps used to optimize costs of international connectivity",,,24,"AUT","Austria","Other,",2010,"As indicated above, international Internet Connectivity Services are offered on a commercial basis in Austria. Operators individually take the necessary steps to optimize costs, e.g. hosting popular websites in Austria or using IXPs like the Vienna Internet Exchange (VIX) or establisihing PoPs at IXPs in other countries (e.g. DECIX, AMSIX, LINX).","","Steps used to optimize costs of international connectivity",,,,
11902,"tpInterInternetConn_StepsOptimize","Steps used to optimize costs of international connectivity",,,24,"AUT","Austria","Other,",2011,"As stated above International Internet Connectivity is provided under competitive conditions in Austria. Therefore no specific regulations concerning pricing and commercial arrangements apply.","","Steps used to optimize costs of international connectivity",,,,
11902,"tpInterInternetConn_StepsOptimize","Steps used to optimize costs of international connectivity",,,24,"AUT","Austria","Implementation of Internet Exchange Point (IXP)",2012,"","","Steps used to optimize costs of international connectivity",,,,
11902,"tpInterInternetConn_StepsOptimize","Steps used to optimize costs of international connectivity",,,24,"AUT","Austria","Other,",2013,"International Internet Connectivity is a competitive market in Austria therefore no regulatory intervention is needed.","","Steps used to optimize costs of international connectivity",,,,
11902,"tpInterInternetConn_StepsOptimize","Steps used to optimize costs of international connectivity",,,24,"AUT","Austria","Other,",2014,"","","Steps used to optimize costs of international connectivity",,,,
11902,"tpInterInternetConn_StepsOptimize","Steps used to optimize costs of international connectivity",,,24,"AUT","Austria","Other,",2015,"","","Steps used to optimize costs of international connectivity",,,,
11902,"tpInterInternetConn_StepsOptimize","Steps used to optimize costs of international connectivity",,,24,"AUT","Austria","Other,",2016,"","","Steps used to optimize costs of international connectivity",,,,
11902,"tpInterInternetConn_StepsOptimize","Steps used to optimize costs of international connectivity",,,24,"AUT","Austria","Other,",2017,"","","Steps used to optimize costs of international connectivity",,,,
11902,"tpInterInternetConn_StepsOptimize","Steps used to optimize costs of international connectivity",,,24,"AUT","Austria","Other,",2018,"","","Steps used to optimize costs of international connectivity",,,,
11902,"tpInterInternetConn_StepsOptimize","Steps used to optimize costs of international connectivity",,,24,"AUT","Austria","Other,",2019,"","","Steps used to optimize costs of international connectivity",,,,
11902,"tpInterInternetConn_StepsOptimize","Steps used to optimize costs of international connectivity",,,24,"AUT","Austria","Other,",2020,"","","Steps used to optimize costs of international connectivity",,,,
11902,"tpInterInternetConn_StepsOptimize","Steps used to optimize costs of international connectivity",,,25,"AZE","Azerbaijan","Hosting of most frequently visited web sites (e.g. search engines, Data Centers, Content delivery network (CDN), Cache Servers, etc.)",2010,"","","Steps used to optimize costs of international connectivity",,,,
11902,"tpInterInternetConn_StepsOptimize","Steps used to optimize costs of international connectivity",,,25,"AZE","Azerbaijan","Hosting of most frequently visited web sites (e.g. search engines, Data Centers, Content delivery network (CDN), Cache Servers, etc.)",2011,"","","Steps used to optimize costs of international connectivity",,,,
11902,"tpInterInternetConn_StepsOptimize","Steps used to optimize costs of international connectivity",,,25,"AZE","Azerbaijan","Encourage the development of local content",2012,"","","Steps used to optimize costs of international connectivity",,,,
11902,"tpInterInternetConn_StepsOptimize","Steps used to optimize costs of international connectivity",,,25,"AZE","Azerbaijan","Encourage the development of local content",2013,"","","Steps used to optimize costs of international connectivity",,,,
11902,"tpInterInternetConn_StepsOptimize","Steps used to optimize costs of international connectivity",,,25,"AZE","Azerbaijan","Encourage the development of local content",2014,"","","Steps used to optimize costs of international connectivity",,,,
11902,"tpInterInternetConn_StepsOptimize","Steps used to optimize costs of international connectivity",,,25,"AZE","Azerbaijan","Encourage the development of local content",2015,"","","Steps used to optimize costs of international connectivity",,,,
11902,"tpInterInternetConn_StepsOptimize","Steps used to optimize costs of international connectivity",,,25,"AZE","Azerbaijan","Hosting of most frequently visited web sites (e.g. search engines, Data Centers, Content delivery network (CDN), Cache Servers, etc.)",2016,"","","Steps used to optimize costs of international connectivity",,,,
11902,"tpInterInternetConn_StepsOptimize","Steps used to optimize costs of international connectivity",,,25,"AZE","Azerbaijan","Hosting of most frequently visited web sites (e.g. search engines, Data Centers, Content delivery network (CDN), Cache Servers, etc.)",2017,"","","Steps used to optimize costs of international connectivity",,,,
11902,"tpInterInternetConn_StepsOptimize","Steps used to optimize costs of international connectivity",,,25,"AZE","Azerbaijan","Hosting of most frequently visited web sites (e.g. search engines, Data Centers, Content delivery network (CDN), Cache Servers, etc.)",2018,"","","Steps used to optimize costs of international connectivity",,,,
11902,"tpInterInternetConn_StepsOptimize","Steps used to optimize costs of international connectivity",,,25,"AZE","Azerbaijan","Hosting of most frequently visited web sites (e.g. search engines, Data Centers, Content delivery network (CDN), Cache Servers, etc.)",2019,"","","Steps used to optimize costs of international connectivity",,,,
11902,"tpInterInternetConn_StepsOptimize","Steps used to optimize costs of international connectivity",,,25,"AZE","Azerbaijan","Hosting of most frequently visited web sites (e.g. search engines, Data Centers, Content delivery network (CDN), Cache Servers, etc.)",2020,"","","Steps used to optimize costs of international connectivity",,,,
11902,"tpInterInternetConn_StepsOptimize","Steps used to optimize costs of international connectivity",,,25,"AZE","Azerbaijan","Hosting of most frequently visited web sites (e.g. search engines, Data Centers, Content delivery network (CDN), Cache Servers, etc.)",2022,"","","Steps used to optimize costs of international connectivity",,,,
11902,"tpInterInternetConn_StepsOptimize","Steps used to optimize costs of international connectivity",,,25,"AZE","Azerbaijan","Hosting of most frequently visited web sites (e.g. search engines, Data Centers, Content delivery network (CDN), Cache Servers, etc.)",2023,"","","Steps used to optimize costs of international connectivity",,,,
11902,"tpInterInternetConn_StepsOptimize","Steps used to optimize costs of international connectivity",,,25,"AZE","Azerbaijan","Hosting of most frequently visited web sites (e.g. search engines, Data Centers, Content delivery network (CDN), Cache Servers, etc.)",2024,"","","Steps used to optimize costs of international connectivity",,,,
11902,"tpInterInternetConn_StepsOptimize","Steps used to optimize costs of international connectivity",,,27,"BRA","Brazil","Hosting of most frequently visited web sites (e.g. search engines, Data Centers, Content delivery network (CDN), Cache Servers, etc.)",2010,"We also did the Implementation of Internet Exchange Point (IXP).","","Steps used to optimize costs of international connectivity",,,,
11902,"tpInterInternetConn_StepsOptimize","Steps used to optimize costs of international connectivity",,,27,"BRA","Brazil","Hosting of most frequently visited web sites (e.g. search engines, Data Centers, Content delivery network (CDN), Cache Servers, etc.)",2011,"","","Steps used to optimize costs of international connectivity",,,,
11902,"tpInterInternetConn_StepsOptimize","Steps used to optimize costs of international connectivity",,,27,"BRA","Brazil","Other,",2018,"","","Steps used to optimize costs of international connectivity",,,,
11902,"tpInterInternetConn_StepsOptimize","Steps used to optimize costs of international connectivity",,,27,"BRA","Brazil","Other,",2019,"","","Steps used to optimize costs of international connectivity",,,,
11902,"tpInterInternetConn_StepsOptimize","Steps used to optimize costs of international connectivity",,,27,"BRA","Brazil","Other,",2020,"","","Steps used to optimize costs of international connectivity",,,,
11902,"tpInterInternetConn_StepsOptimize","Steps used to optimize costs of international connectivity",,,27,"BRA","Brazil","Other,",2021,"","","Steps used to optimize costs of international connectivity",,,,
11902,"tpInterInternetConn_StepsOptimize","Steps used to optimize costs of international connectivity",,,27,"BRA","Brazil","Other,",2022,"","","Steps used to optimize costs of international connectivity",,,,
11902,"tpInterInternetConn_StepsOptimize","Steps used to optimize costs of international connectivity",,,28,"BHS","Bahamas","Other,",2019,"","","Steps used to optimize costs of international connectivity",,,,
11902,"tpInterInternetConn_StepsOptimize","Steps used to optimize costs of international connectivity",,,29,"BDI","Burundi","Implementation of Internet Exchange Point (IXP)",2011,"","","Steps used to optimize costs of international connectivity",,,,
11902,"tpInterInternetConn_StepsOptimize","Steps used to optimize costs of international connectivity",,,29,"BDI","Burundi","Encourage the development of local content",2012,"","","Steps used to optimize costs of international connectivity",,,,
11902,"tpInterInternetConn_StepsOptimize","Steps used to optimize costs of international connectivity",,,29,"BDI","Burundi","Implementation of Internet Exchange Point (IXP)",2013,"","","Steps used to optimize costs of international connectivity",,,,
11902,"tpInterInternetConn_StepsOptimize","Steps used to optimize costs of international connectivity",,,29,"BDI","Burundi","Implementation of Internet Exchange Point (IXP)",2014,"","","Steps used to optimize costs of international connectivity",,,,
11902,"tpInterInternetConn_StepsOptimize","Steps used to optimize costs of international connectivity",,,29,"BDI","Burundi","Implementation of Internet Exchange Point (IXP)",2015,"","","Steps used to optimize costs of international connectivity",,,,
11902,"tpInterInternetConn_StepsOptimize","Steps used to optimize costs of international connectivity",,,29,"BDI","Burundi","Encourage the development of local content",2018,"","","Steps used to optimize costs of international connectivity",,,,
11902,"tpInterInternetConn_StepsOptimize","Steps used to optimize costs of international connectivity",,,29,"BDI","Burundi","Encourage the development of local content",2019,"","","Steps used to optimize costs of international connectivity",,,,
11902,"tpInterInternetConn_StepsOptimize","Steps used to optimize costs of international connectivity",,,29,"BDI","Burundi","Encourage the development of local content",2020,"","","Steps used to optimize costs of international connectivity",,,,
11902,"tpInterInternetConn_StepsOptimize","Steps used to optimize costs of international connectivity",,,29,"BDI","Burundi","Implementation of Internet Exchange Point (IXP)",2021,"","","Steps used to optimize costs of international connectivity",,,,
11902,"tpInterInternetConn_StepsOptimize","Steps used to optimize costs of international connectivity",,,29,"BDI","Burundi","Implementation of Internet Exchange Point (IXP)",2022,"","","Steps used to optimize costs of international connectivity",,,,
11902,"tpInterInternetConn_StepsOptimize","Steps used to optimize costs of international connectivity",,,29,"BDI","Burundi","Implementation of Internet Exchange Point (IXP)",2023,"","","Steps used to optimize costs of international connectivity",,,,
11902,"tpInterInternetConn_StepsOptimize","Steps used to optimize costs of international connectivity",,,29,"BDI","Burundi",,2024,"","","Steps used to optimize costs of international connectivity","Implementation of Internet Exchange Point (IXP)","Hosting of most frequently visited web sites (e.g. search engines, Data Centers, Content delivery network (CDN), Cache Servers, etc.)","Encourage the development of local content",
11902,"tpInterInternetConn_StepsOptimize","Steps used to optimize costs of international connectivity",,,31,"BEN","Benin","Implementation of Internet Exchange Point (IXP)",2011,"","","Steps used to optimize costs of international connectivity",,,,
11902,"tpInterInternetConn_StepsOptimize","Steps used to optimize costs of international connectivity",,,31,"BEN","Benin","Hosting of most frequently visited web sites (e.g. search engines, Data Centers, Content delivery network (CDN), Cache Servers, etc.)",2013,"","","Steps used to optimize costs of international connectivity",,,,
11902,"tpInterInternetConn_StepsOptimize","Steps used to optimize costs of international connectivity",,,31,"BEN","Benin","Implementation of Internet Exchange Point (IXP)",2014,"","","Steps used to optimize costs of international connectivity",,,,
11902,"tpInterInternetConn_StepsOptimize","Steps used to optimize costs of international connectivity",,,31,"BEN","Benin","Implementation of Internet Exchange Point (IXP)",2015,"","","Steps used to optimize costs of international connectivity",,,,
11902,"tpInterInternetConn_StepsOptimize","Steps used to optimize costs of international connectivity",,,31,"BEN","Benin","Implementation of Internet Exchange Point (IXP)",2016,"","","Steps used to optimize costs of international connectivity",,,,
11902,"tpInterInternetConn_StepsOptimize","Steps used to optimize costs of international connectivity",,,31,"BEN","Benin","Implementation of Internet Exchange Point (IXP)",2017,"","","Steps used to optimize costs of international connectivity",,,,
11902,"tpInterInternetConn_StepsOptimize","Steps used to optimize costs of international connectivity",,,31,"BEN","Benin","Implementation of Internet Exchange Point (IXP)",2019,"","","Steps used to optimize costs of international connectivity",,,,
11902,"tpInterInternetConn_StepsOptimize","Steps used to optimize costs of international connectivity",,,31,"BEN","Benin","Implementation of Internet Exchange Point (IXP)",2020,"","","Steps used to optimize costs of international connectivity",,,,
11902,"tpInterInternetConn_StepsOptimize","Steps used to optimize costs of international connectivity",,,31,"BEN","Benin","Other,",2021,"","","Steps used to optimize costs of international connectivity",,,,
11902,"tpInterInternetConn_StepsOptimize","Steps used to optimize costs of international connectivity",,,31,"BEN","Benin","Other,",2022,"","","Steps used to optimize costs of international connectivity",,,,
11902,"tpInterInternetConn_StepsOptimize","Steps used to optimize costs of international connectivity",,,31,"BEN","Benin","Other,",2023,"Les trois réponses sont valables. (Pour optimiser le coût des connexions Internet internationales, le Bénin a mis en place un Point d'échange Internet (IXP) regroupant les opérateurs et installé un Datacenter national. Le Bénin encourage également le développement des contenu locaux et l'hébergement des sites web les plus fréquement visités.)","","Steps used to optimize costs of international connectivity",,,,
11902,"tpInterInternetConn_StepsOptimize","Steps used to optimize costs of international connectivity",,,31,"BEN","Benin","Other,",2024,"Les trois réponses sont valables. (Pour optimiser le coût des connexions Internet internationales, le Bénin a mis en place un Point d'échange Internet (IXP) regroupant les opérateurs et installé un Datacenter national. Le Bénin encourage également le développement des contenu locaux et l'hébergement des sites web les plus fréquement visités.)","","Steps used to optimize costs of international connectivity",,,,
11902,"tpInterInternetConn_StepsOptimize","Steps used to optimize costs of international connectivity",,,33,"BFA","Burkina Faso","Other,",2011,"","","Steps used to optimize costs of international connectivity",,,,
11902,"tpInterInternetConn_StepsOptimize","Steps used to optimize costs of international connectivity",,,33,"BFA","Burkina Faso","Other,",2012,"","","Steps used to optimize costs of international connectivity",,,,
11902,"tpInterInternetConn_StepsOptimize","Steps used to optimize costs of international connectivity",,,33,"BFA","Burkina Faso","Implementation of Internet Exchange Point (IXP)",2013,"","","Steps used to optimize costs of international connectivity",,,,
11902,"tpInterInternetConn_StepsOptimize","Steps used to optimize costs of international connectivity",,,33,"BFA","Burkina Faso","Encourage the development of local content",2014,"","","Steps used to optimize costs of international connectivity",,,,
11902,"tpInterInternetConn_StepsOptimize","Steps used to optimize costs of international connectivity",,,33,"BFA","Burkina Faso","Encourage the development of local content",2015,"","","Steps used to optimize costs of international connectivity",,,,
11902,"tpInterInternetConn_StepsOptimize","Steps used to optimize costs of international connectivity",,,33,"BFA","Burkina Faso","Encourage the development of local content",2016,"","","Steps used to optimize costs of international connectivity",,,,
11902,"tpInterInternetConn_StepsOptimize","Steps used to optimize costs of international connectivity",,,33,"BFA","Burkina Faso","Implementation of Internet Exchange Point (IXP)",2018,"","","Steps used to optimize costs of international connectivity",,,,
11902,"tpInterInternetConn_StepsOptimize","Steps used to optimize costs of international connectivity",,,33,"BFA","Burkina Faso","Implementation of Internet Exchange Point (IXP)",2019,"","","Steps used to optimize costs of international connectivity",,,,
11902,"tpInterInternetConn_StepsOptimize","Steps used to optimize costs of international connectivity",,,33,"BFA","Burkina Faso","Implementation of Internet Exchange Point (IXP)",2020,"","","Steps used to optimize costs of international connectivity",,,,
11902,"tpInterInternetConn_StepsOptimize","Steps used to optimize costs of international connectivity",,,33,"BFA","Burkina Faso","Implementation of Internet Exchange Point (IXP)",2021,"","","Steps used to optimize costs of international connectivity",,,,
11902,"tpInterInternetConn_StepsOptimize","Steps used to optimize costs of international connectivity",,,33,"BFA","Burkina Faso","Implementation of Internet Exchange Point (IXP)",2022,"","","Steps used to optimize costs of international connectivity",,,,
11902,"tpInterInternetConn_StepsOptimize","Steps used to optimize costs of international connectivity",,,33,"BFA","Burkina Faso","Implementation of Internet Exchange Point (IXP)",2023,"","","Steps used to optimize costs of international connectivity",,,,
11902,"tpInterInternetConn_StepsOptimize","Steps used to optimize costs of international connectivity",,,34,"BGD","Bangladesh","Implementation of Internet Exchange Point (IXP)",2012,"","","Steps used to optimize costs of international connectivity",,,,
11902,"tpInterInternetConn_StepsOptimize","Steps used to optimize costs of international connectivity",,,34,"BGD","Bangladesh","Other,",2013,"","","Steps used to optimize costs of international connectivity",,,,
11902,"tpInterInternetConn_StepsOptimize","Steps used to optimize costs of international connectivity",,,34,"BGD","Bangladesh","Implementation of Internet Exchange Point (IXP)",2014,"","","Steps used to optimize costs of international connectivity",,,,
11902,"tpInterInternetConn_StepsOptimize","Steps used to optimize costs of international connectivity",,,34,"BGD","Bangladesh","Implementation of Internet Exchange Point (IXP)",2022,"","","Steps used to optimize costs of international connectivity",,,,
11902,"tpInterInternetConn_StepsOptimize","Steps used to optimize costs of international connectivity",,,35,"BHR","Bahrain","Other,",2011,"","","Steps used to optimize costs of international connectivity",,,,
11902,"tpInterInternetConn_StepsOptimize","Steps used to optimize costs of international connectivity",,,35,"BHR","Bahrain","Other,",2021,"","","Steps used to optimize costs of international connectivity",,,,
11902,"tpInterInternetConn_StepsOptimize","Steps used to optimize costs of international connectivity",,,35,"BHR","Bahrain","Other,",2022,"","","Steps used to optimize costs of international connectivity",,,,
11902,"tpInterInternetConn_StepsOptimize","Steps used to optimize costs of international connectivity",,,35,"BHR","Bahrain","Other,",2023,"Obligations to grant access to international cable landing station and issuance of additional licenses","","Steps used to optimize costs of international connectivity",,,,
11902,"tpInterInternetConn_StepsOptimize","Steps used to optimize costs of international connectivity",,,35,"BHR","Bahrain","Other,",2024,"Obligations to grant access to international cable landing station and issuance of additional licenses","","Steps used to optimize costs of international connectivity",,,,
11902,"tpInterInternetConn_StepsOptimize","Steps used to optimize costs of international connectivity",,,37,"BLR","Belarus","Implementation of Internet Exchange Point (IXP)",2012,"","","Steps used to optimize costs of international connectivity",,,,
11902,"tpInterInternetConn_StepsOptimize","Steps used to optimize costs of international connectivity",,,37,"BLR","Belarus","Hosting of most frequently visited web sites (e.g. search engines, Data Centers, Content delivery network (CDN), Cache Servers, etc.)",2013,"","","Steps used to optimize costs of international connectivity",,,,
11902,"tpInterInternetConn_StepsOptimize","Steps used to optimize costs of international connectivity",,,37,"BLR","Belarus","Hosting of most frequently visited web sites (e.g. search engines, Data Centers, Content delivery network (CDN), Cache Servers, etc.)",2014,"","","Steps used to optimize costs of international connectivity",,,,
11902,"tpInterInternetConn_StepsOptimize","Steps used to optimize costs of international connectivity",,,37,"BLR","Belarus","Implementation of Internet Exchange Point (IXP)",2016,"","","Steps used to optimize costs of international connectivity",,,,
11902,"tpInterInternetConn_StepsOptimize","Steps used to optimize costs of international connectivity",,,37,"BLR","Belarus","Implementation of Internet Exchange Point (IXP)",2017,"","","Steps used to optimize costs of international connectivity",,,,
11902,"tpInterInternetConn_StepsOptimize","Steps used to optimize costs of international connectivity",,,37,"BLR","Belarus","Implementation of Internet Exchange Point (IXP)",2018,"","","Steps used to optimize costs of international connectivity",,,,
11902,"tpInterInternetConn_StepsOptimize","Steps used to optimize costs of international connectivity",,,37,"BLR","Belarus","Hosting of most frequently visited web sites (e.g. search engines, Data Centers, Content delivery network (CDN), Cache Servers, etc.)",2020,"","","Steps used to optimize costs of international connectivity",,,,
11902,"tpInterInternetConn_StepsOptimize","Steps used to optimize costs of international connectivity",,,37,"BLR","Belarus","Hosting of most frequently visited web sites (e.g. search engines, Data Centers, Content delivery network (CDN), Cache Servers, etc.)",2021,"","","Steps used to optimize costs of international connectivity",,,,
11902,"tpInterInternetConn_StepsOptimize","Steps used to optimize costs of international connectivity",,,37,"BLR","Belarus","Hosting of most frequently visited web sites (e.g. search engines, Data Centers, Content delivery network (CDN), Cache Servers, etc.)",2023,"","","Steps used to optimize costs of international connectivity",,,,
11902,"tpInterInternetConn_StepsOptimize","Steps used to optimize costs of international connectivity",,,38,"BLZ","Belize","Implementation of Internet Exchange Point (IXP)",2014,"","","Steps used to optimize costs of international connectivity",,,,
11902,"tpInterInternetConn_StepsOptimize","Steps used to optimize costs of international connectivity",,,38,"BLZ","Belize","Implementation of Internet Exchange Point (IXP)",2015,"","","Steps used to optimize costs of international connectivity",,,,
11902,"tpInterInternetConn_StepsOptimize","Steps used to optimize costs of international connectivity",,,38,"BLZ","Belize","Implementation of Internet Exchange Point (IXP)",2018,"","","Steps used to optimize costs of international connectivity",,,,
11902,"tpInterInternetConn_StepsOptimize","Steps used to optimize costs of international connectivity",,,38,"BLZ","Belize","Hosting of most frequently visited web sites (e.g. search engines, Data Centers, Content delivery network (CDN), Cache Servers, etc.)",2023,"","","Steps used to optimize costs of international connectivity",,,,
11902,"tpInterInternetConn_StepsOptimize","Steps used to optimize costs of international connectivity",,,39,"BOL","Bolivia (Plurinational State of)","Implementation of Internet Exchange Point (IXP)",2010,"","","Steps used to optimize costs of international connectivity",,,,
11902,"tpInterInternetConn_StepsOptimize","Steps used to optimize costs of international connectivity",,,39,"BOL","Bolivia (Plurinational State of)","Implementation of Internet Exchange Point (IXP)",2013,"","","Steps used to optimize costs of international connectivity",,,,
11902,"tpInterInternetConn_StepsOptimize","Steps used to optimize costs of international connectivity",,,39,"BOL","Bolivia (Plurinational State of)","Implementation of Internet Exchange Point (IXP)",2015,"","","Steps used to optimize costs of international connectivity",,,,
11902,"tpInterInternetConn_StepsOptimize","Steps used to optimize costs of international connectivity",,,39,"BOL","Bolivia (Plurinational State of)","Implementation of Internet Exchange Point (IXP)",2016,"Se prevé que los ISPs que conforman el IXP Bolivia negocien con otros CDNs. Los ISPS individualmente ya cuentan con CDNs como AKAMAI, Google entre otros","","Steps used to optimize costs of international connectivity",,,,
11902,"tpInterInternetConn_StepsOptimize","Steps used to optimize costs of international connectivity",,,39,"BOL","Bolivia (Plurinational State of)","Implementation of Internet Exchange Point (IXP)",2017,"","","Steps used to optimize costs of international connectivity",,,,
11902,"tpInterInternetConn_StepsOptimize","Steps used to optimize costs of international connectivity",,,39,"BOL","Bolivia (Plurinational State of)","Implementation of Internet Exchange Point (IXP)",2018,"","","Steps used to optimize costs of international connectivity",,,,
11902,"tpInterInternetConn_StepsOptimize","Steps used to optimize costs of international connectivity",,,39,"BOL","Bolivia (Plurinational State of)","Hosting of most frequently visited web sites (e.g. search engines, Data Centers, Content delivery network (CDN), Cache Servers, etc.)",2021,"","","Steps used to optimize costs of international connectivity",,,,
11902,"tpInterInternetConn_StepsOptimize","Steps used to optimize costs of international connectivity",,,39,"BOL","Bolivia (Plurinational State of)","Hosting of most frequently visited web sites (e.g. search engines, Data Centers, Content delivery network (CDN), Cache Servers, etc.)",2022,"Operadores poseen CDN más visitados en sus redes.","","Steps used to optimize costs of international connectivity",,,,
11902,"tpInterInternetConn_StepsOptimize","Steps used to optimize costs of international connectivity",,,39,"BOL","Bolivia (Plurinational State of)",,2023,"Operadores poseen CDN más visitados en sus redes.","","Steps used to optimize costs of international connectivity","Other,","Hosting of most frequently visited web sites (e.g. search engines, Data Centers, Content delivery network (CDN), Cache Servers, etc.)",,
11902,"tpInterInternetConn_StepsOptimize","Steps used to optimize costs of international connectivity",,,39,"BOL","Bolivia (Plurinational State of)",,2024,"","","Steps used to optimize costs of international connectivity","Other,","Hosting of most frequently visited web sites (e.g. search engines, Data Centers, Content delivery network (CDN), Cache Servers, etc.)",,
11902,"tpInterInternetConn_StepsOptimize","Steps used to optimize costs of international connectivity",,,40,"BWA","Botswana","Other,",2010,"","","Steps used to optimize costs of international connectivity",,,,
11902,"tpInterInternetConn_StepsOptimize","Steps used to optimize costs of international connectivity",,,40,"BWA","Botswana","Implementation of Internet Exchange Point (IXP)",2011,"","","Steps used to optimize costs of international connectivity",,,,
11902,"tpInterInternetConn_StepsOptimize","Steps used to optimize costs of international connectivity",,,40,"BWA","Botswana","Encourage the development of local content",2012,"","","Steps used to optimize costs of international connectivity",,,,
11902,"tpInterInternetConn_StepsOptimize","Steps used to optimize costs of international connectivity",,,40,"BWA","Botswana","Encourage the development of local content",2013,"","","Steps used to optimize costs of international connectivity",,,,
11902,"tpInterInternetConn_StepsOptimize","Steps used to optimize costs of international connectivity",,,40,"BWA","Botswana","Implementation of Internet Exchange Point (IXP)",2014,"","","Steps used to optimize costs of international connectivity",,,,
11902,"tpInterInternetConn_StepsOptimize","Steps used to optimize costs of international connectivity",,,40,"BWA","Botswana","Implementation of Internet Exchange Point (IXP)",2015,"","","Steps used to optimize costs of international connectivity",,,,
11902,"tpInterInternetConn_StepsOptimize","Steps used to optimize costs of international connectivity",,,40,"BWA","Botswana","Implementation of Internet Exchange Point (IXP)",2016,"","","Steps used to optimize costs of international connectivity",,,,
11902,"tpInterInternetConn_StepsOptimize","Steps used to optimize costs of international connectivity",,,40,"BWA","Botswana","Implementation of Internet Exchange Point (IXP)",2017,"","","Steps used to optimize costs of international connectivity",,,,
11902,"tpInterInternetConn_StepsOptimize","Steps used to optimize costs of international connectivity",,,40,"BWA","Botswana","Implementation of Internet Exchange Point (IXP)",2019,"","","Steps used to optimize costs of international connectivity",,,,
11902,"tpInterInternetConn_StepsOptimize","Steps used to optimize costs of international connectivity",,,40,"BWA","Botswana","Implementation of Internet Exchange Point (IXP)",2020,"","","Steps used to optimize costs of international connectivity",,,,
11902,"tpInterInternetConn_StepsOptimize","Steps used to optimize costs of international connectivity",,,40,"BWA","Botswana","Implementation of Internet Exchange Point (IXP)",2021,"","","Steps used to optimize costs of international connectivity",,,,
11902,"tpInterInternetConn_StepsOptimize","Steps used to optimize costs of international connectivity",,,40,"BWA","Botswana","Implementation of Internet Exchange Point (IXP)",2022,"","","Steps used to optimize costs of international connectivity",,,,
11902,"tpInterInternetConn_StepsOptimize","Steps used to optimize costs of international connectivity",,,40,"BWA","Botswana","Implementation of Internet Exchange Point (IXP)",2023,"","","Steps used to optimize costs of international connectivity",,,,
11902,"tpInterInternetConn_StepsOptimize","Steps used to optimize costs of international connectivity",,,40,"BWA","Botswana","Implementation of Internet Exchange Point (IXP)",2024,"","","Steps used to optimize costs of international connectivity",,,,
11902,"tpInterInternetConn_StepsOptimize","Steps used to optimize costs of international connectivity",,,41,"BRB","Barbados","Implementation of Internet Exchange Point (IXP)",2022,"","","Steps used to optimize costs of international connectivity",,,,
11902,"tpInterInternetConn_StepsOptimize","Steps used to optimize costs of international connectivity",,,41,"BRB","Barbados","Implementation of Internet Exchange Point (IXP)",2023,"","","Steps used to optimize costs of international connectivity",,,,
11902,"tpInterInternetConn_StepsOptimize","Steps used to optimize costs of international connectivity",,,42,"MMR","Myanmar","Implementation of Internet Exchange Point (IXP)",2012,"","","Steps used to optimize costs of international connectivity",,,,
11902,"tpInterInternetConn_StepsOptimize","Steps used to optimize costs of international connectivity",,,42,"MMR","Myanmar","Implementation of Internet Exchange Point (IXP)",2013,"","","Steps used to optimize costs of international connectivity",,,,
11902,"tpInterInternetConn_StepsOptimize","Steps used to optimize costs of international connectivity",,,42,"MMR","Myanmar","Other,",2018,"","","Steps used to optimize costs of international connectivity",,,,
11902,"tpInterInternetConn_StepsOptimize","Steps used to optimize costs of international connectivity",,,42,"MMR","Myanmar","Other,",2019,"","","Steps used to optimize costs of international connectivity",,,,
11902,"tpInterInternetConn_StepsOptimize","Steps used to optimize costs of international connectivity",,,42,"MMR","Myanmar","Other,",2020,"","","Steps used to optimize costs of international connectivity",,,,
11902,"tpInterInternetConn_StepsOptimize","Steps used to optimize costs of international connectivity",,,42,"MMR","Myanmar","Other,",2021,"","","Steps used to optimize costs of international connectivity",,,,
11902,"tpInterInternetConn_StepsOptimize","Steps used to optimize costs of international connectivity",,,42,"MMR","Myanmar","Other,",2022,"Both Implementation of Internet Exchange Point (IXP) and Hosting of most frequently visited web sites","","Steps used to optimize costs of international connectivity",,,,
11902,"tpInterInternetConn_StepsOptimize","Steps used to optimize costs of international connectivity",,,42,"MMR","Myanmar","Other,",2023,"Both Implementation of Internet Exchange Point (IXP) and Hosting of most frequently visited websites","","Steps used to optimize costs of international connectivity",,,,
11902,"tpInterInternetConn_StepsOptimize","Steps used to optimize costs of international connectivity",,,42,"MMR","Myanmar","Other,",2024,"Use of Internet Exchange Point (IXP), caching and mirroring of contents.","","Steps used to optimize costs of international connectivity",,,,
11902,"tpInterInternetConn_StepsOptimize","Steps used to optimize costs of international connectivity",,,43,"BRN","Brunei Darussalam","Hosting of most frequently visited web sites (e.g. search engines, Data Centers, Content delivery network (CDN), Cache Servers, etc.)",2013,"Both hosting of most frequently visited websites and encourage the development of local content.","","Steps used to optimize costs of international connectivity",,,,
11902,"tpInterInternetConn_StepsOptimize","Steps used to optimize costs of international connectivity",,,43,"BRN","Brunei Darussalam","Other,",2014,"","","Steps used to optimize costs of international connectivity",,,,
11902,"tpInterInternetConn_StepsOptimize","Steps used to optimize costs of international connectivity",,,43,"BRN","Brunei Darussalam","Encourage the development of local content",2015,"","","Steps used to optimize costs of international connectivity",,,,
11902,"tpInterInternetConn_StepsOptimize","Steps used to optimize costs of international connectivity",,,43,"BRN","Brunei Darussalam","Hosting of most frequently visited web sites (e.g. search engines, Data Centers, Content delivery network (CDN), Cache Servers, etc.)",2016,"","","Steps used to optimize costs of international connectivity",,,,
11902,"tpInterInternetConn_StepsOptimize","Steps used to optimize costs of international connectivity",,,43,"BRN","Brunei Darussalam","Hosting of most frequently visited web sites (e.g. search engines, Data Centers, Content delivery network (CDN), Cache Servers, etc.)",2017,"","","Steps used to optimize costs of international connectivity",,,,
11902,"tpInterInternetConn_StepsOptimize","Steps used to optimize costs of international connectivity",,,43,"BRN","Brunei Darussalam","Hosting of most frequently visited web sites (e.g. search engines, Data Centers, Content delivery network (CDN), Cache Servers, etc.)",2018,"","","Steps used to optimize costs of international connectivity",,,,
11902,"tpInterInternetConn_StepsOptimize","Steps used to optimize costs of international connectivity",,,43,"BRN","Brunei Darussalam","Hosting of most frequently visited web sites (e.g. search engines, Data Centers, Content delivery network (CDN), Cache Servers, etc.)",2019,"","","Steps used to optimize costs of international connectivity",,,,
11902,"tpInterInternetConn_StepsOptimize","Steps used to optimize costs of international connectivity",,,43,"BRN","Brunei Darussalam","Hosting of most frequently visited web sites (e.g. search engines, Data Centers, Content delivery network (CDN), Cache Servers, etc.)",2020,"","","Steps used to optimize costs of international connectivity",,,,
11902,"tpInterInternetConn_StepsOptimize","Steps used to optimize costs of international connectivity",,,43,"BRN","Brunei Darussalam","Hosting of most frequently visited web sites (e.g. search engines, Data Centers, Content delivery network (CDN), Cache Servers, etc.)",2021,"","","Steps used to optimize costs of international connectivity",,,,
11902,"tpInterInternetConn_StepsOptimize","Steps used to optimize costs of international connectivity",,,43,"BRN","Brunei Darussalam","Hosting of most frequently visited web sites (e.g. search engines, Data Centers, Content delivery network (CDN), Cache Servers, etc.)",2022,"","","Steps used to optimize costs of international connectivity",,,,
11902,"tpInterInternetConn_StepsOptimize","Steps used to optimize costs of international connectivity",,,43,"BRN","Brunei Darussalam",,2023,"","","Steps used to optimize costs of international connectivity","Implementation of Internet Exchange Point (IXP)","Hosting of most frequently visited web sites (e.g. search engines, Data Centers, Content delivery network (CDN), Cache Servers, etc.)","Encourage the development of local content",
11902,"tpInterInternetConn_StepsOptimize","Steps used to optimize costs of international connectivity",,,43,"BRN","Brunei Darussalam",,2024,"","","Steps used to optimize costs of international connectivity","Implementation of Internet Exchange Point (IXP)","Hosting of most frequently visited web sites (e.g. search engines, Data Centers, Content delivery network (CDN), Cache Servers, etc.)","Encourage the development of local content",
11902,"tpInterInternetConn_StepsOptimize","Steps used to optimize costs of international connectivity",,,45,"BGR","Bulgaria","Other,",2010,"","","Steps used to optimize costs of international connectivity",,,,
11902,"tpInterInternetConn_StepsOptimize","Steps used to optimize costs of international connectivity",,,45,"BGR","Bulgaria","Other,",2011,"","","Steps used to optimize costs of international connectivity",,,,
11902,"tpInterInternetConn_StepsOptimize","Steps used to optimize costs of international connectivity",,,45,"BGR","Bulgaria","Other,",2012,"","","Steps used to optimize costs of international connectivity",,,,
11902,"tpInterInternetConn_StepsOptimize","Steps used to optimize costs of international connectivity",,,45,"BGR","Bulgaria","Other,",2013,"","","Steps used to optimize costs of international connectivity",,,,
11902,"tpInterInternetConn_StepsOptimize","Steps used to optimize costs of international connectivity",,,45,"BGR","Bulgaria","Other,",2014,"","","Steps used to optimize costs of international connectivity",,,,
11902,"tpInterInternetConn_StepsOptimize","Steps used to optimize costs of international connectivity",,,45,"BGR","Bulgaria","Other,",2015,"","","Steps used to optimize costs of international connectivity",,,,
11902,"tpInterInternetConn_StepsOptimize","Steps used to optimize costs of international connectivity",,,45,"BGR","Bulgaria","Other,",2016,"","","Steps used to optimize costs of international connectivity",,,,
11902,"tpInterInternetConn_StepsOptimize","Steps used to optimize costs of international connectivity",,,45,"BGR","Bulgaria","Other,",2017,"","","Steps used to optimize costs of international connectivity",,,,
11902,"tpInterInternetConn_StepsOptimize","Steps used to optimize costs of international connectivity",,,45,"BGR","Bulgaria","Other,",2018,"","","Steps used to optimize costs of international connectivity",,,,
11902,"tpInterInternetConn_StepsOptimize","Steps used to optimize costs of international connectivity",,,45,"BGR","Bulgaria","Other,",2019,"","","Steps used to optimize costs of international connectivity",,,,
11902,"tpInterInternetConn_StepsOptimize","Steps used to optimize costs of international connectivity",,,45,"BGR","Bulgaria","Other,",2020,"","","Steps used to optimize costs of international connectivity",,,,
11902,"tpInterInternetConn_StepsOptimize","Steps used to optimize costs of international connectivity",,,45,"BGR","Bulgaria","Other,",2021,"","","Steps used to optimize costs of international connectivity",,,,
11902,"tpInterInternetConn_StepsOptimize","Steps used to optimize costs of international connectivity",,,45,"BGR","Bulgaria","Other,",2022,"N/A","","Steps used to optimize costs of international connectivity",,,,
11902,"tpInterInternetConn_StepsOptimize","Steps used to optimize costs of international connectivity",,,45,"BGR","Bulgaria","Other,",2023,"N/A","","Steps used to optimize costs of international connectivity",,,,
11902,"tpInterInternetConn_StepsOptimize","Steps used to optimize costs of international connectivity",,,45,"BGR","Bulgaria","Other,",2024,"N/A","","Steps used to optimize costs of international connectivity",,,,
11902,"tpInterInternetConn_StepsOptimize","Steps used to optimize costs of international connectivity",,,46,"CAF","Central African Rep.","Implementation of Internet Exchange Point (IXP)",2010,"La RCA compte optimiser le prix de la connexion ,Internet par la création d'un point IXP dans le cadre du projet CAB","","Steps used to optimize costs of international connectivity",,,,
11902,"tpInterInternetConn_StepsOptimize","Steps used to optimize costs of international connectivity",,,47,"CAN","Canada","Other,",2011,"The CRTC does not oversee this activity.","","Steps used to optimize costs of international connectivity",,,,
11902,"tpInterInternetConn_StepsOptimize","Steps used to optimize costs of international connectivity",,,48,"KHM","Cambodia","Implementation of Internet Exchange Point (IXP)",2012,"","","Steps used to optimize costs of international connectivity",,,,
11902,"tpInterInternetConn_StepsOptimize","Steps used to optimize costs of international connectivity",,,48,"KHM","Cambodia","Implementation of Internet Exchange Point (IXP)",2014,"http://aboutus.sabay.com/articles/1730","","Steps used to optimize costs of international connectivity",,,,
11902,"tpInterInternetConn_StepsOptimize","Steps used to optimize costs of international connectivity",,,48,"KHM","Cambodia","Implementation of Internet Exchange Point (IXP)",2015,"","","Steps used to optimize costs of international connectivity",,,,
11902,"tpInterInternetConn_StepsOptimize","Steps used to optimize costs of international connectivity",,,48,"KHM","Cambodia","Implementation of Internet Exchange Point (IXP)",2016,"","","Steps used to optimize costs of international connectivity",,,,
11902,"tpInterInternetConn_StepsOptimize","Steps used to optimize costs of international connectivity",,,48,"KHM","Cambodia","Hosting of most frequently visited web sites (e.g. search engines, Data Centers, Content delivery network (CDN), Cache Servers, etc.)",2017,"","","Steps used to optimize costs of international connectivity",,,,
11902,"tpInterInternetConn_StepsOptimize","Steps used to optimize costs of international connectivity",,,48,"KHM","Cambodia","Hosting of most frequently visited web sites (e.g. search engines, Data Centers, Content delivery network (CDN), Cache Servers, etc.)",2018,"","","Steps used to optimize costs of international connectivity",,,,
11902,"tpInterInternetConn_StepsOptimize","Steps used to optimize costs of international connectivity",,,48,"KHM","Cambodia","Hosting of most frequently visited web sites (e.g. search engines, Data Centers, Content delivery network (CDN), Cache Servers, etc.)",2019,"","","Steps used to optimize costs of international connectivity",,,,
11902,"tpInterInternetConn_StepsOptimize","Steps used to optimize costs of international connectivity",,,48,"KHM","Cambodia","Implementation of Internet Exchange Point (IXP)",2020,"","","Steps used to optimize costs of international connectivity",,,,
11902,"tpInterInternetConn_StepsOptimize","Steps used to optimize costs of international connectivity",,,48,"KHM","Cambodia","Implementation of Internet Exchange Point (IXP)",2021,"","","Steps used to optimize costs of international connectivity",,,,
11902,"tpInterInternetConn_StepsOptimize","Steps used to optimize costs of international connectivity",,,48,"KHM","Cambodia","Implementation of Internet Exchange Point (IXP)",2022,"","","Steps used to optimize costs of international connectivity",,,,
11902,"tpInterInternetConn_StepsOptimize","Steps used to optimize costs of international connectivity",,,48,"KHM","Cambodia","Implementation of Internet Exchange Point (IXP)",2023,"","","Steps used to optimize costs of international connectivity",,,,
11902,"tpInterInternetConn_StepsOptimize","Steps used to optimize costs of international connectivity",,,48,"KHM","Cambodia","Implementation of Internet Exchange Point (IXP)",2024,"","","Steps used to optimize costs of international connectivity",,,,
11902,"tpInterInternetConn_StepsOptimize","Steps used to optimize costs of international connectivity",,,49,"CHL","Chile","Implementation of Internet Exchange Point (IXP)",2010,"","","Steps used to optimize costs of international connectivity",,,,
11902,"tpInterInternetConn_StepsOptimize","Steps used to optimize costs of international connectivity",,,49,"CHL","Chile","Other,",2011,"","","Steps used to optimize costs of international connectivity",,,,
11902,"tpInterInternetConn_StepsOptimize","Steps used to optimize costs of international connectivity",,,49,"CHL","Chile","Hosting of most frequently visited web sites (e.g. search engines, Data Centers, Content delivery network (CDN), Cache Servers, etc.)",2012,"","","Steps used to optimize costs of international connectivity",,,,
11902,"tpInterInternetConn_StepsOptimize","Steps used to optimize costs of international connectivity",,,49,"CHL","Chile","Other,",2013,"","","Steps used to optimize costs of international connectivity",,,,
11902,"tpInterInternetConn_StepsOptimize","Steps used to optimize costs of international connectivity",,,49,"CHL","Chile","Other,",2014,"","","Steps used to optimize costs of international connectivity",,,,
11902,"tpInterInternetConn_StepsOptimize","Steps used to optimize costs of international connectivity",,,49,"CHL","Chile","Hosting of most frequently visited web sites (e.g. search engines, Data Centers, Content delivery network (CDN), Cache Servers, etc.)",2019,"","","Steps used to optimize costs of international connectivity",,,,
11902,"tpInterInternetConn_StepsOptimize","Steps used to optimize costs of international connectivity",,,49,"CHL","Chile","Hosting of most frequently visited web sites (e.g. search engines, Data Centers, Content delivery network (CDN), Cache Servers, etc.)",2020,"","","Steps used to optimize costs of international connectivity",,,,
11902,"tpInterInternetConn_StepsOptimize","Steps used to optimize costs of international connectivity",,,49,"CHL","Chile","Hosting of most frequently visited web sites (e.g. search engines, Data Centers, Content delivery network (CDN), Cache Servers, etc.)",2021,"","","Steps used to optimize costs of international connectivity",,,,
11902,"tpInterInternetConn_StepsOptimize","Steps used to optimize costs of international connectivity",,,49,"CHL","Chile","Hosting of most frequently visited web sites (e.g. search engines, Data Centers, Content delivery network (CDN), Cache Servers, etc.)",2022,"","","Steps used to optimize costs of international connectivity",,,,
11902,"tpInterInternetConn_StepsOptimize","Steps used to optimize costs of international connectivity",,,49,"CHL","Chile","Hosting of most frequently visited web sites (e.g. search engines, Data Centers, Content delivery network (CDN), Cache Servers, etc.)",2023,"","","Steps used to optimize costs of international connectivity",,,,
11902,"tpInterInternetConn_StepsOptimize","Steps used to optimize costs of international connectivity",,,49,"CHL","Chile","Hosting of most frequently visited web sites (e.g. search engines, Data Centers, Content delivery network (CDN), Cache Servers, etc.)",2024,"","","Steps used to optimize costs of international connectivity",,,,
11902,"tpInterInternetConn_StepsOptimize","Steps used to optimize costs of international connectivity",,,50,"CHN","China","Implementation of Internet Exchange Point (IXP)",2010,"","","Steps used to optimize costs of international connectivity",,,,
11902,"tpInterInternetConn_StepsOptimize","Steps used to optimize costs of international connectivity",,,50,"CHN","China","Implementation of Internet Exchange Point (IXP)",2011,"","","Steps used to optimize costs of international connectivity",,,,
11902,"tpInterInternetConn_StepsOptimize","Steps used to optimize costs of international connectivity",,,50,"CHN","China","Other,",2013,"","","Steps used to optimize costs of international connectivity",,,,
11902,"tpInterInternetConn_StepsOptimize","Steps used to optimize costs of international connectivity",,,50,"CHN","China","Implementation of Internet Exchange Point (IXP)",2014,"","","Steps used to optimize costs of international connectivity",,,,
11902,"tpInterInternetConn_StepsOptimize","Steps used to optimize costs of international connectivity",,,50,"CHN","China","Hosting of most frequently visited web sites (e.g. search engines, Data Centers, Content delivery network (CDN), Cache Servers, etc.)",2015,"","","Steps used to optimize costs of international connectivity",,,,
11902,"tpInterInternetConn_StepsOptimize","Steps used to optimize costs of international connectivity",,,50,"CHN","China","Hosting of most frequently visited web sites (e.g. search engines, Data Centers, Content delivery network (CDN), Cache Servers, etc.)",2016,"","","Steps used to optimize costs of international connectivity",,,,
11902,"tpInterInternetConn_StepsOptimize","Steps used to optimize costs of international connectivity",,,50,"CHN","China","Other,",2017,"","","Steps used to optimize costs of international connectivity",,,,
11902,"tpInterInternetConn_StepsOptimize","Steps used to optimize costs of international connectivity",,,50,"CHN","China","Other,",2021,"","","Steps used to optimize costs of international connectivity",,,,
11902,"tpInterInternetConn_StepsOptimize","Steps used to optimize costs of international connectivity",,,50,"CHN","China","Other,",2022,"All the 3 previous steps are taken.","","Steps used to optimize costs of international connectivity",,,,
11902,"tpInterInternetConn_StepsOptimize","Steps used to optimize costs of international connectivity",,,50,"CHN","China","Other,",2023,"All the 3 previous steps are taken.","","Steps used to optimize costs of international connectivity",,,,
11902,"tpInterInternetConn_StepsOptimize","Steps used to optimize costs of international connectivity",,,53,"COL","Colombia","Hosting of most frequently visited web sites (e.g. search engines, Data Centers, Content delivery network (CDN), Cache Servers, etc.)",2013,"","","Steps used to optimize costs of international connectivity",,,,
11902,"tpInterInternetConn_StepsOptimize","Steps used to optimize costs of international connectivity",,,53,"COL","Colombia","Implementation of Internet Exchange Point (IXP)",2015,"","","Steps used to optimize costs of international connectivity",,,,
11902,"tpInterInternetConn_StepsOptimize","Steps used to optimize costs of international connectivity",,,53,"COL","Colombia","Implementation of Internet Exchange Point (IXP)",2016,"","","Steps used to optimize costs of international connectivity",,,,
11902,"tpInterInternetConn_StepsOptimize","Steps used to optimize costs of international connectivity",,,53,"COL","Colombia","Implementation of Internet Exchange Point (IXP)",2017,"","","Steps used to optimize costs of international connectivity",,,,
11902,"tpInterInternetConn_StepsOptimize","Steps used to optimize costs of international connectivity",,,53,"COL","Colombia","Implementation of Internet Exchange Point (IXP)",2018,"","","Steps used to optimize costs of international connectivity",,,,
11902,"tpInterInternetConn_StepsOptimize","Steps used to optimize costs of international connectivity",,,53,"COL","Colombia","Implementation of Internet Exchange Point (IXP)",2019,"","","Steps used to optimize costs of international connectivity",,,,
11902,"tpInterInternetConn_StepsOptimize","Steps used to optimize costs of international connectivity",,,53,"COL","Colombia","Implementation of Internet Exchange Point (IXP)",2020,"","","Steps used to optimize costs of international connectivity",,,,
11902,"tpInterInternetConn_StepsOptimize","Steps used to optimize costs of international connectivity",,,53,"COL","Colombia","Implementation of Internet Exchange Point (IXP)",2021,"","","Steps used to optimize costs of international connectivity",,,,
11902,"tpInterInternetConn_StepsOptimize","Steps used to optimize costs of international connectivity",,,53,"COL","Colombia","Implementation of Internet Exchange Point (IXP)",2022,"","","Steps used to optimize costs of international connectivity",,,,
11902,"tpInterInternetConn_StepsOptimize","Steps used to optimize costs of international connectivity",,,53,"COL","Colombia","Implementation of Internet Exchange Point (IXP)",2023,"","","Steps used to optimize costs of international connectivity",,,,
11902,"tpInterInternetConn_StepsOptimize","Steps used to optimize costs of international connectivity",,,53,"COL","Colombia",,2024,"","","Steps used to optimize costs of international connectivity","Hosting of most frequently visited web sites (e.g. search engines, Data Centers, Content delivery network (CDN), Cache Servers, etc.)","Implementation of Internet Exchange Point (IXP)",,
11902,"tpInterInternetConn_StepsOptimize","Steps used to optimize costs of international connectivity",,,54,"LKA","Sri Lanka","Hosting of most frequently visited web sites (e.g. search engines, Data Centers, Content delivery network (CDN), Cache Servers, etc.)",2011,"","","Steps used to optimize costs of international connectivity",,,,
11902,"tpInterInternetConn_StepsOptimize","Steps used to optimize costs of international connectivity",,,54,"LKA","Sri Lanka","Hosting of most frequently visited web sites (e.g. search engines, Data Centers, Content delivery network (CDN), Cache Servers, etc.)",2012,"","","Steps used to optimize costs of international connectivity",,,,
11902,"tpInterInternetConn_StepsOptimize","Steps used to optimize costs of international connectivity",,,54,"LKA","Sri Lanka","Hosting of most frequently visited web sites (e.g. search engines, Data Centers, Content delivery network (CDN), Cache Servers, etc.)",2013,"","","Steps used to optimize costs of international connectivity",,,,
11902,"tpInterInternetConn_StepsOptimize","Steps used to optimize costs of international connectivity",,,54,"LKA","Sri Lanka","Hosting of most frequently visited web sites (e.g. search engines, Data Centers, Content delivery network (CDN), Cache Servers, etc.)",2014,"","","Steps used to optimize costs of international connectivity",,,,
11902,"tpInterInternetConn_StepsOptimize","Steps used to optimize costs of international connectivity",,,54,"LKA","Sri Lanka","Hosting of most frequently visited web sites (e.g. search engines, Data Centers, Content delivery network (CDN), Cache Servers, etc.)",2016,"","","Steps used to optimize costs of international connectivity",,,,
11902,"tpInterInternetConn_StepsOptimize","Steps used to optimize costs of international connectivity",,,54,"LKA","Sri Lanka","Hosting of most frequently visited web sites (e.g. search engines, Data Centers, Content delivery network (CDN), Cache Servers, etc.)",2017,"","","Steps used to optimize costs of international connectivity",,,,
11902,"tpInterInternetConn_StepsOptimize","Steps used to optimize costs of international connectivity",,,54,"LKA","Sri Lanka","Hosting of most frequently visited web sites (e.g. search engines, Data Centers, Content delivery network (CDN), Cache Servers, etc.)",2020,"","","Steps used to optimize costs of international connectivity",,,,
11902,"tpInterInternetConn_StepsOptimize","Steps used to optimize costs of international connectivity",,,54,"LKA","Sri Lanka","Hosting of most frequently visited web sites (e.g. search engines, Data Centers, Content delivery network (CDN), Cache Servers, etc.)",2021,"","","Steps used to optimize costs of international connectivity",,,,
11902,"tpInterInternetConn_StepsOptimize","Steps used to optimize costs of international connectivity",,,54,"LKA","Sri Lanka","Encourage the development of local content",2022,"","","Steps used to optimize costs of international connectivity",,,,
11902,"tpInterInternetConn_StepsOptimize","Steps used to optimize costs of international connectivity",,,55,"CMR","Cameroon","Implementation of Internet Exchange Point (IXP)",2010,"","","Steps used to optimize costs of international connectivity",,,,
11902,"tpInterInternetConn_StepsOptimize","Steps used to optimize costs of international connectivity",,,55,"CMR","Cameroon","Implementation of Internet Exchange Point (IXP)",2011,"","","Steps used to optimize costs of international connectivity",,,,
11902,"tpInterInternetConn_StepsOptimize","Steps used to optimize costs of international connectivity",,,55,"CMR","Cameroon","Implementation of Internet Exchange Point (IXP)",2012,"toutes les mesures listées dans les trois points ci-dessus sont combinées","","Steps used to optimize costs of international connectivity",,,,
11902,"tpInterInternetConn_StepsOptimize","Steps used to optimize costs of international connectivity",,,55,"CMR","Cameroon","Implementation of Internet Exchange Point (IXP)",2013,"","","Steps used to optimize costs of international connectivity",,,,
11902,"tpInterInternetConn_StepsOptimize","Steps used to optimize costs of international connectivity",,,55,"CMR","Cameroon","Implementation of Internet Exchange Point (IXP)",2017,"","","Steps used to optimize costs of international connectivity",,,,
11902,"tpInterInternetConn_StepsOptimize","Steps used to optimize costs of international connectivity",,,55,"CMR","Cameroon","Encourage the development of local content",2018,"Toutes les trois mesures citées ont été envisagées.","","Steps used to optimize costs of international connectivity",,,,
11902,"tpInterInternetConn_StepsOptimize","Steps used to optimize costs of international connectivity",,,55,"CMR","Cameroon","Implementation of Internet Exchange Point (IXP)",2021,"","","Steps used to optimize costs of international connectivity",,,,
11902,"tpInterInternetConn_StepsOptimize","Steps used to optimize costs of international connectivity",,,55,"CMR","Cameroon","Implementation of Internet Exchange Point (IXP)",2022,"","","Steps used to optimize costs of international connectivity",,,,
11902,"tpInterInternetConn_StepsOptimize","Steps used to optimize costs of international connectivity",,,57,"COG","Congo (Rep. of the)","Implementation of Internet Exchange Point (IXP)",2011,"","","Steps used to optimize costs of international connectivity",,,,
11902,"tpInterInternetConn_StepsOptimize","Steps used to optimize costs of international connectivity",,,57,"COG","Congo (Rep. of the)","Implementation of Internet Exchange Point (IXP)",2012,"","","Steps used to optimize costs of international connectivity",,,,
11902,"tpInterInternetConn_StepsOptimize","Steps used to optimize costs of international connectivity",,,57,"COG","Congo (Rep. of the)","Implementation of Internet Exchange Point (IXP)",2013,"","","Steps used to optimize costs of international connectivity",,,,
11902,"tpInterInternetConn_StepsOptimize","Steps used to optimize costs of international connectivity",,,57,"COG","Congo (Rep. of the)","Encourage the development of local content",2014,"","","Steps used to optimize costs of international connectivity",,,,
11902,"tpInterInternetConn_StepsOptimize","Steps used to optimize costs of international connectivity",,,57,"COG","Congo (Rep. of the)","Implementation of Internet Exchange Point (IXP)",2017,"","","Steps used to optimize costs of international connectivity",,,,
11902,"tpInterInternetConn_StepsOptimize","Steps used to optimize costs of international connectivity",,,57,"COG","Congo (Rep. of the)","Implementation of Internet Exchange Point (IXP)",2018,"","","Steps used to optimize costs of international connectivity",,,,
11902,"tpInterInternetConn_StepsOptimize","Steps used to optimize costs of international connectivity",,,57,"COG","Congo (Rep. of the)","Implementation of Internet Exchange Point (IXP)",2019,"","","Steps used to optimize costs of international connectivity",,,,
11902,"tpInterInternetConn_StepsOptimize","Steps used to optimize costs of international connectivity",,,57,"COG","Congo (Rep. of the)","Hosting of most frequently visited web sites (e.g. search engines, Data Centers, Content delivery network (CDN), Cache Servers, etc.)",2020,"","","Steps used to optimize costs of international connectivity",,,,
11902,"tpInterInternetConn_StepsOptimize","Steps used to optimize costs of international connectivity",,,57,"COG","Congo (Rep. of the)","Hosting of most frequently visited web sites (e.g. search engines, Data Centers, Content delivery network (CDN), Cache Servers, etc.)",2021,"","","Steps used to optimize costs of international connectivity",,,,
11902,"tpInterInternetConn_StepsOptimize","Steps used to optimize costs of international connectivity",,,57,"COG","Congo (Rep. of the)","Hosting of most frequently visited web sites (e.g. search engines, Data Centers, Content delivery network (CDN), Cache Servers, etc.)",2022,"Nous Travaillons pour l'interconnexion d'un deuxième câble sous marins","","Steps used to optimize costs of international connectivity",,,,
11902,"tpInterInternetConn_StepsOptimize","Steps used to optimize costs of international connectivity",,,57,"COG","Congo (Rep. of the)",,2023,"Nous Travaillons pour l'interconnexion d'un deuxième câble sous marins","","Steps used to optimize costs of international connectivity","Hosting of most frequently visited web sites (e.g. search engines, Data Centers, Content delivery network (CDN), Cache Servers, etc.)","Other,",,
11902,"tpInterInternetConn_StepsOptimize","Steps used to optimize costs of international connectivity",,,57,"COG","Congo (Rep. of the)",,2024,"La République du Congo a pris plusieurs mesures concrètes pour optimiser les coûts des connexions Internet internationales, notamment en développant un Point d'échange Internet (IXP), en favorisant l'hébergement local des contenus fréquemment visités et en encourageant le développement de contenus locaux. Ces efforts visent à réduire la dépendance aux infrastructures internationales coûteuses et à améliorer la qualité et l'accessibilité des services Internet pour les utilisateurs.","","Steps used to optimize costs of international connectivity","Hosting of most frequently visited web sites (e.g. search engines, Data Centers, Content delivery network (CDN), Cache Servers, etc.)","Encourage the development of local content",,
11902,"tpInterInternetConn_StepsOptimize","Steps used to optimize costs of international connectivity",,,59,"CPV","Cabo Verde","Other,",2010,"","","Steps used to optimize costs of international connectivity",,,,
11902,"tpInterInternetConn_StepsOptimize","Steps used to optimize costs of international connectivity",,,59,"CPV","Cabo Verde","Implementation of Internet Exchange Point (IXP)",2011,"","","Steps used to optimize costs of international connectivity",,,,
11902,"tpInterInternetConn_StepsOptimize","Steps used to optimize costs of international connectivity",,,59,"CPV","Cabo Verde","Encourage the development of local content",2013,"","","Steps used to optimize costs of international connectivity",,,,
11902,"tpInterInternetConn_StepsOptimize","Steps used to optimize costs of international connectivity",,,59,"CPV","Cabo Verde","Implementation of Internet Exchange Point (IXP)",2024,"","","Steps used to optimize costs of international connectivity",,,,
11902,"tpInterInternetConn_StepsOptimize","Steps used to optimize costs of international connectivity",,,61,"CIV","Côte d'Ivoire","Implementation of Internet Exchange Point (IXP)",2010,"","","Steps used to optimize costs of international connectivity",,,,
11902,"tpInterInternetConn_StepsOptimize","Steps used to optimize costs of international connectivity",,,61,"CIV","Côte d'Ivoire","Implementation of Internet Exchange Point (IXP)",2012,"","","Steps used to optimize costs of international connectivity",,,,
11902,"tpInterInternetConn_StepsOptimize","Steps used to optimize costs of international connectivity",,,61,"CIV","Côte d'Ivoire","Implementation of Internet Exchange Point (IXP)",2013,"","","Steps used to optimize costs of international connectivity",,,,
11902,"tpInterInternetConn_StepsOptimize","Steps used to optimize costs of international connectivity",,,61,"CIV","Côte d'Ivoire","Implementation of Internet Exchange Point (IXP)",2014,"","","Steps used to optimize costs of international connectivity",,,,
11902,"tpInterInternetConn_StepsOptimize","Steps used to optimize costs of international connectivity",,,61,"CIV","Côte d'Ivoire","Implementation of Internet Exchange Point (IXP)",2015,"","","Steps used to optimize costs of international connectivity",,,,
11902,"tpInterInternetConn_StepsOptimize","Steps used to optimize costs of international connectivity",,,61,"CIV","Côte d'Ivoire","Implementation of Internet Exchange Point (IXP)",2016,"","","Steps used to optimize costs of international connectivity",,,,
11902,"tpInterInternetConn_StepsOptimize","Steps used to optimize costs of international connectivity",,,61,"CIV","Côte d'Ivoire","Implementation of Internet Exchange Point (IXP)",2017,"","","Steps used to optimize costs of international connectivity",,,,
11902,"tpInterInternetConn_StepsOptimize","Steps used to optimize costs of international connectivity",,,61,"CIV","Côte d'Ivoire","Implementation of Internet Exchange Point (IXP)",2019,"","","Steps used to optimize costs of international connectivity",,,,
11902,"tpInterInternetConn_StepsOptimize","Steps used to optimize costs of international connectivity",,,61,"CIV","Côte d'Ivoire","Implementation of Internet Exchange Point (IXP)",2020,"","","Steps used to optimize costs of international connectivity",,,,
11902,"tpInterInternetConn_StepsOptimize","Steps used to optimize costs of international connectivity",,,61,"CIV","Côte d'Ivoire","Implementation of Internet Exchange Point (IXP)",2021,"","","Steps used to optimize costs of international connectivity",,,,
11902,"tpInterInternetConn_StepsOptimize","Steps used to optimize costs of international connectivity",,,61,"CIV","Côte d'Ivoire","Implementation of Internet Exchange Point (IXP)",2022,"","","Steps used to optimize costs of international connectivity",,,,
11902,"tpInterInternetConn_StepsOptimize","Steps used to optimize costs of international connectivity",,,62,"CRI","Costa Rica","Implementation of Internet Exchange Point (IXP)",2010,"","","Steps used to optimize costs of international connectivity",,,,
11902,"tpInterInternetConn_StepsOptimize","Steps used to optimize costs of international connectivity",,,62,"CRI","Costa Rica","Other,",2011,"","","Steps used to optimize costs of international connectivity",,,,
11902,"tpInterInternetConn_StepsOptimize","Steps used to optimize costs of international connectivity",,,62,"CRI","Costa Rica","Encourage the development of local content",2012,"","","Steps used to optimize costs of international connectivity",,,,
11902,"tpInterInternetConn_StepsOptimize","Steps used to optimize costs of international connectivity",,,62,"CRI","Costa Rica","Hosting of most frequently visited web sites (e.g. search engines, Data Centers, Content delivery network (CDN), Cache Servers, etc.)",2013,"","","Steps used to optimize costs of international connectivity",,,,
11902,"tpInterInternetConn_StepsOptimize","Steps used to optimize costs of international connectivity",,,62,"CRI","Costa Rica","Hosting of most frequently visited web sites (e.g. search engines, Data Centers, Content delivery network (CDN), Cache Servers, etc.)",2014,"","","Steps used to optimize costs of international connectivity",,,,
11902,"tpInterInternetConn_StepsOptimize","Steps used to optimize costs of international connectivity",,,62,"CRI","Costa Rica","Hosting of most frequently visited web sites (e.g. search engines, Data Centers, Content delivery network (CDN), Cache Servers, etc.)",2015,"","","Steps used to optimize costs of international connectivity",,,,
11902,"tpInterInternetConn_StepsOptimize","Steps used to optimize costs of international connectivity",,,62,"CRI","Costa Rica","Hosting of most frequently visited web sites (e.g. search engines, Data Centers, Content delivery network (CDN), Cache Servers, etc.)",2016,"","","Steps used to optimize costs of international connectivity",,,,
11902,"tpInterInternetConn_StepsOptimize","Steps used to optimize costs of international connectivity",,,62,"CRI","Costa Rica","Hosting of most frequently visited web sites (e.g. search engines, Data Centers, Content delivery network (CDN), Cache Servers, etc.)",2017,"","","Steps used to optimize costs of international connectivity",,,,
11902,"tpInterInternetConn_StepsOptimize","Steps used to optimize costs of international connectivity",,,62,"CRI","Costa Rica","Hosting of most frequently visited web sites (e.g. search engines, Data Centers, Content delivery network (CDN), Cache Servers, etc.)",2018,"","","Steps used to optimize costs of international connectivity",,,,
11902,"tpInterInternetConn_StepsOptimize","Steps used to optimize costs of international connectivity",,,62,"CRI","Costa Rica","Hosting of most frequently visited web sites (e.g. search engines, Data Centers, Content delivery network (CDN), Cache Servers, etc.)",2019,"","","Steps used to optimize costs of international connectivity",,,,
11902,"tpInterInternetConn_StepsOptimize","Steps used to optimize costs of international connectivity",,,62,"CRI","Costa Rica","Hosting of most frequently visited web sites (e.g. search engines, Data Centers, Content delivery network (CDN), Cache Servers, etc.)",2020,"","","Steps used to optimize costs of international connectivity",,,,
11902,"tpInterInternetConn_StepsOptimize","Steps used to optimize costs of international connectivity",,,62,"CRI","Costa Rica","Hosting of most frequently visited web sites (e.g. search engines, Data Centers, Content delivery network (CDN), Cache Servers, etc.)",2021,"","","Steps used to optimize costs of international connectivity",,,,
11902,"tpInterInternetConn_StepsOptimize","Steps used to optimize costs of international connectivity",,,62,"CRI","Costa Rica","Hosting of most frequently visited web sites (e.g. search engines, Data Centers, Content delivery network (CDN), Cache Servers, etc.)",2022,"Se incluye también: Utilización de una central Internet (IXP)","","Steps used to optimize costs of international connectivity",,,,
11902,"tpInterInternetConn_StepsOptimize","Steps used to optimize costs of international connectivity",,,62,"CRI","Costa Rica","Hosting of most frequently visited web sites (e.g. search engines, Data Centers, Content delivery network (CDN), Cache Servers, etc.)",2023,"","","Steps used to optimize costs of international connectivity",,,,
11902,"tpInterInternetConn_StepsOptimize","Steps used to optimize costs of international connectivity",,,62,"CRI","Costa Rica","Hosting of most frequently visited web sites (e.g. search engines, Data Centers, Content delivery network (CDN), Cache Servers, etc.)",2024,"","","Steps used to optimize costs of international connectivity",,,,
11902,"tpInterInternetConn_StepsOptimize","Steps used to optimize costs of international connectivity",,,63,"CUB","Cuba","Implementation of Internet Exchange Point (IXP)",2010,"","","Steps used to optimize costs of international connectivity",,,,
11902,"tpInterInternetConn_StepsOptimize","Steps used to optimize costs of international connectivity",,,63,"CUB","Cuba","Implementation of Internet Exchange Point (IXP)",2011,"","","Steps used to optimize costs of international connectivity",,,,
11902,"tpInterInternetConn_StepsOptimize","Steps used to optimize costs of international connectivity",,,63,"CUB","Cuba","Implementation of Internet Exchange Point (IXP)",2013,"","","Steps used to optimize costs of international connectivity",,,,
11902,"tpInterInternetConn_StepsOptimize","Steps used to optimize costs of international connectivity",,,63,"CUB","Cuba","Encourage the development of local content",2016,"","","Steps used to optimize costs of international connectivity",,,,
11902,"tpInterInternetConn_StepsOptimize","Steps used to optimize costs of international connectivity",,,63,"CUB","Cuba","Encourage the development of local content",2017,"","","Steps used to optimize costs of international connectivity",,,,
11902,"tpInterInternetConn_StepsOptimize","Steps used to optimize costs of international connectivity",,,63,"CUB","Cuba","Encourage the development of local content",2018,"","","Steps used to optimize costs of international connectivity",,,,
11902,"tpInterInternetConn_StepsOptimize","Steps used to optimize costs of international connectivity",,,63,"CUB","Cuba","Encourage the development of local content",2019,"","","Steps used to optimize costs of international connectivity",,,,
11902,"tpInterInternetConn_StepsOptimize","Steps used to optimize costs of international connectivity",,,63,"CUB","Cuba","Encourage the development of local content",2020,"Utilización de una central Internet (IXP);  Alojamiento de las páginas web más visitadas (por ejemplo, motores de búsqueda, Datacenters, red de distribución de contenidos (CDN), cash, etc.)","","Steps used to optimize costs of international connectivity",,,,
11902,"tpInterInternetConn_StepsOptimize","Steps used to optimize costs of international connectivity",,,63,"CUB","Cuba","Encourage the development of local content",2021,"Utilización de una central Internet (IXP); Alojamiento de las páginas web más visitadas (por ejemplo, motores de búsqueda, Datacenters, red de distribución de contenidos (CDN), cash, etc.)","","Steps used to optimize costs of international connectivity",,,,
11902,"tpInterInternetConn_StepsOptimize","Steps used to optimize costs of international connectivity",,,63,"CUB","Cuba","Encourage the development of local content",2022,"Utilización de una central Internet (IXP); Alojamiento de las páginas web más visitadas (por ejemplo, motores de búsqueda, Datacenters, red de distribución de contenidos (CDN), cash, etc.)","","Steps used to optimize costs of international connectivity",,,,
11902,"tpInterInternetConn_StepsOptimize","Steps used to optimize costs of international connectivity",,,63,"CUB","Cuba",,2023,"Utilización de una central Internet (IXP); Alojamiento de las páginas web más visitadas (por ejemplo, motores de búsqueda, Datacenters, red de distribución de contenidos (CDN), cash, etc.)","","Steps used to optimize costs of international connectivity","Hosting of most frequently visited web sites (e.g. search engines, Data Centers, Content delivery network (CDN), Cache Servers, etc.)","Encourage the development of local content",,
11902,"tpInterInternetConn_StepsOptimize","Steps used to optimize costs of international connectivity",,,63,"CUB","Cuba",,2024,"Utilización de una central Internet (IXP); Alojamiento de las páginas web más visitadas (por ejemplo, motores de búsqueda, Datacenters, red de distribución de contenidos (CDN), cash, etc.)","","Steps used to optimize costs of international connectivity","Hosting of most frequently visited web sites (e.g. search engines, Data Centers, Content delivery network (CDN), Cache Servers, etc.)","Encourage the development of local content",,
11902,"tpInterInternetConn_StepsOptimize","Steps used to optimize costs of international connectivity",,,67,"DEU","Germany","Other,",2020,"","","Steps used to optimize costs of international connectivity",,,,
11902,"tpInterInternetConn_StepsOptimize","Steps used to optimize costs of international connectivity",,,67,"DEU","Germany","Other,",2021,"","","Steps used to optimize costs of international connectivity",,,,
11902,"tpInterInternetConn_StepsOptimize","Steps used to optimize costs of international connectivity",,,67,"DEU","Germany","Other,",2022,"Not within BNetzA's remit.","","Steps used to optimize costs of international connectivity",,,,
11902,"tpInterInternetConn_StepsOptimize","Steps used to optimize costs of international connectivity",,,67,"DEU","Germany","Other,",2023,"Not within BNetzA's remit.","","Steps used to optimize costs of international connectivity",,,,
11902,"tpInterInternetConn_StepsOptimize","Steps used to optimize costs of international connectivity",,,69,"DJI","Djibouti","Hosting of most frequently visited web sites (e.g. search engines, Data Centers, Content delivery network (CDN), Cache Servers, etc.)",2010,"","","Steps used to optimize costs of international connectivity",,,,
11902,"tpInterInternetConn_StepsOptimize","Steps used to optimize costs of international connectivity",,,69,"DJI","Djibouti","Implementation of Internet Exchange Point (IXP)",2018,"Hébergement des sites web les plus fréquemment visités","","Steps used to optimize costs of international connectivity",,,,
11902,"tpInterInternetConn_StepsOptimize","Steps used to optimize costs of international connectivity",,,70,"DMA","Dominica",,2024,"","","Steps used to optimize costs of international connectivity","Hosting of most frequently visited web sites (e.g. search engines, Data Centers, Content delivery network (CDN), Cache Servers, etc.)","Implementation of Internet Exchange Point (IXP)","Encourage the development of local content",
11902,"tpInterInternetConn_StepsOptimize","Steps used to optimize costs of international connectivity",,,71,"DNK","Denmark","Implementation of Internet Exchange Point (IXP)",2012,"","","Steps used to optimize costs of international connectivity",,,,
11902,"tpInterInternetConn_StepsOptimize","Steps used to optimize costs of international connectivity",,,72,"DOM","Dominican Rep.","Implementation of Internet Exchange Point (IXP)",2010,"","","Steps used to optimize costs of international connectivity",,,,
11902,"tpInterInternetConn_StepsOptimize","Steps used to optimize costs of international connectivity",,,72,"DOM","Dominican Rep.","Other,",2012,"","","Steps used to optimize costs of international connectivity",,,,
11902,"tpInterInternetConn_StepsOptimize","Steps used to optimize costs of international connectivity",,,72,"DOM","Dominican Rep.","Implementation of Internet Exchange Point (IXP)",2014,"","","Steps used to optimize costs of international connectivity",,,,
11902,"tpInterInternetConn_StepsOptimize","Steps used to optimize costs of international connectivity",,,72,"DOM","Dominican Rep.","Other,",2017,"","","Steps used to optimize costs of international connectivity",,,,
11902,"tpInterInternetConn_StepsOptimize","Steps used to optimize costs of international connectivity",,,72,"DOM","Dominican Rep.","Other,",2018,"","","Steps used to optimize costs of international connectivity",,,,
11902,"tpInterInternetConn_StepsOptimize","Steps used to optimize costs of international connectivity",,,72,"DOM","Dominican Rep.","Other,",2019,"","","Steps used to optimize costs of international connectivity",,,,
11902,"tpInterInternetConn_StepsOptimize","Steps used to optimize costs of international connectivity",,,72,"DOM","Dominican Rep.",,2023,"","","Steps used to optimize costs of international connectivity","Hosting of most frequently visited web sites (e.g. search engines, Data Centers, Content delivery network (CDN), Cache Servers, etc.)","Implementation of Internet Exchange Point (IXP)",,
11902,"tpInterInternetConn_StepsOptimize","Steps used to optimize costs of international connectivity",,,72,"DOM","Dominican Rep.",,2024,"","","Steps used to optimize costs of international connectivity","Implementation of Internet Exchange Point (IXP)","Hosting of most frequently visited web sites (e.g. search engines, Data Centers, Content delivery network (CDN), Cache Servers, etc.)",,
11902,"tpInterInternetConn_StepsOptimize","Steps used to optimize costs of international connectivity",,,73,"ESP","Spain","Other,",2010,"","","Steps used to optimize costs of international connectivity",,,,
11902,"tpInterInternetConn_StepsOptimize","Steps used to optimize costs of international connectivity",,,73,"ESP","Spain","Other,",2011,"","","Steps used to optimize costs of international connectivity",,,,
11902,"tpInterInternetConn_StepsOptimize","Steps used to optimize costs of international connectivity",,,73,"ESP","Spain","Other,",2013,"","","Steps used to optimize costs of international connectivity",,,,
11902,"tpInterInternetConn_StepsOptimize","Steps used to optimize costs of international connectivity",,,74,"EGY","Egypt","Implementation of Internet Exchange Point (IXP)",2014,"","","Steps used to optimize costs of international connectivity",,,,
11902,"tpInterInternetConn_StepsOptimize","Steps used to optimize costs of international connectivity",,,74,"EGY","Egypt","Implementation of Internet Exchange Point (IXP)",2020,"","","Steps used to optimize costs of international connectivity",,,,
11902,"tpInterInternetConn_StepsOptimize","Steps used to optimize costs of international connectivity",,,74,"EGY","Egypt","Other,",2021,"IXPs are used jointly along with CDNs besides encouraging local content in order to decrease BB service retail prices as much as possible","","Steps used to optimize costs of international connectivity",,,,
11902,"tpInterInternetConn_StepsOptimize","Steps used to optimize costs of international connectivity",,,74,"EGY","Egypt",,2023,"CDN, developing local content","","Steps used to optimize costs of international connectivity","Other,","Hosting of most frequently visited web sites (e.g. search engines, Data Centers, Content delivery network (CDN), Cache Servers, etc.)","Implementation of Internet Exchange Point (IXP)","Encourage the development of local content"
11902,"tpInterInternetConn_StepsOptimize","Steps used to optimize costs of international connectivity",,,74,"EGY","Egypt",,2024,"CDN, developing local content","","Steps used to optimize costs of international connectivity","Hosting of most frequently visited web sites (e.g. search engines, Data Centers, Content delivery network (CDN), Cache Servers, etc.)","Implementation of Internet Exchange Point (IXP)","Other,","Encourage the development of local content"
11902,"tpInterInternetConn_StepsOptimize","Steps used to optimize costs of international connectivity",,,75,"ECU","Ecuador","Hosting of most frequently visited web sites (e.g. search engines, Data Centers, Content delivery network (CDN), Cache Servers, etc.)",2010,"","","Steps used to optimize costs of international connectivity",,,,
11902,"tpInterInternetConn_StepsOptimize","Steps used to optimize costs of international connectivity",,,75,"ECU","Ecuador","Implementation of Internet Exchange Point (IXP)",2011,"","","Steps used to optimize costs of international connectivity",,,,
11902,"tpInterInternetConn_StepsOptimize","Steps used to optimize costs of international connectivity",,,75,"ECU","Ecuador","Other,",2019,"","","Steps used to optimize costs of international connectivity",,,,
11902,"tpInterInternetConn_StepsOptimize","Steps used to optimize costs of international connectivity",,,76,"EST","Estonia","Other,",2016,"","","Steps used to optimize costs of international connectivity",,,,
11902,"tpInterInternetConn_StepsOptimize","Steps used to optimize costs of international connectivity",,,76,"EST","Estonia","Other,",2017,"","","Steps used to optimize costs of international connectivity",,,,
11902,"tpInterInternetConn_StepsOptimize","Steps used to optimize costs of international connectivity",,,77,"ETH","Ethiopia","Hosting of most frequently visited web sites (e.g. search engines, Data Centers, Content delivery network (CDN), Cache Servers, etc.)",2016,"","","Steps used to optimize costs of international connectivity",,,,
11902,"tpInterInternetConn_StepsOptimize","Steps used to optimize costs of international connectivity",,,78,"FRA","France","Other,",2012,"","","Steps used to optimize costs of international connectivity",,,,
11902,"tpInterInternetConn_StepsOptimize","Steps used to optimize costs of international connectivity",,,78,"FRA","France","Implementation of Internet Exchange Point (IXP)",2017,"","","Steps used to optimize costs of international connectivity",,,,
11902,"tpInterInternetConn_StepsOptimize","Steps used to optimize costs of international connectivity",,,78,"FRA","France","Implementation of Internet Exchange Point (IXP)",2018,"","","Steps used to optimize costs of international connectivity",,,,
11902,"tpInterInternetConn_StepsOptimize","Steps used to optimize costs of international connectivity",,,78,"FRA","France","Implementation of Internet Exchange Point (IXP)",2019,"","","Steps used to optimize costs of international connectivity",,,,
11902,"tpInterInternetConn_StepsOptimize","Steps used to optimize costs of international connectivity",,,78,"FRA","France","Implementation of Internet Exchange Point (IXP)",2020,"","","Steps used to optimize costs of international connectivity",,,,
11902,"tpInterInternetConn_StepsOptimize","Steps used to optimize costs of international connectivity",,,78,"FRA","France","Implementation of Internet Exchange Point (IXP)",2021,"","","Steps used to optimize costs of international connectivity",,,,
11902,"tpInterInternetConn_StepsOptimize","Steps used to optimize costs of international connectivity",,,78,"FRA","France","Implementation of Internet Exchange Point (IXP)",2022,"","","Steps used to optimize costs of international connectivity",,,,
11902,"tpInterInternetConn_StepsOptimize","Steps used to optimize costs of international connectivity",,,78,"FRA","France","Implementation of Internet Exchange Point (IXP)",2023,"","","Steps used to optimize costs of international connectivity",,,,
11902,"tpInterInternetConn_StepsOptimize","Steps used to optimize costs of international connectivity",,,79,"FJI","Fiji","Implementation of Internet Exchange Point (IXP)",2012,"","","Steps used to optimize costs of international connectivity",,,,
11902,"tpInterInternetConn_StepsOptimize","Steps used to optimize costs of international connectivity",,,79,"FJI","Fiji","Implementation of Internet Exchange Point (IXP)",2021,"","","Steps used to optimize costs of international connectivity",,,,
11902,"tpInterInternetConn_StepsOptimize","Steps used to optimize costs of international connectivity",,,79,"FJI","Fiji","Implementation of Internet Exchange Point (IXP)",2022,"","","Steps used to optimize costs of international connectivity",,,,
11902,"tpInterInternetConn_StepsOptimize","Steps used to optimize costs of international connectivity",,,85,"GAB","Gabon","Implementation of Internet Exchange Point (IXP)",2015,"","","Steps used to optimize costs of international connectivity",,,,
11902,"tpInterInternetConn_StepsOptimize","Steps used to optimize costs of international connectivity",,,85,"GAB","Gabon","Implementation of Internet Exchange Point (IXP)",2023,"","","Steps used to optimize costs of international connectivity",,,,
11902,"tpInterInternetConn_StepsOptimize","Steps used to optimize costs of international connectivity",,,85,"GAB","Gabon","Implementation of Internet Exchange Point (IXP)",2024,"","","Steps used to optimize costs of international connectivity",,,,
11902,"tpInterInternetConn_StepsOptimize","Steps used to optimize costs of international connectivity",,,90,"GHA","Ghana","Implementation of Internet Exchange Point (IXP)",2010,"","","Steps used to optimize costs of international connectivity",,,,
11902,"tpInterInternetConn_StepsOptimize","Steps used to optimize costs of international connectivity",,,90,"GHA","Ghana","Implementation of Internet Exchange Point (IXP)",2011,"","","Steps used to optimize costs of international connectivity",,,,
11902,"tpInterInternetConn_StepsOptimize","Steps used to optimize costs of international connectivity",,,90,"GHA","Ghana","Implementation of Internet Exchange Point (IXP)",2016,"","","Steps used to optimize costs of international connectivity",,,,
11902,"tpInterInternetConn_StepsOptimize","Steps used to optimize costs of international connectivity",,,90,"GHA","Ghana","Implementation of Internet Exchange Point (IXP)",2017,"","","Steps used to optimize costs of international connectivity",,,,
11902,"tpInterInternetConn_StepsOptimize","Steps used to optimize costs of international connectivity",,,90,"GHA","Ghana","Implementation of Internet Exchange Point (IXP)",2018,"","","Steps used to optimize costs of international connectivity",,,,
11902,"tpInterInternetConn_StepsOptimize","Steps used to optimize costs of international connectivity",,,90,"GHA","Ghana","Implementation of Internet Exchange Point (IXP)",2019,"","","Steps used to optimize costs of international connectivity",,,,
11902,"tpInterInternetConn_StepsOptimize","Steps used to optimize costs of international connectivity",,,90,"GHA","Ghana","Implementation of Internet Exchange Point (IXP)",2020,"","","Steps used to optimize costs of international connectivity",,,,
11902,"tpInterInternetConn_StepsOptimize","Steps used to optimize costs of international connectivity",,,90,"GHA","Ghana","Implementation of Internet Exchange Point (IXP)",2021,"","","Steps used to optimize costs of international connectivity",,,,
11902,"tpInterInternetConn_StepsOptimize","Steps used to optimize costs of international connectivity",,,90,"GHA","Ghana","Implementation of Internet Exchange Point (IXP)",2022,"","","Steps used to optimize costs of international connectivity",,,,
11902,"tpInterInternetConn_StepsOptimize","Steps used to optimize costs of international connectivity",,,90,"GHA","Ghana","Implementation of Internet Exchange Point (IXP)",2023,"","","Steps used to optimize costs of international connectivity",,,,
11902,"tpInterInternetConn_StepsOptimize","Steps used to optimize costs of international connectivity",,,90,"GHA","Ghana","Implementation of Internet Exchange Point (IXP)",2024,"","","Steps used to optimize costs of international connectivity",,,,
11902,"tpInterInternetConn_StepsOptimize","Steps used to optimize costs of international connectivity",,,92,"GMB","Gambia","Other,",2010,"","","Steps used to optimize costs of international connectivity",,,,
11902,"tpInterInternetConn_StepsOptimize","Steps used to optimize costs of international connectivity",,,92,"GMB","Gambia","Implementation of Internet Exchange Point (IXP)",2014,"","","Steps used to optimize costs of international connectivity",,,,
11902,"tpInterInternetConn_StepsOptimize","Steps used to optimize costs of international connectivity",,,92,"GMB","Gambia","Implementation of Internet Exchange Point (IXP)",2016,"","","Steps used to optimize costs of international connectivity",,,,
11902,"tpInterInternetConn_StepsOptimize","Steps used to optimize costs of international connectivity",,,92,"GMB","Gambia","Other,",2017,"","","Steps used to optimize costs of international connectivity",,,,
11902,"tpInterInternetConn_StepsOptimize","Steps used to optimize costs of international connectivity",,,92,"GMB","Gambia","Implementation of Internet Exchange Point (IXP)",2018,"","","Steps used to optimize costs of international connectivity",,,,
11902,"tpInterInternetConn_StepsOptimize","Steps used to optimize costs of international connectivity",,,92,"GMB","Gambia","Other,",2020,"","","Steps used to optimize costs of international connectivity",,,,
11902,"tpInterInternetConn_StepsOptimize","Steps used to optimize costs of international connectivity",,,92,"GMB","Gambia","Implementation of Internet Exchange Point (IXP)",2021,"","","Steps used to optimize costs of international connectivity",,,,
11902,"tpInterInternetConn_StepsOptimize","Steps used to optimize costs of international connectivity",,,92,"GMB","Gambia","Implementation of Internet Exchange Point (IXP)",2022,"","","Steps used to optimize costs of international connectivity",,,,
11902,"tpInterInternetConn_StepsOptimize","Steps used to optimize costs of international connectivity",,,92,"GMB","Gambia","Implementation of Internet Exchange Point (IXP)",2023,"","","Steps used to optimize costs of international connectivity",,,,
11902,"tpInterInternetConn_StepsOptimize","Steps used to optimize costs of international connectivity",,,92,"GMB","Gambia","Implementation of Internet Exchange Point (IXP)",2024,"","","Steps used to optimize costs of international connectivity",,,,
11902,"tpInterInternetConn_StepsOptimize","Steps used to optimize costs of international connectivity",,,93,"GNB","Guinea-Bissau","Implementation of Internet Exchange Point (IXP)",2024,"","","Steps used to optimize costs of international connectivity",,,,
11902,"tpInterInternetConn_StepsOptimize","Steps used to optimize costs of international connectivity",,,94,"GNQ","Equatorial Guinea","Other,",2017,"","","Steps used to optimize costs of international connectivity",,,,
11902,"tpInterInternetConn_StepsOptimize","Steps used to optimize costs of international connectivity",,,94,"GNQ","Equatorial Guinea","Other,",2018,"","","Steps used to optimize costs of international connectivity",,,,
11902,"tpInterInternetConn_StepsOptimize","Steps used to optimize costs of international connectivity",,,94,"GNQ","Equatorial Guinea","Other,",2021,"","","Steps used to optimize costs of international connectivity",,,,
11902,"tpInterInternetConn_StepsOptimize","Steps used to optimize costs of international connectivity",,,94,"GNQ","Equatorial Guinea","Other,",2022,"","","Steps used to optimize costs of international connectivity",,,,
11902,"tpInterInternetConn_StepsOptimize","Steps used to optimize costs of international connectivity",,,94,"GNQ","Equatorial Guinea","Other,",2023,"Regulación de precios mayoristas y minoristas Glide path desde el año 2018 tomando como referencia los precios de los paises de la CEMAC. Ultima revisión OM 3/2022","","Steps used to optimize costs of international connectivity",,,,
11902,"tpInterInternetConn_StepsOptimize","Steps used to optimize costs of international connectivity",,,95,"GRC","Greece","Implementation of Internet Exchange Point (IXP)",2014,"","","Steps used to optimize costs of international connectivity",,,,
11902,"tpInterInternetConn_StepsOptimize","Steps used to optimize costs of international connectivity",,,95,"GRC","Greece","Implementation of Internet Exchange Point (IXP)",2015,"","","Steps used to optimize costs of international connectivity",,,,
11902,"tpInterInternetConn_StepsOptimize","Steps used to optimize costs of international connectivity",,,95,"GRC","Greece","Implementation of Internet Exchange Point (IXP)",2016,"","","Steps used to optimize costs of international connectivity",,,,
11902,"tpInterInternetConn_StepsOptimize","Steps used to optimize costs of international connectivity",,,95,"GRC","Greece","Implementation of Internet Exchange Point (IXP)",2017,"","","Steps used to optimize costs of international connectivity",,,,
11902,"tpInterInternetConn_StepsOptimize","Steps used to optimize costs of international connectivity",,,95,"GRC","Greece","Implementation of Internet Exchange Point (IXP)",2018,"","","Steps used to optimize costs of international connectivity",,,,
11902,"tpInterInternetConn_StepsOptimize","Steps used to optimize costs of international connectivity",,,95,"GRC","Greece","Implementation of Internet Exchange Point (IXP)",2019,"","","Steps used to optimize costs of international connectivity",,,,
11902,"tpInterInternetConn_StepsOptimize","Steps used to optimize costs of international connectivity",,,95,"GRC","Greece","Implementation of Internet Exchange Point (IXP)",2020,"","","Steps used to optimize costs of international connectivity",,,,
11902,"tpInterInternetConn_StepsOptimize","Steps used to optimize costs of international connectivity",,,95,"GRC","Greece","Implementation of Internet Exchange Point (IXP)",2021,"","","Steps used to optimize costs of international connectivity",,,,
11902,"tpInterInternetConn_StepsOptimize","Steps used to optimize costs of international connectivity",,,95,"GRC","Greece","Implementation of Internet Exchange Point (IXP)",2022,"","","Steps used to optimize costs of international connectivity",,,,
11902,"tpInterInternetConn_StepsOptimize","Steps used to optimize costs of international connectivity",,,95,"GRC","Greece","Implementation of Internet Exchange Point (IXP)",2023,"","","Steps used to optimize costs of international connectivity",,,,
11902,"tpInterInternetConn_StepsOptimize","Steps used to optimize costs of international connectivity",,,95,"GRC","Greece","Implementation of Internet Exchange Point (IXP)",2024,"","","Steps used to optimize costs of international connectivity",,,,
11902,"tpInterInternetConn_StepsOptimize","Steps used to optimize costs of international connectivity",,,96,"GRD","Grenada","Implementation of Internet Exchange Point (IXP)",2018,"","","Steps used to optimize costs of international connectivity",,,,
11902,"tpInterInternetConn_StepsOptimize","Steps used to optimize costs of international connectivity",,,96,"GRD","Grenada","Implementation of Internet Exchange Point (IXP)",2019,"","","Steps used to optimize costs of international connectivity",,,,
11902,"tpInterInternetConn_StepsOptimize","Steps used to optimize costs of international connectivity",,,96,"GRD","Grenada","Implementation of Internet Exchange Point (IXP)",2020,"","","Steps used to optimize costs of international connectivity",,,,
11902,"tpInterInternetConn_StepsOptimize","Steps used to optimize costs of international connectivity",,,96,"GRD","Grenada","Implementation of Internet Exchange Point (IXP)",2022,"","","Steps used to optimize costs of international connectivity",,,,
11902,"tpInterInternetConn_StepsOptimize","Steps used to optimize costs of international connectivity",,,98,"GTM","Guatemala","Other,",2017,"Right now, ISPs are working on the implementation of a national IXP. the first in the country. you have the donation of a team and many isp's interested in being part of it","","Steps used to optimize costs of international connectivity",,,,
11902,"tpInterInternetConn_StepsOptimize","Steps used to optimize costs of international connectivity",,,98,"GTM","Guatemala","Hosting of most frequently visited web sites (e.g. search engines, Data Centers, Content delivery network (CDN), Cache Servers, etc.)",2018,"Right now, ISPs are working on the implementation of a national IXP. the first in the country. you have the donation of a team and many ISP's interested in being part of it","","Steps used to optimize costs of international connectivity",,,,
11902,"tpInterInternetConn_StepsOptimize","Steps used to optimize costs of international connectivity",,,100,"GIN","Guinea","Other,",2014,"","","Steps used to optimize costs of international connectivity",,,,
11902,"tpInterInternetConn_StepsOptimize","Steps used to optimize costs of international connectivity",,,100,"GIN","Guinea","Implementation of Internet Exchange Point (IXP)",2020,"","","Steps used to optimize costs of international connectivity",,,,
11902,"tpInterInternetConn_StepsOptimize","Steps used to optimize costs of international connectivity",,,100,"GIN","Guinea","Implementation of Internet Exchange Point (IXP)",2021,"","","Steps used to optimize costs of international connectivity",,,,
11902,"tpInterInternetConn_StepsOptimize","Steps used to optimize costs of international connectivity",,,100,"GIN","Guinea","Implementation of Internet Exchange Point (IXP)",2022,"","","Steps used to optimize costs of international connectivity",,,,
11902,"tpInterInternetConn_StepsOptimize","Steps used to optimize costs of international connectivity",,,100,"GIN","Guinea","Implementation of Internet Exchange Point (IXP)",2023,"","","Steps used to optimize costs of international connectivity",,,,
11902,"tpInterInternetConn_StepsOptimize","Steps used to optimize costs of international connectivity",,,100,"GIN","Guinea","Implementation of Internet Exchange Point (IXP)",2024,"","","Steps used to optimize costs of international connectivity",,,,
11902,"tpInterInternetConn_StepsOptimize","Steps used to optimize costs of international connectivity",,,103,"HKG","Hong Kong, China","Implementation of Internet Exchange Point (IXP)",2011,"","","Steps used to optimize costs of international connectivity",,,,
11902,"tpInterInternetConn_StepsOptimize","Steps used to optimize costs of international connectivity",,,103,"HKG","Hong Kong, China","Implementation of Internet Exchange Point (IXP)",2012,"","","Steps used to optimize costs of international connectivity",,,,
11902,"tpInterInternetConn_StepsOptimize","Steps used to optimize costs of international connectivity",,,103,"HKG","Hong Kong, China","Other,",2013,"We do not regulate the international Internet connectivity. ","","Steps used to optimize costs of international connectivity",,,,
11902,"tpInterInternetConn_StepsOptimize","Steps used to optimize costs of international connectivity",,,104,"HND","Honduras","Implementation of Internet Exchange Point (IXP)",2010,"","","Steps used to optimize costs of international connectivity",,,,
11902,"tpInterInternetConn_StepsOptimize","Steps used to optimize costs of international connectivity",,,104,"HND","Honduras","Other,",2011,"En la actualidad se están realizando estudios para la factibilidad técnica y económica de un NAP nacional.","","Steps used to optimize costs of international connectivity",,,,
11902,"tpInterInternetConn_StepsOptimize","Steps used to optimize costs of international connectivity",,,104,"HND","Honduras","Implementation of Internet Exchange Point (IXP)",2015,"","","Steps used to optimize costs of international connectivity",,,,
11902,"tpInterInternetConn_StepsOptimize","Steps used to optimize costs of international connectivity",,,104,"HND","Honduras","Implementation of Internet Exchange Point (IXP)",2016,"","","Steps used to optimize costs of international connectivity",,,,
11902,"tpInterInternetConn_StepsOptimize","Steps used to optimize costs of international connectivity",,,104,"HND","Honduras","Implementation of Internet Exchange Point (IXP)",2017,"","","Steps used to optimize costs of international connectivity",,,,
11902,"tpInterInternetConn_StepsOptimize","Steps used to optimize costs of international connectivity",,,104,"HND","Honduras","Implementation of Internet Exchange Point (IXP)",2019,"","","Steps used to optimize costs of international connectivity",,,,
11902,"tpInterInternetConn_StepsOptimize","Steps used to optimize costs of international connectivity",,,104,"HND","Honduras","Implementation of Internet Exchange Point (IXP)",2020,"Todas las anteriores.","","Steps used to optimize costs of international connectivity",,,,
11902,"tpInterInternetConn_StepsOptimize","Steps used to optimize costs of international connectivity",,,104,"HND","Honduras","Implementation of Internet Exchange Point (IXP)",2021,"","","Steps used to optimize costs of international connectivity",,,,
11902,"tpInterInternetConn_StepsOptimize","Steps used to optimize costs of international connectivity",,,104,"HND","Honduras","Other,",2022,"Todas las anteriores.","","Steps used to optimize costs of international connectivity",,,,
11902,"tpInterInternetConn_StepsOptimize","Steps used to optimize costs of international connectivity",,,104,"HND","Honduras",,2023,"Todas las anteriores.","","Steps used to optimize costs of international connectivity","Implementation of Internet Exchange Point (IXP)","Other,",,
11902,"tpInterInternetConn_StepsOptimize","Steps used to optimize costs of international connectivity",,,104,"HND","Honduras",,2024,"Todas las anteriores.","","Steps used to optimize costs of international connectivity","Implementation of Internet Exchange Point (IXP)","Other,",,
11902,"tpInterInternetConn_StepsOptimize","Steps used to optimize costs of international connectivity",,,105,"HUN","Hungary","Implementation of Internet Exchange Point (IXP)",2016,"","","Steps used to optimize costs of international connectivity",,,,
11902,"tpInterInternetConn_StepsOptimize","Steps used to optimize costs of international connectivity",,,105,"HUN","Hungary","Implementation of Internet Exchange Point (IXP)",2017,"","","Steps used to optimize costs of international connectivity",,,,
11902,"tpInterInternetConn_StepsOptimize","Steps used to optimize costs of international connectivity",,,105,"HUN","Hungary","Implementation of Internet Exchange Point (IXP)",2018,"","","Steps used to optimize costs of international connectivity",,,,
11902,"tpInterInternetConn_StepsOptimize","Steps used to optimize costs of international connectivity",,,105,"HUN","Hungary","Implementation of Internet Exchange Point (IXP)",2019,"","","Steps used to optimize costs of international connectivity",,,,
11902,"tpInterInternetConn_StepsOptimize","Steps used to optimize costs of international connectivity",,,105,"HUN","Hungary","Implementation of Internet Exchange Point (IXP)",2020,"","","Steps used to optimize costs of international connectivity",,,,
11902,"tpInterInternetConn_StepsOptimize","Steps used to optimize costs of international connectivity",,,105,"HUN","Hungary","Implementation of Internet Exchange Point (IXP)",2021,"","","Steps used to optimize costs of international connectivity",,,,
11902,"tpInterInternetConn_StepsOptimize","Steps used to optimize costs of international connectivity",,,105,"HUN","Hungary","Implementation of Internet Exchange Point (IXP)",2022,"","","Steps used to optimize costs of international connectivity",,,,
11902,"tpInterInternetConn_StepsOptimize","Steps used to optimize costs of international connectivity",,,105,"HUN","Hungary","Implementation of Internet Exchange Point (IXP)",2023,"","","Steps used to optimize costs of international connectivity",,,,
11902,"tpInterInternetConn_StepsOptimize","Steps used to optimize costs of international connectivity",,,107,"HRV","Croatia","Implementation of Internet Exchange Point (IXP)",2011,"","","Steps used to optimize costs of international connectivity",,,,
11902,"tpInterInternetConn_StepsOptimize","Steps used to optimize costs of international connectivity",,,107,"HRV","Croatia","Implementation of Internet Exchange Point (IXP)",2016,"","","Steps used to optimize costs of international connectivity",,,,
11902,"tpInterInternetConn_StepsOptimize","Steps used to optimize costs of international connectivity",,,107,"HRV","Croatia","Implementation of Internet Exchange Point (IXP)",2017,"","","Steps used to optimize costs of international connectivity",,,,
11902,"tpInterInternetConn_StepsOptimize","Steps used to optimize costs of international connectivity",,,107,"HRV","Croatia","Implementation of Internet Exchange Point (IXP)",2018,"","","Steps used to optimize costs of international connectivity",,,,
11902,"tpInterInternetConn_StepsOptimize","Steps used to optimize costs of international connectivity",,,107,"HRV","Croatia","Implementation of Internet Exchange Point (IXP)",2019,"","","Steps used to optimize costs of international connectivity",,,,
11902,"tpInterInternetConn_StepsOptimize","Steps used to optimize costs of international connectivity",,,107,"HRV","Croatia","Implementation of Internet Exchange Point (IXP)",2020,"","","Steps used to optimize costs of international connectivity",,,,
11902,"tpInterInternetConn_StepsOptimize","Steps used to optimize costs of international connectivity",,,107,"HRV","Croatia","Implementation of Internet Exchange Point (IXP)",2021,"","","Steps used to optimize costs of international connectivity",,,,
11902,"tpInterInternetConn_StepsOptimize","Steps used to optimize costs of international connectivity",,,107,"HRV","Croatia","Implementation of Internet Exchange Point (IXP)",2022,"","","Steps used to optimize costs of international connectivity",,,,
11902,"tpInterInternetConn_StepsOptimize","Steps used to optimize costs of international connectivity",,,107,"HRV","Croatia","Implementation of Internet Exchange Point (IXP)",2023,"","","Steps used to optimize costs of international connectivity",,,,
11902,"tpInterInternetConn_StepsOptimize","Steps used to optimize costs of international connectivity",,,107,"HRV","Croatia","Implementation of Internet Exchange Point (IXP)",2024,"","","Steps used to optimize costs of international connectivity",,,,
11902,"tpInterInternetConn_StepsOptimize","Steps used to optimize costs of international connectivity",,,108,"HTI","Haiti","Implementation of Internet Exchange Point (IXP)",2014,"","","Steps used to optimize costs of international connectivity",,,,
11902,"tpInterInternetConn_StepsOptimize","Steps used to optimize costs of international connectivity",,,108,"HTI","Haiti","Implementation of Internet Exchange Point (IXP)",2015,"","","Steps used to optimize costs of international connectivity",,,,
11902,"tpInterInternetConn_StepsOptimize","Steps used to optimize costs of international connectivity",,,108,"HTI","Haiti","Implementation of Internet Exchange Point (IXP)",2016,"","","Steps used to optimize costs of international connectivity",,,,
11902,"tpInterInternetConn_StepsOptimize","Steps used to optimize costs of international connectivity",,,108,"HTI","Haiti","Hosting of most frequently visited web sites (e.g. search engines, Data Centers, Content delivery network (CDN), Cache Servers, etc.)",2017,"","","Steps used to optimize costs of international connectivity",,,,
11902,"tpInterInternetConn_StepsOptimize","Steps used to optimize costs of international connectivity",,,108,"HTI","Haiti","Hosting of most frequently visited web sites (e.g. search engines, Data Centers, Content delivery network (CDN), Cache Servers, etc.)",2018,"","","Steps used to optimize costs of international connectivity",,,,
11902,"tpInterInternetConn_StepsOptimize","Steps used to optimize costs of international connectivity",,,108,"HTI","Haiti","Implementation of Internet Exchange Point (IXP)",2022,"","","Steps used to optimize costs of international connectivity",,,,
11902,"tpInterInternetConn_StepsOptimize","Steps used to optimize costs of international connectivity",,,113,"IND","India","Implementation of Internet Exchange Point (IXP)",2010,"","","Steps used to optimize costs of international connectivity",,,,
11902,"tpInterInternetConn_StepsOptimize","Steps used to optimize costs of international connectivity",,,113,"IND","India","Implementation of Internet Exchange Point (IXP)",2011,"","","Steps used to optimize costs of international connectivity",,,,
11902,"tpInterInternetConn_StepsOptimize","Steps used to optimize costs of international connectivity",,,113,"IND","India","Implementation of Internet Exchange Point (IXP)",2013,"","","Steps used to optimize costs of international connectivity",,,,
11902,"tpInterInternetConn_StepsOptimize","Steps used to optimize costs of international connectivity",,,113,"IND","India","Implementation of Internet Exchange Point (IXP)",2014,"","","Steps used to optimize costs of international connectivity",,,,
11902,"tpInterInternetConn_StepsOptimize","Steps used to optimize costs of international connectivity",,,113,"IND","India","Implementation of Internet Exchange Point (IXP)",2015,"","","Steps used to optimize costs of international connectivity",,,,
11902,"tpInterInternetConn_StepsOptimize","Steps used to optimize costs of international connectivity",,,113,"IND","India","Implementation of Internet Exchange Point (IXP)",2022,"All of the above steps","","Steps used to optimize costs of international connectivity",,,,
11902,"tpInterInternetConn_StepsOptimize","Steps used to optimize costs of international connectivity",,,113,"IND","India","Other,",2023,"All of the above steps","","Steps used to optimize costs of international connectivity",,,,
11902,"tpInterInternetConn_StepsOptimize","Steps used to optimize costs of international connectivity",,,113,"IND","India","Other,",2024,"All of the above steps","","Steps used to optimize costs of international connectivity",,,,
11902,"tpInterInternetConn_StepsOptimize","Steps used to optimize costs of international connectivity",,,114,"IDN","Indonesia","Implementation of Internet Exchange Point (IXP)",2010,"","","Steps used to optimize costs of international connectivity",,,,
11902,"tpInterInternetConn_StepsOptimize","Steps used to optimize costs of international connectivity",,,114,"IDN","Indonesia","Implementation of Internet Exchange Point (IXP)",2011,"","","Steps used to optimize costs of international connectivity",,,,
11902,"tpInterInternetConn_StepsOptimize","Steps used to optimize costs of international connectivity",,,115,"IRL","Ireland","Implementation of Internet Exchange Point (IXP)",2020,"other: and hosting of most frequently visited web sites","","Steps used to optimize costs of international connectivity",,,,
11902,"tpInterInternetConn_StepsOptimize","Steps used to optimize costs of international connectivity",,,115,"IRL","Ireland","Implementation of Internet Exchange Point (IXP)",2021,"","","Steps used to optimize costs of international connectivity",,,,
11902,"tpInterInternetConn_StepsOptimize","Steps used to optimize costs of international connectivity",,,115,"IRL","Ireland","Implementation of Internet Exchange Point (IXP)",2022,"and hosting of most frequently visited websites","","Steps used to optimize costs of international connectivity",,,,
11902,"tpInterInternetConn_StepsOptimize","Steps used to optimize costs of international connectivity",,,116,"IRN","Iran (Islamic Republic of)","Hosting of most frequently visited web sites (e.g. search engines, Data Centers, Content delivery network (CDN), Cache Servers, etc.)",2014,"","","Steps used to optimize costs of international connectivity",,,,
11902,"tpInterInternetConn_StepsOptimize","Steps used to optimize costs of international connectivity",,,116,"IRN","Iran (Islamic Republic of)","Hosting of most frequently visited web sites (e.g. search engines, Data Centers, Content delivery network (CDN), Cache Servers, etc.)",2016,"","","Steps used to optimize costs of international connectivity",,,,
11902,"tpInterInternetConn_StepsOptimize","Steps used to optimize costs of international connectivity",,,116,"IRN","Iran (Islamic Republic of)","Other,",2017,"","","Steps used to optimize costs of international connectivity",,,,
11902,"tpInterInternetConn_StepsOptimize","Steps used to optimize costs of international connectivity",,,116,"IRN","Iran (Islamic Republic of)","Other,",2018,"","","Steps used to optimize costs of international connectivity",,,,
11902,"tpInterInternetConn_StepsOptimize","Steps used to optimize costs of international connectivity",,,116,"IRN","Iran (Islamic Republic of)","Other,",2019,"","","Steps used to optimize costs of international connectivity",,,,
11902,"tpInterInternetConn_StepsOptimize","Steps used to optimize costs of international connectivity",,,116,"IRN","Iran (Islamic Republic of)","Other,",2020,"","","Steps used to optimize costs of international connectivity",,,,
11902,"tpInterInternetConn_StepsOptimize","Steps used to optimize costs of international connectivity",,,116,"IRN","Iran (Islamic Republic of)","Other,",2021,"","","Steps used to optimize costs of international connectivity",,,,
11902,"tpInterInternetConn_StepsOptimize","Steps used to optimize costs of international connectivity",,,116,"IRN","Iran (Islamic Republic of)","Other,",2022,"all above","","Steps used to optimize costs of international connectivity",,,,
11902,"tpInterInternetConn_StepsOptimize","Steps used to optimize costs of international connectivity",,,116,"IRN","Iran (Islamic Republic of)","Other,",2023,"all above","","Steps used to optimize costs of international connectivity",,,,
11902,"tpInterInternetConn_StepsOptimize","Steps used to optimize costs of international connectivity",,,116,"IRN","Iran (Islamic Republic of)","Other,",2024,"all above","","Steps used to optimize costs of international connectivity",,,,
11902,"tpInterInternetConn_StepsOptimize","Steps used to optimize costs of international connectivity",,,117,"IRQ","Iraq","Hosting of most frequently visited web sites (e.g. search engines, Data Centers, Content delivery network (CDN), Cache Servers, etc.)",2019,"","","Steps used to optimize costs of international connectivity",,,,
11902,"tpInterInternetConn_StepsOptimize","Steps used to optimize costs of international connectivity",,,117,"IRQ","Iraq","Hosting of most frequently visited web sites (e.g. search engines, Data Centers, Content delivery network (CDN), Cache Servers, etc.)",2020,"","","Steps used to optimize costs of international connectivity",,,,
11902,"tpInterInternetConn_StepsOptimize","Steps used to optimize costs of international connectivity",,,117,"IRQ","Iraq","Hosting of most frequently visited web sites (e.g. search engines, Data Centers, Content delivery network (CDN), Cache Servers, etc.)",2021,"","","Steps used to optimize costs of international connectivity",,,,
11902,"tpInterInternetConn_StepsOptimize","Steps used to optimize costs of international connectivity",,,117,"IRQ","Iraq","Hosting of most frequently visited web sites (e.g. search engines, Data Centers, Content delivery network (CDN), Cache Servers, etc.)",2022,"","","Steps used to optimize costs of international connectivity",,,,
11902,"tpInterInternetConn_StepsOptimize","Steps used to optimize costs of international connectivity",,,117,"IRQ","Iraq","Hosting of most frequently visited web sites (e.g. search engines, Data Centers, Content delivery network (CDN), Cache Servers, etc.)",2023,"","","Steps used to optimize costs of international connectivity",,,,
11902,"tpInterInternetConn_StepsOptimize","Steps used to optimize costs of international connectivity",,,117,"IRQ","Iraq","Hosting of most frequently visited web sites (e.g. search engines, Data Centers, Content delivery network (CDN), Cache Servers, etc.)",2024,"","","Steps used to optimize costs of international connectivity",,,,
11902,"tpInterInternetConn_StepsOptimize","Steps used to optimize costs of international connectivity",,,118,"ISL","Iceland","Implementation of Internet Exchange Point (IXP)",2010,"","","Steps used to optimize costs of international connectivity",,,,
11902,"tpInterInternetConn_StepsOptimize","Steps used to optimize costs of international connectivity",,,118,"ISL","Iceland","Other,",2011,"","","Steps used to optimize costs of international connectivity",,,,
11902,"tpInterInternetConn_StepsOptimize","Steps used to optimize costs of international connectivity",,,118,"ISL","Iceland","Other,",2013,"","","Steps used to optimize costs of international connectivity",,,,
11902,"tpInterInternetConn_StepsOptimize","Steps used to optimize costs of international connectivity",,,118,"ISL","Iceland","Other,",2014,"Public private partnership under state aid guidelines for neccessary infrastructure","","Steps used to optimize costs of international connectivity",,,,
11902,"tpInterInternetConn_StepsOptimize","Steps used to optimize costs of international connectivity",,,118,"ISL","Iceland","Other,",2015,"","","Steps used to optimize costs of international connectivity",,,,
11902,"tpInterInternetConn_StepsOptimize","Steps used to optimize costs of international connectivity",,,118,"ISL","Iceland","Other,",2016,"","","Steps used to optimize costs of international connectivity",,,,
11902,"tpInterInternetConn_StepsOptimize","Steps used to optimize costs of international connectivity",,,119,"ISR","Israel","Other,",2018,"","","Steps used to optimize costs of international connectivity",,,,
11902,"tpInterInternetConn_StepsOptimize","Steps used to optimize costs of international connectivity",,,119,"ISR","Israel","Other,",2019,"","","Steps used to optimize costs of international connectivity",,,,
11902,"tpInterInternetConn_StepsOptimize","Steps used to optimize costs of international connectivity",,,119,"ISR","Israel","Other,",2020,"","","Steps used to optimize costs of international connectivity",,,,
11902,"tpInterInternetConn_StepsOptimize","Steps used to optimize costs of international connectivity",,,119,"ISR","Israel","Other,",2021,"","","Steps used to optimize costs of international connectivity",,,,
11902,"tpInterInternetConn_StepsOptimize","Steps used to optimize costs of international connectivity",,,119,"ISR","Israel","Other,",2022,"by operators: Implementation of Internet Exchange Point (IXP), Hosting of most frequently visited web sites (e.g. search engines, Data Centers, Content delivery network (CDN), Cache Servers, etc.)","","Steps used to optimize costs of international connectivity",,,,
11902,"tpInterInternetConn_StepsOptimize","Steps used to optimize costs of international connectivity",,,119,"ISR","Israel","Other,",2023,"by operators: Implementation of Internet Exchange Point (IXP), Hosting of most frequently visited web sites (e.g. search engines, Data Centers, Content delivery network (CDN), Cache Servers, etc.)","","Steps used to optimize costs of international connectivity",,,,
11902,"tpInterInternetConn_StepsOptimize","Steps used to optimize costs of international connectivity",,,122,"JAM","Jamaica","Other,",2010,"","","Steps used to optimize costs of international connectivity",,,,
11902,"tpInterInternetConn_StepsOptimize","Steps used to optimize costs of international connectivity",,,122,"JAM","Jamaica","Implementation of Internet Exchange Point (IXP)",2014,"","","Steps used to optimize costs of international connectivity",,,,
11902,"tpInterInternetConn_StepsOptimize","Steps used to optimize costs of international connectivity",,,122,"JAM","Jamaica","Implementation of Internet Exchange Point (IXP)",2015,"","","Steps used to optimize costs of international connectivity",,,,
11902,"tpInterInternetConn_StepsOptimize","Steps used to optimize costs of international connectivity",,,122,"JAM","Jamaica","Implementation of Internet Exchange Point (IXP)",2016,"","","Steps used to optimize costs of international connectivity",,,,
11902,"tpInterInternetConn_StepsOptimize","Steps used to optimize costs of international connectivity",,,122,"JAM","Jamaica","Implementation of Internet Exchange Point (IXP)",2017,"","","Steps used to optimize costs of international connectivity",,,,
11902,"tpInterInternetConn_StepsOptimize","Steps used to optimize costs of international connectivity",,,122,"JAM","Jamaica","Implementation of Internet Exchange Point (IXP)",2018,"","","Steps used to optimize costs of international connectivity",,,,
11902,"tpInterInternetConn_StepsOptimize","Steps used to optimize costs of international connectivity",,,122,"JAM","Jamaica","Implementation of Internet Exchange Point (IXP)",2019,"","","Steps used to optimize costs of international connectivity",,,,
11902,"tpInterInternetConn_StepsOptimize","Steps used to optimize costs of international connectivity",,,122,"JAM","Jamaica","Implementation of Internet Exchange Point (IXP)",2021,"","","Steps used to optimize costs of international connectivity",,,,
11902,"tpInterInternetConn_StepsOptimize","Steps used to optimize costs of international connectivity",,,124,"JOR","Jordan","Encourage the development of local content",2012,"","","Steps used to optimize costs of international connectivity",,,,
11902,"tpInterInternetConn_StepsOptimize","Steps used to optimize costs of international connectivity",,,124,"JOR","Jordan","Other,",2018,"","","Steps used to optimize costs of international connectivity",,,,
11902,"tpInterInternetConn_StepsOptimize","Steps used to optimize costs of international connectivity",,,124,"JOR","Jordan","Other,",2019,"","","Steps used to optimize costs of international connectivity",,,,
11902,"tpInterInternetConn_StepsOptimize","Steps used to optimize costs of international connectivity",,,124,"JOR","Jordan","Implementation of Internet Exchange Point (IXP)",2021,"","","Steps used to optimize costs of international connectivity",,,,
11902,"tpInterInternetConn_StepsOptimize","Steps used to optimize costs of international connectivity",,,124,"JOR","Jordan","Implementation of Internet Exchange Point (IXP)",2022,"","","Steps used to optimize costs of international connectivity",,,,
11902,"tpInterInternetConn_StepsOptimize","Steps used to optimize costs of international connectivity",,,124,"JOR","Jordan","Implementation of Internet Exchange Point (IXP)",2023,"","","Steps used to optimize costs of international connectivity",,,,
11902,"tpInterInternetConn_StepsOptimize","Steps used to optimize costs of international connectivity",,,124,"JOR","Jordan","Implementation of Internet Exchange Point (IXP)",2024,"","","Steps used to optimize costs of international connectivity",,,,
11902,"tpInterInternetConn_StepsOptimize","Steps used to optimize costs of international connectivity",,,125,"KEN","Kenya","Implementation of Internet Exchange Point (IXP)",2010,"","","Steps used to optimize costs of international connectivity",,,,
11902,"tpInterInternetConn_StepsOptimize","Steps used to optimize costs of international connectivity",,,125,"KEN","Kenya","Implementation of Internet Exchange Point (IXP)",2012,"","","Steps used to optimize costs of international connectivity",,,,
11902,"tpInterInternetConn_StepsOptimize","Steps used to optimize costs of international connectivity",,,125,"KEN","Kenya","Encourage the development of local content",2013,"","","Steps used to optimize costs of international connectivity",,,,
11902,"tpInterInternetConn_StepsOptimize","Steps used to optimize costs of international connectivity",,,125,"KEN","Kenya","Implementation of Internet Exchange Point (IXP)",2014,"","","Steps used to optimize costs of international connectivity",,,,
11902,"tpInterInternetConn_StepsOptimize","Steps used to optimize costs of international connectivity",,,125,"KEN","Kenya","Encourage the development of local content",2015,"","","Steps used to optimize costs of international connectivity",,,,
11902,"tpInterInternetConn_StepsOptimize","Steps used to optimize costs of international connectivity",,,125,"KEN","Kenya","Implementation of Internet Exchange Point (IXP)",2021,"","","Steps used to optimize costs of international connectivity",,,,
11902,"tpInterInternetConn_StepsOptimize","Steps used to optimize costs of international connectivity",,,128,"KOR","Korea (Rep. of)","Other,",2010,"","","Steps used to optimize costs of international connectivity",,,,
11902,"tpInterInternetConn_StepsOptimize","Steps used to optimize costs of international connectivity",,,128,"KOR","Korea (Rep. of)","Implementation of Internet Exchange Point (IXP)",2019,"It doesn't allow us to choose mutiple answers.Please note that we would click both IXP and hosting of most frequently visited websites.","","Steps used to optimize costs of international connectivity",,,,
11902,"tpInterInternetConn_StepsOptimize","Steps used to optimize costs of international connectivity",,,128,"KOR","Korea (Rep. of)","Hosting of most frequently visited web sites (e.g. search engines, Data Centers, Content delivery network (CDN), Cache Servers, etc.)",2020,"","","Steps used to optimize costs of international connectivity",,,,
11902,"tpInterInternetConn_StepsOptimize","Steps used to optimize costs of international connectivity",,,130,"KWT","Kuwait","Other,",2017,"","","Steps used to optimize costs of international connectivity",,,,
11902,"tpInterInternetConn_StepsOptimize","Steps used to optimize costs of international connectivity",,,130,"KWT","Kuwait","Other,",2018,"Implementation of Internet Exchange Point (IXP) All the above:Hosting of most frequently visited web sites (e.g. search engines, Data Centers, Content delivery network (CDN), Cache Servers, etc.) Encourage the development of local content ","","Steps used to optimize costs of international connectivity",,,,
11902,"tpInterInternetConn_StepsOptimize","Steps used to optimize costs of international connectivity",,,130,"KWT","Kuwait","Other,",2019,"Implementation of Internet Exchange Point (IXP) All the above: Hosting of most frequently visited web sites (e.g. search engines, Data Centers, Content delivery network (CDN), Cache Servers, etc.) Encourage the development of local content ","","Steps used to optimize costs of international connectivity",,,,
11902,"tpInterInternetConn_StepsOptimize","Steps used to optimize costs of international connectivity",,,130,"KWT","Kuwait","Other,",2020,"Implementation of Internet Exchange Point (IXP) All the above: Hosting of most frequently visited web sites (e.g. search engines, Data Centers, Content delivery network (CDN), Cache Servers, etc.) Encourage the development of local content ","","Steps used to optimize costs of international connectivity",,,,
11902,"tpInterInternetConn_StepsOptimize","Steps used to optimize costs of international connectivity",,,130,"KWT","Kuwait","Other,",2021,"","","Steps used to optimize costs of international connectivity",,,,
11902,"tpInterInternetConn_StepsOptimize","Steps used to optimize costs of international connectivity",,,130,"KWT","Kuwait","Other,",2022,"all of the above","","Steps used to optimize costs of international connectivity",,,,
11902,"tpInterInternetConn_StepsOptimize","Steps used to optimize costs of international connectivity",,,130,"KWT","Kuwait","Other,",2023,"all of the above","","Steps used to optimize costs of international connectivity",,,,
11902,"tpInterInternetConn_StepsOptimize","Steps used to optimize costs of international connectivity",,,130,"KWT","Kuwait","Other,",2024,"","","Steps used to optimize costs of international connectivity",,,,
11902,"tpInterInternetConn_StepsOptimize","Steps used to optimize costs of international connectivity",,,131,"LAO","Lao P.D.R.","Implementation of Internet Exchange Point (IXP)",2016,"","","Steps used to optimize costs of international connectivity",,,,
11902,"tpInterInternetConn_StepsOptimize","Steps used to optimize costs of international connectivity",,,131,"LAO","Lao P.D.R.","Hosting of most frequently visited web sites (e.g. search engines, Data Centers, Content delivery network (CDN), Cache Servers, etc.)",2021,"Lao Internet Center (LANIC)","","Steps used to optimize costs of international connectivity",,,,
11902,"tpInterInternetConn_StepsOptimize","Steps used to optimize costs of international connectivity",,,131,"LAO","Lao P.D.R.","Hosting of most frequently visited web sites (e.g. search engines, Data Centers, Content delivery network (CDN), Cache Servers, etc.)",2022,"","","Steps used to optimize costs of international connectivity",,,,
11902,"tpInterInternetConn_StepsOptimize","Steps used to optimize costs of international connectivity",,,131,"LAO","Lao P.D.R.","Hosting of most frequently visited web sites (e.g. search engines, Data Centers, Content delivery network (CDN), Cache Servers, etc.)",2023,"","","Steps used to optimize costs of international connectivity",,,,
11902,"tpInterInternetConn_StepsOptimize","Steps used to optimize costs of international connectivity",,,132,"LBN","Lebanon","Implementation of Internet Exchange Point (IXP)",2010,"","","Steps used to optimize costs of international connectivity",,,,
11902,"tpInterInternetConn_StepsOptimize","Steps used to optimize costs of international connectivity",,,132,"LBN","Lebanon","Implementation of Internet Exchange Point (IXP)",2011,"","","Steps used to optimize costs of international connectivity",,,,
11902,"tpInterInternetConn_StepsOptimize","Steps used to optimize costs of international connectivity",,,132,"LBN","Lebanon","Implementation of Internet Exchange Point (IXP)",2014,"","","Steps used to optimize costs of international connectivity",,,,
11902,"tpInterInternetConn_StepsOptimize","Steps used to optimize costs of international connectivity",,,133,"LBR","Liberia","Implementation of Internet Exchange Point (IXP)",2018,"Question 9.9) other steps include hosting of most frequently visited web sites, Encouraging the development of local content","","Steps used to optimize costs of international connectivity",,,,
11902,"tpInterInternetConn_StepsOptimize","Steps used to optimize costs of international connectivity",,,133,"LBR","Liberia","Implementation of Internet Exchange Point (IXP)",2021,"Q 9.9 other steps include encouraging the development of local content , hosting of most frequently visited website","","Steps used to optimize costs of international connectivity",,,,
11902,"tpInterInternetConn_StepsOptimize","Steps used to optimize costs of international connectivity",,,133,"LBR","Liberia","Implementation of Internet Exchange Point (IXP)",2022,"Q 9.9 other steps include encouraging the development of local content , hosting of most frequently visited website","","Steps used to optimize costs of international connectivity",,,,
11902,"tpInterInternetConn_StepsOptimize","Steps used to optimize costs of international connectivity",,,133,"LBR","Liberia","Implementation of Internet Exchange Point (IXP)",2023,"","","Steps used to optimize costs of international connectivity",,,,
11902,"tpInterInternetConn_StepsOptimize","Steps used to optimize costs of international connectivity",,,134,"LBY","Libya","Other,",2017,"","","Steps used to optimize costs of international connectivity",,,,
11902,"tpInterInternetConn_StepsOptimize","Steps used to optimize costs of international connectivity",,,135,"LCA","Saint Lucia","Other,",2013,"","","Steps used to optimize costs of international connectivity",,,,
11902,"tpInterInternetConn_StepsOptimize","Steps used to optimize costs of international connectivity",,,135,"LCA","Saint Lucia","Implementation of Internet Exchange Point (IXP)",2014,"","","Steps used to optimize costs of international connectivity",,,,
11902,"tpInterInternetConn_StepsOptimize","Steps used to optimize costs of international connectivity",,,135,"LCA","Saint Lucia","Implementation of Internet Exchange Point (IXP)",2015,"","","Steps used to optimize costs of international connectivity",,,,
11902,"tpInterInternetConn_StepsOptimize","Steps used to optimize costs of international connectivity",,,135,"LCA","Saint Lucia","Implementation of Internet Exchange Point (IXP)",2016,"","","Steps used to optimize costs of international connectivity",,,,
11902,"tpInterInternetConn_StepsOptimize","Steps used to optimize costs of international connectivity",,,135,"LCA","Saint Lucia","Implementation of Internet Exchange Point (IXP)",2018,"","","Steps used to optimize costs of international connectivity",,,,
11902,"tpInterInternetConn_StepsOptimize","Steps used to optimize costs of international connectivity",,,135,"LCA","Saint Lucia","Implementation of Internet Exchange Point (IXP)",2019,"","","Steps used to optimize costs of international connectivity",,,,
11902,"tpInterInternetConn_StepsOptimize","Steps used to optimize costs of international connectivity",,,135,"LCA","Saint Lucia","Implementation of Internet Exchange Point (IXP)",2020,"","","Steps used to optimize costs of international connectivity",,,,
11902,"tpInterInternetConn_StepsOptimize","Steps used to optimize costs of international connectivity",,,135,"LCA","Saint Lucia","Implementation of Internet Exchange Point (IXP)",2021,"","","Steps used to optimize costs of international connectivity",,,,
11902,"tpInterInternetConn_StepsOptimize","Steps used to optimize costs of international connectivity",,,135,"LCA","Saint Lucia","Implementation of Internet Exchange Point (IXP)",2022,"","","Steps used to optimize costs of international connectivity",,,,
11902,"tpInterInternetConn_StepsOptimize","Steps used to optimize costs of international connectivity",,,135,"LCA","Saint Lucia","Implementation of Internet Exchange Point (IXP)",2023,"","","Steps used to optimize costs of international connectivity",,,,
11902,"tpInterInternetConn_StepsOptimize","Steps used to optimize costs of international connectivity",,,135,"LCA","Saint Lucia","Implementation of Internet Exchange Point (IXP)",2024,"","","Steps used to optimize costs of international connectivity",,,,
11902,"tpInterInternetConn_StepsOptimize","Steps used to optimize costs of international connectivity",,,136,"LIE","Liechtenstein","Implementation of Internet Exchange Point (IXP)",2011,"IXP privately organized by telecom suppliers. No measures taken by NRA.","","Steps used to optimize costs of international connectivity",,,,
11902,"tpInterInternetConn_StepsOptimize","Steps used to optimize costs of international connectivity",,,136,"LIE","Liechtenstein","Implementation of Internet Exchange Point (IXP)",2012,"IXP privately organized by telecom suppliers","","Steps used to optimize costs of international connectivity",,,,
11902,"tpInterInternetConn_StepsOptimize","Steps used to optimize costs of international connectivity",,,136,"LIE","Liechtenstein","Implementation of Internet Exchange Point (IXP)",2013,"","","Steps used to optimize costs of international connectivity",,,,
11902,"tpInterInternetConn_StepsOptimize","Steps used to optimize costs of international connectivity",,,136,"LIE","Liechtenstein","Implementation of Internet Exchange Point (IXP)",2014,"","","Steps used to optimize costs of international connectivity",,,,
11902,"tpInterInternetConn_StepsOptimize","Steps used to optimize costs of international connectivity",,,136,"LIE","Liechtenstein","Implementation of Internet Exchange Point (IXP)",2015,"","","Steps used to optimize costs of international connectivity",,,,
11902,"tpInterInternetConn_StepsOptimize","Steps used to optimize costs of international connectivity",,,136,"LIE","Liechtenstein","Implementation of Internet Exchange Point (IXP)",2016,"","","Steps used to optimize costs of international connectivity",,,,
11902,"tpInterInternetConn_StepsOptimize","Steps used to optimize costs of international connectivity",,,136,"LIE","Liechtenstein","Implementation of Internet Exchange Point (IXP)",2017,"","","Steps used to optimize costs of international connectivity",,,,
11902,"tpInterInternetConn_StepsOptimize","Steps used to optimize costs of international connectivity",,,136,"LIE","Liechtenstein","Implementation of Internet Exchange Point (IXP)",2018,"","","Steps used to optimize costs of international connectivity",,,,
11902,"tpInterInternetConn_StepsOptimize","Steps used to optimize costs of international connectivity",,,136,"LIE","Liechtenstein","Implementation of Internet Exchange Point (IXP)",2019,"","","Steps used to optimize costs of international connectivity",,,,
11902,"tpInterInternetConn_StepsOptimize","Steps used to optimize costs of international connectivity",,,136,"LIE","Liechtenstein","Implementation of Internet Exchange Point (IXP)",2020,"","","Steps used to optimize costs of international connectivity",,,,
11902,"tpInterInternetConn_StepsOptimize","Steps used to optimize costs of international connectivity",,,136,"LIE","Liechtenstein","Implementation of Internet Exchange Point (IXP)",2021,"The internet exchange point was created by private initiative of ISPs","","Steps used to optimize costs of international connectivity",,,,
11902,"tpInterInternetConn_StepsOptimize","Steps used to optimize costs of international connectivity",,,136,"LIE","Liechtenstein","Implementation of Internet Exchange Point (IXP)",2022,"The internet exchange point was created by private initiative of ISPs.","","Steps used to optimize costs of international connectivity",,,,
11902,"tpInterInternetConn_StepsOptimize","Steps used to optimize costs of international connectivity",,,136,"LIE","Liechtenstein","Implementation of Internet Exchange Point (IXP)",2023,"The internet exchange point was created by private initiative of ISPs","","Steps used to optimize costs of international connectivity",,,,
11902,"tpInterInternetConn_StepsOptimize","Steps used to optimize costs of international connectivity",,,136,"LIE","Liechtenstein","Implementation of Internet Exchange Point (IXP)",2024,"The internet exchange point was created by private initiative of ISPs.","","Steps used to optimize costs of international connectivity",,,,
11902,"tpInterInternetConn_StepsOptimize","Steps used to optimize costs of international connectivity",,,137,"LSO","Lesotho","Implementation of Internet Exchange Point (IXP)",2011,"","","Steps used to optimize costs of international connectivity",,,,
11902,"tpInterInternetConn_StepsOptimize","Steps used to optimize costs of international connectivity",,,137,"LSO","Lesotho","Hosting of most frequently visited web sites (e.g. search engines, Data Centers, Content delivery network (CDN), Cache Servers, etc.)",2013,"","","Steps used to optimize costs of international connectivity",,,,
11902,"tpInterInternetConn_StepsOptimize","Steps used to optimize costs of international connectivity",,,137,"LSO","Lesotho","Hosting of most frequently visited web sites (e.g. search engines, Data Centers, Content delivery network (CDN), Cache Servers, etc.)",2014,"","","Steps used to optimize costs of international connectivity",,,,
11902,"tpInterInternetConn_StepsOptimize","Steps used to optimize costs of international connectivity",,,137,"LSO","Lesotho","Hosting of most frequently visited web sites (e.g. search engines, Data Centers, Content delivery network (CDN), Cache Servers, etc.)",2015,"","","Steps used to optimize costs of international connectivity",,,,
11902,"tpInterInternetConn_StepsOptimize","Steps used to optimize costs of international connectivity",,,137,"LSO","Lesotho","Hosting of most frequently visited web sites (e.g. search engines, Data Centers, Content delivery network (CDN), Cache Servers, etc.)",2016,"","","Steps used to optimize costs of international connectivity",,,,
11902,"tpInterInternetConn_StepsOptimize","Steps used to optimize costs of international connectivity",,,137,"LSO","Lesotho","Hosting of most frequently visited web sites (e.g. search engines, Data Centers, Content delivery network (CDN), Cache Servers, etc.)",2017,"","","Steps used to optimize costs of international connectivity",,,,
11902,"tpInterInternetConn_StepsOptimize","Steps used to optimize costs of international connectivity",,,137,"LSO","Lesotho","Hosting of most frequently visited web sites (e.g. search engines, Data Centers, Content delivery network (CDN), Cache Servers, etc.)",2018,"","","Steps used to optimize costs of international connectivity",,,,
11902,"tpInterInternetConn_StepsOptimize","Steps used to optimize costs of international connectivity",,,137,"LSO","Lesotho","Hosting of most frequently visited web sites (e.g. search engines, Data Centers, Content delivery network (CDN), Cache Servers, etc.)",2019,"","","Steps used to optimize costs of international connectivity",,,,
11902,"tpInterInternetConn_StepsOptimize","Steps used to optimize costs of international connectivity",,,137,"LSO","Lesotho","Implementation of Internet Exchange Point (IXP)",2020,"","","Steps used to optimize costs of international connectivity",,,,
11902,"tpInterInternetConn_StepsOptimize","Steps used to optimize costs of international connectivity",,,137,"LSO","Lesotho","Implementation of Internet Exchange Point (IXP)",2021,"","","Steps used to optimize costs of international connectivity",,,,
11902,"tpInterInternetConn_StepsOptimize","Steps used to optimize costs of international connectivity",,,138,"LTU","Lithuania","Other,",2010,"","","Steps used to optimize costs of international connectivity",,,,
11902,"tpInterInternetConn_StepsOptimize","Steps used to optimize costs of international connectivity",,,138,"LTU","Lithuania","Other,",2011,"","","Steps used to optimize costs of international connectivity",,,,
11902,"tpInterInternetConn_StepsOptimize","Steps used to optimize costs of international connectivity",,,138,"LTU","Lithuania","Other,",2012,"","","Steps used to optimize costs of international connectivity",,,,
11902,"tpInterInternetConn_StepsOptimize","Steps used to optimize costs of international connectivity",,,138,"LTU","Lithuania","Other,",2016,"","","Steps used to optimize costs of international connectivity",,,,
11902,"tpInterInternetConn_StepsOptimize","Steps used to optimize costs of international connectivity",,,138,"LTU","Lithuania","Other,",2017,"","","Steps used to optimize costs of international connectivity",,,,
11902,"tpInterInternetConn_StepsOptimize","Steps used to optimize costs of international connectivity",,,138,"LTU","Lithuania","Other,",2018,"","","Steps used to optimize costs of international connectivity",,,,
11902,"tpInterInternetConn_StepsOptimize","Steps used to optimize costs of international connectivity",,,138,"LTU","Lithuania","Other,",2019,"","","Steps used to optimize costs of international connectivity",,,,
11902,"tpInterInternetConn_StepsOptimize","Steps used to optimize costs of international connectivity",,,138,"LTU","Lithuania","Other,",2020,"","","Steps used to optimize costs of international connectivity",,,,
11902,"tpInterInternetConn_StepsOptimize","Steps used to optimize costs of international connectivity",,,138,"LTU","Lithuania","Other,",2021,"","","Steps used to optimize costs of international connectivity",,,,
11902,"tpInterInternetConn_StepsOptimize","Steps used to optimize costs of international connectivity",,,138,"LTU","Lithuania","Other,",2022,"","","Steps used to optimize costs of international connectivity",,,,
11902,"tpInterInternetConn_StepsOptimize","Steps used to optimize costs of international connectivity",,,138,"LTU","Lithuania","Other,",2023,"","","Steps used to optimize costs of international connectivity",,,,
11902,"tpInterInternetConn_StepsOptimize","Steps used to optimize costs of international connectivity",,,138,"LTU","Lithuania","Other,",2024,"","","Steps used to optimize costs of international connectivity",,,,
11902,"tpInterInternetConn_StepsOptimize","Steps used to optimize costs of international connectivity",,,139,"LUX","Luxembourg","Implementation of Internet Exchange Point (IXP)",2017,"","","Steps used to optimize costs of international connectivity",,,,
11902,"tpInterInternetConn_StepsOptimize","Steps used to optimize costs of international connectivity",,,140,"LVA","Latvia","Other,",2011,"","","Steps used to optimize costs of international connectivity",,,,
11902,"tpInterInternetConn_StepsOptimize","Steps used to optimize costs of international connectivity",,,140,"LVA","Latvia","Other,",2012,"","","Steps used to optimize costs of international connectivity",,,,
11902,"tpInterInternetConn_StepsOptimize","Steps used to optimize costs of international connectivity",,,140,"LVA","Latvia","Other,",2013,"","","Steps used to optimize costs of international connectivity",,,,
11902,"tpInterInternetConn_StepsOptimize","Steps used to optimize costs of international connectivity",,,140,"LVA","Latvia","Other,",2014,"","","Steps used to optimize costs of international connectivity",,,,
11902,"tpInterInternetConn_StepsOptimize","Steps used to optimize costs of international connectivity",,,140,"LVA","Latvia","Other,",2015,"","","Steps used to optimize costs of international connectivity",,,,
11902,"tpInterInternetConn_StepsOptimize","Steps used to optimize costs of international connectivity",,,140,"LVA","Latvia","Other,",2016,"","","Steps used to optimize costs of international connectivity",,,,
11902,"tpInterInternetConn_StepsOptimize","Steps used to optimize costs of international connectivity",,,140,"LVA","Latvia","Other,",2017,"","","Steps used to optimize costs of international connectivity",,,,
11902,"tpInterInternetConn_StepsOptimize","Steps used to optimize costs of international connectivity",,,140,"LVA","Latvia","Other,",2018,"","","Steps used to optimize costs of international connectivity",,,,
11902,"tpInterInternetConn_StepsOptimize","Steps used to optimize costs of international connectivity",,,140,"LVA","Latvia","Other,",2019,"","","Steps used to optimize costs of international connectivity",,,,
11902,"tpInterInternetConn_StepsOptimize","Steps used to optimize costs of international connectivity",,,141,"MAC","Macao, China","Hosting of most frequently visited web sites (e.g. search engines, Data Centers, Content delivery network (CDN), Cache Servers, etc.)",2012,"also request routing is done in some cases.","","Steps used to optimize costs of international connectivity",,,,
11902,"tpInterInternetConn_StepsOptimize","Steps used to optimize costs of international connectivity",,,141,"MAC","Macao, China","Hosting of most frequently visited web sites (e.g. search engines, Data Centers, Content delivery network (CDN), Cache Servers, etc.)",2013,"","","Steps used to optimize costs of international connectivity",,,,
11902,"tpInterInternetConn_StepsOptimize","Steps used to optimize costs of international connectivity",,,141,"MAC","Macao, China","Hosting of most frequently visited web sites (e.g. search engines, Data Centers, Content delivery network (CDN), Cache Servers, etc.)",2014,"","","Steps used to optimize costs of international connectivity",,,,
11902,"tpInterInternetConn_StepsOptimize","Steps used to optimize costs of international connectivity",,,141,"MAC","Macao, China","Hosting of most frequently visited web sites (e.g. search engines, Data Centers, Content delivery network (CDN), Cache Servers, etc.)",2015,"","","Steps used to optimize costs of international connectivity",,,,
11902,"tpInterInternetConn_StepsOptimize","Steps used to optimize costs of international connectivity",,,141,"MAC","Macao, China","Hosting of most frequently visited web sites (e.g. search engines, Data Centers, Content delivery network (CDN), Cache Servers, etc.)",2016,"","","Steps used to optimize costs of international connectivity",,,,
11902,"tpInterInternetConn_StepsOptimize","Steps used to optimize costs of international connectivity",,,142,"MUS","Mauritius","Implementation of Internet Exchange Point (IXP)",2010,"","","Steps used to optimize costs of international connectivity",,,,
11902,"tpInterInternetConn_StepsOptimize","Steps used to optimize costs of international connectivity",,,142,"MUS","Mauritius","Other,",2011,"","","Steps used to optimize costs of international connectivity",,,,
11902,"tpInterInternetConn_StepsOptimize","Steps used to optimize costs of international connectivity",,,142,"MUS","Mauritius","Implementation of Internet Exchange Point (IXP)",2012,"","","Steps used to optimize costs of international connectivity",,,,
11902,"tpInterInternetConn_StepsOptimize","Steps used to optimize costs of international connectivity",,,142,"MUS","Mauritius","Implementation of Internet Exchange Point (IXP)",2013,"Hosting of most frequently visited web sites has also been implemented","","Steps used to optimize costs of international connectivity",,,,
11902,"tpInterInternetConn_StepsOptimize","Steps used to optimize costs of international connectivity",,,142,"MUS","Mauritius","Hosting of most frequently visited web sites (e.g. search engines, Data Centers, Content delivery network (CDN), Cache Servers, etc.)",2014,"IXP has been setup but full implementation is yet to be done","","Steps used to optimize costs of international connectivity",,,,
11902,"tpInterInternetConn_StepsOptimize","Steps used to optimize costs of international connectivity",,,142,"MUS","Mauritius","Hosting of most frequently visited web sites (e.g. search engines, Data Centers, Content delivery network (CDN), Cache Servers, etc.)",2018,"","","Steps used to optimize costs of international connectivity",,,,
11902,"tpInterInternetConn_StepsOptimize","Steps used to optimize costs of international connectivity",,,142,"MUS","Mauritius","Hosting of most frequently visited web sites (e.g. search engines, Data Centers, Content delivery network (CDN), Cache Servers, etc.)",2019,"","","Steps used to optimize costs of international connectivity",,,,
11902,"tpInterInternetConn_StepsOptimize","Steps used to optimize costs of international connectivity",,,142,"MUS","Mauritius","Hosting of most frequently visited web sites (e.g. search engines, Data Centers, Content delivery network (CDN), Cache Servers, etc.)",2020,"These are industry driven steps","","Steps used to optimize costs of international connectivity",,,,
11902,"tpInterInternetConn_StepsOptimize","Steps used to optimize costs of international connectivity",,,142,"MUS","Mauritius","Other,",2021,"These are industry driven steps","","Steps used to optimize costs of international connectivity",,,,
11902,"tpInterInternetConn_StepsOptimize","Steps used to optimize costs of international connectivity",,,142,"MUS","Mauritius","Other,",2022,"These are industry driven steps","","Steps used to optimize costs of international connectivity",,,,
11902,"tpInterInternetConn_StepsOptimize","Steps used to optimize costs of international connectivity",,,142,"MUS","Mauritius","Other,",2023,"These are industry driven steps","","Steps used to optimize costs of international connectivity",,,,
11902,"tpInterInternetConn_StepsOptimize","Steps used to optimize costs of international connectivity",,,142,"MUS","Mauritius","Other,",2024,"These are industry driven steps","","Steps used to optimize costs of international connectivity",,,,
11902,"tpInterInternetConn_StepsOptimize","Steps used to optimize costs of international connectivity",,,144,"MDG","Madagascar","Implementation of Internet Exchange Point (IXP)",2016,"","","Steps used to optimize costs of international connectivity",,,,
11902,"tpInterInternetConn_StepsOptimize","Steps used to optimize costs of international connectivity",,,144,"MDG","Madagascar","Implementation of Internet Exchange Point (IXP)",2017,"","","Steps used to optimize costs of international connectivity",,,,
11902,"tpInterInternetConn_StepsOptimize","Steps used to optimize costs of international connectivity",,,144,"MDG","Madagascar","Implementation of Internet Exchange Point (IXP)",2018,"","","Steps used to optimize costs of international connectivity",,,,
11902,"tpInterInternetConn_StepsOptimize","Steps used to optimize costs of international connectivity",,,144,"MDG","Madagascar","Implementation of Internet Exchange Point (IXP)",2022,"","","Steps used to optimize costs of international connectivity",,,,
11902,"tpInterInternetConn_StepsOptimize","Steps used to optimize costs of international connectivity",,,144,"MDG","Madagascar",,2023,"","","Steps used to optimize costs of international connectivity","Hosting of most frequently visited web sites (e.g. search engines, Data Centers, Content delivery network (CDN), Cache Servers, etc.)","Implementation of Internet Exchange Point (IXP)","Encourage the development of local content",
11902,"tpInterInternetConn_StepsOptimize","Steps used to optimize costs of international connectivity",,,144,"MDG","Madagascar",,2024,"","","Steps used to optimize costs of international connectivity","Hosting of most frequently visited web sites (e.g. search engines, Data Centers, Content delivery network (CDN), Cache Servers, etc.)","Encourage the development of local content",,
11902,"tpInterInternetConn_StepsOptimize","Steps used to optimize costs of international connectivity",,,147,"MEX","Mexico","Implementation of Internet Exchange Point (IXP)",2011,"","","Steps used to optimize costs of international connectivity",,,,
11902,"tpInterInternetConn_StepsOptimize","Steps used to optimize costs of international connectivity",,,147,"MEX","Mexico","Implementation of Internet Exchange Point (IXP)",2013,"","","Steps used to optimize costs of international connectivity",,,,
11902,"tpInterInternetConn_StepsOptimize","Steps used to optimize costs of international connectivity",,,147,"MEX","Mexico","Implementation of Internet Exchange Point (IXP)",2019,"","","Steps used to optimize costs of international connectivity",,,,
11902,"tpInterInternetConn_StepsOptimize","Steps used to optimize costs of international connectivity",,,148,"MYS","Malaysia","Hosting of most frequently visited web sites (e.g. search engines, Data Centers, Content delivery network (CDN), Cache Servers, etc.)",2011,"Malaysian Internet Exchange has also been established, to allow peering between the ISPs in the country.","","Steps used to optimize costs of international connectivity",,,,
11902,"tpInterInternetConn_StepsOptimize","Steps used to optimize costs of international connectivity",,,148,"MYS","Malaysia","Hosting of most frequently visited web sites (e.g. search engines, Data Centers, Content delivery network (CDN), Cache Servers, etc.)",2013,"","","Steps used to optimize costs of international connectivity",,,,
11902,"tpInterInternetConn_StepsOptimize","Steps used to optimize costs of international connectivity",,,148,"MYS","Malaysia","Other,",2014,"All of the above","","Steps used to optimize costs of international connectivity",,,,
11902,"tpInterInternetConn_StepsOptimize","Steps used to optimize costs of international connectivity",,,148,"MYS","Malaysia","Encourage the development of local content",2016,"","","Steps used to optimize costs of international connectivity",,,,
11902,"tpInterInternetConn_StepsOptimize","Steps used to optimize costs of international connectivity",,,148,"MYS","Malaysia","Hosting of most frequently visited web sites (e.g. search engines, Data Centers, Content delivery network (CDN), Cache Servers, etc.)",2017,"","","Steps used to optimize costs of international connectivity",,,,
11902,"tpInterInternetConn_StepsOptimize","Steps used to optimize costs of international connectivity",,,148,"MYS","Malaysia","Hosting of most frequently visited web sites (e.g. search engines, Data Centers, Content delivery network (CDN), Cache Servers, etc.)",2018,"","","Steps used to optimize costs of international connectivity",,,,
11902,"tpInterInternetConn_StepsOptimize","Steps used to optimize costs of international connectivity",,,148,"MYS","Malaysia","Implementation of Internet Exchange Point (IXP)",2020,"","","Steps used to optimize costs of international connectivity",,,,
11902,"tpInterInternetConn_StepsOptimize","Steps used to optimize costs of international connectivity",,,148,"MYS","Malaysia","Implementation of Internet Exchange Point (IXP)",2021,"","","Steps used to optimize costs of international connectivity",,,,
11902,"tpInterInternetConn_StepsOptimize","Steps used to optimize costs of international connectivity",,,148,"MYS","Malaysia","Implementation of Internet Exchange Point (IXP)",2022,"","","Steps used to optimize costs of international connectivity",,,,
11902,"tpInterInternetConn_StepsOptimize","Steps used to optimize costs of international connectivity",,,148,"MYS","Malaysia","Implementation of Internet Exchange Point (IXP)",2023,"","","Steps used to optimize costs of international connectivity",,,,
11902,"tpInterInternetConn_StepsOptimize","Steps used to optimize costs of international connectivity",,,149,"MDV","Maldives","Hosting of most frequently visited web sites (e.g. search engines, Data Centers, Content delivery network (CDN), Cache Servers, etc.)",2022,"","","Steps used to optimize costs of international connectivity",,,,
11902,"tpInterInternetConn_StepsOptimize","Steps used to optimize costs of international connectivity",,,149,"MDV","Maldives",,2024,"Invest in own international cable with direct connection mid seas","","Steps used to optimize costs of international connectivity","Other,","Hosting of most frequently visited web sites (e.g. search engines, Data Centers, Content delivery network (CDN), Cache Servers, etc.)","Encourage the development of local content",
11902,"tpInterInternetConn_StepsOptimize","Steps used to optimize costs of international connectivity",,,150,"MLI","Mali","Implementation of Internet Exchange Point (IXP)",2016,"","","Steps used to optimize costs of international connectivity",,,,
11902,"tpInterInternetConn_StepsOptimize","Steps used to optimize costs of international connectivity",,,150,"MLI","Mali","Implementation of Internet Exchange Point (IXP)",2017,"","","Steps used to optimize costs of international connectivity",,,,
11902,"tpInterInternetConn_StepsOptimize","Steps used to optimize costs of international connectivity",,,150,"MLI","Mali","Implementation of Internet Exchange Point (IXP)",2018,"","","Steps used to optimize costs of international connectivity",,,,
11902,"tpInterInternetConn_StepsOptimize","Steps used to optimize costs of international connectivity",,,150,"MLI","Mali","Implementation of Internet Exchange Point (IXP)",2019,"","","Steps used to optimize costs of international connectivity",,,,
11902,"tpInterInternetConn_StepsOptimize","Steps used to optimize costs of international connectivity",,,150,"MLI","Mali","Implementation of Internet Exchange Point (IXP)",2020,"Le régulateur a aussi adopté une décision obligeant les opérateurs dominants à ouvrir l'accès aux services de Transit IP","","Steps used to optimize costs of international connectivity",,,,
11902,"tpInterInternetConn_StepsOptimize","Steps used to optimize costs of international connectivity",,,150,"MLI","Mali","Implementation of Internet Exchange Point (IXP)",2022,"Encadrement des tarifs de gros Internet et Développement du backbone national.","","Steps used to optimize costs of international connectivity",,,,
11902,"tpInterInternetConn_StepsOptimize","Steps used to optimize costs of international connectivity",,,150,"MLI","Mali",,2023,"Encadrement des tarifs de gros Internet et Développement du backbone national.","","Steps used to optimize costs of international connectivity","Other,","Implementation of Internet Exchange Point (IXP)","Hosting of most frequently visited web sites (e.g. search engines, Data Centers, Content delivery network (CDN), Cache Servers, etc.)","Encourage the development of local content"
11902,"tpInterInternetConn_StepsOptimize","Steps used to optimize costs of international connectivity",,,151,"MLT","Malta","Other,",2011,"","","Steps used to optimize costs of international connectivity",,,,
11902,"tpInterInternetConn_StepsOptimize","Steps used to optimize costs of international connectivity",,,151,"MLT","Malta","Hosting of most frequently visited web sites (e.g. search engines, Data Centers, Content delivery network (CDN), Cache Servers, etc.)",2018,"","","Steps used to optimize costs of international connectivity",,,,
11902,"tpInterInternetConn_StepsOptimize","Steps used to optimize costs of international connectivity",,,151,"MLT","Malta","Hosting of most frequently visited web sites (e.g. search engines, Data Centers, Content delivery network (CDN), Cache Servers, etc.)",2019,"","","Steps used to optimize costs of international connectivity",,,,
11902,"tpInterInternetConn_StepsOptimize","Steps used to optimize costs of international connectivity",,,151,"MLT","Malta","Hosting of most frequently visited web sites (e.g. search engines, Data Centers, Content delivery network (CDN), Cache Servers, etc.)",2020,"","","Steps used to optimize costs of international connectivity",,,,
11902,"tpInterInternetConn_StepsOptimize","Steps used to optimize costs of international connectivity",,,151,"MLT","Malta","Hosting of most frequently visited web sites (e.g. search engines, Data Centers, Content delivery network (CDN), Cache Servers, etc.)",2021,"","","Steps used to optimize costs of international connectivity",,,,
11902,"tpInterInternetConn_StepsOptimize","Steps used to optimize costs of international connectivity",,,151,"MLT","Malta","Hosting of most frequently visited web sites (e.g. search engines, Data Centers, Content delivery network (CDN), Cache Servers, etc.)",2022,"","","Steps used to optimize costs of international connectivity",,,,
11902,"tpInterInternetConn_StepsOptimize","Steps used to optimize costs of international connectivity",,,151,"MLT","Malta","Hosting of most frequently visited web sites (e.g. search engines, Data Centers, Content delivery network (CDN), Cache Servers, etc.)",2023,"","","Steps used to optimize costs of international connectivity",,,,
11902,"tpInterInternetConn_StepsOptimize","Steps used to optimize costs of international connectivity",,,151,"MLT","Malta","Hosting of most frequently visited web sites (e.g. search engines, Data Centers, Content delivery network (CDN), Cache Servers, etc.)",2024,"","","Steps used to optimize costs of international connectivity",,,,
11902,"tpInterInternetConn_StepsOptimize","Steps used to optimize costs of international connectivity",,,152,"MNG","Mongolia","Implementation of Internet Exchange Point (IXP)",2011,"","","Steps used to optimize costs of international connectivity",,,,
11902,"tpInterInternetConn_StepsOptimize","Steps used to optimize costs of international connectivity",,,152,"MNG","Mongolia","Other,",2018,"","","Steps used to optimize costs of international connectivity",,,,
11902,"tpInterInternetConn_StepsOptimize","Steps used to optimize costs of international connectivity",,,152,"MNG","Mongolia","Hosting of most frequently visited web sites (e.g. search engines, Data Centers, Content delivery network (CDN), Cache Servers, etc.)",2019,"","","Steps used to optimize costs of international connectivity",,,,
11902,"tpInterInternetConn_StepsOptimize","Steps used to optimize costs of international connectivity",,,152,"MNG","Mongolia","Hosting of most frequently visited web sites (e.g. search engines, Data Centers, Content delivery network (CDN), Cache Servers, etc.)",2020,"","","Steps used to optimize costs of international connectivity",,,,
11902,"tpInterInternetConn_StepsOptimize","Steps used to optimize costs of international connectivity",,,152,"MNG","Mongolia","Hosting of most frequently visited web sites (e.g. search engines, Data Centers, Content delivery network (CDN), Cache Servers, etc.)",2021,"","","Steps used to optimize costs of international connectivity",,,,
11902,"tpInterInternetConn_StepsOptimize","Steps used to optimize costs of international connectivity",,,152,"MNG","Mongolia","Hosting of most frequently visited web sites (e.g. search engines, Data Centers, Content delivery network (CDN), Cache Servers, etc.)",2022,"","","Steps used to optimize costs of international connectivity",,,,
11902,"tpInterInternetConn_StepsOptimize","Steps used to optimize costs of international connectivity",,,152,"MNG","Mongolia","Hosting of most frequently visited web sites (e.g. search engines, Data Centers, Content delivery network (CDN), Cache Servers, etc.)",2023,"","","Steps used to optimize costs of international connectivity",,,,
11902,"tpInterInternetConn_StepsOptimize","Steps used to optimize costs of international connectivity",,,152,"MNG","Mongolia","Hosting of most frequently visited web sites (e.g. search engines, Data Centers, Content delivery network (CDN), Cache Servers, etc.)",2024,"","","Steps used to optimize costs of international connectivity",,,,
11902,"tpInterInternetConn_StepsOptimize","Steps used to optimize costs of international connectivity",,,153,"MOZ","Mozambique","Implementation of Internet Exchange Point (IXP)",2010,"","","Steps used to optimize costs of international connectivity",,,,
11902,"tpInterInternetConn_StepsOptimize","Steps used to optimize costs of international connectivity",,,153,"MOZ","Mozambique","Implementation of Internet Exchange Point (IXP)",2012,"","","Steps used to optimize costs of international connectivity",,,,
11902,"tpInterInternetConn_StepsOptimize","Steps used to optimize costs of international connectivity",,,153,"MOZ","Mozambique","Hosting of most frequently visited web sites (e.g. search engines, Data Centers, Content delivery network (CDN), Cache Servers, etc.)",2014,"","","Steps used to optimize costs of international connectivity",,,,
11902,"tpInterInternetConn_StepsOptimize","Steps used to optimize costs of international connectivity",,,153,"MOZ","Mozambique","Hosting of most frequently visited web sites (e.g. search engines, Data Centers, Content delivery network (CDN), Cache Servers, etc.)",2015,"","","Steps used to optimize costs of international connectivity",,,,
11902,"tpInterInternetConn_StepsOptimize","Steps used to optimize costs of international connectivity",,,153,"MOZ","Mozambique","Implementation of Internet Exchange Point (IXP)",2016,"","","Steps used to optimize costs of international connectivity",,,,
11902,"tpInterInternetConn_StepsOptimize","Steps used to optimize costs of international connectivity",,,153,"MOZ","Mozambique","Implementation of Internet Exchange Point (IXP)",2017,"","","Steps used to optimize costs of international connectivity",,,,
11902,"tpInterInternetConn_StepsOptimize","Steps used to optimize costs of international connectivity",,,153,"MOZ","Mozambique","Encourage the development of local content",2019,"","","Steps used to optimize costs of international connectivity",,,,
11902,"tpInterInternetConn_StepsOptimize","Steps used to optimize costs of international connectivity",,,153,"MOZ","Mozambique","Encourage the development of local content",2020,"","","Steps used to optimize costs of international connectivity",,,,
11902,"tpInterInternetConn_StepsOptimize","Steps used to optimize costs of international connectivity",,,153,"MOZ","Mozambique","Encourage the development of local content",2021,"","","Steps used to optimize costs of international connectivity",,,,
11902,"tpInterInternetConn_StepsOptimize","Steps used to optimize costs of international connectivity",,,155,"MAR","Morocco","Encourage the development of local content",2016,"","","Steps used to optimize costs of international connectivity",,,,
11902,"tpInterInternetConn_StepsOptimize","Steps used to optimize costs of international connectivity",,,155,"MAR","Morocco","Implementation of Internet Exchange Point (IXP)",2017,"","","Steps used to optimize costs of international connectivity",,,,
11902,"tpInterInternetConn_StepsOptimize","Steps used to optimize costs of international connectivity",,,155,"MAR","Morocco","Implementation of Internet Exchange Point (IXP)",2018,"En cours de mise en œuvre d'IXP nationaux","","Steps used to optimize costs of international connectivity",,,,
11902,"tpInterInternetConn_StepsOptimize","Steps used to optimize costs of international connectivity",,,155,"MAR","Morocco","Other,",2019,"","","Steps used to optimize costs of international connectivity",,,,
11902,"tpInterInternetConn_StepsOptimize","Steps used to optimize costs of international connectivity",,,160,"MRT","Mauritania","Other,",2012,"","","Steps used to optimize costs of international connectivity",,,,
11902,"tpInterInternetConn_StepsOptimize","Steps used to optimize costs of international connectivity",,,160,"MRT","Mauritania","Hosting of most frequently visited web sites (e.g. search engines, Data Centers, Content delivery network (CDN), Cache Servers, etc.)",2013,"","","Steps used to optimize costs of international connectivity",,,,
11902,"tpInterInternetConn_StepsOptimize","Steps used to optimize costs of international connectivity",,,160,"MRT","Mauritania","Implementation of Internet Exchange Point (IXP)",2016,"","","Steps used to optimize costs of international connectivity",,,,
11902,"tpInterInternetConn_StepsOptimize","Steps used to optimize costs of international connectivity",,,160,"MRT","Mauritania","Implementation of Internet Exchange Point (IXP)",2017,"","","Steps used to optimize costs of international connectivity",,,,
11902,"tpInterInternetConn_StepsOptimize","Steps used to optimize costs of international connectivity",,,160,"MRT","Mauritania","Implementation of Internet Exchange Point (IXP)",2018,"","","Steps used to optimize costs of international connectivity",,,,
11902,"tpInterInternetConn_StepsOptimize","Steps used to optimize costs of international connectivity",,,160,"MRT","Mauritania","Implementation of Internet Exchange Point (IXP)",2019,"","","Steps used to optimize costs of international connectivity",,,,
11902,"tpInterInternetConn_StepsOptimize","Steps used to optimize costs of international connectivity",,,160,"MRT","Mauritania","Implementation of Internet Exchange Point (IXP)",2020,"","","Steps used to optimize costs of international connectivity",,,,
11902,"tpInterInternetConn_StepsOptimize","Steps used to optimize costs of international connectivity",,,160,"MRT","Mauritania","Implementation of Internet Exchange Point (IXP)",2022,"","","Steps used to optimize costs of international connectivity",,,,
11902,"tpInterInternetConn_StepsOptimize","Steps used to optimize costs of international connectivity",,,161,"MWI","Malawi","Implementation of Internet Exchange Point (IXP)",2013,"","","Steps used to optimize costs of international connectivity",,,,
11902,"tpInterInternetConn_StepsOptimize","Steps used to optimize costs of international connectivity",,,161,"MWI","Malawi","Other,",2014,"","","Steps used to optimize costs of international connectivity",,,,
11902,"tpInterInternetConn_StepsOptimize","Steps used to optimize costs of international connectivity",,,161,"MWI","Malawi","Other,",2016,"","","Steps used to optimize costs of international connectivity",,,,
11902,"tpInterInternetConn_StepsOptimize","Steps used to optimize costs of international connectivity",,,161,"MWI","Malawi","Implementation of Internet Exchange Point (IXP)",2017,"","","Steps used to optimize costs of international connectivity",,,,
11902,"tpInterInternetConn_StepsOptimize","Steps used to optimize costs of international connectivity",,,161,"MWI","Malawi","Implementation of Internet Exchange Point (IXP)",2018,"","","Steps used to optimize costs of international connectivity",,,,
11902,"tpInterInternetConn_StepsOptimize","Steps used to optimize costs of international connectivity",,,161,"MWI","Malawi","Implementation of Internet Exchange Point (IXP)",2019,"","","Steps used to optimize costs of international connectivity",,,,
11902,"tpInterInternetConn_StepsOptimize","Steps used to optimize costs of international connectivity",,,161,"MWI","Malawi","Implementation of Internet Exchange Point (IXP)",2021,"","","Steps used to optimize costs of international connectivity",,,,
11902,"tpInterInternetConn_StepsOptimize","Steps used to optimize costs of international connectivity",,,163,"NIC","Nicaragua","Other,",2016,"","","Steps used to optimize costs of international connectivity",,,,
11902,"tpInterInternetConn_StepsOptimize","Steps used to optimize costs of international connectivity",,,163,"NIC","Nicaragua","Other,",2021,"","","Steps used to optimize costs of international connectivity",,,,
11902,"tpInterInternetConn_StepsOptimize","Steps used to optimize costs of international connectivity",,,163,"NIC","Nicaragua","Other,",2022,"Si bien no esta bajo la supervisión del regulador, existe un IXP creado por los Operadores y también implementan el alojamiento de páginas web más visitadas.","","Steps used to optimize costs of international connectivity",,,,
11902,"tpInterInternetConn_StepsOptimize","Steps used to optimize costs of international connectivity",,,163,"NIC","Nicaragua","Other,",2023,"Si bien no está bajo la supervisión del regulador, existe un IXP creado por los Operadores y también implementan el alojamiento de páginas Web más visitadas.","","Steps used to optimize costs of international connectivity",,,,
11902,"tpInterInternetConn_StepsOptimize","Steps used to optimize costs of international connectivity",,,163,"NIC","Nicaragua","Other,",2024,"Si bien no está bajo la supervisión del regulador, existe un IXP creado por los Operadores y también implementan el alojamiento de páginas Web más visitadas.","","Steps used to optimize costs of international connectivity",,,,
11902,"tpInterInternetConn_StepsOptimize","Steps used to optimize costs of international connectivity",,,166,"NER","Niger","Other,",2012,"","","Steps used to optimize costs of international connectivity",,,,
11902,"tpInterInternetConn_StepsOptimize","Steps used to optimize costs of international connectivity",,,166,"NER","Niger","Implementation of Internet Exchange Point (IXP)",2013,"Le Niger comme le BF et le Mali tous pays continentaux, recherche une solution au niveau sous régional (CEDEAO) pour édicter une réglementation spécifique pour l'accès au câble sous-marin qui reste la partie la plus importante dans les coûts d'accès à la connectivité internationale. Il y a également un projet de mise en place d'un point d'échange Internet.","","Steps used to optimize costs of international connectivity",,,,
11902,"tpInterInternetConn_StepsOptimize","Steps used to optimize costs of international connectivity",,,166,"NER","Niger","Implementation of Internet Exchange Point (IXP)",2014,"L'Etat envisage la mise en place d'un IXP","","Steps used to optimize costs of international connectivity",,,,
11902,"tpInterInternetConn_StepsOptimize","Steps used to optimize costs of international connectivity",,,167,"NGA","Nigeria","Implementation of Internet Exchange Point (IXP)",2014,"","","Steps used to optimize costs of international connectivity",,,,
11902,"tpInterInternetConn_StepsOptimize","Steps used to optimize costs of international connectivity",,,167,"NGA","Nigeria","Implementation of Internet Exchange Point (IXP)",2019,"","","Steps used to optimize costs of international connectivity",,,,
11902,"tpInterInternetConn_StepsOptimize","Steps used to optimize costs of international connectivity",,,169,"NAM","Namibia","Implementation of Internet Exchange Point (IXP)",2014,"","","Steps used to optimize costs of international connectivity",,,,
11902,"tpInterInternetConn_StepsOptimize","Steps used to optimize costs of international connectivity",,,169,"NAM","Namibia","Implementation of Internet Exchange Point (IXP)",2015,"","","Steps used to optimize costs of international connectivity",,,,
11902,"tpInterInternetConn_StepsOptimize","Steps used to optimize costs of international connectivity",,,169,"NAM","Namibia","Implementation of Internet Exchange Point (IXP)",2016,"","","Steps used to optimize costs of international connectivity",,,,
11902,"tpInterInternetConn_StepsOptimize","Steps used to optimize costs of international connectivity",,,169,"NAM","Namibia","Implementation of Internet Exchange Point (IXP)",2017,"","","Steps used to optimize costs of international connectivity",,,,
11902,"tpInterInternetConn_StepsOptimize","Steps used to optimize costs of international connectivity",,,169,"NAM","Namibia","Implementation of Internet Exchange Point (IXP)",2018,"","","Steps used to optimize costs of international connectivity",,,,
11902,"tpInterInternetConn_StepsOptimize","Steps used to optimize costs of international connectivity",,,169,"NAM","Namibia","Implementation of Internet Exchange Point (IXP)",2019,"","","Steps used to optimize costs of international connectivity",,,,
11902,"tpInterInternetConn_StepsOptimize","Steps used to optimize costs of international connectivity",,,169,"NAM","Namibia","Implementation of Internet Exchange Point (IXP)",2020,"","","Steps used to optimize costs of international connectivity",,,,
11902,"tpInterInternetConn_StepsOptimize","Steps used to optimize costs of international connectivity",,,169,"NAM","Namibia","Implementation of Internet Exchange Point (IXP)",2021,"","","Steps used to optimize costs of international connectivity",,,,
11902,"tpInterInternetConn_StepsOptimize","Steps used to optimize costs of international connectivity",,,169,"NAM","Namibia","Implementation of Internet Exchange Point (IXP)",2022,"","","Steps used to optimize costs of international connectivity",,,,
11902,"tpInterInternetConn_StepsOptimize","Steps used to optimize costs of international connectivity",,,169,"NAM","Namibia","Implementation of Internet Exchange Point (IXP)",2023,"","","Steps used to optimize costs of international connectivity",,,,
11902,"tpInterInternetConn_StepsOptimize","Steps used to optimize costs of international connectivity",,,169,"NAM","Namibia","Implementation of Internet Exchange Point (IXP)",2024,"","","Steps used to optimize costs of international connectivity",,,,
11902,"tpInterInternetConn_StepsOptimize","Steps used to optimize costs of international connectivity",,,170,"NOR","Norway","Hosting of most frequently visited web sites (e.g. search engines, Data Centers, Content delivery network (CDN), Cache Servers, etc.)",2016,"","","Steps used to optimize costs of international connectivity",,,,
11902,"tpInterInternetConn_StepsOptimize","Steps used to optimize costs of international connectivity",,,170,"NOR","Norway","Hosting of most frequently visited web sites (e.g. search engines, Data Centers, Content delivery network (CDN), Cache Servers, etc.)",2017,"","","Steps used to optimize costs of international connectivity",,,,
11902,"tpInterInternetConn_StepsOptimize","Steps used to optimize costs of international connectivity",,,170,"NOR","Norway","Hosting of most frequently visited web sites (e.g. search engines, Data Centers, Content delivery network (CDN), Cache Servers, etc.)",2018,"","","Steps used to optimize costs of international connectivity",,,,
11902,"tpInterInternetConn_StepsOptimize","Steps used to optimize costs of international connectivity",,,170,"NOR","Norway","Hosting of most frequently visited web sites (e.g. search engines, Data Centers, Content delivery network (CDN), Cache Servers, etc.)",2019,"","","Steps used to optimize costs of international connectivity",,,,
11902,"tpInterInternetConn_StepsOptimize","Steps used to optimize costs of international connectivity",,,170,"NOR","Norway","Hosting of most frequently visited web sites (e.g. search engines, Data Centers, Content delivery network (CDN), Cache Servers, etc.)",2020,"","","Steps used to optimize costs of international connectivity",,,,
11902,"tpInterInternetConn_StepsOptimize","Steps used to optimize costs of international connectivity",,,170,"NOR","Norway","Hosting of most frequently visited web sites (e.g. search engines, Data Centers, Content delivery network (CDN), Cache Servers, etc.)",2021,"","","Steps used to optimize costs of international connectivity",,,,
11902,"tpInterInternetConn_StepsOptimize","Steps used to optimize costs of international connectivity",,,170,"NOR","Norway","Hosting of most frequently visited web sites (e.g. search engines, Data Centers, Content delivery network (CDN), Cache Servers, etc.)",2022,"","","Steps used to optimize costs of international connectivity",,,,
11902,"tpInterInternetConn_StepsOptimize","Steps used to optimize costs of international connectivity",,,170,"NOR","Norway","Hosting of most frequently visited web sites (e.g. search engines, Data Centers, Content delivery network (CDN), Cache Servers, etc.)",2023,"","","Steps used to optimize costs of international connectivity",,,,
11902,"tpInterInternetConn_StepsOptimize","Steps used to optimize costs of international connectivity",,,170,"NOR","Norway","Hosting of most frequently visited web sites (e.g. search engines, Data Centers, Content delivery network (CDN), Cache Servers, etc.)",2024,"","","Steps used to optimize costs of international connectivity",,,,
11902,"tpInterInternetConn_StepsOptimize","Steps used to optimize costs of international connectivity",,,171,"NPL","Nepal (Republic of)","Implementation of Internet Exchange Point (IXP)",2013,"","","Steps used to optimize costs of international connectivity",,,,
11902,"tpInterInternetConn_StepsOptimize","Steps used to optimize costs of international connectivity",,,171,"NPL","Nepal (Republic of)","Implementation of Internet Exchange Point (IXP)",2017,"","","Steps used to optimize costs of international connectivity",,,,
11902,"tpInterInternetConn_StepsOptimize","Steps used to optimize costs of international connectivity",,,171,"NPL","Nepal (Republic of)","Implementation of Internet Exchange Point (IXP)",2018,"","","Steps used to optimize costs of international connectivity",,,,
11902,"tpInterInternetConn_StepsOptimize","Steps used to optimize costs of international connectivity",,,171,"NPL","Nepal (Republic of)","Implementation of Internet Exchange Point (IXP)",2020,"","","Steps used to optimize costs of international connectivity",,,,
11902,"tpInterInternetConn_StepsOptimize","Steps used to optimize costs of international connectivity",,,171,"NPL","Nepal (Republic of)","Implementation of Internet Exchange Point (IXP)",2021,"","","Steps used to optimize costs of international connectivity",,,,
11902,"tpInterInternetConn_StepsOptimize","Steps used to optimize costs of international connectivity",,,171,"NPL","Nepal (Republic of)","Implementation of Internet Exchange Point (IXP)",2022,"","","Steps used to optimize costs of international connectivity",,,,
11902,"tpInterInternetConn_StepsOptimize","Steps used to optimize costs of international connectivity",,,173,"NZL","New Zealand","Other,",2014,"","","Steps used to optimize costs of international connectivity",,,,
11902,"tpInterInternetConn_StepsOptimize","Steps used to optimize costs of international connectivity",,,173,"NZL","New Zealand","Other,",2015,"","","Steps used to optimize costs of international connectivity",,,,
11902,"tpInterInternetConn_StepsOptimize","Steps used to optimize costs of international connectivity",,,173,"NZL","New Zealand","Hosting of most frequently visited web sites (e.g. search engines, Data Centers, Content delivery network (CDN), Cache Servers, etc.)",2017,"","","Steps used to optimize costs of international connectivity",,,,
11902,"tpInterInternetConn_StepsOptimize","Steps used to optimize costs of international connectivity",,,173,"NZL","New Zealand","Hosting of most frequently visited web sites (e.g. search engines, Data Centers, Content delivery network (CDN), Cache Servers, etc.)",2018,"","","Steps used to optimize costs of international connectivity",,,,
11902,"tpInterInternetConn_StepsOptimize","Steps used to optimize costs of international connectivity",,,173,"NZL","New Zealand","Hosting of most frequently visited web sites (e.g. search engines, Data Centers, Content delivery network (CDN), Cache Servers, etc.)",2019,"","","Steps used to optimize costs of international connectivity",,,,
11902,"tpInterInternetConn_StepsOptimize","Steps used to optimize costs of international connectivity",,,173,"NZL","New Zealand","Hosting of most frequently visited web sites (e.g. search engines, Data Centers, Content delivery network (CDN), Cache Servers, etc.)",2020,"","","Steps used to optimize costs of international connectivity",,,,
11902,"tpInterInternetConn_StepsOptimize","Steps used to optimize costs of international connectivity",,,173,"NZL","New Zealand","Hosting of most frequently visited web sites (e.g. search engines, Data Centers, Content delivery network (CDN), Cache Servers, etc.)",2021,"","","Steps used to optimize costs of international connectivity",,,,
11902,"tpInterInternetConn_StepsOptimize","Steps used to optimize costs of international connectivity",,,173,"NZL","New Zealand","Hosting of most frequently visited web sites (e.g. search engines, Data Centers, Content delivery network (CDN), Cache Servers, etc.)",2022,"","","Steps used to optimize costs of international connectivity",,,,
11902,"tpInterInternetConn_StepsOptimize","Steps used to optimize costs of international connectivity",,,173,"NZL","New Zealand","Hosting of most frequently visited web sites (e.g. search engines, Data Centers, Content delivery network (CDN), Cache Servers, etc.)",2023,"","","Steps used to optimize costs of international connectivity",,,,
11902,"tpInterInternetConn_StepsOptimize","Steps used to optimize costs of international connectivity",,,173,"NZL","New Zealand","Hosting of most frequently visited web sites (e.g. search engines, Data Centers, Content delivery network (CDN), Cache Servers, etc.)",2024,"","","Steps used to optimize costs of international connectivity",,,,
11902,"tpInterInternetConn_StepsOptimize","Steps used to optimize costs of international connectivity",,,176,"OMN","Oman","Other,",2010,"","","Steps used to optimize costs of international connectivity",,,,
11902,"tpInterInternetConn_StepsOptimize","Steps used to optimize costs of international connectivity",,,176,"OMN","Oman","Hosting of most frequently visited web sites (e.g. search engines, Data Centers, Content delivery network (CDN), Cache Servers, etc.)",2011,"","","Steps used to optimize costs of international connectivity",,,,
11902,"tpInterInternetConn_StepsOptimize","Steps used to optimize costs of international connectivity",,,176,"OMN","Oman","Hosting of most frequently visited web sites (e.g. search engines, Data Centers, Content delivery network (CDN), Cache Servers, etc.)",2012,"","","Steps used to optimize costs of international connectivity",,,,
11902,"tpInterInternetConn_StepsOptimize","Steps used to optimize costs of international connectivity",,,176,"OMN","Oman","Other,",2013,"","","Steps used to optimize costs of international connectivity",,,,
11902,"tpInterInternetConn_StepsOptimize","Steps used to optimize costs of international connectivity",,,176,"OMN","Oman","Encourage the development of local content",2014,"planning the Implementation of Internet Exchange Point (IXP)","","Steps used to optimize costs of international connectivity",,,,
11902,"tpInterInternetConn_StepsOptimize","Steps used to optimize costs of international connectivity",,,176,"OMN","Oman","Other,",2016,"","","Steps used to optimize costs of international connectivity",,,,
11902,"tpInterInternetConn_StepsOptimize","Steps used to optimize costs of international connectivity",,,176,"OMN","Oman","Other,",2017,"","","Steps used to optimize costs of international connectivity",,,,
11902,"tpInterInternetConn_StepsOptimize","Steps used to optimize costs of international connectivity",,,176,"OMN","Oman","Hosting of most frequently visited web sites (e.g. search engines, Data Centers, Content delivery network (CDN), Cache Servers, etc.)",2018,"","","Steps used to optimize costs of international connectivity",,,,
11902,"tpInterInternetConn_StepsOptimize","Steps used to optimize costs of international connectivity",,,176,"OMN","Oman","Hosting of most frequently visited web sites (e.g. search engines, Data Centers, Content delivery network (CDN), Cache Servers, etc.)",2019,"","","Steps used to optimize costs of international connectivity",,,,
11902,"tpInterInternetConn_StepsOptimize","Steps used to optimize costs of international connectivity",,,176,"OMN","Oman","Hosting of most frequently visited web sites (e.g. search engines, Data Centers, Content delivery network (CDN), Cache Servers, etc.)",2020,"","","Steps used to optimize costs of international connectivity",,,,
11902,"tpInterInternetConn_StepsOptimize","Steps used to optimize costs of international connectivity",,,176,"OMN","Oman","Hosting of most frequently visited web sites (e.g. search engines, Data Centers, Content delivery network (CDN), Cache Servers, etc.)",2021,"","","Steps used to optimize costs of international connectivity",,,,
11902,"tpInterInternetConn_StepsOptimize","Steps used to optimize costs of international connectivity",,,176,"OMN","Oman","Hosting of most frequently visited web sites (e.g. search engines, Data Centers, Content delivery network (CDN), Cache Servers, etc.)",2022,"","","Steps used to optimize costs of international connectivity",,,,
11902,"tpInterInternetConn_StepsOptimize","Steps used to optimize costs of international connectivity",,,176,"OMN","Oman","Hosting of most frequently visited web sites (e.g. search engines, Data Centers, Content delivery network (CDN), Cache Servers, etc.)",2023,"","","Steps used to optimize costs of international connectivity",,,,
11902,"tpInterInternetConn_StepsOptimize","Steps used to optimize costs of international connectivity",,,176,"OMN","Oman",,2024,"","","Steps used to optimize costs of international connectivity","Hosting of most frequently visited web sites (e.g. search engines, Data Centers, Content delivery network (CDN), Cache Servers, etc.)","Implementation of Internet Exchange Point (IXP)",,
11902,"tpInterInternetConn_StepsOptimize","Steps used to optimize costs of international connectivity",,,182,"PAK","Pakistan","Implementation of Internet Exchange Point (IXP)",2011,"","","Steps used to optimize costs of international connectivity",,,,
11902,"tpInterInternetConn_StepsOptimize","Steps used to optimize costs of international connectivity",,,182,"PAK","Pakistan","Encourage the development of local content",2012,"","","Steps used to optimize costs of international connectivity",,,,
11902,"tpInterInternetConn_StepsOptimize","Steps used to optimize costs of international connectivity",,,182,"PAK","Pakistan","Hosting of most frequently visited web sites (e.g. search engines, Data Centers, Content delivery network (CDN), Cache Servers, etc.)",2013,"","","Steps used to optimize costs of international connectivity",,,,
11902,"tpInterInternetConn_StepsOptimize","Steps used to optimize costs of international connectivity",,,182,"PAK","Pakistan","Encourage the development of local content",2019,"Implementation of Internet Exchange Point (IXP), Hosting of most frequently visited web sites (e.g. search engines, Data Centers, Content delivery network (CDN), Cache Servers, etc.) and Encourage the development of local content","","Steps used to optimize costs of international connectivity",,,,
11902,"tpInterInternetConn_StepsOptimize","Steps used to optimize costs of international connectivity",,,182,"PAK","Pakistan","Encourage the development of local content",2020,"Implementation of Internet Exchange Point (IXP), Hosting of most frequently visited web sites (e.g. search engines, Data Centers, Content delivery network (CDN), Cache Servers, etc.) and Encourage the development of local content","","Steps used to optimize costs of international connectivity",,,,
11902,"tpInterInternetConn_StepsOptimize","Steps used to optimize costs of international connectivity",,,182,"PAK","Pakistan","Hosting of most frequently visited web sites (e.g. search engines, Data Centers, Content delivery network (CDN), Cache Servers, etc.)",2021,"Hosting of most frequently visited web sites (e.g.search engines, Data Centers, Content delivery network (CDN), Cache Servers, etc.) in case two are allowed then IXP part can also be included.","","Steps used to optimize costs of international connectivity",,,,
11902,"tpInterInternetConn_StepsOptimize","Steps used to optimize costs of international connectivity",,,182,"PAK","Pakistan","Hosting of most frequently visited web sites (e.g. search engines, Data Centers, Content delivery network (CDN), Cache Servers, etc.)",2022,"","","Steps used to optimize costs of international connectivity",,,,
11902,"tpInterInternetConn_StepsOptimize","Steps used to optimize costs of international connectivity",,,188,"PNG","Papua New Guinea","Other,",2012,"We intend to regulate International gateway particularly on the data side to ensure that the cost of providing the services are cost based. the current inquiry being done is aimed to address this.","","Steps used to optimize costs of international connectivity",,,,
11902,"tpInterInternetConn_StepsOptimize","Steps used to optimize costs of international connectivity",,,188,"PNG","Papua New Guinea","Implementation of Internet Exchange Point (IXP)",2018,"","","Steps used to optimize costs of international connectivity",,,,
11902,"tpInterInternetConn_StepsOptimize","Steps used to optimize costs of international connectivity",,,189,"PAN","Panama","Other,",2010,"","","Steps used to optimize costs of international connectivity",,,,
11902,"tpInterInternetConn_StepsOptimize","Steps used to optimize costs of international connectivity",,,189,"PAN","Panama","Implementation of Internet Exchange Point (IXP)",2013,"","","Steps used to optimize costs of international connectivity",,,,
11902,"tpInterInternetConn_StepsOptimize","Steps used to optimize costs of international connectivity",,,189,"PAN","Panama","Implementation of Internet Exchange Point (IXP)",2016,"","","Steps used to optimize costs of international connectivity",,,,
11902,"tpInterInternetConn_StepsOptimize","Steps used to optimize costs of international connectivity",,,189,"PAN","Panama","Implementation of Internet Exchange Point (IXP)",2017,"","","Steps used to optimize costs of international connectivity",,,,
11902,"tpInterInternetConn_StepsOptimize","Steps used to optimize costs of international connectivity",,,189,"PAN","Panama","Implementation of Internet Exchange Point (IXP)",2018,"","","Steps used to optimize costs of international connectivity",,,,
11902,"tpInterInternetConn_StepsOptimize","Steps used to optimize costs of international connectivity",,,189,"PAN","Panama","Implementation of Internet Exchange Point (IXP)",2019,"","","Steps used to optimize costs of international connectivity",,,,
11902,"tpInterInternetConn_StepsOptimize","Steps used to optimize costs of international connectivity",,,189,"PAN","Panama","Implementation of Internet Exchange Point (IXP)",2020,"","","Steps used to optimize costs of international connectivity",,,,
11902,"tpInterInternetConn_StepsOptimize","Steps used to optimize costs of international connectivity",,,189,"PAN","Panama","Implementation of Internet Exchange Point (IXP)",2021,"","","Steps used to optimize costs of international connectivity",,,,
11902,"tpInterInternetConn_StepsOptimize","Steps used to optimize costs of international connectivity",,,189,"PAN","Panama","Implementation of Internet Exchange Point (IXP)",2022,"","","Steps used to optimize costs of international connectivity",,,,
11902,"tpInterInternetConn_StepsOptimize","Steps used to optimize costs of international connectivity",,,189,"PAN","Panama",,2023,"","","Steps used to optimize costs of international connectivity","Hosting of most frequently visited web sites (e.g. search engines, Data Centers, Content delivery network (CDN), Cache Servers, etc.)","Implementation of Internet Exchange Point (IXP)","Encourage the development of local content",
11902,"tpInterInternetConn_StepsOptimize","Steps used to optimize costs of international connectivity",,,192,"PRY","Paraguay","Other,",2011,"","","Steps used to optimize costs of international connectivity",,,,
11902,"tpInterInternetConn_StepsOptimize","Steps used to optimize costs of international connectivity",,,192,"PRY","Paraguay","Implementation of Internet Exchange Point (IXP)",2014,"","","Steps used to optimize costs of international connectivity",,,,
11902,"tpInterInternetConn_StepsOptimize","Steps used to optimize costs of international connectivity",,,192,"PRY","Paraguay","Implementation of Internet Exchange Point (IXP)",2016,"","","Steps used to optimize costs of international connectivity",,,,
11902,"tpInterInternetConn_StepsOptimize","Steps used to optimize costs of international connectivity",,,192,"PRY","Paraguay","Implementation of Internet Exchange Point (IXP)",2017,"","","Steps used to optimize costs of international connectivity",,,,
11902,"tpInterInternetConn_StepsOptimize","Steps used to optimize costs of international connectivity",,,192,"PRY","Paraguay","Implementation of Internet Exchange Point (IXP)",2018,"","","Steps used to optimize costs of international connectivity",,,,
11902,"tpInterInternetConn_StepsOptimize","Steps used to optimize costs of international connectivity",,,192,"PRY","Paraguay","Hosting of most frequently visited web sites (e.g. search engines, Data Centers, Content delivery network (CDN), Cache Servers, etc.)",2019,"","","Steps used to optimize costs of international connectivity",,,,
11902,"tpInterInternetConn_StepsOptimize","Steps used to optimize costs of international connectivity",,,192,"PRY","Paraguay","Hosting of most frequently visited web sites (e.g. search engines, Data Centers, Content delivery network (CDN), Cache Servers, etc.)",2021,"","","Steps used to optimize costs of international connectivity",,,,
11902,"tpInterInternetConn_StepsOptimize","Steps used to optimize costs of international connectivity",,,192,"PRY","Paraguay","Other,",2023,"Ninguna medida oficial, por medio de la competencia","","Steps used to optimize costs of international connectivity",,,,
11902,"tpInterInternetConn_StepsOptimize","Steps used to optimize costs of international connectivity",,,193,"PER","Peru","Implementation of Internet Exchange Point (IXP)",2012,"","","Steps used to optimize costs of international connectivity",,,,
11902,"tpInterInternetConn_StepsOptimize","Steps used to optimize costs of international connectivity",,,193,"PER","Peru","Implementation of Internet Exchange Point (IXP)",2014,"","","Steps used to optimize costs of international connectivity",,,,
11902,"tpInterInternetConn_StepsOptimize","Steps used to optimize costs of international connectivity",,,193,"PER","Peru","Implementation of Internet Exchange Point (IXP)",2015,"","","Steps used to optimize costs of international connectivity",,,,
11902,"tpInterInternetConn_StepsOptimize","Steps used to optimize costs of international connectivity",,,193,"PER","Peru","Implementation of Internet Exchange Point (IXP)",2016,"En el Perú existe el NAP Perú, para intercambiar tráfico local. Asimismo, los operadores están implementando CDN (Content Delivery Networks).","","Steps used to optimize costs of international connectivity",,,,
11902,"tpInterInternetConn_StepsOptimize","Steps used to optimize costs of international connectivity",,,193,"PER","Peru","Implementation of Internet Exchange Point (IXP)",2017,"En el Perú existe el NAP Perú, para intercambiar tráfico local. Asimismo, los operadores están implementando y utilizando cada vez más los CDN (Content Delivery Networks).","","Steps used to optimize costs of international connectivity",,,,
11902,"tpInterInternetConn_StepsOptimize","Steps used to optimize costs of international connectivity",,,193,"PER","Peru","Other,",2018,"En el Perú existe el NAP Perú, para intercambiar tráfico local. Asimismo, los operadores están implementando y utilizando cada vez más los CDN (Content Delivery Networks).","","Steps used to optimize costs of international connectivity",,,,
11902,"tpInterInternetConn_StepsOptimize","Steps used to optimize costs of international connectivity",,,193,"PER","Peru","Other,",2019,"","","Steps used to optimize costs of international connectivity",,,,
11902,"tpInterInternetConn_StepsOptimize","Steps used to optimize costs of international connectivity",,,193,"PER","Peru","Other,",2020,"","","Steps used to optimize costs of international connectivity",,,,
11902,"tpInterInternetConn_StepsOptimize","Steps used to optimize costs of international connectivity",,,193,"PER","Peru","Other,",2021,"","","Steps used to optimize costs of international connectivity",,,,
11902,"tpInterInternetConn_StepsOptimize","Steps used to optimize costs of international connectivity",,,193,"PER","Peru","Other,",2022,"Las tres listadas anteriormente.","","Steps used to optimize costs of international connectivity",,,,
11902,"tpInterInternetConn_StepsOptimize","Steps used to optimize costs of international connectivity",,,193,"PER","Peru","Other,",2023,"Las tres listadas anteriormente.","","Steps used to optimize costs of international connectivity",,,,
11902,"tpInterInternetConn_StepsOptimize","Steps used to optimize costs of international connectivity",,,193,"PER","Peru","Other,",2024,"Las tres listadas anteriormente.","","Steps used to optimize costs of international connectivity",,,,
11902,"tpInterInternetConn_StepsOptimize","Steps used to optimize costs of international connectivity",,,196,"QAT","Qatar","Hosting of most frequently visited web sites (e.g. search engines, Data Centers, Content delivery network (CDN), Cache Servers, etc.)",2011,"","","Steps used to optimize costs of international connectivity",,,,
11902,"tpInterInternetConn_StepsOptimize","Steps used to optimize costs of international connectivity",,,196,"QAT","Qatar","Hosting of most frequently visited web sites (e.g. search engines, Data Centers, Content delivery network (CDN), Cache Servers, etc.)",2012,"","","Steps used to optimize costs of international connectivity",,,,
11902,"tpInterInternetConn_StepsOptimize","Steps used to optimize costs of international connectivity",,,196,"QAT","Qatar","Hosting of most frequently visited web sites (e.g. search engines, Data Centers, Content delivery network (CDN), Cache Servers, etc.)",2013,"","","Steps used to optimize costs of international connectivity",,,,
11902,"tpInterInternetConn_StepsOptimize","Steps used to optimize costs of international connectivity",,,196,"QAT","Qatar","Hosting of most frequently visited web sites (e.g. search engines, Data Centers, Content delivery network (CDN), Cache Servers, etc.)",2014,"","","Steps used to optimize costs of international connectivity",,,,
11902,"tpInterInternetConn_StepsOptimize","Steps used to optimize costs of international connectivity",,,196,"QAT","Qatar","Hosting of most frequently visited web sites (e.g. search engines, Data Centers, Content delivery network (CDN), Cache Servers, etc.)",2016,"","","Steps used to optimize costs of international connectivity",,,,
11902,"tpInterInternetConn_StepsOptimize","Steps used to optimize costs of international connectivity",,,196,"QAT","Qatar","Hosting of most frequently visited web sites (e.g. search engines, Data Centers, Content delivery network (CDN), Cache Servers, etc.)",2017,"","","Steps used to optimize costs of international connectivity",,,,
11902,"tpInterInternetConn_StepsOptimize","Steps used to optimize costs of international connectivity",,,196,"QAT","Qatar","Hosting of most frequently visited web sites (e.g. search engines, Data Centers, Content delivery network (CDN), Cache Servers, etc.)",2018,"","","Steps used to optimize costs of international connectivity",,,,
11902,"tpInterInternetConn_StepsOptimize","Steps used to optimize costs of international connectivity",,,196,"QAT","Qatar","Hosting of most frequently visited web sites (e.g. search engines, Data Centers, Content delivery network (CDN), Cache Servers, etc.)",2019,"","","Steps used to optimize costs of international connectivity",,,,
11902,"tpInterInternetConn_StepsOptimize","Steps used to optimize costs of international connectivity",,,196,"QAT","Qatar","Hosting of most frequently visited web sites (e.g. search engines, Data Centers, Content delivery network (CDN), Cache Servers, etc.)",2020,"","","Steps used to optimize costs of international connectivity",,,,
11902,"tpInterInternetConn_StepsOptimize","Steps used to optimize costs of international connectivity",,,196,"QAT","Qatar","Hosting of most frequently visited web sites (e.g. search engines, Data Centers, Content delivery network (CDN), Cache Servers, etc.)",2021,"","","Steps used to optimize costs of international connectivity",,,,
11902,"tpInterInternetConn_StepsOptimize","Steps used to optimize costs of international connectivity",,,196,"QAT","Qatar","Hosting of most frequently visited web sites (e.g. search engines, Data Centers, Content delivery network (CDN), Cache Servers, etc.)",2022,"An IXP has been implemented and it is operational now","","Steps used to optimize costs of international connectivity",,,,
11902,"tpInterInternetConn_StepsOptimize","Steps used to optimize costs of international connectivity",,,196,"QAT","Qatar",,2023,"Several IXPs has been implemented and are operational now","","Steps used to optimize costs of international connectivity","Hosting of most frequently visited web sites (e.g. search engines, Data Centers, Content delivery network (CDN), Cache Servers, etc.)","Implementation of Internet Exchange Point (IXP)",,
11902,"tpInterInternetConn_StepsOptimize","Steps used to optimize costs of international connectivity",,,196,"QAT","Qatar",,2024,"Several IXPs have been implemented and are operational now","","Steps used to optimize costs of international connectivity","Hosting of most frequently visited web sites (e.g. search engines, Data Centers, Content delivery network (CDN), Cache Servers, etc.)","Implementation of Internet Exchange Point (IXP)",,
11902,"tpInterInternetConn_StepsOptimize","Steps used to optimize costs of international connectivity",,,201,"RWA","Rwanda","Implementation of Internet Exchange Point (IXP)",2010,"","","Steps used to optimize costs of international connectivity",,,,
11902,"tpInterInternetConn_StepsOptimize","Steps used to optimize costs of international connectivity",,,201,"RWA","Rwanda","Implementation of Internet Exchange Point (IXP)",2015,"","","Steps used to optimize costs of international connectivity",,,,
11902,"tpInterInternetConn_StepsOptimize","Steps used to optimize costs of international connectivity",,,201,"RWA","Rwanda","Implementation of Internet Exchange Point (IXP)",2016,"","","Steps used to optimize costs of international connectivity",,,,
11902,"tpInterInternetConn_StepsOptimize","Steps used to optimize costs of international connectivity",,,201,"RWA","Rwanda","Implementation of Internet Exchange Point (IXP)",2017,"","","Steps used to optimize costs of international connectivity",,,,
11902,"tpInterInternetConn_StepsOptimize","Steps used to optimize costs of international connectivity",,,201,"RWA","Rwanda","Implementation of Internet Exchange Point (IXP)",2018,"","","Steps used to optimize costs of international connectivity",,,,
11902,"tpInterInternetConn_StepsOptimize","Steps used to optimize costs of international connectivity",,,201,"RWA","Rwanda","Implementation of Internet Exchange Point (IXP)",2019,"","","Steps used to optimize costs of international connectivity",,,,
11902,"tpInterInternetConn_StepsOptimize","Steps used to optimize costs of international connectivity",,,201,"RWA","Rwanda","Implementation of Internet Exchange Point (IXP)",2020,"","","Steps used to optimize costs of international connectivity",,,,
11902,"tpInterInternetConn_StepsOptimize","Steps used to optimize costs of international connectivity",,,201,"RWA","Rwanda","Implementation of Internet Exchange Point (IXP)",2021,"","","Steps used to optimize costs of international connectivity",,,,
11902,"tpInterInternetConn_StepsOptimize","Steps used to optimize costs of international connectivity",,,201,"RWA","Rwanda",,2023,"","","Steps used to optimize costs of international connectivity","Encourage the development of local content","Hosting of most frequently visited web sites (e.g. search engines, Data Centers, Content delivery network (CDN), Cache Servers, etc.)","Implementation of Internet Exchange Point (IXP)",
11902,"tpInterInternetConn_StepsOptimize","Steps used to optimize costs of international connectivity",,,201,"RWA","Rwanda",,2024,"","","Steps used to optimize costs of international connectivity","Encourage the development of local content","Hosting of most frequently visited web sites (e.g. search engines, Data Centers, Content delivery network (CDN), Cache Servers, etc.)","Implementation of Internet Exchange Point (IXP)",
11902,"tpInterInternetConn_StepsOptimize","Steps used to optimize costs of international connectivity",,,202,"RUS","Russian Federation","Implementation of Internet Exchange Point (IXP)",2017,"","","Steps used to optimize costs of international connectivity",,,,
11902,"tpInterInternetConn_StepsOptimize","Steps used to optimize costs of international connectivity",,,202,"RUS","Russian Federation","Implementation of Internet Exchange Point (IXP)",2019,"","","Steps used to optimize costs of international connectivity",,,,
11902,"tpInterInternetConn_StepsOptimize","Steps used to optimize costs of international connectivity",,,202,"RUS","Russian Federation","Implementation of Internet Exchange Point (IXP)",2020,"","","Steps used to optimize costs of international connectivity",,,,
11902,"tpInterInternetConn_StepsOptimize","Steps used to optimize costs of international connectivity",,,202,"RUS","Russian Federation","Other,",2021,"","","Steps used to optimize costs of international connectivity",,,,
11902,"tpInterInternetConn_StepsOptimize","Steps used to optimize costs of international connectivity",,,202,"RUS","Russian Federation","Implementation of Internet Exchange Point (IXP)",2022,"","","Steps used to optimize costs of international connectivity",,,,
11902,"tpInterInternetConn_StepsOptimize","Steps used to optimize costs of international connectivity",,,202,"RUS","Russian Federation","Other,",2023,"all three steps","","Steps used to optimize costs of international connectivity",,,,
11902,"tpInterInternetConn_StepsOptimize","Steps used to optimize costs of international connectivity",,,203,"SWE","Sweden","Other,",2013,"","","Steps used to optimize costs of international connectivity",,,,
11902,"tpInterInternetConn_StepsOptimize","Steps used to optimize costs of international connectivity",,,203,"SWE","Sweden","Implementation of Internet Exchange Point (IXP)",2022,"","","Steps used to optimize costs of international connectivity",,,,
11902,"tpInterInternetConn_StepsOptimize","Steps used to optimize costs of international connectivity",,,205,"SDN","Sudan","Implementation of Internet Exchange Point (IXP)",2012,"","","Steps used to optimize costs of international connectivity",,,,
11902,"tpInterInternetConn_StepsOptimize","Steps used to optimize costs of international connectivity",,,205,"SDN","Sudan","Implementation of Internet Exchange Point (IXP)",2013,"","","Steps used to optimize costs of international connectivity",,,,
11902,"tpInterInternetConn_StepsOptimize","Steps used to optimize costs of international connectivity",,,205,"SDN","Sudan","Implementation of Internet Exchange Point (IXP)",2014,"","","Steps used to optimize costs of international connectivity",,,,
11902,"tpInterInternetConn_StepsOptimize","Steps used to optimize costs of international connectivity",,,205,"SDN","Sudan","Implementation of Internet Exchange Point (IXP)",2015,"","","Steps used to optimize costs of international connectivity",,,,
11902,"tpInterInternetConn_StepsOptimize","Steps used to optimize costs of international connectivity",,,205,"SDN","Sudan","Encourage the development of local content",2016,"","","Steps used to optimize costs of international connectivity",,,,
11902,"tpInterInternetConn_StepsOptimize","Steps used to optimize costs of international connectivity",,,205,"SDN","Sudan","Encourage the development of local content",2017,"","","Steps used to optimize costs of international connectivity",,,,
11902,"tpInterInternetConn_StepsOptimize","Steps used to optimize costs of international connectivity",,,205,"SDN","Sudan","Encourage the development of local content",2018,"","","Steps used to optimize costs of international connectivity",,,,
11902,"tpInterInternetConn_StepsOptimize","Steps used to optimize costs of international connectivity",,,205,"SDN","Sudan","Encourage the development of local content",2019,"","","Steps used to optimize costs of international connectivity",,,,
11902,"tpInterInternetConn_StepsOptimize","Steps used to optimize costs of international connectivity",,,205,"SDN","Sudan","Encourage the development of local content",2020,"","","Steps used to optimize costs of international connectivity",,,,
11902,"tpInterInternetConn_StepsOptimize","Steps used to optimize costs of international connectivity",,,205,"SDN","Sudan","Encourage the development of local content",2021,"","","Steps used to optimize costs of international connectivity",,,,
11902,"tpInterInternetConn_StepsOptimize","Steps used to optimize costs of international connectivity",,,205,"SDN","Sudan","Hosting of most frequently visited web sites (e.g. search engines, Data Centers, Content delivery network (CDN), Cache Servers, etc.)",2022,"","","Steps used to optimize costs of international connectivity",,,,
11902,"tpInterInternetConn_StepsOptimize","Steps used to optimize costs of international connectivity",,,206,"SEN","Senegal","Implementation of Internet Exchange Point (IXP)",2010,"","","Steps used to optimize costs of international connectivity",,,,
11902,"tpInterInternetConn_StepsOptimize","Steps used to optimize costs of international connectivity",,,206,"SEN","Senegal","Hosting of most frequently visited web sites (e.g. search engines, Data Centers, Content delivery network (CDN), Cache Servers, etc.)",2011,"","","Steps used to optimize costs of international connectivity",,,,
11902,"tpInterInternetConn_StepsOptimize","Steps used to optimize costs of international connectivity",,,206,"SEN","Senegal","Encourage the development of local content",2012,"","","Steps used to optimize costs of international connectivity",,,,
11902,"tpInterInternetConn_StepsOptimize","Steps used to optimize costs of international connectivity",,,206,"SEN","Senegal","Implementation of Internet Exchange Point (IXP)",2019,"","","Steps used to optimize costs of international connectivity",,,,
11902,"tpInterInternetConn_StepsOptimize","Steps used to optimize costs of international connectivity",,,206,"SEN","Senegal","Implementation of Internet Exchange Point (IXP)",2020,"","","Steps used to optimize costs of international connectivity",,,,
11902,"tpInterInternetConn_StepsOptimize","Steps used to optimize costs of international connectivity",,,206,"SEN","Senegal","Implementation of Internet Exchange Point (IXP)",2021,"","","Steps used to optimize costs of international connectivity",,,,
11902,"tpInterInternetConn_StepsOptimize","Steps used to optimize costs of international connectivity",,,207,"SYC","Seychelles","Other,",2013,"","","Steps used to optimize costs of international connectivity",,,,
11902,"tpInterInternetConn_StepsOptimize","Steps used to optimize costs of international connectivity",,,207,"SYC","Seychelles","Implementation of Internet Exchange Point (IXP)",2014,"","","Steps used to optimize costs of international connectivity",,,,
11902,"tpInterInternetConn_StepsOptimize","Steps used to optimize costs of international connectivity",,,207,"SYC","Seychelles","Implementation of Internet Exchange Point (IXP)",2016,"","","Steps used to optimize costs of international connectivity",,,,
11902,"tpInterInternetConn_StepsOptimize","Steps used to optimize costs of international connectivity",,,207,"SYC","Seychelles","Implementation of Internet Exchange Point (IXP)",2017,"","","Steps used to optimize costs of international connectivity",,,,
11902,"tpInterInternetConn_StepsOptimize","Steps used to optimize costs of international connectivity",,,207,"SYC","Seychelles","Implementation of Internet Exchange Point (IXP)",2018,"","","Steps used to optimize costs of international connectivity",,,,
11902,"tpInterInternetConn_StepsOptimize","Steps used to optimize costs of international connectivity",,,207,"SYC","Seychelles","Implementation of Internet Exchange Point (IXP)",2019,"","","Steps used to optimize costs of international connectivity",,,,
11902,"tpInterInternetConn_StepsOptimize","Steps used to optimize costs of international connectivity",,,207,"SYC","Seychelles","Implementation of Internet Exchange Point (IXP)",2020,"","","Steps used to optimize costs of international connectivity",,,,
11902,"tpInterInternetConn_StepsOptimize","Steps used to optimize costs of international connectivity",,,207,"SYC","Seychelles","Implementation of Internet Exchange Point (IXP)",2021,"","","Steps used to optimize costs of international connectivity",,,,
11902,"tpInterInternetConn_StepsOptimize","Steps used to optimize costs of international connectivity",,,207,"SYC","Seychelles","Implementation of Internet Exchange Point (IXP)",2022,"","","Steps used to optimize costs of international connectivity",,,,
11902,"tpInterInternetConn_StepsOptimize","Steps used to optimize costs of international connectivity",,,207,"SYC","Seychelles","Implementation of Internet Exchange Point (IXP)",2023,"","","Steps used to optimize costs of international connectivity",,,,
11902,"tpInterInternetConn_StepsOptimize","Steps used to optimize costs of international connectivity",,,209,"SLB","Solomon Islands","Implementation of Internet Exchange Point (IXP)",2014,"","","Steps used to optimize costs of international connectivity",,,,
11902,"tpInterInternetConn_StepsOptimize","Steps used to optimize costs of international connectivity",,,212,"WSM","Samoa","Implementation of Internet Exchange Point (IXP)",2011,"","","Steps used to optimize costs of international connectivity",,,,
11902,"tpInterInternetConn_StepsOptimize","Steps used to optimize costs of international connectivity",,,212,"WSM","Samoa","Encourage the development of local content",2012,"","","Steps used to optimize costs of international connectivity",,,,
11902,"tpInterInternetConn_StepsOptimize","Steps used to optimize costs of international connectivity",,,212,"WSM","Samoa","Implementation of Internet Exchange Point (IXP)",2013,"","","Steps used to optimize costs of international connectivity",,,,
11902,"tpInterInternetConn_StepsOptimize","Steps used to optimize costs of international connectivity",,,212,"WSM","Samoa","Implementation of Internet Exchange Point (IXP)",2014,"","","Steps used to optimize costs of international connectivity",,,,
11902,"tpInterInternetConn_StepsOptimize","Steps used to optimize costs of international connectivity",,,212,"WSM","Samoa","Implementation of Internet Exchange Point (IXP)",2017,"","","Steps used to optimize costs of international connectivity",,,,
11902,"tpInterInternetConn_StepsOptimize","Steps used to optimize costs of international connectivity",,,212,"WSM","Samoa","Implementation of Internet Exchange Point (IXP)",2018,"","","Steps used to optimize costs of international connectivity",,,,
11902,"tpInterInternetConn_StepsOptimize","Steps used to optimize costs of international connectivity",,,212,"WSM","Samoa","Implementation of Internet Exchange Point (IXP)",2019,"","","Steps used to optimize costs of international connectivity",,,,
11902,"tpInterInternetConn_StepsOptimize","Steps used to optimize costs of international connectivity",,,212,"WSM","Samoa","Encourage the development of local content",2020,"","","Steps used to optimize costs of international connectivity",,,,
11902,"tpInterInternetConn_StepsOptimize","Steps used to optimize costs of international connectivity",,,212,"WSM","Samoa","Encourage the development of local content",2021,"","","Steps used to optimize costs of international connectivity",,,,
11902,"tpInterInternetConn_StepsOptimize","Steps used to optimize costs of international connectivity",,,212,"WSM","Samoa","Encourage the development of local content",2022,"","","Steps used to optimize costs of international connectivity",,,,
11902,"tpInterInternetConn_StepsOptimize","Steps used to optimize costs of international connectivity",,,212,"WSM","Samoa","Encourage the development of local content",2023,"","","Steps used to optimize costs of international connectivity",,,,
11902,"tpInterInternetConn_StepsOptimize","Steps used to optimize costs of international connectivity",,,212,"WSM","Samoa","Encourage the development of local content",2024,"","","Steps used to optimize costs of international connectivity",,,,
11902,"tpInterInternetConn_StepsOptimize","Steps used to optimize costs of international connectivity",,,214,"SGP","Singapore","Other,",2015,"","","Steps used to optimize costs of international connectivity",,,,
11902,"tpInterInternetConn_StepsOptimize","Steps used to optimize costs of international connectivity",,,215,"SOM","Somalia","Implementation of Internet Exchange Point (IXP)",2018,"","","Steps used to optimize costs of international connectivity",,,,
11902,"tpInterInternetConn_StepsOptimize","Steps used to optimize costs of international connectivity",,,215,"SOM","Somalia","Implementation of Internet Exchange Point (IXP)",2019,"","","Steps used to optimize costs of international connectivity",,,,
11902,"tpInterInternetConn_StepsOptimize","Steps used to optimize costs of international connectivity",,,215,"SOM","Somalia","Implementation of Internet Exchange Point (IXP)",2021,"","","Steps used to optimize costs of international connectivity",,,,
11902,"tpInterInternetConn_StepsOptimize","Steps used to optimize costs of international connectivity",,,215,"SOM","Somalia",,2023,"","","Steps used to optimize costs of international connectivity","Implementation of Internet Exchange Point (IXP)","Encourage the development of local content",,
11902,"tpInterInternetConn_StepsOptimize","Steps used to optimize costs of international connectivity",,,215,"SOM","Somalia",,2024,"","","Steps used to optimize costs of international connectivity","Encourage the development of local content","Implementation of Internet Exchange Point (IXP)",,
11902,"tpInterInternetConn_StepsOptimize","Steps used to optimize costs of international connectivity",,,217,"SLE","Sierra Leone","Implementation of Internet Exchange Point (IXP)",2012,"","","Steps used to optimize costs of international connectivity",,,,
11902,"tpInterInternetConn_StepsOptimize","Steps used to optimize costs of international connectivity",,,217,"SLE","Sierra Leone","Encourage the development of local content",2014,"","","Steps used to optimize costs of international connectivity",,,,
11902,"tpInterInternetConn_StepsOptimize","Steps used to optimize costs of international connectivity",,,217,"SLE","Sierra Leone","Encourage the development of local content",2015,"We are presently looking into implementing an Internet Exchane Point","","Steps used to optimize costs of international connectivity",,,,
11902,"tpInterInternetConn_StepsOptimize","Steps used to optimize costs of international connectivity",,,217,"SLE","Sierra Leone","Encourage the development of local content",2016,"","","Steps used to optimize costs of international connectivity",,,,
11902,"tpInterInternetConn_StepsOptimize","Steps used to optimize costs of international connectivity",,,217,"SLE","Sierra Leone","Implementation of Internet Exchange Point (IXP)",2021,"","","Steps used to optimize costs of international connectivity",,,,
11902,"tpInterInternetConn_StepsOptimize","Steps used to optimize costs of international connectivity",,,217,"SLE","Sierra Leone","Implementation of Internet Exchange Point (IXP)",2022,"","","Steps used to optimize costs of international connectivity",,,,
11902,"tpInterInternetConn_StepsOptimize","Steps used to optimize costs of international connectivity",,,218,"STP","Sao Tome and Principe","Other,",2011,"","","Steps used to optimize costs of international connectivity",,,,
11902,"tpInterInternetConn_StepsOptimize","Steps used to optimize costs of international connectivity",,,218,"STP","Sao Tome and Principe","Implementation of Internet Exchange Point (IXP)",2012,"","","Steps used to optimize costs of international connectivity",,,,
11902,"tpInterInternetConn_StepsOptimize","Steps used to optimize costs of international connectivity",,,218,"STP","Sao Tome and Principe","Implementation of Internet Exchange Point (IXP)",2014,"Avec l'appui financier et tecnique de l'Union Africane, nous sommes en train de organizer des worshop pour motiver et formeur les fornisseurs des services internet a implementer un IXP nacional.","","Steps used to optimize costs of international connectivity",,,,
11902,"tpInterInternetConn_StepsOptimize","Steps used to optimize costs of international connectivity",,,218,"STP","Sao Tome and Principe","Implementation of Internet Exchange Point (IXP)",2015,"","","Steps used to optimize costs of international connectivity",,,,
11902,"tpInterInternetConn_StepsOptimize","Steps used to optimize costs of international connectivity",,,218,"STP","Sao Tome and Principe","Implementation of Internet Exchange Point (IXP)",2016,"","","Steps used to optimize costs of international connectivity",,,,
11902,"tpInterInternetConn_StepsOptimize","Steps used to optimize costs of international connectivity",,,219,"CHE","Switzerland","Other,",2015,"","","Steps used to optimize costs of international connectivity",,,,
11902,"tpInterInternetConn_StepsOptimize","Steps used to optimize costs of international connectivity",,,219,"CHE","Switzerland","Other,",2016,"","","Steps used to optimize costs of international connectivity",,,,
11902,"tpInterInternetConn_StepsOptimize","Steps used to optimize costs of international connectivity",,,219,"CHE","Switzerland","Other,",2017,"","","Steps used to optimize costs of international connectivity",,,,
11902,"tpInterInternetConn_StepsOptimize","Steps used to optimize costs of international connectivity",,,219,"CHE","Switzerland","Other,",2018,"","","Steps used to optimize costs of international connectivity",,,,
11902,"tpInterInternetConn_StepsOptimize","Steps used to optimize costs of international connectivity",,,219,"CHE","Switzerland","Other,",2019,"","","Steps used to optimize costs of international connectivity",,,,
11902,"tpInterInternetConn_StepsOptimize","Steps used to optimize costs of international connectivity",,,219,"CHE","Switzerland","Other,",2020,"","","Steps used to optimize costs of international connectivity",,,,
11902,"tpInterInternetConn_StepsOptimize","Steps used to optimize costs of international connectivity",,,219,"CHE","Switzerland","Other,",2021,"","","Steps used to optimize costs of international connectivity",,,,
11902,"tpInterInternetConn_StepsOptimize","Steps used to optimize costs of international connectivity",,,219,"CHE","Switzerland","Other,",2022,"IXP as a private non-profit association","","Steps used to optimize costs of international connectivity",,,,
11902,"tpInterInternetConn_StepsOptimize","Steps used to optimize costs of international connectivity",,,219,"CHE","Switzerland","Other,",2023,"IXP as a private non-profit association","","Steps used to optimize costs of international connectivity",,,,
11902,"tpInterInternetConn_StepsOptimize","Steps used to optimize costs of international connectivity",,,219,"CHE","Switzerland","Other,",2024,"IXP as a private non-profit association","","Steps used to optimize costs of international connectivity",,,,
11902,"tpInterInternetConn_StepsOptimize","Steps used to optimize costs of international connectivity",,,220,"SUR","Suriname","Implementation of Internet Exchange Point (IXP)",2011,"","","Steps used to optimize costs of international connectivity",,,,
11902,"tpInterInternetConn_StepsOptimize","Steps used to optimize costs of international connectivity",,,220,"SUR","Suriname","Implementation of Internet Exchange Point (IXP)",2012,"","","Steps used to optimize costs of international connectivity",,,,
11902,"tpInterInternetConn_StepsOptimize","Steps used to optimize costs of international connectivity",,,220,"SUR","Suriname","Implementation of Internet Exchange Point (IXP)",2013,"","","Steps used to optimize costs of international connectivity",,,,
11902,"tpInterInternetConn_StepsOptimize","Steps used to optimize costs of international connectivity",,,220,"SUR","Suriname","Other,",2014,"","","Steps used to optimize costs of international connectivity",,,,
11902,"tpInterInternetConn_StepsOptimize","Steps used to optimize costs of international connectivity",,,220,"SUR","Suriname","Other,",2015,"","","Steps used to optimize costs of international connectivity",,,,
11902,"tpInterInternetConn_StepsOptimize","Steps used to optimize costs of international connectivity",,,220,"SUR","Suriname","Other,",2016,"","","Steps used to optimize costs of international connectivity",,,,
11902,"tpInterInternetConn_StepsOptimize","Steps used to optimize costs of international connectivity",,,220,"SUR","Suriname","Other,",2017,"","","Steps used to optimize costs of international connectivity",,,,
11902,"tpInterInternetConn_StepsOptimize","Steps used to optimize costs of international connectivity",,,220,"SUR","Suriname","Other,",2018,"planning to set up a IXP","","Steps used to optimize costs of international connectivity",,,,
11902,"tpInterInternetConn_StepsOptimize","Steps used to optimize costs of international connectivity",,,220,"SUR","Suriname","Other,",2019,"","","Steps used to optimize costs of international connectivity",,,,
11902,"tpInterInternetConn_StepsOptimize","Steps used to optimize costs of international connectivity",,,220,"SUR","Suriname","Other,",2020,"","","Steps used to optimize costs of international connectivity",,,,
11902,"tpInterInternetConn_StepsOptimize","Steps used to optimize costs of international connectivity",,,220,"SUR","Suriname","Other,",2021,"","","Steps used to optimize costs of international connectivity",,,,
11902,"tpInterInternetConn_StepsOptimize","Steps used to optimize costs of international connectivity",,,220,"SUR","Suriname","Other,",2022,"planning to set up a IXP","","Steps used to optimize costs of international connectivity",,,,
11902,"tpInterInternetConn_StepsOptimize","Steps used to optimize costs of international connectivity",,,221,"SVN","Slovenia","Hosting of most frequently visited web sites (e.g. search engines, Data Centers, Content delivery network (CDN), Cache Servers, etc.)",2012,"","","Steps used to optimize costs of international connectivity",,,,
11902,"tpInterInternetConn_StepsOptimize","Steps used to optimize costs of international connectivity",,,221,"SVN","Slovenia","Implementation of Internet Exchange Point (IXP)",2015,"","","Steps used to optimize costs of international connectivity",,,,
11902,"tpInterInternetConn_StepsOptimize","Steps used to optimize costs of international connectivity",,,221,"SVN","Slovenia","Hosting of most frequently visited web sites (e.g. search engines, Data Centers, Content delivery network (CDN), Cache Servers, etc.)",2016,"","","Steps used to optimize costs of international connectivity",,,,
11902,"tpInterInternetConn_StepsOptimize","Steps used to optimize costs of international connectivity",,,221,"SVN","Slovenia","Hosting of most frequently visited web sites (e.g. search engines, Data Centers, Content delivery network (CDN), Cache Servers, etc.)",2017,"","","Steps used to optimize costs of international connectivity",,,,
11902,"tpInterInternetConn_StepsOptimize","Steps used to optimize costs of international connectivity",,,221,"SVN","Slovenia","Hosting of most frequently visited web sites (e.g. search engines, Data Centers, Content delivery network (CDN), Cache Servers, etc.)",2018,"","","Steps used to optimize costs of international connectivity",,,,
11902,"tpInterInternetConn_StepsOptimize","Steps used to optimize costs of international connectivity",,,221,"SVN","Slovenia","Hosting of most frequently visited web sites (e.g. search engines, Data Centers, Content delivery network (CDN), Cache Servers, etc.)",2019,"","","Steps used to optimize costs of international connectivity",,,,
11902,"tpInterInternetConn_StepsOptimize","Steps used to optimize costs of international connectivity",,,221,"SVN","Slovenia","Hosting of most frequently visited web sites (e.g. search engines, Data Centers, Content delivery network (CDN), Cache Servers, etc.)",2020,"","","Steps used to optimize costs of international connectivity",,,,
11902,"tpInterInternetConn_StepsOptimize","Steps used to optimize costs of international connectivity",,,221,"SVN","Slovenia","Hosting of most frequently visited web sites (e.g. search engines, Data Centers, Content delivery network (CDN), Cache Servers, etc.)",2021,"","","Steps used to optimize costs of international connectivity",,,,
11902,"tpInterInternetConn_StepsOptimize","Steps used to optimize costs of international connectivity",,,221,"SVN","Slovenia","Hosting of most frequently visited web sites (e.g. search engines, Data Centers, Content delivery network (CDN), Cache Servers, etc.)",2022,"","","Steps used to optimize costs of international connectivity",,,,
11902,"tpInterInternetConn_StepsOptimize","Steps used to optimize costs of international connectivity",,,221,"SVN","Slovenia","Hosting of most frequently visited web sites (e.g. search engines, Data Centers, Content delivery network (CDN), Cache Servers, etc.)",2023,"","","Steps used to optimize costs of international connectivity",,,,
11902,"tpInterInternetConn_StepsOptimize","Steps used to optimize costs of international connectivity",,,221,"SVN","Slovenia","Hosting of most frequently visited web sites (e.g. search engines, Data Centers, Content delivery network (CDN), Cache Servers, etc.)",2024,"","","Steps used to optimize costs of international connectivity",,,,
11902,"tpInterInternetConn_StepsOptimize","Steps used to optimize costs of international connectivity",,,223,"SWZ","Eswatini","Implementation of Internet Exchange Point (IXP)",2017,"","","Steps used to optimize costs of international connectivity",,,,
11902,"tpInterInternetConn_StepsOptimize","Steps used to optimize costs of international connectivity",,,223,"SWZ","Eswatini","Implementation of Internet Exchange Point (IXP)",2018,"","","Steps used to optimize costs of international connectivity",,,,
11902,"tpInterInternetConn_StepsOptimize","Steps used to optimize costs of international connectivity",,,223,"SWZ","Eswatini","Implementation of Internet Exchange Point (IXP)",2019,"","","Steps used to optimize costs of international connectivity",,,,
11902,"tpInterInternetConn_StepsOptimize","Steps used to optimize costs of international connectivity",,,223,"SWZ","Eswatini","Implementation of Internet Exchange Point (IXP)",2020,"","","Steps used to optimize costs of international connectivity",,,,
11902,"tpInterInternetConn_StepsOptimize","Steps used to optimize costs of international connectivity",,,223,"SWZ","Eswatini","Implementation of Internet Exchange Point (IXP)",2021,"","","Steps used to optimize costs of international connectivity",,,,
11902,"tpInterInternetConn_StepsOptimize","Steps used to optimize costs of international connectivity",,,223,"SWZ","Eswatini","Implementation of Internet Exchange Point (IXP)",2022,"hosting of most frequently visited web sites(e.g search engines","","Steps used to optimize costs of international connectivity",,,,
11902,"tpInterInternetConn_StepsOptimize","Steps used to optimize costs of international connectivity",,,223,"SWZ","Eswatini","Implementation of Internet Exchange Point (IXP)",2023,"hosting of most frequently visited web sites(e.g search engines","","Steps used to optimize costs of international connectivity",,,,
11902,"tpInterInternetConn_StepsOptimize","Steps used to optimize costs of international connectivity",,,223,"SWZ","Eswatini",,2024,"hosting of most frequently visited web sites(e.g search engines","","Steps used to optimize costs of international connectivity","Other,","Implementation of Internet Exchange Point (IXP)","Hosting of most frequently visited web sites (e.g. search engines, Data Centers, Content delivery network (CDN), Cache Servers, etc.)",
11902,"tpInterInternetConn_StepsOptimize","Steps used to optimize costs of international connectivity",,,224,"SYR","Syrian Arab Republic","Hosting of most frequently visited web sites (e.g. search engines, Data Centers, Content delivery network (CDN), Cache Servers, etc.)",2022,"","","Steps used to optimize costs of international connectivity",,,,
11902,"tpInterInternetConn_StepsOptimize","Steps used to optimize costs of international connectivity",,,224,"SYR","Syrian Arab Republic",,2023,"","","Steps used to optimize costs of international connectivity","Hosting of most frequently visited web sites (e.g. search engines, Data Centers, Content delivery network (CDN), Cache Servers, etc.)","Encourage the development of local content",,
11902,"tpInterInternetConn_StepsOptimize","Steps used to optimize costs of international connectivity",,,224,"SYR","Syrian Arab Republic",,2024,"","","Steps used to optimize costs of international connectivity","Hosting of most frequently visited web sites (e.g. search engines, Data Centers, Content delivery network (CDN), Cache Servers, etc.)","Encourage the development of local content",,
11902,"tpInterInternetConn_StepsOptimize","Steps used to optimize costs of international connectivity",,,228,"TGO","Togo","Hosting of most frequently visited web sites (e.g. search engines, Data Centers, Content delivery network (CDN), Cache Servers, etc.)",2011,"","","Steps used to optimize costs of international connectivity",,,,
11902,"tpInterInternetConn_StepsOptimize","Steps used to optimize costs of international connectivity",,,228,"TGO","Togo","Implementation of Internet Exchange Point (IXP)",2012,"","","Steps used to optimize costs of international connectivity",,,,
11902,"tpInterInternetConn_StepsOptimize","Steps used to optimize costs of international connectivity",,,228,"TGO","Togo","Implementation of Internet Exchange Point (IXP)",2013,"","","Steps used to optimize costs of international connectivity",,,,
11902,"tpInterInternetConn_StepsOptimize","Steps used to optimize costs of international connectivity",,,228,"TGO","Togo","Other,",2014,"","","Steps used to optimize costs of international connectivity",,,,
11902,"tpInterInternetConn_StepsOptimize","Steps used to optimize costs of international connectivity",,,228,"TGO","Togo","Other,",2015,"","","Steps used to optimize costs of international connectivity",,,,
11902,"tpInterInternetConn_StepsOptimize","Steps used to optimize costs of international connectivity",,,228,"TGO","Togo","Other,",2016,"","","Steps used to optimize costs of international connectivity",,,,
11902,"tpInterInternetConn_StepsOptimize","Steps used to optimize costs of international connectivity",,,228,"TGO","Togo","Implementation of Internet Exchange Point (IXP)",2017,"","","Steps used to optimize costs of international connectivity",,,,
11902,"tpInterInternetConn_StepsOptimize","Steps used to optimize costs of international connectivity",,,228,"TGO","Togo","Implementation of Internet Exchange Point (IXP)",2018,"","","Steps used to optimize costs of international connectivity",,,,
11902,"tpInterInternetConn_StepsOptimize","Steps used to optimize costs of international connectivity",,,228,"TGO","Togo","Implementation of Internet Exchange Point (IXP)",2019,"","","Steps used to optimize costs of international connectivity",,,,
11902,"tpInterInternetConn_StepsOptimize","Steps used to optimize costs of international connectivity",,,228,"TGO","Togo","Implementation of Internet Exchange Point (IXP)",2020,"","","Steps used to optimize costs of international connectivity",,,,
11902,"tpInterInternetConn_StepsOptimize","Steps used to optimize costs of international connectivity",,,228,"TGO","Togo","Other,",2021,"Le Togo vient de mettre en place une Datacenter permettant d'optimiser le coût des connexions internet","","Steps used to optimize costs of international connectivity",,,,
11902,"tpInterInternetConn_StepsOptimize","Steps used to optimize costs of international connectivity",,,228,"TGO","Togo","Other,",2022,"Audit du coût de l'internet et Encadrement des prix de la connexion internet suite au benchmark.","","Steps used to optimize costs of international connectivity",,,,
11902,"tpInterInternetConn_StepsOptimize","Steps used to optimize costs of international connectivity",,,228,"TGO","Togo",,2024,"","","Steps used to optimize costs of international connectivity","Hosting of most frequently visited web sites (e.g. search engines, Data Centers, Content delivery network (CDN), Cache Servers, etc.)","Implementation of Internet Exchange Point (IXP)","Encourage the development of local content",
11902,"tpInterInternetConn_StepsOptimize","Steps used to optimize costs of international connectivity",,,229,"THA","Thailand","Implementation of Internet Exchange Point (IXP)",2018,"","","Steps used to optimize costs of international connectivity",,,,
11902,"tpInterInternetConn_StepsOptimize","Steps used to optimize costs of international connectivity",,,229,"THA","Thailand","Implementation of Internet Exchange Point (IXP)",2019,"","","Steps used to optimize costs of international connectivity",,,,
11902,"tpInterInternetConn_StepsOptimize","Steps used to optimize costs of international connectivity",,,232,"TON","Tonga","Implementation of Internet Exchange Point (IXP)",2011,"","","Steps used to optimize costs of international connectivity",,,,
11902,"tpInterInternetConn_StepsOptimize","Steps used to optimize costs of international connectivity",,,232,"TON","Tonga","Hosting of most frequently visited web sites (e.g. search engines, Data Centers, Content delivery network (CDN), Cache Servers, etc.)",2018,"","","Steps used to optimize costs of international connectivity",,,,
11902,"tpInterInternetConn_StepsOptimize","Steps used to optimize costs of international connectivity",,,232,"TON","Tonga","Hosting of most frequently visited web sites (e.g. search engines, Data Centers, Content delivery network (CDN), Cache Servers, etc.)",2019,"","","Steps used to optimize costs of international connectivity",,,,
11902,"tpInterInternetConn_StepsOptimize","Steps used to optimize costs of international connectivity",,,232,"TON","Tonga","Implementation of Internet Exchange Point (IXP)",2021,"","","Steps used to optimize costs of international connectivity",,,,
11902,"tpInterInternetConn_StepsOptimize","Steps used to optimize costs of international connectivity",,,232,"TON","Tonga","Implementation of Internet Exchange Point (IXP)",2022,"","","Steps used to optimize costs of international connectivity",,,,
11902,"tpInterInternetConn_StepsOptimize","Steps used to optimize costs of international connectivity",,,234,"TTO","Trinidad and Tobago","Other,",2010,"","","Steps used to optimize costs of international connectivity",,,,
11902,"tpInterInternetConn_StepsOptimize","Steps used to optimize costs of international connectivity",,,234,"TTO","Trinidad and Tobago","Implementation of Internet Exchange Point (IXP)",2011,"","","Steps used to optimize costs of international connectivity",,,,
11902,"tpInterInternetConn_StepsOptimize","Steps used to optimize costs of international connectivity",,,234,"TTO","Trinidad and Tobago","Other,",2012,"","","Steps used to optimize costs of international connectivity",,,,
11902,"tpInterInternetConn_StepsOptimize","Steps used to optimize costs of international connectivity",,,234,"TTO","Trinidad and Tobago","Hosting of most frequently visited web sites (e.g. search engines, Data Centers, Content delivery network (CDN), Cache Servers, etc.)",2013,"","","Steps used to optimize costs of international connectivity",,,,
11902,"tpInterInternetConn_StepsOptimize","Steps used to optimize costs of international connectivity",,,234,"TTO","Trinidad and Tobago","Implementation of Internet Exchange Point (IXP)",2014,"","","Steps used to optimize costs of international connectivity",,,,
11902,"tpInterInternetConn_StepsOptimize","Steps used to optimize costs of international connectivity",,,234,"TTO","Trinidad and Tobago","Implementation of Internet Exchange Point (IXP)",2015,"","","Steps used to optimize costs of international connectivity",,,,
11902,"tpInterInternetConn_StepsOptimize","Steps used to optimize costs of international connectivity",,,234,"TTO","Trinidad and Tobago","Implementation of Internet Exchange Point (IXP)",2016,"","","Steps used to optimize costs of international connectivity",,,,
11902,"tpInterInternetConn_StepsOptimize","Steps used to optimize costs of international connectivity",,,234,"TTO","Trinidad and Tobago","Implementation of Internet Exchange Point (IXP)",2017,"","","Steps used to optimize costs of international connectivity",,,,
11902,"tpInterInternetConn_StepsOptimize","Steps used to optimize costs of international connectivity",,,234,"TTO","Trinidad and Tobago","Implementation of Internet Exchange Point (IXP)",2018,"","","Steps used to optimize costs of international connectivity",,,,
11902,"tpInterInternetConn_StepsOptimize","Steps used to optimize costs of international connectivity",,,234,"TTO","Trinidad and Tobago","Implementation of Internet Exchange Point (IXP)",2019,"Cache servers also hosted","","Steps used to optimize costs of international connectivity",,,,
11902,"tpInterInternetConn_StepsOptimize","Steps used to optimize costs of international connectivity",,,234,"TTO","Trinidad and Tobago","Implementation of Internet Exchange Point (IXP)",2020,"Cache servers also hosted","","Steps used to optimize costs of international connectivity",,,,
11902,"tpInterInternetConn_StepsOptimize","Steps used to optimize costs of international connectivity",,,234,"TTO","Trinidad and Tobago","Implementation of Internet Exchange Point (IXP)",2021,"Cache servers also hosted","","Steps used to optimize costs of international connectivity",,,,
11902,"tpInterInternetConn_StepsOptimize","Steps used to optimize costs of international connectivity",,,234,"TTO","Trinidad and Tobago","Implementation of Internet Exchange Point (IXP)",2022,"Cache servers also hosted","","Steps used to optimize costs of international connectivity",,,,
11902,"tpInterInternetConn_StepsOptimize","Steps used to optimize costs of international connectivity",,,234,"TTO","Trinidad and Tobago","Implementation of Internet Exchange Point (IXP)",2023,"Cache servers also hosted","","Steps used to optimize costs of international connectivity",,,,
11902,"tpInterInternetConn_StepsOptimize","Steps used to optimize costs of international connectivity",,,234,"TTO","Trinidad and Tobago","Implementation of Internet Exchange Point (IXP)",2024,"Cache servers also hosted","","Steps used to optimize costs of international connectivity",,,,
11902,"tpInterInternetConn_StepsOptimize","Steps used to optimize costs of international connectivity",,,235,"TUN","Tunisia","Implementation of Internet Exchange Point (IXP)",2012,"","","Steps used to optimize costs of international connectivity",,,,
11902,"tpInterInternetConn_StepsOptimize","Steps used to optimize costs of international connectivity",,,235,"TUN","Tunisia","Implementation of Internet Exchange Point (IXP)",2015,"","","Steps used to optimize costs of international connectivity",,,,
11902,"tpInterInternetConn_StepsOptimize","Steps used to optimize costs of international connectivity",,,235,"TUN","Tunisia","Implementation of Internet Exchange Point (IXP)",2016,"","","Steps used to optimize costs of international connectivity",,,,
11902,"tpInterInternetConn_StepsOptimize","Steps used to optimize costs of international connectivity",,,235,"TUN","Tunisia","Implementation of Internet Exchange Point (IXP)",2017,"","","Steps used to optimize costs of international connectivity",,,,
11902,"tpInterInternetConn_StepsOptimize","Steps used to optimize costs of international connectivity",,,235,"TUN","Tunisia","Implementation of Internet Exchange Point (IXP)",2018,"","","Steps used to optimize costs of international connectivity",,,,
11902,"tpInterInternetConn_StepsOptimize","Steps used to optimize costs of international connectivity",,,235,"TUN","Tunisia","Implementation of Internet Exchange Point (IXP)",2019,"","","Steps used to optimize costs of international connectivity",,,,
11902,"tpInterInternetConn_StepsOptimize","Steps used to optimize costs of international connectivity",,,235,"TUN","Tunisia","Implementation of Internet Exchange Point (IXP)",2020,"","","Steps used to optimize costs of international connectivity",,,,
11902,"tpInterInternetConn_StepsOptimize","Steps used to optimize costs of international connectivity",,,235,"TUN","Tunisia","Implementation of Internet Exchange Point (IXP)",2021,"","","Steps used to optimize costs of international connectivity",,,,
11902,"tpInterInternetConn_StepsOptimize","Steps used to optimize costs of international connectivity",,,235,"TUN","Tunisia","Implementation of Internet Exchange Point (IXP)",2022,"","","Steps used to optimize costs of international connectivity",,,,
11902,"tpInterInternetConn_StepsOptimize","Steps used to optimize costs of international connectivity",,,235,"TUN","Tunisia","Implementation of Internet Exchange Point (IXP)",2023,"","","Steps used to optimize costs of international connectivity",,,,
11902,"tpInterInternetConn_StepsOptimize","Steps used to optimize costs of international connectivity",,,236,"TUR","Türkiye","Other,",2011,"","","Steps used to optimize costs of international connectivity",,,,
11902,"tpInterInternetConn_StepsOptimize","Steps used to optimize costs of international connectivity",,,236,"TUR","Türkiye","Other,",2012,"","","Steps used to optimize costs of international connectivity",,,,
11902,"tpInterInternetConn_StepsOptimize","Steps used to optimize costs of international connectivity",,,236,"TUR","Türkiye","Other,",2013,"","","Steps used to optimize costs of international connectivity",,,,
11902,"tpInterInternetConn_StepsOptimize","Steps used to optimize costs of international connectivity",,,236,"TUR","Türkiye","Encourage the development of local content",2014,"","","Steps used to optimize costs of international connectivity",,,,
11902,"tpInterInternetConn_StepsOptimize","Steps used to optimize costs of international connectivity",,,236,"TUR","Türkiye","Encourage the development of local content",2015,"","","Steps used to optimize costs of international connectivity",,,,
11902,"tpInterInternetConn_StepsOptimize","Steps used to optimize costs of international connectivity",,,236,"TUR","Türkiye","Encourage the development of local content",2016,"","","Steps used to optimize costs of international connectivity",,,,
11902,"tpInterInternetConn_StepsOptimize","Steps used to optimize costs of international connectivity",,,237,"TUV","Tuvalu","Implementation of Internet Exchange Point (IXP)",2015,"","","Steps used to optimize costs of international connectivity",,,,
11902,"tpInterInternetConn_StepsOptimize","Steps used to optimize costs of international connectivity",,,238,"TZA","Tanzania","Implementation of Internet Exchange Point (IXP)",2013,"","","Steps used to optimize costs of international connectivity",,,,
11902,"tpInterInternetConn_StepsOptimize","Steps used to optimize costs of international connectivity",,,238,"TZA","Tanzania","Other,",2015,"","","Steps used to optimize costs of international connectivity",,,,
11902,"tpInterInternetConn_StepsOptimize","Steps used to optimize costs of international connectivity",,,238,"TZA","Tanzania","Implementation of Internet Exchange Point (IXP)",2017,"","","Steps used to optimize costs of international connectivity",,,,
11902,"tpInterInternetConn_StepsOptimize","Steps used to optimize costs of international connectivity",,,238,"TZA","Tanzania","Implementation of Internet Exchange Point (IXP)",2018,"","","Steps used to optimize costs of international connectivity",,,,
11902,"tpInterInternetConn_StepsOptimize","Steps used to optimize costs of international connectivity",,,238,"TZA","Tanzania","Implementation of Internet Exchange Point (IXP)",2019,"","","Steps used to optimize costs of international connectivity",,,,
11902,"tpInterInternetConn_StepsOptimize","Steps used to optimize costs of international connectivity",,,238,"TZA","Tanzania","Implementation of Internet Exchange Point (IXP)",2020,"","","Steps used to optimize costs of international connectivity",,,,
11902,"tpInterInternetConn_StepsOptimize","Steps used to optimize costs of international connectivity",,,238,"TZA","Tanzania","Other,",2021,"","","Steps used to optimize costs of international connectivity",,,,
11902,"tpInterInternetConn_StepsOptimize","Steps used to optimize costs of international connectivity",,,238,"TZA","Tanzania","Other,",2022,"All the above three measures apply in Tanzania","","Steps used to optimize costs of international connectivity",,,,
11902,"tpInterInternetConn_StepsOptimize","Steps used to optimize costs of international connectivity",,,238,"TZA","Tanzania","Other,",2023,"All the above three measures apply in Tanzania","","Steps used to optimize costs of international connectivity",,,,
11902,"tpInterInternetConn_StepsOptimize","Steps used to optimize costs of international connectivity",,,238,"TZA","Tanzania","Other,",2024,"All the above three measures apply in Tanzania","","Steps used to optimize costs of international connectivity",,,,
11902,"tpInterInternetConn_StepsOptimize","Steps used to optimize costs of international connectivity",,,239,"ARE","United Arab Emirates","Hosting of most frequently visited web sites (e.g. search engines, Data Centers, Content delivery network (CDN), Cache Servers, etc.)",2012,"","","Steps used to optimize costs of international connectivity",,,,
11902,"tpInterInternetConn_StepsOptimize","Steps used to optimize costs of international connectivity",,,239,"ARE","United Arab Emirates","Hosting of most frequently visited web sites (e.g. search engines, Data Centers, Content delivery network (CDN), Cache Servers, etc.)",2013,"","","Steps used to optimize costs of international connectivity",,,,
11902,"tpInterInternetConn_StepsOptimize","Steps used to optimize costs of international connectivity",,,239,"ARE","United Arab Emirates","Implementation of Internet Exchange Point (IXP)",2014,"","","Steps used to optimize costs of international connectivity",,,,
11902,"tpInterInternetConn_StepsOptimize","Steps used to optimize costs of international connectivity",,,239,"ARE","United Arab Emirates","Implementation of Internet Exchange Point (IXP)",2015,"IN ADDITON TO:- Hosting of most frequently visited web sites (e.g. search engines, Data Centers, Content delivery network (CDN), Cache Servers, etc.)- Encourage the development of local content","","Steps used to optimize costs of international connectivity",,,,
11902,"tpInterInternetConn_StepsOptimize","Steps used to optimize costs of international connectivity",,,239,"ARE","United Arab Emirates","Implementation of Internet Exchange Point (IXP)",2016,"","","Steps used to optimize costs of international connectivity",,,,
11902,"tpInterInternetConn_StepsOptimize","Steps used to optimize costs of international connectivity",,,239,"ARE","United Arab Emirates","Implementation of Internet Exchange Point (IXP)",2017,"","","Steps used to optimize costs of international connectivity",,,,
11902,"tpInterInternetConn_StepsOptimize","Steps used to optimize costs of international connectivity",,,239,"ARE","United Arab Emirates","Implementation of Internet Exchange Point (IXP)",2018,"","","Steps used to optimize costs of international connectivity",,,,
11902,"tpInterInternetConn_StepsOptimize","Steps used to optimize costs of international connectivity",,,239,"ARE","United Arab Emirates","Implementation of Internet Exchange Point (IXP)",2019,"","","Steps used to optimize costs of international connectivity",,,,
11902,"tpInterInternetConn_StepsOptimize","Steps used to optimize costs of international connectivity",,,239,"ARE","United Arab Emirates","Implementation of Internet Exchange Point (IXP)",2020,"","","Steps used to optimize costs of international connectivity",,,,
11902,"tpInterInternetConn_StepsOptimize","Steps used to optimize costs of international connectivity",,,239,"ARE","United Arab Emirates","Implementation of Internet Exchange Point (IXP)",2021,"","","Steps used to optimize costs of international connectivity",,,,
11902,"tpInterInternetConn_StepsOptimize","Steps used to optimize costs of international connectivity",,,239,"ARE","United Arab Emirates","Implementation of Internet Exchange Point (IXP)",2022,"","","Steps used to optimize costs of international connectivity",,,,
11902,"tpInterInternetConn_StepsOptimize","Steps used to optimize costs of international connectivity",,,239,"ARE","United Arab Emirates",,2023,"","","Steps used to optimize costs of international connectivity","Implementation of Internet Exchange Point (IXP)","Hosting of most frequently visited web sites (e.g. search engines, Data Centers, Content delivery network (CDN), Cache Servers, etc.)","Encourage the development of local content",
11902,"tpInterInternetConn_StepsOptimize","Steps used to optimize costs of international connectivity",,,239,"ARE","United Arab Emirates",,2024,"","","Steps used to optimize costs of international connectivity","Implementation of Internet Exchange Point (IXP)","Hosting of most frequently visited web sites (e.g. search engines, Data Centers, Content delivery network (CDN), Cache Servers, etc.)","Encourage the development of local content",
11902,"tpInterInternetConn_StepsOptimize","Steps used to optimize costs of international connectivity",,,240,"UGA","Uganda","Implementation of Internet Exchange Point (IXP)",2010,"","","Steps used to optimize costs of international connectivity",,,,
11902,"tpInterInternetConn_StepsOptimize","Steps used to optimize costs of international connectivity",,,240,"UGA","Uganda","Hosting of most frequently visited web sites (e.g. search engines, Data Centers, Content delivery network (CDN), Cache Servers, etc.)",2011,"Hosting most frequently visisted web sites.  Set-up a regional infrastructure acccess Committee mandating cost based cross border infrastructure access (EACO Infrastructure task force)","","Steps used to optimize costs of international connectivity",,,,
11902,"tpInterInternetConn_StepsOptimize","Steps used to optimize costs of international connectivity",,,240,"UGA","Uganda","Implementation of Internet Exchange Point (IXP)",2012,"","","Steps used to optimize costs of international connectivity",,,,
11902,"tpInterInternetConn_StepsOptimize","Steps used to optimize costs of international connectivity",,,240,"UGA","Uganda","Implementation of Internet Exchange Point (IXP)",2018,"","","Steps used to optimize costs of international connectivity",,,,
11902,"tpInterInternetConn_StepsOptimize","Steps used to optimize costs of international connectivity",,,240,"UGA","Uganda","Implementation of Internet Exchange Point (IXP)",2019,"","","Steps used to optimize costs of international connectivity",,,,
11902,"tpInterInternetConn_StepsOptimize","Steps used to optimize costs of international connectivity",,,240,"UGA","Uganda","Implementation of Internet Exchange Point (IXP)",2020,"","","Steps used to optimize costs of international connectivity",,,,
11902,"tpInterInternetConn_StepsOptimize","Steps used to optimize costs of international connectivity",,,240,"UGA","Uganda","Encourage the development of local content",2021,"","","Steps used to optimize costs of international connectivity",,,,
11902,"tpInterInternetConn_StepsOptimize","Steps used to optimize costs of international connectivity",,,240,"UGA","Uganda","Encourage the development of local content",2022,"","","Steps used to optimize costs of international connectivity",,,,
11902,"tpInterInternetConn_StepsOptimize","Steps used to optimize costs of international connectivity",,,240,"UGA","Uganda",,2023,"","","Steps used to optimize costs of international connectivity","Implementation of Internet Exchange Point (IXP)","Hosting of most frequently visited web sites (e.g. search engines, Data Centers, Content delivery network (CDN), Cache Servers, etc.)","Encourage the development of local content",
11902,"tpInterInternetConn_StepsOptimize","Steps used to optimize costs of international connectivity",,,241,"UKR","Ukraine","Implementation of Internet Exchange Point (IXP)",2011,"","","Steps used to optimize costs of international connectivity",,,,
11902,"tpInterInternetConn_StepsOptimize","Steps used to optimize costs of international connectivity",,,241,"UKR","Ukraine","Implementation of Internet Exchange Point (IXP)",2012,"","","Steps used to optimize costs of international connectivity",,,,
11902,"tpInterInternetConn_StepsOptimize","Steps used to optimize costs of international connectivity",,,241,"UKR","Ukraine","Other,",2013,"all of the above","","Steps used to optimize costs of international connectivity",,,,
11902,"tpInterInternetConn_StepsOptimize","Steps used to optimize costs of international connectivity",,,241,"UKR","Ukraine","Hosting of most frequently visited web sites (e.g. search engines, Data Centers, Content delivery network (CDN), Cache Servers, etc.)",2017,"","","Steps used to optimize costs of international connectivity",,,,
11902,"tpInterInternetConn_StepsOptimize","Steps used to optimize costs of international connectivity",,,241,"UKR","Ukraine","Hosting of most frequently visited web sites (e.g. search engines, Data Centers, Content delivery network (CDN), Cache Servers, etc.)",2018,"","","Steps used to optimize costs of international connectivity",,,,
11902,"tpInterInternetConn_StepsOptimize","Steps used to optimize costs of international connectivity",,,241,"UKR","Ukraine","Hosting of most frequently visited web sites (e.g. search engines, Data Centers, Content delivery network (CDN), Cache Servers, etc.)",2019,"","","Steps used to optimize costs of international connectivity",,,,
11902,"tpInterInternetConn_StepsOptimize","Steps used to optimize costs of international connectivity",,,241,"UKR","Ukraine","Hosting of most frequently visited web sites (e.g. search engines, Data Centers, Content delivery network (CDN), Cache Servers, etc.)",2020,"","","Steps used to optimize costs of international connectivity",,,,
11902,"tpInterInternetConn_StepsOptimize","Steps used to optimize costs of international connectivity",,,241,"UKR","Ukraine","Hosting of most frequently visited web sites (e.g. search engines, Data Centers, Content delivery network (CDN), Cache Servers, etc.)",2021,"","","Steps used to optimize costs of international connectivity",,,,
11902,"tpInterInternetConn_StepsOptimize","Steps used to optimize costs of international connectivity",,,242,"URY","Uruguay","Other,",2010,"","","Steps used to optimize costs of international connectivity",,,,
11902,"tpInterInternetConn_StepsOptimize","Steps used to optimize costs of international connectivity",,,242,"URY","Uruguay","Hosting of most frequently visited web sites (e.g. search engines, Data Centers, Content delivery network (CDN), Cache Servers, etc.)",2011,"","","Steps used to optimize costs of international connectivity",,,,
11902,"tpInterInternetConn_StepsOptimize","Steps used to optimize costs of international connectivity",,,242,"URY","Uruguay","Encourage the development of local content",2021,"","","Steps used to optimize costs of international connectivity",,,,
11902,"tpInterInternetConn_StepsOptimize","Steps used to optimize costs of international connectivity",,,242,"URY","Uruguay","Encourage the development of local content",2022,"","","Steps used to optimize costs of international connectivity",,,,
11902,"tpInterInternetConn_StepsOptimize","Steps used to optimize costs of international connectivity",,,242,"URY","Uruguay","Encourage the development of local content",2023,"","","Steps used to optimize costs of international connectivity",,,,
11902,"tpInterInternetConn_StepsOptimize","Steps used to optimize costs of international connectivity",,,244,"USA","United States","Other,",2011,"","","Steps used to optimize costs of international connectivity",,,,
11902,"tpInterInternetConn_StepsOptimize","Steps used to optimize costs of international connectivity",,,244,"USA","United States","Other,",2012,"","","Steps used to optimize costs of international connectivity",,,,
11902,"tpInterInternetConn_StepsOptimize","Steps used to optimize costs of international connectivity",,,244,"USA","United States","Other,",2013,"","","Steps used to optimize costs of international connectivity",,,,
11902,"tpInterInternetConn_StepsOptimize","Steps used to optimize costs of international connectivity",,,244,"USA","United States","Other,",2014,"","","Steps used to optimize costs of international connectivity",,,,
11902,"tpInterInternetConn_StepsOptimize","Steps used to optimize costs of international connectivity",,,244,"USA","United States","Other,",2015,"","","Steps used to optimize costs of international connectivity",,,,
11902,"tpInterInternetConn_StepsOptimize","Steps used to optimize costs of international connectivity",,,244,"USA","United States","Other,",2016,"","","Steps used to optimize costs of international connectivity",,,,
11902,"tpInterInternetConn_StepsOptimize","Steps used to optimize costs of international connectivity",,,244,"USA","United States","Other,",2017,"","","Steps used to optimize costs of international connectivity",,,,
11902,"tpInterInternetConn_StepsOptimize","Steps used to optimize costs of international connectivity",,,244,"USA","United States","Other,",2018,"","","Steps used to optimize costs of international connectivity",,,,
11902,"tpInterInternetConn_StepsOptimize","Steps used to optimize costs of international connectivity",,,244,"USA","United States","Other,",2021,"","","Steps used to optimize costs of international connectivity",,,,
11902,"tpInterInternetConn_StepsOptimize","Steps used to optimize costs of international connectivity",,,244,"USA","United States","Other,",2022,"Promote a competitive marketplace","","Steps used to optimize costs of international connectivity",,,,
11902,"tpInterInternetConn_StepsOptimize","Steps used to optimize costs of international connectivity",,,244,"USA","United States","Other,",2023,"Promote a competitive marketplace","","Steps used to optimize costs of international connectivity",,,,
11902,"tpInterInternetConn_StepsOptimize","Steps used to optimize costs of international connectivity",,,244,"USA","United States","Other,",2024,"Promote a competitive marketplace","","Steps used to optimize costs of international connectivity",,,,
11902,"tpInterInternetConn_StepsOptimize","Steps used to optimize costs of international connectivity",,,245,"UZB","Uzbekistan","Hosting of most frequently visited web sites (e.g. search engines, Data Centers, Content delivery network (CDN), Cache Servers, etc.)",2018,"","","Steps used to optimize costs of international connectivity",,,,
11902,"tpInterInternetConn_StepsOptimize","Steps used to optimize costs of international connectivity",,,245,"UZB","Uzbekistan","Hosting of most frequently visited web sites (e.g. search engines, Data Centers, Content delivery network (CDN), Cache Servers, etc.)",2019,"","","Steps used to optimize costs of international connectivity",,,,
11902,"tpInterInternetConn_StepsOptimize","Steps used to optimize costs of international connectivity",,,245,"UZB","Uzbekistan","Hosting of most frequently visited web sites (e.g. search engines, Data Centers, Content delivery network (CDN), Cache Servers, etc.)",2022,"","","Steps used to optimize costs of international connectivity",,,,
11902,"tpInterInternetConn_StepsOptimize","Steps used to optimize costs of international connectivity",,,245,"UZB","Uzbekistan","Hosting of most frequently visited web sites (e.g. search engines, Data Centers, Content delivery network (CDN), Cache Servers, etc.)",2023,"","","Steps used to optimize costs of international connectivity",,,,
11902,"tpInterInternetConn_StepsOptimize","Steps used to optimize costs of international connectivity",,,245,"UZB","Uzbekistan","Hosting of most frequently visited web sites (e.g. search engines, Data Centers, Content delivery network (CDN), Cache Servers, etc.)",2024,"","","Steps used to optimize costs of international connectivity",,,,
11902,"tpInterInternetConn_StepsOptimize","Steps used to optimize costs of international connectivity",,,246,"VCT","Saint Vincent and the Grenadines","Other,",2010,"","","Steps used to optimize costs of international connectivity",,,,
11902,"tpInterInternetConn_StepsOptimize","Steps used to optimize costs of international connectivity",,,246,"VCT","Saint Vincent and the Grenadines","Implementation of Internet Exchange Point (IXP)",2015,"","","Steps used to optimize costs of international connectivity",,,,
11902,"tpInterInternetConn_StepsOptimize","Steps used to optimize costs of international connectivity",,,246,"VCT","Saint Vincent and the Grenadines","Implementation of Internet Exchange Point (IXP)",2016,"","","Steps used to optimize costs of international connectivity",,,,
11902,"tpInterInternetConn_StepsOptimize","Steps used to optimize costs of international connectivity",,,246,"VCT","Saint Vincent and the Grenadines","Implementation of Internet Exchange Point (IXP)",2017,"","","Steps used to optimize costs of international connectivity",,,,
11902,"tpInterInternetConn_StepsOptimize","Steps used to optimize costs of international connectivity",,,246,"VCT","Saint Vincent and the Grenadines","Implementation of Internet Exchange Point (IXP)",2018,"","","Steps used to optimize costs of international connectivity",,,,
11902,"tpInterInternetConn_StepsOptimize","Steps used to optimize costs of international connectivity",,,246,"VCT","Saint Vincent and the Grenadines","Implementation of Internet Exchange Point (IXP)",2019,"","","Steps used to optimize costs of international connectivity",,,,
11902,"tpInterInternetConn_StepsOptimize","Steps used to optimize costs of international connectivity",,,246,"VCT","Saint Vincent and the Grenadines","Implementation of Internet Exchange Point (IXP)",2020,"","","Steps used to optimize costs of international connectivity",,,,
11902,"tpInterInternetConn_StepsOptimize","Steps used to optimize costs of international connectivity",,,246,"VCT","Saint Vincent and the Grenadines","Implementation of Internet Exchange Point (IXP)",2021,"","","Steps used to optimize costs of international connectivity",,,,
11902,"tpInterInternetConn_StepsOptimize","Steps used to optimize costs of international connectivity",,,246,"VCT","Saint Vincent and the Grenadines","Implementation of Internet Exchange Point (IXP)",2022,"","","Steps used to optimize costs of international connectivity",,,,
11902,"tpInterInternetConn_StepsOptimize","Steps used to optimize costs of international connectivity",,,246,"VCT","Saint Vincent and the Grenadines","Implementation of Internet Exchange Point (IXP)",2023,"","","Steps used to optimize costs of international connectivity",,,,
11902,"tpInterInternetConn_StepsOptimize","Steps used to optimize costs of international connectivity",,,246,"VCT","Saint Vincent and the Grenadines","Implementation of Internet Exchange Point (IXP)",2024,"","","Steps used to optimize costs of international connectivity",,,,
11902,"tpInterInternetConn_StepsOptimize","Steps used to optimize costs of international connectivity",,,247,"VEN","Venezuela","Hosting of most frequently visited web sites (e.g. search engines, Data Centers, Content delivery network (CDN), Cache Servers, etc.)",2014,"Se promueven tambien el desarrollo de contenidos locales","","Steps used to optimize costs of international connectivity",,,,
11902,"tpInterInternetConn_StepsOptimize","Steps used to optimize costs of international connectivity",,,247,"VEN","Venezuela","Hosting of most frequently visited web sites (e.g. search engines, Data Centers, Content delivery network (CDN), Cache Servers, etc.)",2015,"","","Steps used to optimize costs of international connectivity",,,,
11902,"tpInterInternetConn_StepsOptimize","Steps used to optimize costs of international connectivity",,,250,"VNM","Viet Nam","Hosting of most frequently visited web sites (e.g. search engines, Data Centers, Content delivery network (CDN), Cache Servers, etc.)",2010,"","","Steps used to optimize costs of international connectivity",,,,
11902,"tpInterInternetConn_StepsOptimize","Steps used to optimize costs of international connectivity",,,250,"VNM","Viet Nam","Implementation of Internet Exchange Point (IXP)",2011,"","","Steps used to optimize costs of international connectivity",,,,
11902,"tpInterInternetConn_StepsOptimize","Steps used to optimize costs of international connectivity",,,250,"VNM","Viet Nam","Implementation of Internet Exchange Point (IXP)",2012,"","","Steps used to optimize costs of international connectivity",,,,
11902,"tpInterInternetConn_StepsOptimize","Steps used to optimize costs of international connectivity",,,250,"VNM","Viet Nam","Implementation of Internet Exchange Point (IXP)",2013,"","","Steps used to optimize costs of international connectivity",,,,
11902,"tpInterInternetConn_StepsOptimize","Steps used to optimize costs of international connectivity",,,250,"VNM","Viet Nam","Implementation of Internet Exchange Point (IXP)",2014,"","","Steps used to optimize costs of international connectivity",,,,
11902,"tpInterInternetConn_StepsOptimize","Steps used to optimize costs of international connectivity",,,250,"VNM","Viet Nam","Implementation of Internet Exchange Point (IXP)",2015,"","","Steps used to optimize costs of international connectivity",,,,
11902,"tpInterInternetConn_StepsOptimize","Steps used to optimize costs of international connectivity",,,250,"VNM","Viet Nam","Implementation of Internet Exchange Point (IXP)",2016,"","","Steps used to optimize costs of international connectivity",,,,
11902,"tpInterInternetConn_StepsOptimize","Steps used to optimize costs of international connectivity",,,250,"VNM","Viet Nam","Hosting of most frequently visited web sites (e.g. search engines, Data Centers, Content delivery network (CDN), Cache Servers, etc.)",2017,"","","Steps used to optimize costs of international connectivity",,,,
11902,"tpInterInternetConn_StepsOptimize","Steps used to optimize costs of international connectivity",,,250,"VNM","Viet Nam","Hosting of most frequently visited web sites (e.g. search engines, Data Centers, Content delivery network (CDN), Cache Servers, etc.)",2018,"","","Steps used to optimize costs of international connectivity",,,,
11902,"tpInterInternetConn_StepsOptimize","Steps used to optimize costs of international connectivity",,,250,"VNM","Viet Nam","Hosting of most frequently visited web sites (e.g. search engines, Data Centers, Content delivery network (CDN), Cache Servers, etc.)",2019,"","","Steps used to optimize costs of international connectivity",,,,
11902,"tpInterInternetConn_StepsOptimize","Steps used to optimize costs of international connectivity",,,250,"VNM","Viet Nam","Hosting of most frequently visited web sites (e.g. search engines, Data Centers, Content delivery network (CDN), Cache Servers, etc.)",2020,"","","Steps used to optimize costs of international connectivity",,,,
11902,"tpInterInternetConn_StepsOptimize","Steps used to optimize costs of international connectivity",,,250,"VNM","Viet Nam","Hosting of most frequently visited web sites (e.g. search engines, Data Centers, Content delivery network (CDN), Cache Servers, etc.)",2021,"","","Steps used to optimize costs of international connectivity",,,,
11902,"tpInterInternetConn_StepsOptimize","Steps used to optimize costs of international connectivity",,,251,"VUT","Vanuatu","Other,",2011,"","","Steps used to optimize costs of international connectivity",,,,
11902,"tpInterInternetConn_StepsOptimize","Steps used to optimize costs of international connectivity",,,251,"VUT","Vanuatu","Implementation of Internet Exchange Point (IXP)",2012,"","","Steps used to optimize costs of international connectivity",,,,
11902,"tpInterInternetConn_StepsOptimize","Steps used to optimize costs of international connectivity",,,251,"VUT","Vanuatu","Implementation of Internet Exchange Point (IXP)",2013,"","","Steps used to optimize costs of international connectivity",,,,
11902,"tpInterInternetConn_StepsOptimize","Steps used to optimize costs of international connectivity",,,251,"VUT","Vanuatu","Implementation of Internet Exchange Point (IXP)",2014,"","","Steps used to optimize costs of international connectivity",,,,
11902,"tpInterInternetConn_StepsOptimize","Steps used to optimize costs of international connectivity",,,251,"VUT","Vanuatu","Implementation of Internet Exchange Point (IXP)",2017,"","","Steps used to optimize costs of international connectivity",,,,
11902,"tpInterInternetConn_StepsOptimize","Steps used to optimize costs of international connectivity",,,251,"VUT","Vanuatu","Implementation of Internet Exchange Point (IXP)",2018,"","","Steps used to optimize costs of international connectivity",,,,
11902,"tpInterInternetConn_StepsOptimize","Steps used to optimize costs of international connectivity",,,251,"VUT","Vanuatu","Implementation of Internet Exchange Point (IXP)",2019,"","","Steps used to optimize costs of international connectivity",,,,
11902,"tpInterInternetConn_StepsOptimize","Steps used to optimize costs of international connectivity",,,256,"SRB","Serbia","Implementation of Internet Exchange Point (IXP)",2010,"","","Steps used to optimize costs of international connectivity",,,,
11902,"tpInterInternetConn_StepsOptimize","Steps used to optimize costs of international connectivity",,,256,"SRB","Serbia","Other,",2011,"","","Steps used to optimize costs of international connectivity",,,,
11902,"tpInterInternetConn_StepsOptimize","Steps used to optimize costs of international connectivity",,,256,"SRB","Serbia","Implementation of Internet Exchange Point (IXP)",2012,"","","Steps used to optimize costs of international connectivity",,,,
11902,"tpInterInternetConn_StepsOptimize","Steps used to optimize costs of international connectivity",,,256,"SRB","Serbia","Implementation of Internet Exchange Point (IXP)",2013,"","","Steps used to optimize costs of international connectivity",,,,
11902,"tpInterInternetConn_StepsOptimize","Steps used to optimize costs of international connectivity",,,256,"SRB","Serbia","Implementation of Internet Exchange Point (IXP)",2016,"also hosting of most frequently visited web sites","","Steps used to optimize costs of international connectivity",,,,
11902,"tpInterInternetConn_StepsOptimize","Steps used to optimize costs of international connectivity",,,256,"SRB","Serbia","Implementation of Internet Exchange Point (IXP)",2019,"","","Steps used to optimize costs of international connectivity",,,,
11902,"tpInterInternetConn_StepsOptimize","Steps used to optimize costs of international connectivity",,,256,"SRB","Serbia","Implementation of Internet Exchange Point (IXP)",2020,"","","Steps used to optimize costs of international connectivity",,,,
11902,"tpInterInternetConn_StepsOptimize","Steps used to optimize costs of international connectivity",,,257,"COD","Dem. Rep. of the Congo","Implementation of Internet Exchange Point (IXP)",2012,"","","Steps used to optimize costs of international connectivity",,,,
11902,"tpInterInternetConn_StepsOptimize","Steps used to optimize costs of international connectivity",,,257,"COD","Dem. Rep. of the Congo","Implementation of Internet Exchange Point (IXP)",2013,"","","Steps used to optimize costs of international connectivity",,,,
11902,"tpInterInternetConn_StepsOptimize","Steps used to optimize costs of international connectivity",,,257,"COD","Dem. Rep. of the Congo","Encourage the development of local content",2014,"","","Steps used to optimize costs of international connectivity",,,,
11902,"tpInterInternetConn_StepsOptimize","Steps used to optimize costs of international connectivity",,,257,"COD","Dem. Rep. of the Congo","Implementation of Internet Exchange Point (IXP)",2015,"","","Steps used to optimize costs of international connectivity",,,,
11902,"tpInterInternetConn_StepsOptimize","Steps used to optimize costs of international connectivity",,,257,"COD","Dem. Rep. of the Congo","Implementation of Internet Exchange Point (IXP)",2016,"","","Steps used to optimize costs of international connectivity",,,,
11902,"tpInterInternetConn_StepsOptimize","Steps used to optimize costs of international connectivity",,,257,"COD","Dem. Rep. of the Congo","Implementation of Internet Exchange Point (IXP)",2017,"","","Steps used to optimize costs of international connectivity",,,,
11902,"tpInterInternetConn_StepsOptimize","Steps used to optimize costs of international connectivity",,,257,"COD","Dem. Rep. of the Congo","Implementation of Internet Exchange Point (IXP)",2018,"","","Steps used to optimize costs of international connectivity",,,,
11902,"tpInterInternetConn_StepsOptimize","Steps used to optimize costs of international connectivity",,,257,"COD","Dem. Rep. of the Congo","Implementation of Internet Exchange Point (IXP)",2019,"","","Steps used to optimize costs of international connectivity",,,,
11902,"tpInterInternetConn_StepsOptimize","Steps used to optimize costs of international connectivity",,,257,"COD","Dem. Rep. of the Congo","Implementation of Internet Exchange Point (IXP)",2020,"","","Steps used to optimize costs of international connectivity",,,,
11902,"tpInterInternetConn_StepsOptimize","Steps used to optimize costs of international connectivity",,,257,"COD","Dem. Rep. of the Congo","Implementation of Internet Exchange Point (IXP)",2021,"","","Steps used to optimize costs of international connectivity",,,,
11902,"tpInterInternetConn_StepsOptimize","Steps used to optimize costs of international connectivity",,,257,"COD","Dem. Rep. of the Congo","Implementation of Internet Exchange Point (IXP)",2022,"","","Steps used to optimize costs of international connectivity",,,,
11902,"tpInterInternetConn_StepsOptimize","Steps used to optimize costs of international connectivity",,,257,"COD","Dem. Rep. of the Congo","Implementation of Internet Exchange Point (IXP)",2023,"","","Steps used to optimize costs of international connectivity",,,,
11902,"tpInterInternetConn_StepsOptimize","Steps used to optimize costs of international connectivity",,,257,"COD","Dem. Rep. of the Congo","Implementation of Internet Exchange Point (IXP)",2024,"","","Steps used to optimize costs of international connectivity",,,,
11902,"tpInterInternetConn_StepsOptimize","Steps used to optimize costs of international connectivity",,,259,"ZMB","Zambia","Hosting of most frequently visited web sites (e.g. search engines, Data Centers, Content delivery network (CDN), Cache Servers, etc.)",2015,"","","Steps used to optimize costs of international connectivity",,,,
11902,"tpInterInternetConn_StepsOptimize","Steps used to optimize costs of international connectivity",,,259,"ZMB","Zambia","Hosting of most frequently visited web sites (e.g. search engines, Data Centers, Content delivery network (CDN), Cache Servers, etc.)",2016,"","","Steps used to optimize costs of international connectivity",,,,
11902,"tpInterInternetConn_StepsOptimize","Steps used to optimize costs of international connectivity",,,259,"ZMB","Zambia","Encourage the development of local content",2017,"","","Steps used to optimize costs of international connectivity",,,,
11902,"tpInterInternetConn_StepsOptimize","Steps used to optimize costs of international connectivity",,,259,"ZMB","Zambia","Encourage the development of local content",2018,"","","Steps used to optimize costs of international connectivity",,,,
11902,"tpInterInternetConn_StepsOptimize","Steps used to optimize costs of international connectivity",,,259,"ZMB","Zambia","Encourage the development of local content",2019,"","","Steps used to optimize costs of international connectivity",,,,
11902,"tpInterInternetConn_StepsOptimize","Steps used to optimize costs of international connectivity",,,259,"ZMB","Zambia","Encourage the development of local content",2020,"","","Steps used to optimize costs of international connectivity",,,,
11902,"tpInterInternetConn_StepsOptimize","Steps used to optimize costs of international connectivity",,,259,"ZMB","Zambia","Encourage the development of local content",2021,"","","Steps used to optimize costs of international connectivity",,,,
11902,"tpInterInternetConn_StepsOptimize","Steps used to optimize costs of international connectivity",,,259,"ZMB","Zambia","Encourage the development of local content",2022,"","","Steps used to optimize costs of international connectivity",,,,
11902,"tpInterInternetConn_StepsOptimize","Steps used to optimize costs of international connectivity",,,259,"ZMB","Zambia","Encourage the development of local content",2023,"","","Steps used to optimize costs of international connectivity",,,,
11902,"tpInterInternetConn_StepsOptimize","Steps used to optimize costs of international connectivity",,,259,"ZMB","Zambia",,2024,"","","Steps used to optimize costs of international connectivity","Encourage the development of local content","Hosting of most frequently visited web sites (e.g. search engines, Data Centers, Content delivery network (CDN), Cache Servers, etc.)","Implementation of Internet Exchange Point (IXP)",
11902,"tpInterInternetConn_StepsOptimize","Steps used to optimize costs of international connectivity",,,260,"ZWE","Zimbabwe","Implementation of Internet Exchange Point (IXP)",2010,"","","Steps used to optimize costs of international connectivity",,,,
11902,"tpInterInternetConn_StepsOptimize","Steps used to optimize costs of international connectivity",,,260,"ZWE","Zimbabwe","Implementation of Internet Exchange Point (IXP)",2012,"","","Steps used to optimize costs of international connectivity",,,,
11902,"tpInterInternetConn_StepsOptimize","Steps used to optimize costs of international connectivity",,,260,"ZWE","Zimbabwe","Implementation of Internet Exchange Point (IXP)",2013,"","","Steps used to optimize costs of international connectivity",,,,
11902,"tpInterInternetConn_StepsOptimize","Steps used to optimize costs of international connectivity",,,260,"ZWE","Zimbabwe","Encourage the development of local content",2014,"","","Steps used to optimize costs of international connectivity",,,,
11902,"tpInterInternetConn_StepsOptimize","Steps used to optimize costs of international connectivity",,,260,"ZWE","Zimbabwe","Encourage the development of local content",2015,"","","Steps used to optimize costs of international connectivity",,,,
11902,"tpInterInternetConn_StepsOptimize","Steps used to optimize costs of international connectivity",,,260,"ZWE","Zimbabwe","Encourage the development of local content",2016,"","","Steps used to optimize costs of international connectivity",,,,
11902,"tpInterInternetConn_StepsOptimize","Steps used to optimize costs of international connectivity",,,260,"ZWE","Zimbabwe","Implementation of Internet Exchange Point (IXP)",2017,"","","Steps used to optimize costs of international connectivity",,,,
11902,"tpInterInternetConn_StepsOptimize","Steps used to optimize costs of international connectivity",,,260,"ZWE","Zimbabwe","Implementation of Internet Exchange Point (IXP)",2018,"Encouraging the development of local content  is a step also taken in the country","","Steps used to optimize costs of international connectivity",,,,
11902,"tpInterInternetConn_StepsOptimize","Steps used to optimize costs of international connectivity",,,260,"ZWE","Zimbabwe","Implementation of Internet Exchange Point (IXP)",2019,"Encouraging the development of local content is a step also taken in the country","","Steps used to optimize costs of international connectivity",,,,
11902,"tpInterInternetConn_StepsOptimize","Steps used to optimize costs of international connectivity",,,260,"ZWE","Zimbabwe","Implementation of Internet Exchange Point (IXP)",2020,"","","Steps used to optimize costs of international connectivity",,,,
11902,"tpInterInternetConn_StepsOptimize","Steps used to optimize costs of international connectivity",,,260,"ZWE","Zimbabwe","Implementation of Internet Exchange Point (IXP)",2021,"","","Steps used to optimize costs of international connectivity",,,,
11902,"tpInterInternetConn_StepsOptimize","Steps used to optimize costs of international connectivity",,,260,"ZWE","Zimbabwe","Implementation of Internet Exchange Point (IXP)",2022,"","","Steps used to optimize costs of international connectivity",,,,
11902,"tpInterInternetConn_StepsOptimize","Steps used to optimize costs of international connectivity",,,260,"ZWE","Zimbabwe","Implementation of Internet Exchange Point (IXP)",2023,"","","Steps used to optimize costs of international connectivity",,,,
11902,"tpInterInternetConn_StepsOptimize","Steps used to optimize costs of international connectivity",,,260,"ZWE","Zimbabwe","Implementation of Internet Exchange Point (IXP)",2024,"","","Steps used to optimize costs of international connectivity",,,,
11902,"tpInterInternetConn_StepsOptimize","Steps used to optimize costs of international connectivity",,,274,"MDA","Moldova","Other,",2010,"","","Steps used to optimize costs of international connectivity",,,,
11902,"tpInterInternetConn_StepsOptimize","Steps used to optimize costs of international connectivity",,,274,"MDA","Moldova","Other,",2011,"","","Steps used to optimize costs of international connectivity",,,,
11902,"tpInterInternetConn_StepsOptimize","Steps used to optimize costs of international connectivity",,,274,"MDA","Moldova","Other,",2012,"","","Steps used to optimize costs of international connectivity",,,,
11902,"tpInterInternetConn_StepsOptimize","Steps used to optimize costs of international connectivity",,,274,"MDA","Moldova","Other,",2017,"","","Steps used to optimize costs of international connectivity",,,,
11902,"tpInterInternetConn_StepsOptimize","Steps used to optimize costs of international connectivity",,,274,"MDA","Moldova","Hosting of most frequently visited web sites (e.g. search engines, Data Centers, Content delivery network (CDN), Cache Servers, etc.)",2018,"","","Steps used to optimize costs of international connectivity",,,,
11902,"tpInterInternetConn_StepsOptimize","Steps used to optimize costs of international connectivity",,,274,"MDA","Moldova","Hosting of most frequently visited web sites (e.g. search engines, Data Centers, Content delivery network (CDN), Cache Servers, etc.)",2019,"","","Steps used to optimize costs of international connectivity",,,,
11902,"tpInterInternetConn_StepsOptimize","Steps used to optimize costs of international connectivity",,,274,"MDA","Moldova","Hosting of most frequently visited web sites (e.g. search engines, Data Centers, Content delivery network (CDN), Cache Servers, etc.)",2020,"","","Steps used to optimize costs of international connectivity",,,,
11902,"tpInterInternetConn_StepsOptimize","Steps used to optimize costs of international connectivity",,,274,"MDA","Moldova","Hosting of most frequently visited web sites (e.g. search engines, Data Centers, Content delivery network (CDN), Cache Servers, etc.)",2021,"","","Steps used to optimize costs of international connectivity",,,,
11902,"tpInterInternetConn_StepsOptimize","Steps used to optimize costs of international connectivity",,,274,"MDA","Moldova","Hosting of most frequently visited web sites (e.g. search engines, Data Centers, Content delivery network (CDN), Cache Servers, etc.)",2022,"","","Steps used to optimize costs of international connectivity",,,,
11902,"tpInterInternetConn_StepsOptimize","Steps used to optimize costs of international connectivity",,,274,"MDA","Moldova","Hosting of most frequently visited web sites (e.g. search engines, Data Centers, Content delivery network (CDN), Cache Servers, etc.)",2023,"","","Steps used to optimize costs of international connectivity",,,,
11902,"tpInterInternetConn_StepsOptimize","Steps used to optimize costs of international connectivity",,,275,"BIH","Bosnia and Herzegovina","Encourage the development of local content",2014,"","","Steps used to optimize costs of international connectivity",,,,
11902,"tpInterInternetConn_StepsOptimize","Steps used to optimize costs of international connectivity",,,275,"BIH","Bosnia and Herzegovina","Encourage the development of local content",2015,"","","Steps used to optimize costs of international connectivity",,,,
11902,"tpInterInternetConn_StepsOptimize","Steps used to optimize costs of international connectivity",,,275,"BIH","Bosnia and Herzegovina","Encourage the development of local content",2016,"","","Steps used to optimize costs of international connectivity",,,,
11902,"tpInterInternetConn_StepsOptimize","Steps used to optimize costs of international connectivity",,,275,"BIH","Bosnia and Herzegovina","Encourage the development of local content",2017,"","","Steps used to optimize costs of international connectivity",,,,
11902,"tpInterInternetConn_StepsOptimize","Steps used to optimize costs of international connectivity",,,275,"BIH","Bosnia and Herzegovina","Encourage the development of local content",2019,"","","Steps used to optimize costs of international connectivity",,,,
11902,"tpInterInternetConn_StepsOptimize","Steps used to optimize costs of international connectivity",,,275,"BIH","Bosnia and Herzegovina","Encourage the development of local content",2020,"","","Steps used to optimize costs of international connectivity",,,,
11902,"tpInterInternetConn_StepsOptimize","Steps used to optimize costs of international connectivity",,,275,"BIH","Bosnia and Herzegovina","Encourage the development of local content",2021,"","","Steps used to optimize costs of international connectivity",,,,
11902,"tpInterInternetConn_StepsOptimize","Steps used to optimize costs of international connectivity",,,275,"BIH","Bosnia and Herzegovina","Encourage the development of local content",2022,"","","Steps used to optimize costs of international connectivity",,,,
11902,"tpInterInternetConn_StepsOptimize","Steps used to optimize costs of international connectivity",,,275,"BIH","Bosnia and Herzegovina","Encourage the development of local content",2023,"","","Steps used to optimize costs of international connectivity",,,,
11902,"tpInterInternetConn_StepsOptimize","Steps used to optimize costs of international connectivity",,,275,"BIH","Bosnia and Herzegovina","Encourage the development of local content",2024,"","","Steps used to optimize costs of international connectivity",,,,
11902,"tpInterInternetConn_StepsOptimize","Steps used to optimize costs of international connectivity",,,276,"GEO","Georgia","Hosting of most frequently visited web sites (e.g. search engines, Data Centers, Content delivery network (CDN), Cache Servers, etc.)",2011,"","","Steps used to optimize costs of international connectivity",,,,
11902,"tpInterInternetConn_StepsOptimize","Steps used to optimize costs of international connectivity",,,276,"GEO","Georgia","Other,",2012,"","","Steps used to optimize costs of international connectivity",,,,
11902,"tpInterInternetConn_StepsOptimize","Steps used to optimize costs of international connectivity",,,276,"GEO","Georgia","Implementation of Internet Exchange Point (IXP)",2014,"","","Steps used to optimize costs of international connectivity",,,,
11902,"tpInterInternetConn_StepsOptimize","Steps used to optimize costs of international connectivity",,,276,"GEO","Georgia","Implementation of Internet Exchange Point (IXP)",2015,"","","Steps used to optimize costs of international connectivity",,,,
11902,"tpInterInternetConn_StepsOptimize","Steps used to optimize costs of international connectivity",,,276,"GEO","Georgia","Implementation of Internet Exchange Point (IXP)",2017,"","","Steps used to optimize costs of international connectivity",,,,
11902,"tpInterInternetConn_StepsOptimize","Steps used to optimize costs of international connectivity",,,276,"GEO","Georgia","Implementation of Internet Exchange Point (IXP)",2018,"","","Steps used to optimize costs of international connectivity",,,,
11902,"tpInterInternetConn_StepsOptimize","Steps used to optimize costs of international connectivity",,,277,"KAZ","Kazakhstan",,2023,"","","Steps used to optimize costs of international connectivity","Hosting of most frequently visited web sites (e.g. search engines, Data Centers, Content delivery network (CDN), Cache Servers, etc.)","Encourage the development of local content",,
11902,"tpInterInternetConn_StepsOptimize","Steps used to optimize costs of international connectivity",,,280,"KGZ","Kyrgyzstan","Other,",2014,"","","Steps used to optimize costs of international connectivity",,,,
11902,"tpInterInternetConn_StepsOptimize","Steps used to optimize costs of international connectivity",,,280,"KGZ","Kyrgyzstan","Other,",2015,"","","Steps used to optimize costs of international connectivity",,,,
11902,"tpInterInternetConn_StepsOptimize","Steps used to optimize costs of international connectivity",,,280,"KGZ","Kyrgyzstan","Other,",2019,"","","Steps used to optimize costs of international connectivity",,,,
11902,"tpInterInternetConn_StepsOptimize","Steps used to optimize costs of international connectivity",,,281,"SVK","Slovakia","Other,",2014,"RU doesn´t collect this type of information.","","Steps used to optimize costs of international connectivity",,,,
11902,"tpInterInternetConn_StepsOptimize","Steps used to optimize costs of international connectivity",,,281,"SVK","Slovakia","Implementation of Internet Exchange Point (IXP)",2017,"","","Steps used to optimize costs of international connectivity",,,,
11902,"tpInterInternetConn_StepsOptimize","Steps used to optimize costs of international connectivity",,,281,"SVK","Slovakia","Implementation of Internet Exchange Point (IXP)",2018,"","","Steps used to optimize costs of international connectivity",,,,
11902,"tpInterInternetConn_StepsOptimize","Steps used to optimize costs of international connectivity",,,281,"SVK","Slovakia","Implementation of Internet Exchange Point (IXP)",2019,"","","Steps used to optimize costs of international connectivity",,,,
11902,"tpInterInternetConn_StepsOptimize","Steps used to optimize costs of international connectivity",,,281,"SVK","Slovakia","Implementation of Internet Exchange Point (IXP)",2020,"","","Steps used to optimize costs of international connectivity",,,,
11902,"tpInterInternetConn_StepsOptimize","Steps used to optimize costs of international connectivity",,,281,"SVK","Slovakia","Implementation of Internet Exchange Point (IXP)",2021,"","","Steps used to optimize costs of international connectivity",,,,
11902,"tpInterInternetConn_StepsOptimize","Steps used to optimize costs of international connectivity",,,283,"MKD","North Macedonia","Implementation of Internet Exchange Point (IXP)",2012,"","","Steps used to optimize costs of international connectivity",,,,
11902,"tpInterInternetConn_StepsOptimize","Steps used to optimize costs of international connectivity",,,302,"TLS","Timor-Leste","Implementation of Internet Exchange Point (IXP)",2020,"","","Steps used to optimize costs of international connectivity",,,,
11902,"tpInterInternetConn_StepsOptimize","Steps used to optimize costs of international connectivity",,,308,"PSE","State of Palestine","Hosting of most frequently visited web sites (e.g. search engines, Data Centers, Content delivery network (CDN), Cache Servers, etc.)",2014,"","","Steps used to optimize costs of international connectivity",,,,
11902,"tpInterInternetConn_StepsOptimize","Steps used to optimize costs of international connectivity",,,316,"MNE","Montenegro","Implementation of Internet Exchange Point (IXP)",2015,"","","Steps used to optimize costs of international connectivity",,,,
11902,"tpInterInternetConn_StepsOptimize","Steps used to optimize costs of international connectivity",,,316,"MNE","Montenegro","Implementation of Internet Exchange Point (IXP)",2016,"","","Steps used to optimize costs of international connectivity",,,,
11902,"tpInterInternetConn_StepsOptimize","Steps used to optimize costs of international connectivity",,,316,"MNE","Montenegro","Implementation of Internet Exchange Point (IXP)",2017,"","","Steps used to optimize costs of international connectivity",,,,
11902,"tpInterInternetConn_StepsOptimize","Steps used to optimize costs of international connectivity",,,316,"MNE","Montenegro","Implementation of Internet Exchange Point (IXP)",2018,"","","Steps used to optimize costs of international connectivity",,,,
11902,"tpInterInternetConn_StepsOptimize","Steps used to optimize costs of international connectivity",,,316,"MNE","Montenegro","Implementation of Internet Exchange Point (IXP)",2019,"","","Steps used to optimize costs of international connectivity",,,,
11902,"tpInterInternetConn_StepsOptimize","Steps used to optimize costs of international connectivity",,,316,"MNE","Montenegro","Implementation of Internet Exchange Point (IXP)",2022,"","","Steps used to optimize costs of international connectivity",,,,
11902,"tpInterInternetConn_StepsOptimize","Steps used to optimize costs of international connectivity",,,321,"SSD","South Sudan","Hosting of most frequently visited web sites (e.g. search engines, Data Centers, Content delivery network (CDN), Cache Servers, etc.)",2016,"","","Steps used to optimize costs of international connectivity",,,,
11902,"tpInterInternetConn_StepsOptimize","Steps used to optimize costs of international connectivity",,,321,"SSD","South Sudan","Hosting of most frequently visited web sites (e.g. search engines, Data Centers, Content delivery network (CDN), Cache Servers, etc.)",2017,"","","Steps used to optimize costs of international connectivity",,,,
11902,"tpInterInternetConn_StepsOptimize","Steps used to optimize costs of international connectivity",,,321,"SSD","South Sudan","Hosting of most frequently visited web sites (e.g. search engines, Data Centers, Content delivery network (CDN), Cache Servers, etc.)",2018,"","","Steps used to optimize costs of international connectivity",,,,
11902,"tpInterInternetConn_StepsOptimize","Steps used to optimize costs of international connectivity",,,321,"SSD","South Sudan","Hosting of most frequently visited web sites (e.g. search engines, Data Centers, Content delivery network (CDN), Cache Servers, etc.)",2019,"","","Steps used to optimize costs of international connectivity",,,,
11902,"tpInterInternetConn_StepsOptimize","Steps used to optimize costs of international connectivity",,,321,"SSD","South Sudan","Hosting of most frequently visited web sites (e.g. search engines, Data Centers, Content delivery network (CDN), Cache Servers, etc.)",2020,"","","Steps used to optimize costs of international connectivity",,,,
11902,"tpInterInternetConn_StepsOptimize","Steps used to optimize costs of international connectivity",,,321,"SSD","South Sudan","Hosting of most frequently visited web sites (e.g. search engines, Data Centers, Content delivery network (CDN), Cache Servers, etc.)",2021,"","","Steps used to optimize costs of international connectivity",,,,
11902,"tpInterInternetConn_StepsOptimize","Steps used to optimize costs of international connectivity",,,321,"SSD","South Sudan","Hosting of most frequently visited web sites (e.g. search engines, Data Centers, Content delivery network (CDN), Cache Servers, etc.)",2022,"","","Steps used to optimize costs of international connectivity",,,,
11902,"tpInterInternetConn_StepsOptimize","Steps used to optimize costs of international connectivity",,,321,"SSD","South Sudan","Hosting of most frequently visited web sites (e.g. search engines, Data Centers, Content delivery network (CDN), Cache Servers, etc.)",2023,"","","Steps used to optimize costs of international connectivity",,,,
11902,"tpInterInternetConn_StepsOptimize","Steps used to optimize costs of international connectivity",,,321,"SSD","South Sudan",,2024,"","","Steps used to optimize costs of international connectivity","Encourage the development of local content","Implementation of Internet Exchange Point (IXP)",,