"seriesID","seriesCode","seriesName","seriesParent","seriesUnits","entityID","entityIso","entityName","dataValue","dataYear","dataNote","dataSource","seriesDescription"
19307,"i4213_2x","Subscriptions to fixed-broadband and fixed-telephone bundles",,"count",6,"AFG","Afghanistan","2113085.0",2022,"","Afghanistan Telecommunication Regulatory Authority.","Refers to the number of bundled telecommunication subscriptions including fixed-broadband and fixed-telephone services"
19307,"i4213_2x","Subscriptions to fixed-broadband and fixed-telephone bundles",,"count",7,"ZAF","South Africa","1279769.0",2014,"","Independent Communications Authority of South Africa","Refers to the number of bundled telecommunication subscriptions including fixed-broadband and fixed-telephone services"
19307,"i4213_2x","Subscriptions to fixed-broadband and fixed-telephone bundles",,"count",7,"ZAF","South Africa","1371937.0",2015,"","Independent Communications Authority of South Africa","Refers to the number of bundled telecommunication subscriptions including fixed-broadband and fixed-telephone services"
19307,"i4213_2x","Subscriptions to fixed-broadband and fixed-telephone bundles",,"count",7,"ZAF","South Africa","1400951.0",2016,"","Independent Communication Authority of South Africa","Refers to the number of bundled telecommunication subscriptions including fixed-broadband and fixed-telephone services"
19307,"i4213_2x","Subscriptions to fixed-broadband and fixed-telephone bundles",,"count",7,"ZAF","South Africa","1363739.0",2017,"","Independent Communication Authority of South Africa","Refers to the number of bundled telecommunication subscriptions including fixed-broadband and fixed-telephone services"
19307,"i4213_2x","Subscriptions to fixed-broadband and fixed-telephone bundles",,"count",7,"ZAF","South Africa","832646.0",2018,"","Independent Communications Authority of South Africa","Refers to the number of bundled telecommunication subscriptions including fixed-broadband and fixed-telephone services"
19307,"i4213_2x","Subscriptions to fixed-broadband and fixed-telephone bundles",,"count",7,"ZAF","South Africa","555673.0",2019,"","Independent Communications Authority of South Africa","Refers to the number of bundled telecommunication subscriptions including fixed-broadband and fixed-telephone services"
19307,"i4213_2x","Subscriptions to fixed-broadband and fixed-telephone bundles",,"count",7,"ZAF","South Africa","369914.0",2020,"","Independent Communications Authority of South Africa","Refers to the number of bundled telecommunication subscriptions including fixed-broadband and fixed-telephone services"
19307,"i4213_2x","Subscriptions to fixed-broadband and fixed-telephone bundles",,"count",7,"ZAF","South Africa","265034.0",2021,"","Independent Communications Authority of South Africa","Refers to the number of bundled telecommunication subscriptions including fixed-broadband and fixed-telephone services"
19307,"i4213_2x","Subscriptions to fixed-broadband and fixed-telephone bundles",,"count",7,"ZAF","South Africa","203045.0",2022,"","Independent Communications Authority of South Africa","Refers to the number of bundled telecommunication subscriptions including fixed-broadband and fixed-telephone services"
19307,"i4213_2x","Subscriptions to fixed-broadband and fixed-telephone bundles",,"count",7,"ZAF","South Africa","106575.0",2023,"","Independent Communications Authority of South Africa","Refers to the number of bundled telecommunication subscriptions including fixed-broadband and fixed-telephone services"
19307,"i4213_2x","Subscriptions to fixed-broadband and fixed-telephone bundles",,"count",7,"ZAF","South Africa","62467.0",2024,"Still validating the figure","Independent Communications Authority of South Africa","Refers to the number of bundled telecommunication subscriptions including fixed-broadband and fixed-telephone services"
19307,"i4213_2x","Subscriptions to fixed-broadband and fixed-telephone bundles",,"count",8,"AGO","Angola","108662.0",2017,"","Angolan Institute of Communications","Refers to the number of bundled telecommunication subscriptions including fixed-broadband and fixed-telephone services"
19307,"i4213_2x","Subscriptions to fixed-broadband and fixed-telephone bundles",,"count",8,"AGO","Angola","31210.0",2018,"","INACOM","Refers to the number of bundled telecommunication subscriptions including fixed-broadband and fixed-telephone services"
19307,"i4213_2x","Subscriptions to fixed-broadband and fixed-telephone bundles",,"count",8,"AGO","Angola","76488.0",2019,"","Angolan Institute of Communications","Refers to the number of bundled telecommunication subscriptions including fixed-broadband and fixed-telephone services"
19307,"i4213_2x","Subscriptions to fixed-broadband and fixed-telephone bundles",,"count",8,"AGO","Angola","7271.0",2021,"Historical inconsistencies for the indicator arise because it was once solely reported by Angola Telecom, which has been phasing out these services","Angolan Institute of Communications","Refers to the number of bundled telecommunication subscriptions including fixed-broadband and fixed-telephone services"
19307,"i4213_2x","Subscriptions to fixed-broadband and fixed-telephone bundles",,"count",8,"AGO","Angola","513.0",2022,"Historical inconsistencies for the indicator arise because it was once solely reported by Angola Telecom, which has been phasing out these services","Angolan Institute of Communications","Refers to the number of bundled telecommunication subscriptions including fixed-broadband and fixed-telephone services"
19307,"i4213_2x","Subscriptions to fixed-broadband and fixed-telephone bundles",,"count",8,"AGO","Angola","458.0",2023,"","Angolan Institute of Communications","Refers to the number of bundled telecommunication subscriptions including fixed-broadband and fixed-telephone services"
19307,"i4213_2x","Subscriptions to fixed-broadband and fixed-telephone bundles",,"count",8,"AGO","Angola","387.0",2024,"","Angolan Institute of Communications","Refers to the number of bundled telecommunication subscriptions including fixed-broadband and fixed-telephone services"
19307,"i4213_2x","Subscriptions to fixed-broadband and fixed-telephone bundles",,"count",10,"ALB","Albania","96194.0",2014,"","Minister of State for the Innovation and Public Administration","Refers to the number of bundled telecommunication subscriptions including fixed-broadband and fixed-telephone services"
19307,"i4213_2x","Subscriptions to fixed-broadband and fixed-telephone bundles",,"count",10,"ALB","Albania","80149.0",2015,"","Minister of State for the Innovation and Public Administration","Refers to the number of bundled telecommunication subscriptions including fixed-broadband and fixed-telephone services"
19307,"i4213_2x","Subscriptions to fixed-broadband and fixed-telephone bundles",,"count",10,"ALB","Albania","74230.0",2016,"","AKEP","Refers to the number of bundled telecommunication subscriptions including fixed-broadband and fixed-telephone services"
19307,"i4213_2x","Subscriptions to fixed-broadband and fixed-telephone bundles",,"count",10,"ALB","Albania","83017.0",2017,"","Ministry of Infrastructure and Energy","Refers to the number of bundled telecommunication subscriptions including fixed-broadband and fixed-telephone services"
19307,"i4213_2x","Subscriptions to fixed-broadband and fixed-telephone bundles",,"count",10,"ALB","Albania","91083.0",2018,"","Ministry of Infrastructure and Energy","Refers to the number of bundled telecommunication subscriptions including fixed-broadband and fixed-telephone services"
19307,"i4213_2x","Subscriptions to fixed-broadband and fixed-telephone bundles",,"count",10,"ALB","Albania","86352.0",2019,"","Ministry of Infrastructure and Energy","Refers to the number of bundled telecommunication subscriptions including fixed-broadband and fixed-telephone services"
19307,"i4213_2x","Subscriptions to fixed-broadband and fixed-telephone bundles",,"count",10,"ALB","Albania","89953.0",2020,"","Ministry of Infrastructure and Energy","Refers to the number of bundled telecommunication subscriptions including fixed-broadband and fixed-telephone services"
19307,"i4213_2x","Subscriptions to fixed-broadband and fixed-telephone bundles",,"count",10,"ALB","Albania","82746.0",2021,"","Ministry of Infrastructure and Energy","Refers to the number of bundled telecommunication subscriptions including fixed-broadband and fixed-telephone services"
19307,"i4213_2x","Subscriptions to fixed-broadband and fixed-telephone bundles",,"count",10,"ALB","Albania","89904.0",2022,"","Ministry of Infrastructure and Energy","Refers to the number of bundled telecommunication subscriptions including fixed-broadband and fixed-telephone services"
19307,"i4213_2x","Subscriptions to fixed-broadband and fixed-telephone bundles",,"count",10,"ALB","Albania","89091.0",2023,"","Ministry of Infrastructure and Energy","Refers to the number of bundled telecommunication subscriptions including fixed-broadband and fixed-telephone services"
19307,"i4213_2x","Subscriptions to fixed-broadband and fixed-telephone bundles",,"count",10,"ALB","Albania","89545.0",2024,"","Ministry of Infrastructure and Energy","Refers to the number of bundled telecommunication subscriptions including fixed-broadband and fixed-telephone services"
19307,"i4213_2x","Subscriptions to fixed-broadband and fixed-telephone bundles",,"count",11,"DZA","Algeria","1838746.0",2015,"Abonnement à internet fixe filaire (ADSL)","Ministère de la  Poste et des Technologies de l'Information et de la Communication","Refers to the number of bundled telecommunication subscriptions including fixed-broadband and fixed-telephone services"
19307,"i4213_2x","Subscriptions to fixed-broadband and fixed-telephone bundles",,"count",11,"DZA","Algeria","2083114.0",2016,"Abonnement à internet fixe filaire (ADSL)","Ministère de la Poste, des Télécommunications, des Technologies et du Numérique","Refers to the number of bundled telecommunication subscriptions including fixed-broadband and fixed-telephone services"
19307,"i4213_2x","Subscriptions to fixed-broadband and fixed-telephone bundles",,"count",11,"DZA","Algeria","188974.0",2017,"il s'agit de la 4G LTE  VOLTEE ( Internet + Telephone Fixe)","Ministère de la Poste et des Télécommunications","Refers to the number of bundled telecommunication subscriptions including fixed-broadband and fixed-telephone services"
19307,"i4213_2x","Subscriptions to fixed-broadband and fixed-telephone bundles",,"count",11,"DZA","Algeria","207588.0",2018,"","Ministère de la Poste et des Télécommunications","Refers to the number of bundled telecommunication subscriptions including fixed-broadband and fixed-telephone services"
19307,"i4213_2x","Subscriptions to fixed-broadband and fixed-telephone bundles",,"count",11,"DZA","Algeria","290588.0",2019,"","Ministère de la Poste et des Télécommunications","Refers to the number of bundled telecommunication subscriptions including fixed-broadband and fixed-telephone services"
19307,"i4213_2x","Subscriptions to fixed-broadband and fixed-telephone bundles",,"count",11,"DZA","Algeria","0.0",2020,"","Ministère de la Poste et des Télécommunications","Refers to the number of bundled telecommunication subscriptions including fixed-broadband and fixed-telephone services"
19307,"i4213_2x","Subscriptions to fixed-broadband and fixed-telephone bundles",,"count",11,"DZA","Algeria","0.0",2021,"","Ministère de la Poste et des Télécommunications","Refers to the number of bundled telecommunication subscriptions including fixed-broadband and fixed-telephone services"
19307,"i4213_2x","Subscriptions to fixed-broadband and fixed-telephone bundles",,"count",11,"DZA","Algeria","0.0",2022,"","Ministère de la Poste et des Télécommunications","Refers to the number of bundled telecommunication subscriptions including fixed-broadband and fixed-telephone services"
19307,"i4213_2x","Subscriptions to fixed-broadband and fixed-telephone bundles",,"count",11,"DZA","Algeria","0.0",2023,"","Ministère de la Poste et des Télécommunications","Refers to the number of bundled telecommunication subscriptions including fixed-broadband and fixed-telephone services"
19307,"i4213_2x","Subscriptions to fixed-broadband and fixed-telephone bundles",,"count",11,"DZA","Algeria","0.0",2024,"","Ministère de la Poste et des Télécommunications","Refers to the number of bundled telecommunication subscriptions including fixed-broadband and fixed-telephone services"
19307,"i4213_2x","Subscriptions to fixed-broadband and fixed-telephone bundles",,"count",14,"AND","Andorra","22324.0",2021,"","Andorra Telecom SAU","Refers to the number of bundled telecommunication subscriptions including fixed-broadband and fixed-telephone services"
19307,"i4213_2x","Subscriptions to fixed-broadband and fixed-telephone bundles",,"count",14,"AND","Andorra","24221.0",2022,"","Andorra Telecom SAU","Refers to the number of bundled telecommunication subscriptions including fixed-broadband and fixed-telephone services"
19307,"i4213_2x","Subscriptions to fixed-broadband and fixed-telephone bundles",,"count",14,"AND","Andorra","24236.0",2023,"","Andorra Telecom SAU","Refers to the number of bundled telecommunication subscriptions including fixed-broadband and fixed-telephone services"
19307,"i4213_2x","Subscriptions to fixed-broadband and fixed-telephone bundles",,"count",14,"AND","Andorra","25768.0",2024,"","Andorra Telecom SAU","Refers to the number of bundled telecommunication subscriptions including fixed-broadband and fixed-telephone services"
19307,"i4213_2x","Subscriptions to fixed-broadband and fixed-telephone bundles",,"count",17,"ARM","Armenia","154999.0",2014,"","Ministry of Transport and Communication of Armenia","Refers to the number of bundled telecommunication subscriptions including fixed-broadband and fixed-telephone services"
19307,"i4213_2x","Subscriptions to fixed-broadband and fixed-telephone bundles",,"count",17,"ARM","Armenia","149176.0",2015,"","Ministry of Transport and Communication of Armenia","Refers to the number of bundled telecommunication subscriptions including fixed-broadband and fixed-telephone services"
19307,"i4213_2x","Subscriptions to fixed-broadband and fixed-telephone bundles",,"count",17,"ARM","Armenia","145203.0",2016,"","Ministry of Transport, Communication and Information Technologies of Armenia","Refers to the number of bundled telecommunication subscriptions including fixed-broadband and fixed-telephone services"
19307,"i4213_2x","Subscriptions to fixed-broadband and fixed-telephone bundles",,"count",17,"ARM","Armenia","133485.0",2017,"","Ministry of Transport, Communication and Information Technologies of Armenia","Refers to the number of bundled telecommunication subscriptions including fixed-broadband and fixed-telephone services"
19307,"i4213_2x","Subscriptions to fixed-broadband and fixed-telephone bundles",,"count",17,"ARM","Armenia","106361.0",2018,"","Ministry of High-Tech Industry of Armenia","Refers to the number of bundled telecommunication subscriptions including fixed-broadband and fixed-telephone services"
19307,"i4213_2x","Subscriptions to fixed-broadband and fixed-telephone bundles",,"count",17,"ARM","Armenia","63662.0",2019,"","Ministry of High-Tech Industry of Armenia","Refers to the number of bundled telecommunication subscriptions including fixed-broadband and fixed-telephone services"
19307,"i4213_2x","Subscriptions to fixed-broadband and fixed-telephone bundles",,"count",17,"ARM","Armenia","73771.0",2020,"","Ministry of High-Tech Industry of Armenia","Refers to the number of bundled telecommunication subscriptions including fixed-broadband and fixed-telephone services"
19307,"i4213_2x","Subscriptions to fixed-broadband and fixed-telephone bundles",,"count",17,"ARM","Armenia","73853.0",2021,"","Ministry of High-Tech Industry of Armenia","Refers to the number of bundled telecommunication subscriptions including fixed-broadband and fixed-telephone services"
19307,"i4213_2x","Subscriptions to fixed-broadband and fixed-telephone bundles",,"count",17,"ARM","Armenia","38684.0",2022,"","Ministry of High-Tech Industry of Armenia","Refers to the number of bundled telecommunication subscriptions including fixed-broadband and fixed-telephone services"
19307,"i4213_2x","Subscriptions to fixed-broadband and fixed-telephone bundles",,"count",17,"ARM","Armenia","36189.0",2023,"","Ministry of High-Tech Industry of Armenia","Refers to the number of bundled telecommunication subscriptions including fixed-broadband and fixed-telephone services"
19307,"i4213_2x","Subscriptions to fixed-broadband and fixed-telephone bundles",,"count",17,"ARM","Armenia","30340.0",2024,"","Ministry of High-Tech Industry of Armenia","Refers to the number of bundled telecommunication subscriptions including fixed-broadband and fixed-telephone services"
19307,"i4213_2x","Subscriptions to fixed-broadband and fixed-telephone bundles",,"count",18,"SAU","Saudi Arabia","983569.0",2015,"","Communication and Information Technology Commission","Refers to the number of bundled telecommunication subscriptions including fixed-broadband and fixed-telephone services"
19307,"i4213_2x","Subscriptions to fixed-broadband and fixed-telephone bundles",,"count",18,"SAU","Saudi Arabia","1352393.0",2016,"","Communications and Information Technology Commission (CITC)","Refers to the number of bundled telecommunication subscriptions including fixed-broadband and fixed-telephone services"
19307,"i4213_2x","Subscriptions to fixed-broadband and fixed-telephone bundles",,"count",18,"SAU","Saudi Arabia","2325342.0",2017,"","Communications and Information Technology Commission (CITC)","Refers to the number of bundled telecommunication subscriptions including fixed-broadband and fixed-telephone services"
19307,"i4213_2x","Subscriptions to fixed-broadband and fixed-telephone bundles",,"count",18,"SAU","Saudi Arabia","4954186.0",2018,"","CITC","Refers to the number of bundled telecommunication subscriptions including fixed-broadband and fixed-telephone services"
19307,"i4213_2x","Subscriptions to fixed-broadband and fixed-telephone bundles",,"count",18,"SAU","Saudi Arabia","4947696.0",2019,"","Communication and Information Technology Commission","Refers to the number of bundled telecommunication subscriptions including fixed-broadband and fixed-telephone services"
19307,"i4213_2x","Subscriptions to fixed-broadband and fixed-telephone bundles",,"count",18,"SAU","Saudi Arabia","5111665.0",2020,"","Communication and Information Technology Commission","Refers to the number of bundled telecommunication subscriptions including fixed-broadband and fixed-telephone services"
19307,"i4213_2x","Subscriptions to fixed-broadband and fixed-telephone bundles",,"count",18,"SAU","Saudi Arabia","5770961.0",2021,"","Communication and Information Technology Commission","Refers to the number of bundled telecommunication subscriptions including fixed-broadband and fixed-telephone services"
19307,"i4213_2x","Subscriptions to fixed-broadband and fixed-telephone bundles",,"count",18,"SAU","Saudi Arabia","5200106.0",2022,"","Communication and Information Technology Commission","Refers to the number of bundled telecommunication subscriptions including fixed-broadband and fixed-telephone services"
19307,"i4213_2x","Subscriptions to fixed-broadband and fixed-telephone bundles",,"count",18,"SAU","Saudi Arabia","5498355.0",2023,"","Communication and Information Technology Commission","Refers to the number of bundled telecommunication subscriptions including fixed-broadband and fixed-telephone services"
19307,"i4213_2x","Subscriptions to fixed-broadband and fixed-telephone bundles",,"count",18,"SAU","Saudi Arabia","5672209.0",2024,"","Communications, Space and Technology Commission","Refers to the number of bundled telecommunication subscriptions including fixed-broadband and fixed-telephone services"
19307,"i4213_2x","Subscriptions to fixed-broadband and fixed-telephone bundles",,"count",24,"AUT","Austria","1123700.0",2012,"","Austrian Regulatory Authority for Broadcasting and Telecommunications","Refers to the number of bundled telecommunication subscriptions including fixed-broadband and fixed-telephone services"
19307,"i4213_2x","Subscriptions to fixed-broadband and fixed-telephone bundles",,"count",24,"AUT","Austria","1071700.0",2013,"","Austrian Regulatory Authority for Broadcasting and Telecommunications","Refers to the number of bundled telecommunication subscriptions including fixed-broadband and fixed-telephone services"
19307,"i4213_2x","Subscriptions to fixed-broadband and fixed-telephone bundles",,"count",24,"AUT","Austria","1064900.0",2014,"","Austrian Regulatory Authority for Broadcasting and Telecommunications","Refers to the number of bundled telecommunication subscriptions including fixed-broadband and fixed-telephone services"
19307,"i4213_2x","Subscriptions to fixed-broadband and fixed-telephone bundles",,"count",24,"AUT","Austria","1082900.0",2015,"","Austrian Regulatory Authority for Broadcasting and Telecommunications","Refers to the number of bundled telecommunication subscriptions including fixed-broadband and fixed-telephone services"
19307,"i4213_2x","Subscriptions to fixed-broadband and fixed-telephone bundles",,"count",24,"AUT","Austria","1108100.0",2016,"","RTR GmbH","Refers to the number of bundled telecommunication subscriptions including fixed-broadband and fixed-telephone services"
19307,"i4213_2x","Subscriptions to fixed-broadband and fixed-telephone bundles",,"count",24,"AUT","Austria","1081606.0",2017,"","RTR GmbH","Refers to the number of bundled telecommunication subscriptions including fixed-broadband and fixed-telephone services"
19307,"i4213_2x","Subscriptions to fixed-broadband and fixed-telephone bundles",,"count",24,"AUT","Austria","1131059.0",2018,"","Austrian Regulatory Authority for Broadcasting and Telecommunications","Refers to the number of bundled telecommunication subscriptions including fixed-broadband and fixed-telephone services"
19307,"i4213_2x","Subscriptions to fixed-broadband and fixed-telephone bundles",,"count",24,"AUT","Austria","1141570.0",2019,"","Austrian Regulatory Authority for Broadcasting and Telecommunications","Refers to the number of bundled telecommunication subscriptions including fixed-broadband and fixed-telephone services"
19307,"i4213_2x","Subscriptions to fixed-broadband and fixed-telephone bundles",,"count",24,"AUT","Austria","1104711.0",2020,"","Austrian Regulatory Authority for Broadcasting and Telecommunications","Refers to the number of bundled telecommunication subscriptions including fixed-broadband and fixed-telephone services"
19307,"i4213_2x","Subscriptions to fixed-broadband and fixed-telephone bundles",,"count",24,"AUT","Austria","1129630.0",2021,"","Austrian Regulatory Authority for Broadcasting and Telecommunications","Refers to the number of bundled telecommunication subscriptions including fixed-broadband and fixed-telephone services"
19307,"i4213_2x","Subscriptions to fixed-broadband and fixed-telephone bundles",,"count",24,"AUT","Austria","1096725.0",2022,"","Austrian Regulatory Authority for Broadcasting and Telecommunications","Refers to the number of bundled telecommunication subscriptions including fixed-broadband and fixed-telephone services"
19307,"i4213_2x","Subscriptions to fixed-broadband and fixed-telephone bundles",,"count",24,"AUT","Austria","1099714.0",2023,"","Austrian Regulatory Authority for Broadcasting and Telecommunications","Refers to the number of bundled telecommunication subscriptions including fixed-broadband and fixed-telephone services"
19307,"i4213_2x","Subscriptions to fixed-broadband and fixed-telephone bundles",,"count",24,"AUT","Austria","1091400.0",2024,"","Austrian Regulatory Authority for Broadcasting and Telecommunications","Refers to the number of bundled telecommunication subscriptions including fixed-broadband and fixed-telephone services"
19307,"i4213_2x","Subscriptions to fixed-broadband and fixed-telephone bundles",,"count",25,"AZE","Azerbaijan","1598108.0",2014,"","Ministry of Communications and High Technologies (MC&HT)","Refers to the number of bundled telecommunication subscriptions including fixed-broadband and fixed-telephone services"
19307,"i4213_2x","Subscriptions to fixed-broadband and fixed-telephone bundles",,"count",25,"AZE","Azerbaijan","1600329.0",2015,"","Ministry of Communications and High Technologies (MC&HT)","Refers to the number of bundled telecommunication subscriptions including fixed-broadband and fixed-telephone services"
19307,"i4213_2x","Subscriptions to fixed-broadband and fixed-telephone bundles",,"count",25,"AZE","Azerbaijan","1487450.0",2016,"","Ministry of Transport, Communications and High Technologies","Refers to the number of bundled telecommunication subscriptions including fixed-broadband and fixed-telephone services"
19307,"i4213_2x","Subscriptions to fixed-broadband and fixed-telephone bundles",,"count",25,"AZE","Azerbaijan","1477037.0",2017,"","Ministry of Transport, Communications and High Technologies","Refers to the number of bundled telecommunication subscriptions including fixed-broadband and fixed-telephone services"
19307,"i4213_2x","Subscriptions to fixed-broadband and fixed-telephone bundles",,"count",25,"AZE","Azerbaijan","1473114.0",2018,"","Ministry of Transport, Communications and High Technologies","Refers to the number of bundled telecommunication subscriptions including fixed-broadband and fixed-telephone services"
19307,"i4213_2x","Subscriptions to fixed-broadband and fixed-telephone bundles",,"count",25,"AZE","Azerbaijan","1470055.0",2019,"","Ministry of Digital Development and Transport","Refers to the number of bundled telecommunication subscriptions including fixed-broadband and fixed-telephone services"
19307,"i4213_2x","Subscriptions to fixed-broadband and fixed-telephone bundles",,"count",25,"AZE","Azerbaijan","1456055.0",2020,"","Ministry of Digital Development and Transport","Refers to the number of bundled telecommunication subscriptions including fixed-broadband and fixed-telephone services"
19307,"i4213_2x","Subscriptions to fixed-broadband and fixed-telephone bundles",,"count",25,"AZE","Azerbaijan","1448500.0",2021,"","Ministry of Digital Development and Transport","Refers to the number of bundled telecommunication subscriptions including fixed-broadband and fixed-telephone services"
19307,"i4213_2x","Subscriptions to fixed-broadband and fixed-telephone bundles",,"count",25,"AZE","Azerbaijan","1488300.0",2022,"","Ministry of Digital Development and Transport","Refers to the number of bundled telecommunication subscriptions including fixed-broadband and fixed-telephone services"
19307,"i4213_2x","Subscriptions to fixed-broadband and fixed-telephone bundles",,"count",25,"AZE","Azerbaijan","1481150.0",2023,"","Ministry of Digital Development and Transport","Refers to the number of bundled telecommunication subscriptions including fixed-broadband and fixed-telephone services"
19307,"i4213_2x","Subscriptions to fixed-broadband and fixed-telephone bundles",,"count",25,"AZE","Azerbaijan","1145200.0",2024,"","Ministry of Digital Development and Transport","Refers to the number of bundled telecommunication subscriptions including fixed-broadband and fixed-telephone services"
19307,"i4213_2x","Subscriptions to fixed-broadband and fixed-telephone bundles",,"count",28,"BHS","Bahamas","24994.0",2016,"Obtained from URCA's Licensees","Utilities Regulation and Competition Authority","Refers to the number of bundled telecommunication subscriptions including fixed-broadband and fixed-telephone services"
19307,"i4213_2x","Subscriptions to fixed-broadband and fixed-telephone bundles",,"count",28,"BHS","Bahamas","24114.0",2018,"Obtained from URCA's Licensees","Utilities Regulation and Competition Authority","Refers to the number of bundled telecommunication subscriptions including fixed-broadband and fixed-telephone services"
19307,"i4213_2x","Subscriptions to fixed-broadband and fixed-telephone bundles",,"count",28,"BHS","Bahamas","23218.0",2021,"","Utilities Regulation and Competition Authority","Refers to the number of bundled telecommunication subscriptions including fixed-broadband and fixed-telephone services"
19307,"i4213_2x","Subscriptions to fixed-broadband and fixed-telephone bundles",,"count",28,"BHS","Bahamas","23959.0",2022,"","Utilities Regulation and Competition Authority","Refers to the number of bundled telecommunication subscriptions including fixed-broadband and fixed-telephone services"
19307,"i4213_2x","Subscriptions to fixed-broadband and fixed-telephone bundles",,"count",28,"BHS","Bahamas","28766.0",2023,"","Utilities Regulation and Competition Authority","Refers to the number of bundled telecommunication subscriptions including fixed-broadband and fixed-telephone services"
19307,"i4213_2x","Subscriptions to fixed-broadband and fixed-telephone bundles",,"count",28,"BHS","Bahamas","28583.0",2024,"","Utilities Regulation and Competition Authority","Refers to the number of bundled telecommunication subscriptions including fixed-broadband and fixed-telephone services"
19307,"i4213_2x","Subscriptions to fixed-broadband and fixed-telephone bundles",,"count",29,"BDI","Burundi","0.0",2016,"Agence de Régulation et de Contrôle des Télécommunications","AGENCE DE REGULATION ET DE CONTROLE DES TELECOMMUNICATIONS","Refers to the number of bundled telecommunication subscriptions including fixed-broadband and fixed-telephone services"
19307,"i4213_2x","Subscriptions to fixed-broadband and fixed-telephone bundles",,"count",29,"BDI","Burundi","0.0",2017,"Agence de Régulation et de Contrôle des Télécommunications","AGENCE DE REGULATION ET DE CONTROLE DES TELECOMMUNICATIONS","Refers to the number of bundled telecommunication subscriptions including fixed-broadband and fixed-telephone services"
19307,"i4213_2x","Subscriptions to fixed-broadband and fixed-telephone bundles",,"count",29,"BDI","Burundi","0.0",2018,"Agence de Régulation et de Contrôle des Télécommunications","AGENCE DE REGULATION ET DE CONTROLE DES TELECOMMUNICATIONS(ARCT)","Refers to the number of bundled telecommunication subscriptions including fixed-broadband and fixed-telephone services"
19307,"i4213_2x","Subscriptions to fixed-broadband and fixed-telephone bundles",,"count",29,"BDI","Burundi","0.0",2019,"","Agence de Régulation et de Contrôle des Télécommunications ","Refers to the number of bundled telecommunication subscriptions including fixed-broadband and fixed-telephone services"
19307,"i4213_2x","Subscriptions to fixed-broadband and fixed-telephone bundles",,"count",29,"BDI","Burundi","0.0",2020,"","Agence de Régulation et de Contrôle des Télécommunications ","Refers to the number of bundled telecommunication subscriptions including fixed-broadband and fixed-telephone services"
19307,"i4213_2x","Subscriptions to fixed-broadband and fixed-telephone bundles",,"count",29,"BDI","Burundi","0.0",2021,"","Agence de Régulation et de Contrôle des Télécommunications","Refers to the number of bundled telecommunication subscriptions including fixed-broadband and fixed-telephone services"
19307,"i4213_2x","Subscriptions to fixed-broadband and fixed-telephone bundles",,"count",29,"BDI","Burundi","0.0",2022,"","Agence de Régulation et de Contrôle des Télécommunications","Refers to the number of bundled telecommunication subscriptions including fixed-broadband and fixed-telephone services"
19307,"i4213_2x","Subscriptions to fixed-broadband and fixed-telephone bundles",,"count",29,"BDI","Burundi","0.0",2023,"AGENCE DE REGULATION ET DE CONTROLE DES TELECOMMUNICATIONS","Agence de Régulation et de Contrôle des Télécommunications","Refers to the number of bundled telecommunication subscriptions including fixed-broadband and fixed-telephone services"
19307,"i4213_2x","Subscriptions to fixed-broadband and fixed-telephone bundles",,"count",30,"BEL","Belgium","168295.0",2014,"","Belgian Institute for Postal Services and Telecommunications ","Refers to the number of bundled telecommunication subscriptions including fixed-broadband and fixed-telephone services"
19307,"i4213_2x","Subscriptions to fixed-broadband and fixed-telephone bundles",,"count",30,"BEL","Belgium","93573.0",2015,"","Belgian Institute for Postal Services and Telecommunications ","Refers to the number of bundled telecommunication subscriptions including fixed-broadband and fixed-telephone services"
19307,"i4213_2x","Subscriptions to fixed-broadband and fixed-telephone bundles",,"count",30,"BEL","Belgium","68063.0",2016,"","Belgian Institute for Postal Services and Telecommunications ","Refers to the number of bundled telecommunication subscriptions including fixed-broadband and fixed-telephone services"
19307,"i4213_2x","Subscriptions to fixed-broadband and fixed-telephone bundles",,"count",30,"BEL","Belgium","50189.0",2017,"","Belgian Institute for Postal Services and Telecommunications ","Refers to the number of bundled telecommunication subscriptions including fixed-broadband and fixed-telephone services"
19307,"i4213_2x","Subscriptions to fixed-broadband and fixed-telephone bundles",,"count",30,"BEL","Belgium","82930.0",2018,"","Belgian Institute for Postal Services and Telecommunications ","Refers to the number of bundled telecommunication subscriptions including fixed-broadband and fixed-telephone services"
19307,"i4213_2x","Subscriptions to fixed-broadband and fixed-telephone bundles",,"count",30,"BEL","Belgium","73397.0",2019,"","Belgian Institute for Postal Services and Telecommunications ","Refers to the number of bundled telecommunication subscriptions including fixed-broadband and fixed-telephone services"
19307,"i4213_2x","Subscriptions to fixed-broadband and fixed-telephone bundles",,"count",30,"BEL","Belgium","71616.0",2020,"","Belgian Institute for Postal Services and Telecommunications ","Refers to the number of bundled telecommunication subscriptions including fixed-broadband and fixed-telephone services"
19307,"i4213_2x","Subscriptions to fixed-broadband and fixed-telephone bundles",,"count",30,"BEL","Belgium","58208.0",2021,"","Belgian Institute for Postal Services and Telecommunications","Refers to the number of bundled telecommunication subscriptions including fixed-broadband and fixed-telephone services"
19307,"i4213_2x","Subscriptions to fixed-broadband and fixed-telephone bundles",,"count",30,"BEL","Belgium","47306.0",2022,"","","Refers to the number of bundled telecommunication subscriptions including fixed-broadband and fixed-telephone services"
19307,"i4213_2x","Subscriptions to fixed-broadband and fixed-telephone bundles",,"count",30,"BEL","Belgium","28734.0",2023,"","","Refers to the number of bundled telecommunication subscriptions including fixed-broadband and fixed-telephone services"
19307,"i4213_2x","Subscriptions to fixed-broadband and fixed-telephone bundles",,"count",30,"BEL","Belgium","24639.0",2024,"","Belgian Institute for Postal Services and Telecommunications","Refers to the number of bundled telecommunication subscriptions including fixed-broadband and fixed-telephone services"
19307,"i4213_2x","Subscriptions to fixed-broadband and fixed-telephone bundles",,"count",31,"BEN","Benin","7198.0",2019,"","Autorité de Régulation des Communications Electroniques et de la Poste (ARCEP- Bénin)","Refers to the number of bundled telecommunication subscriptions including fixed-broadband and fixed-telephone services"
19307,"i4213_2x","Subscriptions to fixed-broadband and fixed-telephone bundles",,"count",31,"BEN","Benin","6608.0",2020,"","Autorité de Régulation des Communications Electroniques et de la Poste (ARCEP- Bénin)","Refers to the number of bundled telecommunication subscriptions including fixed-broadband and fixed-telephone services"
19307,"i4213_2x","Subscriptions to fixed-broadband and fixed-telephone bundles",,"count",31,"BEN","Benin","2456.0",2021,"","Autorité de Régulation des Communications Electroniques et de la Poste (ARCEP- Bénin)","Refers to the number of bundled telecommunication subscriptions including fixed-broadband and fixed-telephone services"
19307,"i4213_2x","Subscriptions to fixed-broadband and fixed-telephone bundles",,"count",31,"BEN","Benin","218.0",2022,"","Autorité de Régulation des Communications Electroniques et de la Poste (ARCEP- Bénin)","Refers to the number of bundled telecommunication subscriptions including fixed-broadband and fixed-telephone services"
19307,"i4213_2x","Subscriptions to fixed-broadband and fixed-telephone bundles",,"count",31,"BEN","Benin","170.0",2023,"","Autorité de Régulation des Communications Electroniques et de la Poste (ARCEP- Bénin)","Refers to the number of bundled telecommunication subscriptions including fixed-broadband and fixed-telephone services"
19307,"i4213_2x","Subscriptions to fixed-broadband and fixed-telephone bundles",,"count",31,"BEN","Benin","164.0",2024,"","Autorité de Régulation des Communications Electroniques et de la Poste (ARCEP- Bénin)","Refers to the number of bundled telecommunication subscriptions including fixed-broadband and fixed-telephone services"
19307,"i4213_2x","Subscriptions to fixed-broadband and fixed-telephone bundles",,"count",32,"BMU","Bermuda","2347.0",2024,"","Bermuda Government Dept of Energy","Refers to the number of bundled telecommunication subscriptions including fixed-broadband and fixed-telephone services"
19307,"i4213_2x","Subscriptions to fixed-broadband and fixed-telephone bundles",,"count",34,"BGD","Bangladesh","2250.0",2021,"","Bangladesh Telecommunication Regulatory Commission","Refers to the number of bundled telecommunication subscriptions including fixed-broadband and fixed-telephone services"
19307,"i4213_2x","Subscriptions to fixed-broadband and fixed-telephone bundles",,"count",34,"BGD","Bangladesh","212218.0",2023,"June, 2024","Bangladesh Telecommunication Regulatory Commission","Refers to the number of bundled telecommunication subscriptions including fixed-broadband and fixed-telephone services"
19307,"i4213_2x","Subscriptions to fixed-broadband and fixed-telephone bundles",,"count",34,"BGD","Bangladesh","284748.0",2024,"December, 2024","Bangladesh Telecommunication Regulatory Commission","Refers to the number of bundled telecommunication subscriptions including fixed-broadband and fixed-telephone services"
19307,"i4213_2x","Subscriptions to fixed-broadband and fixed-telephone bundles",,"count",35,"BHR","Bahrain","94604.0",2017,"Estimated based on the incumbent fixed broadband subscribers","TRA Bahrain","Refers to the number of bundled telecommunication subscriptions including fixed-broadband and fixed-telephone services"
19307,"i4213_2x","Subscriptions to fixed-broadband and fixed-telephone bundles",,"count",35,"BHR","Bahrain","102765.0",2018,"Estimated based on the incumbent fixed broadband subscribers","TRA","Refers to the number of bundled telecommunication subscriptions including fixed-broadband and fixed-telephone services"
19307,"i4213_2x","Subscriptions to fixed-broadband and fixed-telephone bundles",,"count",35,"BHR","Bahrain","116830.0",2019,"Estimated based on the incumbent fixed broadband subscribers","Telecommunications Regulatory Authority ","Refers to the number of bundled telecommunication subscriptions including fixed-broadband and fixed-telephone services"
19307,"i4213_2x","Subscriptions to fixed-broadband and fixed-telephone bundles",,"count",35,"BHR","Bahrain","142088.0",2020,"Estimated based on Fixed broadband residential subscribers","Telecommunications Regulatory Authority ","Refers to the number of bundled telecommunication subscriptions including fixed-broadband and fixed-telephone services"
19307,"i4213_2x","Subscriptions to fixed-broadband and fixed-telephone bundles",,"count",37,"BLR","Belarus","1161751.0",2012,"","Ministry of Communications and Informatization","Refers to the number of bundled telecommunication subscriptions including fixed-broadband and fixed-telephone services"
19307,"i4213_2x","Subscriptions to fixed-broadband and fixed-telephone bundles",,"count",37,"BLR","Belarus","1315477.0",2013,"","Ministry of Communications and Informatization","Refers to the number of bundled telecommunication subscriptions including fixed-broadband and fixed-telephone services"
19307,"i4213_2x","Subscriptions to fixed-broadband and fixed-telephone bundles",,"count",37,"BLR","Belarus","1358613.0",2014,"","Ministry of Communications and Informatization","Refers to the number of bundled telecommunication subscriptions including fixed-broadband and fixed-telephone services"
19307,"i4213_2x","Subscriptions to fixed-broadband and fixed-telephone bundles",,"count",37,"BLR","Belarus","1471900.0",2015,"","Ministry of Communications and Informatization","Refers to the number of bundled telecommunication subscriptions including fixed-broadband and fixed-telephone services"
19307,"i4213_2x","Subscriptions to fixed-broadband and fixed-telephone bundles",,"count",37,"BLR","Belarus","1479600.0",2016,"","Ministry of Informatization and communication of the Republic of Belarus","Refers to the number of bundled telecommunication subscriptions including fixed-broadband and fixed-telephone services"
19307,"i4213_2x","Subscriptions to fixed-broadband and fixed-telephone bundles",,"count",37,"BLR","Belarus","1802960.0",2017,"","Ministry of Communications and Informatization of the Republic of Belarus","Refers to the number of bundled telecommunication subscriptions including fixed-broadband and fixed-telephone services"
19307,"i4213_2x","Subscriptions to fixed-broadband and fixed-telephone bundles",,"count",37,"BLR","Belarus","2041000.0",2018,"","The Ministry of Communications and Informatization of the Republic of Belarus","Refers to the number of bundled telecommunication subscriptions including fixed-broadband and fixed-telephone services"
19307,"i4213_2x","Subscriptions to fixed-broadband and fixed-telephone bundles",,"count",37,"BLR","Belarus","1130000.0",2019,"","Ministry of Communications and Informatization","Refers to the number of bundled telecommunication subscriptions including fixed-broadband and fixed-telephone services"
19307,"i4213_2x","Subscriptions to fixed-broadband and fixed-telephone bundles",,"count",37,"BLR","Belarus","1030000.0",2020,"","Ministry of Communications and Informatization","Refers to the number of bundled telecommunication subscriptions including fixed-broadband and fixed-telephone services"
19307,"i4213_2x","Subscriptions to fixed-broadband and fixed-telephone bundles",,"count",37,"BLR","Belarus","80288.0",2021,"","Ministry of Communications and Informatization","Refers to the number of bundled telecommunication subscriptions including fixed-broadband and fixed-telephone services"
19307,"i4213_2x","Subscriptions to fixed-broadband and fixed-telephone bundles",,"count",37,"BLR","Belarus","11519.0",2022,"","","Refers to the number of bundled telecommunication subscriptions including fixed-broadband and fixed-telephone services"
19307,"i4213_2x","Subscriptions to fixed-broadband and fixed-telephone bundles",,"count",37,"BLR","Belarus","12185.0",2023,"","Ministry of Communications and Informatization","Refers to the number of bundled telecommunication subscriptions including fixed-broadband and fixed-telephone services"
19307,"i4213_2x","Subscriptions to fixed-broadband and fixed-telephone bundles",,"count",37,"BLR","Belarus","12841.0",2024,"","","Refers to the number of bundled telecommunication subscriptions including fixed-broadband and fixed-telephone services"
19307,"i4213_2x","Subscriptions to fixed-broadband and fixed-telephone bundles",,"count",38,"BLZ","Belize","4354.0",2015,"Incl HomeFone & BizFone Bundles","Belize Telemedia Limited","Refers to the number of bundled telecommunication subscriptions including fixed-broadband and fixed-telephone services"
19307,"i4213_2x","Subscriptions to fixed-broadband and fixed-telephone bundles",,"count",38,"BLZ","Belize","5871.0",2016,"","Belize Telemedia Limited","Refers to the number of bundled telecommunication subscriptions including fixed-broadband and fixed-telephone services"
19307,"i4213_2x","Subscriptions to fixed-broadband and fixed-telephone bundles",,"count",38,"BLZ","Belize","12150.0",2017,"","Belize Telemedia Limited","Refers to the number of bundled telecommunication subscriptions including fixed-broadband and fixed-telephone services"
19307,"i4213_2x","Subscriptions to fixed-broadband and fixed-telephone bundles",,"count",40,"BWA","Botswana","59057.0",2016,"","Botswana Communications Regulatory Authority (BOCRA)","Refers to the number of bundled telecommunication subscriptions including fixed-broadband and fixed-telephone services"
19307,"i4213_2x","Subscriptions to fixed-broadband and fixed-telephone bundles",,"count",40,"BWA","Botswana","32063.0",2017,"One of the operators carried out a data cleaning exercise and found that they had been previously over-reporting data due to duplications and counting of in-active accounts.","Botswana Communications Regulatory Authority (BOCRA)","Refers to the number of bundled telecommunication subscriptions including fixed-broadband and fixed-telephone services"
19307,"i4213_2x","Subscriptions to fixed-broadband and fixed-telephone bundles",,"count",40,"BWA","Botswana","14493.0",2020,"","Botswana Communications Regulatory Authority (BOCRA)","Refers to the number of bundled telecommunication subscriptions including fixed-broadband and fixed-telephone services"
19307,"i4213_2x","Subscriptions to fixed-broadband and fixed-telephone bundles",,"count",40,"BWA","Botswana","0.0",2022,"","Botswana Communications Regulatory Authority (BOCRA)","Refers to the number of bundled telecommunication subscriptions including fixed-broadband and fixed-telephone services"
19307,"i4213_2x","Subscriptions to fixed-broadband and fixed-telephone bundles",,"count",40,"BWA","Botswana","0.0",2023,"","Botswana Communications Regulatory Authority (BOCRA)","Refers to the number of bundled telecommunication subscriptions including fixed-broadband and fixed-telephone services"
19307,"i4213_2x","Subscriptions to fixed-broadband and fixed-telephone bundles",,"count",40,"BWA","Botswana","0.0",2024,"","Botswana Communications Regulatory Authority (BOCRA)","Refers to the number of bundled telecommunication subscriptions including fixed-broadband and fixed-telephone services"
19307,"i4213_2x","Subscriptions to fixed-broadband and fixed-telephone bundles",,"count",41,"BRB","Barbados","0.0",2014,"no data received","Division of Energy & Telecommunications                ","Refers to the number of bundled telecommunication subscriptions including fixed-broadband and fixed-telephone services"
19307,"i4213_2x","Subscriptions to fixed-broadband and fixed-telephone bundles",,"count",41,"BRB","Barbados","40677.0",2016,"","Ministry Of Innovation Science & Smart Technology","Refers to the number of bundled telecommunication subscriptions including fixed-broadband and fixed-telephone services"
19307,"i4213_2x","Subscriptions to fixed-broadband and fixed-telephone bundles",,"count",41,"BRB","Barbados","45579.0",2017,"","Ministry of Innovation Science & Smart Technology","Refers to the number of bundled telecommunication subscriptions including fixed-broadband and fixed-telephone services"
19307,"i4213_2x","Subscriptions to fixed-broadband and fixed-telephone bundles",,"count",41,"BRB","Barbados","43923.0",2018,"","Ministry of Innovation Science & Smart Technology","Refers to the number of bundled telecommunication subscriptions including fixed-broadband and fixed-telephone services"
19307,"i4213_2x","Subscriptions to fixed-broadband and fixed-telephone bundles",,"count",43,"BRN","Brunei Darussalam","30259.0",2014,"","Authority for Info-communications Technology Industry of Brunei Darussalam","Refers to the number of bundled telecommunication subscriptions including fixed-broadband and fixed-telephone services"
19307,"i4213_2x","Subscriptions to fixed-broadband and fixed-telephone bundles",,"count",43,"BRN","Brunei Darussalam","34425.0",2015,"All Fixed broadband connection are packaged with fixed telephone line.","Authority for Info-communications Technology Industry of Brunei Darussalam","Refers to the number of bundled telecommunication subscriptions including fixed-broadband and fixed-telephone services"
19307,"i4213_2x","Subscriptions to fixed-broadband and fixed-telephone bundles",,"count",43,"BRN","Brunei Darussalam","36120.0",2016,"","Authority for Info-communications Technology Industry of Brunei Darussalam","Refers to the number of bundled telecommunication subscriptions including fixed-broadband and fixed-telephone services"
19307,"i4213_2x","Subscriptions to fixed-broadband and fixed-telephone bundles",,"count",43,"BRN","Brunei Darussalam","41072.0",2017,"","Authority for Info-communications Technology Industry of Brunei Darussalam","Refers to the number of bundled telecommunication subscriptions including fixed-broadband and fixed-telephone services"
19307,"i4213_2x","Subscriptions to fixed-broadband and fixed-telephone bundles",,"count",43,"BRN","Brunei Darussalam","49452.0",2018,"","Authority for Info-communications Technology Industry of Brunei Darussalam","Refers to the number of bundled telecommunication subscriptions including fixed-broadband and fixed-telephone services"
19307,"i4213_2x","Subscriptions to fixed-broadband and fixed-telephone bundles",,"count",43,"BRN","Brunei Darussalam","54195.0",2019,"","Authority for Info-communications Technology Industry of Brunei Darussalam","Refers to the number of bundled telecommunication subscriptions including fixed-broadband and fixed-telephone services"
19307,"i4213_2x","Subscriptions to fixed-broadband and fixed-telephone bundles",,"count",43,"BRN","Brunei Darussalam","69833.0",2020,"","Authority for Info-communications Technology Industry of Brunei Darussalam","Refers to the number of bundled telecommunication subscriptions including fixed-broadband and fixed-telephone services"
19307,"i4213_2x","Subscriptions to fixed-broadband and fixed-telephone bundles",,"count",43,"BRN","Brunei Darussalam","90186.0",2022,"2021 data to include 79,417 based on the number of fixed broadband subscribers as of 31 December 2021.##2022 data is based on the number of fixed broadband subscribers as of 31 December 2022.","Authority for Info-communications Technology Industry of Brunei Darussalam","Refers to the number of bundled telecommunication subscriptions including fixed-broadband and fixed-telephone services"
19307,"i4213_2x","Subscriptions to fixed-broadband and fixed-telephone bundles",,"count",43,"BRN","Brunei Darussalam","92764.0",2023,"2023 data is based on the number of fixed broadband subscribers as of 31 December 2023.","Authority for Info-communications Technology Industry of Brunei Darussalam","Refers to the number of bundled telecommunication subscriptions including fixed-broadband and fixed-telephone services"
19307,"i4213_2x","Subscriptions to fixed-broadband and fixed-telephone bundles",,"count",43,"BRN","Brunei Darussalam","97991.0",2024,"2024 data is based on the number of fixed broadband subscribers as of 31 December 2024","Authority for Info-communications Technology Industry of Brunei Darussalam","Refers to the number of bundled telecommunication subscriptions including fixed-broadband and fixed-telephone services"
19307,"i4213_2x","Subscriptions to fixed-broadband and fixed-telephone bundles",,"count",44,"BTN","Bhutan","0.0",2017,"Not Available","Ministry of Information and Communications","Refers to the number of bundled telecommunication subscriptions including fixed-broadband and fixed-telephone services"
19307,"i4213_2x","Subscriptions to fixed-broadband and fixed-telephone bundles",,"count",44,"BTN","Bhutan","0.0",2018,"Not available","Ministry of Information & Communications","Refers to the number of bundled telecommunication subscriptions including fixed-broadband and fixed-telephone services"
19307,"i4213_2x","Subscriptions to fixed-broadband and fixed-telephone bundles",,"count",44,"BTN","Bhutan","0.0",2019,"","Ministry of Information & Communications","Refers to the number of bundled telecommunication subscriptions including fixed-broadband and fixed-telephone services"
19307,"i4213_2x","Subscriptions to fixed-broadband and fixed-telephone bundles",,"count",44,"BTN","Bhutan","0.0",2020,"not available","Ministry of Information & Communications","Refers to the number of bundled telecommunication subscriptions including fixed-broadband and fixed-telephone services"
19307,"i4213_2x","Subscriptions to fixed-broadband and fixed-telephone bundles",,"count",44,"BTN","Bhutan","933.0",2024,"Data from GDN","Government Technology Agency","Refers to the number of bundled telecommunication subscriptions including fixed-broadband and fixed-telephone services"
19307,"i4213_2x","Subscriptions to fixed-broadband and fixed-telephone bundles",,"count",45,"BGR","Bulgaria","66444.0",2012,"","Communications Regulation Commission","Refers to the number of bundled telecommunication subscriptions including fixed-broadband and fixed-telephone services"
19307,"i4213_2x","Subscriptions to fixed-broadband and fixed-telephone bundles",,"count",45,"BGR","Bulgaria","44235.0",2013,"","Communications Regulation Commission","Refers to the number of bundled telecommunication subscriptions including fixed-broadband and fixed-telephone services"
19307,"i4213_2x","Subscriptions to fixed-broadband and fixed-telephone bundles",,"count",45,"BGR","Bulgaria","29231.0",2014,"","Communications Regulation Commission","Refers to the number of bundled telecommunication subscriptions including fixed-broadband and fixed-telephone services"
19307,"i4213_2x","Subscriptions to fixed-broadband and fixed-telephone bundles",,"count",45,"BGR","Bulgaria","22387.0",2015,"","Communications Regulation Commission","Refers to the number of bundled telecommunication subscriptions including fixed-broadband and fixed-telephone services"
19307,"i4213_2x","Subscriptions to fixed-broadband and fixed-telephone bundles",,"count",45,"BGR","Bulgaria","15719.0",2016,"","Communications Regulation Commission","Refers to the number of bundled telecommunication subscriptions including fixed-broadband and fixed-telephone services"
19307,"i4213_2x","Subscriptions to fixed-broadband and fixed-telephone bundles",,"count",45,"BGR","Bulgaria","12383.0",2017,"","Communications Regulation Commission","Refers to the number of bundled telecommunication subscriptions including fixed-broadband and fixed-telephone services"
19307,"i4213_2x","Subscriptions to fixed-broadband and fixed-telephone bundles",,"count",45,"BGR","Bulgaria","10094.0",2018,"","Communications Regulation Commission","Refers to the number of bundled telecommunication subscriptions including fixed-broadband and fixed-telephone services"
19307,"i4213_2x","Subscriptions to fixed-broadband and fixed-telephone bundles",,"count",45,"BGR","Bulgaria","8473.0",2019,"","Communications Regulation Commission","Refers to the number of bundled telecommunication subscriptions including fixed-broadband and fixed-telephone services"
19307,"i4213_2x","Subscriptions to fixed-broadband and fixed-telephone bundles",,"count",45,"BGR","Bulgaria","7299.0",2020,"","Communications Regulation Commission","Refers to the number of bundled telecommunication subscriptions including fixed-broadband and fixed-telephone services"
19307,"i4213_2x","Subscriptions to fixed-broadband and fixed-telephone bundles",,"count",45,"BGR","Bulgaria","6997.0",2021,"","Communications Regulation Commission","Refers to the number of bundled telecommunication subscriptions including fixed-broadband and fixed-telephone services"
19307,"i4213_2x","Subscriptions to fixed-broadband and fixed-telephone bundles",,"count",45,"BGR","Bulgaria","6200.0",2022,"","Communications Regulation Commission","Refers to the number of bundled telecommunication subscriptions including fixed-broadband and fixed-telephone services"
19307,"i4213_2x","Subscriptions to fixed-broadband and fixed-telephone bundles",,"count",45,"BGR","Bulgaria","5265.0",2023,"","Communications Regulation Commission","Refers to the number of bundled telecommunication subscriptions including fixed-broadband and fixed-telephone services"
19307,"i4213_2x","Subscriptions to fixed-broadband and fixed-telephone bundles",,"count",45,"BGR","Bulgaria","3740.0",2024,"","Communications Regulation Commission","Refers to the number of bundled telecommunication subscriptions including fixed-broadband and fixed-telephone services"
19307,"i4213_2x","Subscriptions to fixed-broadband and fixed-telephone bundles",,"count",46,"CAF","Central African Rep.","0.0",2014,"","Agence de Régulation des Télécommunications (ART)","Refers to the number of bundled telecommunication subscriptions including fixed-broadband and fixed-telephone services"
19307,"i4213_2x","Subscriptions to fixed-broadband and fixed-telephone bundles",,"count",48,"KHM","Cambodia","2748.0",2021,"","Telecommunication Regulator of Cambodia (TRC)","Refers to the number of bundled telecommunication subscriptions including fixed-broadband and fixed-telephone services"
19307,"i4213_2x","Subscriptions to fixed-broadband and fixed-telephone bundles",,"count",48,"KHM","Cambodia","2467.0",2022,"","Telecommunication Regulator of Cambodia (TRC)","Refers to the number of bundled telecommunication subscriptions including fixed-broadband and fixed-telephone services"
19307,"i4213_2x","Subscriptions to fixed-broadband and fixed-telephone bundles",,"count",48,"KHM","Cambodia","1020.0",2023,"","Telecommunication Regulator of Cambodia (TRC)","Refers to the number of bundled telecommunication subscriptions including fixed-broadband and fixed-telephone services"
19307,"i4213_2x","Subscriptions to fixed-broadband and fixed-telephone bundles",,"count",48,"KHM","Cambodia","689.0",2024,"","Telecommunication Regulator of Cambodia (TRC)","Refers to the number of bundled telecommunication subscriptions including fixed-broadband and fixed-telephone services"
19307,"i4213_2x","Subscriptions to fixed-broadband and fixed-telephone bundles",,"count",49,"CHL","Chile","205267.0",2023,"","Subsecretaría de Telecomunicaciones","Refers to the number of bundled telecommunication subscriptions including fixed-broadband and fixed-telephone services"
19307,"i4213_2x","Subscriptions to fixed-broadband and fixed-telephone bundles",,"count",49,"CHL","Chile","198283.0",2024,"","Subsecretaría de Telecomunicaciones","Refers to the number of bundled telecommunication subscriptions including fixed-broadband and fixed-telephone services"
19307,"i4213_2x","Subscriptions to fixed-broadband and fixed-telephone bundles",,"count",53,"COL","Colombia","969489.0",2012,"Source: Comisión de regulación de Comunicaciones CRC.","Ministerio de Tecnologías de la Información y las Comunicaciones","Refers to the number of bundled telecommunication subscriptions including fixed-broadband and fixed-telephone services"
19307,"i4213_2x","Subscriptions to fixed-broadband and fixed-telephone bundles",,"count",53,"COL","Colombia","1410373.0",2013,"Source: Comisión de regulación de Comunicaciones CRC.","Ministerio de Tecnologías de la Información y las Comunicaciones","Refers to the number of bundled telecommunication subscriptions including fixed-broadband and fixed-telephone services"
19307,"i4213_2x","Subscriptions to fixed-broadband and fixed-telephone bundles",,"count",53,"COL","Colombia","1093048.0",2014,"Source: Comisión de regulación de Comunicaciones CRC.","Ministerio de Tecnologías de la Información y las Comunicaciones","Refers to the number of bundled telecommunication subscriptions including fixed-broadband and fixed-telephone services"
19307,"i4213_2x","Subscriptions to fixed-broadband and fixed-telephone bundles",,"count",53,"COL","Colombia","1317301.0",2015,"Source: Comisión de Regulación de Comunicaciones","Ministerio de Tecnologías de la Información y las Comunicaciones","Refers to the number of bundled telecommunication subscriptions including fixed-broadband and fixed-telephone services"
19307,"i4213_2x","Subscriptions to fixed-broadband and fixed-telephone bundles",,"count",53,"COL","Colombia","1777998.0",2016,"Source: Comisión de Regulación de Comunicaciones.","Ministerio de Tecnologías de la Información y las Comunicaciones","Refers to the number of bundled telecommunication subscriptions including fixed-broadband and fixed-telephone services"
19307,"i4213_2x","Subscriptions to fixed-broadband and fixed-telephone bundles",,"count",53,"COL","Colombia","1749569.0",2017,"Source: Comisión de Regulación de Comunicaciones.","Ministerio TIC","Refers to the number of bundled telecommunication subscriptions including fixed-broadband and fixed-telephone services"
19307,"i4213_2x","Subscriptions to fixed-broadband and fixed-telephone bundles",,"count",53,"COL","Colombia","2174839.0",2018,"Source: Comisión de Regulación de Comunicaciones.","Ministerio de Tecnologías de la Información y las Comunicaciones","Refers to the number of bundled telecommunication subscriptions including fixed-broadband and fixed-telephone services"
19307,"i4213_2x","Subscriptions to fixed-broadband and fixed-telephone bundles",,"count",53,"COL","Colombia","1983408.0",2019,"Source: Comisión de Regulación de Comunicaciones.","Ministerio de Tecnologías de la Información y las Comunicaciones","Refers to the number of bundled telecommunication subscriptions including fixed-broadband and fixed-telephone services"
19307,"i4213_2x","Subscriptions to fixed-broadband and fixed-telephone bundles",,"count",53,"COL","Colombia","1903234.0",2020,"Source: Comisión de Regulación de Comunicaciones.","Ministerio de Tecnologías de la Información y las Comunicaciones","Refers to the number of bundled telecommunication subscriptions including fixed-broadband and fixed-telephone services"
19307,"i4213_2x","Subscriptions to fixed-broadband and fixed-telephone bundles",,"count",53,"COL","Colombia","1825573.0",2021,"Colombia TIC","Ministerio de Tecnologías de la Información y las Comunicaciones","Refers to the number of bundled telecommunication subscriptions including fixed-broadband and fixed-telephone services"
19307,"i4213_2x","Subscriptions to fixed-broadband and fixed-telephone bundles",,"count",53,"COL","Colombia","1965465.0",2022,"Colombia TIC","Ministerio de Tecnologías de la Información y las Comunicaciones","Refers to the number of bundled telecommunication subscriptions including fixed-broadband and fixed-telephone services"
19307,"i4213_2x","Subscriptions to fixed-broadband and fixed-telephone bundles",,"count",53,"COL","Colombia","2165463.0",2023,"Colombia TIC","Ministerio de Tecnologías de la Información y las Comunicaciones","Refers to the number of bundled telecommunication subscriptions including fixed-broadband and fixed-telephone services"
19307,"i4213_2x","Subscriptions to fixed-broadband and fixed-telephone bundles",,"count",53,"COL","Colombia","3415425.0",2024,"Colombia TIC","Ministerio de Tecnologías de la Información y las Comunicaciones","Refers to the number of bundled telecommunication subscriptions including fixed-broadband and fixed-telephone services"
19307,"i4213_2x","Subscriptions to fixed-broadband and fixed-telephone bundles",,"count",55,"CMR","Cameroon","1156230.0",2014,"","Agence de Régulation des Télécommunications","Refers to the number of bundled telecommunication subscriptions including fixed-broadband and fixed-telephone services"
19307,"i4213_2x","Subscriptions to fixed-broadband and fixed-telephone bundles",,"count",55,"CMR","Cameroon","1050281.0",2015,"","Agence de Régulation des Télécommunications","Refers to the number of bundled telecommunication subscriptions including fixed-broadband and fixed-telephone services"
19307,"i4213_2x","Subscriptions to fixed-broadband and fixed-telephone bundles",,"count",55,"CMR","Cameroon","1051073.0",2016,"","Agence de Régulation des Télécommunications  Cameroun","Refers to the number of bundled telecommunication subscriptions including fixed-broadband and fixed-telephone services"
19307,"i4213_2x","Subscriptions to fixed-broadband and fixed-telephone bundles",,"count",55,"CMR","Cameroon","32149.0",2023,"","Agence de Régulation des Télécommunications","Refers to the number of bundled telecommunication subscriptions including fixed-broadband and fixed-telephone services"
19307,"i4213_2x","Subscriptions to fixed-broadband and fixed-telephone bundles",,"count",55,"CMR","Cameroon","30298.0",2024,"","Agence de Régulation des Télécommunications","Refers to the number of bundled telecommunication subscriptions including fixed-broadband and fixed-telephone services"
19307,"i4213_2x","Subscriptions to fixed-broadband and fixed-telephone bundles",,"count",58,"COM","Comoros","0.0",2017,"Nous n'avons pas pu avoir cette information.","ANRTIC","Refers to the number of bundled telecommunication subscriptions including fixed-broadband and fixed-telephone services"
19307,"i4213_2x","Subscriptions to fixed-broadband and fixed-telephone bundles",,"count",59,"CPV","Cabo Verde","2171.0",2014,"","Agencia Nacional das Comunicaçoes","Refers to the number of bundled telecommunication subscriptions including fixed-broadband and fixed-telephone services"
19307,"i4213_2x","Subscriptions to fixed-broadband and fixed-telephone bundles",,"count",59,"CPV","Cabo Verde","5643.0",2015,"","Agencia Nacional das Comunicaçoes","Refers to the number of bundled telecommunication subscriptions including fixed-broadband and fixed-telephone services"
19307,"i4213_2x","Subscriptions to fixed-broadband and fixed-telephone bundles",,"count",59,"CPV","Cabo Verde","7752.0",2016,"","Agência Reguladora Multissetorial da Economia - ARME","Refers to the number of bundled telecommunication subscriptions including fixed-broadband and fixed-telephone services"
19307,"i4213_2x","Subscriptions to fixed-broadband and fixed-telephone bundles",,"count",59,"CPV","Cabo Verde","9432.0",2017,"","Agência Reguladora Multissectorial da Economia","Refers to the number of bundled telecommunication subscriptions including fixed-broadband and fixed-telephone services"
19307,"i4213_2x","Subscriptions to fixed-broadband and fixed-telephone bundles",,"count",59,"CPV","Cabo Verde","11398.0",2018,"","Agência Reguladora Multissetorial da Economia","Refers to the number of bundled telecommunication subscriptions including fixed-broadband and fixed-telephone services"
19307,"i4213_2x","Subscriptions to fixed-broadband and fixed-telephone bundles",,"count",59,"CPV","Cabo Verde","11398.0",2019,"","Agência de Regulação Multissetorial da Economia - ARME","Refers to the number of bundled telecommunication subscriptions including fixed-broadband and fixed-telephone services"
19307,"i4213_2x","Subscriptions to fixed-broadband and fixed-telephone bundles",,"count",59,"CPV","Cabo Verde","16041.0",2020,"","Agência de Regulação Multissetorial da Economia - ARME","Refers to the number of bundled telecommunication subscriptions including fixed-broadband and fixed-telephone services"
19307,"i4213_2x","Subscriptions to fixed-broadband and fixed-telephone bundles",,"count",59,"CPV","Cabo Verde","18319.0",2021,"","Agência de Regulação Multissetorial da Economia - ARME","Refers to the number of bundled telecommunication subscriptions including fixed-broadband and fixed-telephone services"
19307,"i4213_2x","Subscriptions to fixed-broadband and fixed-telephone bundles",,"count",59,"CPV","Cabo Verde","21164.0",2022,"","Agência de Regulação Multissetorial da Economia - ARME","Refers to the number of bundled telecommunication subscriptions including fixed-broadband and fixed-telephone services"
19307,"i4213_2x","Subscriptions to fixed-broadband and fixed-telephone bundles",,"count",59,"CPV","Cabo Verde","21164.0",2023,"","Agência de Regulação Multissetorial da Economia - ARME","Refers to the number of bundled telecommunication subscriptions including fixed-broadband and fixed-telephone services"
19307,"i4213_2x","Subscriptions to fixed-broadband and fixed-telephone bundles",,"count",59,"CPV","Cabo Verde","30515.0",2024,"","Agência de Regulação Multissetorial da Economia - ARME","Refers to the number of bundled telecommunication subscriptions including fixed-broadband and fixed-telephone services"
19307,"i4213_2x","Subscriptions to fixed-broadband and fixed-telephone bundles",,"count",61,"CIV","Côte d'Ivoire","0.0",2014,"","Autorité de Régulation des Télécommunications/TIC","Refers to the number of bundled telecommunication subscriptions including fixed-broadband and fixed-telephone services"
19307,"i4213_2x","Subscriptions to fixed-broadband and fixed-telephone bundles",,"count",61,"CIV","Côte d'Ivoire","0.0",2015,"","Autorité de Régulation des Télécommunications/TIC","Refers to the number of bundled telecommunication subscriptions including fixed-broadband and fixed-telephone services"
19307,"i4213_2x","Subscriptions to fixed-broadband and fixed-telephone bundles",,"count",61,"CIV","Côte d'Ivoire","0.0",2016,"Ce type d'offres n'existe pas en Côte d'Ivoire","ARTCI","Refers to the number of bundled telecommunication subscriptions including fixed-broadband and fixed-telephone services"
19307,"i4213_2x","Subscriptions to fixed-broadband and fixed-telephone bundles",,"count",61,"CIV","Côte d'Ivoire","129548.0",2017,"","ARTCI","Refers to the number of bundled telecommunication subscriptions including fixed-broadband and fixed-telephone services"
19307,"i4213_2x","Subscriptions to fixed-broadband and fixed-telephone bundles",,"count",61,"CIV","Côte d'Ivoire","79157.0",2018,"Seul ORANGE fournit ces offres","ARTCI","Refers to the number of bundled telecommunication subscriptions including fixed-broadband and fixed-telephone services"
19307,"i4213_2x","Subscriptions to fixed-broadband and fixed-telephone bundles",,"count",61,"CIV","Côte d'Ivoire","83571.0",2019,"","ARTCI","Refers to the number of bundled telecommunication subscriptions including fixed-broadband and fixed-telephone services"
19307,"i4213_2x","Subscriptions to fixed-broadband and fixed-telephone bundles",,"count",61,"CIV","Côte d'Ivoire","63951.0",2020,"","ARTCI","Refers to the number of bundled telecommunication subscriptions including fixed-broadband and fixed-telephone services"
19307,"i4213_2x","Subscriptions to fixed-broadband and fixed-telephone bundles",,"count",61,"CIV","Côte d'Ivoire","32420.0",2021,"","ARTCI","Refers to the number of bundled telecommunication subscriptions including fixed-broadband and fixed-telephone services"
19307,"i4213_2x","Subscriptions to fixed-broadband and fixed-telephone bundles",,"count",62,"CRI","Costa Rica","7327.0",2019,"Data would be included in 2020","Superintendencia de Telecomunicaciones","Refers to the number of bundled telecommunication subscriptions including fixed-broadband and fixed-telephone services"
19307,"i4213_2x","Subscriptions to fixed-broadband and fixed-telephone bundles",,"count",62,"CRI","Costa Rica","6525.0",2020,"","Superintendencia de Telecomunicaciones","Refers to the number of bundled telecommunication subscriptions including fixed-broadband and fixed-telephone services"
19307,"i4213_2x","Subscriptions to fixed-broadband and fixed-telephone bundles",,"count",62,"CRI","Costa Rica","5725.0",2021,"","Superintendencia de Telecomunicaciones","Refers to the number of bundled telecommunication subscriptions including fixed-broadband and fixed-telephone services"
19307,"i4213_2x","Subscriptions to fixed-broadband and fixed-telephone bundles",,"count",62,"CRI","Costa Rica","8133.0",2022,"","Superintendencia de Telecomunicaciones","Refers to the number of bundled telecommunication subscriptions including fixed-broadband and fixed-telephone services"
19307,"i4213_2x","Subscriptions to fixed-broadband and fixed-telephone bundles",,"count",62,"CRI","Costa Rica","20535.0",2023,"","Superintendencia de Telecomunicaciones","Refers to the number of bundled telecommunication subscriptions including fixed-broadband and fixed-telephone services"
19307,"i4213_2x","Subscriptions to fixed-broadband and fixed-telephone bundles",,"count",62,"CRI","Costa Rica","75173.0",2024,"","Superintendencia de Telecomunicaciones","Refers to the number of bundled telecommunication subscriptions including fixed-broadband and fixed-telephone services"
19307,"i4213_2x","Subscriptions to fixed-broadband and fixed-telephone bundles",,"count",63,"CUB","Cuba","16336.0",2022,"","Ministerio de Comunicaciones","Refers to the number of bundled telecommunication subscriptions including fixed-broadband and fixed-telephone services"
19307,"i4213_2x","Subscriptions to fixed-broadband and fixed-telephone bundles",,"count",63,"CUB","Cuba","17255.0",2023,"","","Refers to the number of bundled telecommunication subscriptions including fixed-broadband and fixed-telephone services"
19307,"i4213_2x","Subscriptions to fixed-broadband and fixed-telephone bundles",,"count",63,"CUB","Cuba","17805.0",2024,"","Ministerio de Comunicaciones","Refers to the number of bundled telecommunication subscriptions including fixed-broadband and fixed-telephone services"
19307,"i4213_2x","Subscriptions to fixed-broadband and fixed-telephone bundles",,"count",66,"CYP","Cyprus","133665.0",2012,"","Office of the Commissioner for Electronic Communications and Postal Regulation ","Refers to the number of bundled telecommunication subscriptions including fixed-broadband and fixed-telephone services"
19307,"i4213_2x","Subscriptions to fixed-broadband and fixed-telephone bundles",,"count",66,"CYP","Cyprus","124130.0",2013,"","Office of the Commissioner for Electronic Communications and Postal Regulation ","Refers to the number of bundled telecommunication subscriptions including fixed-broadband and fixed-telephone services"
19307,"i4213_2x","Subscriptions to fixed-broadband and fixed-telephone bundles",,"count",66,"CYP","Cyprus","124017.0",2014,"","Office of the Commissioner for Electronic Communications and Postal Regulation ","Refers to the number of bundled telecommunication subscriptions including fixed-broadband and fixed-telephone services"
19307,"i4213_2x","Subscriptions to fixed-broadband and fixed-telephone bundles",,"count",66,"CYP","Cyprus","99734.0",2015,"","Office of the Commissioner for Electronic Communications and Postal Regulation ","Refers to the number of bundled telecommunication subscriptions including fixed-broadband and fixed-telephone services"
19307,"i4213_2x","Subscriptions to fixed-broadband and fixed-telephone bundles",,"count",66,"CYP","Cyprus","105039.0",2016,"","Office of the Commissioner for Electronic Communications and Postal Regulation","Refers to the number of bundled telecommunication subscriptions including fixed-broadband and fixed-telephone services"
19307,"i4213_2x","Subscriptions to fixed-broadband and fixed-telephone bundles",,"count",66,"CYP","Cyprus","101801.0",2017,"","Office of the Commissioner for Electronic Communications and Postal Regulation","Refers to the number of bundled telecommunication subscriptions including fixed-broadband and fixed-telephone services"
19307,"i4213_2x","Subscriptions to fixed-broadband and fixed-telephone bundles",,"count",66,"CYP","Cyprus","101135.0",2018,"","Office of the Commissioner of Electronic Communications and Postal Regulation","Refers to the number of bundled telecommunication subscriptions including fixed-broadband and fixed-telephone services"
19307,"i4213_2x","Subscriptions to fixed-broadband and fixed-telephone bundles",,"count",66,"CYP","Cyprus","105959.0",2019,"","Office of the Commissioner for Electronic Communications and Postal Regulation ","Refers to the number of bundled telecommunication subscriptions including fixed-broadband and fixed-telephone services"
19307,"i4213_2x","Subscriptions to fixed-broadband and fixed-telephone bundles",,"count",66,"CYP","Cyprus","144794.0",2020,"","Office of the Commissioner for Electronic Communications and Postal Regulation ","Refers to the number of bundled telecommunication subscriptions including fixed-broadband and fixed-telephone services"
19307,"i4213_2x","Subscriptions to fixed-broadband and fixed-telephone bundles",,"count",66,"CYP","Cyprus","126095.0",2021,"","Office of the Commissioner for Electronic Communications and Postal Regulation","Refers to the number of bundled telecommunication subscriptions including fixed-broadband and fixed-telephone services"
19307,"i4213_2x","Subscriptions to fixed-broadband and fixed-telephone bundles",,"count",66,"CYP","Cyprus","126752.0",2022,"","Office of the Commissioner for Electronic Communications and Postal Regulation","Refers to the number of bundled telecommunication subscriptions including fixed-broadband and fixed-telephone services"
19307,"i4213_2x","Subscriptions to fixed-broadband and fixed-telephone bundles",,"count",66,"CYP","Cyprus","114945.0",2023,"Fixed telephony subscriptiojns are decreasing overall.","Office of the Commissioner for Electronic Communications and Postal Regulation","Refers to the number of bundled telecommunication subscriptions including fixed-broadband and fixed-telephone services"
19307,"i4213_2x","Subscriptions to fixed-broadband and fixed-telephone bundles",,"count",66,"CYP","Cyprus","105867.0",2024,"Fixed telephony subscriptiojns are decreasing overall","Office of the Commissioner for Electronic Communications and Postal Regulation","Refers to the number of bundled telecommunication subscriptions including fixed-broadband and fixed-telephone services"
19307,"i4213_2x","Subscriptions to fixed-broadband and fixed-telephone bundles",,"count",67,"DEU","Germany","2.36969E7",2012,"","Bundesnetzagentur (BNetzA) / Federal Network Agency","Refers to the number of bundled telecommunication subscriptions including fixed-broadband and fixed-telephone services"
19307,"i4213_2x","Subscriptions to fixed-broadband and fixed-telephone bundles",,"count",67,"DEU","Germany","2.4161422E7",2013,"","Bundesnetzagentur (BNetzA) / Federal Network Agency","Refers to the number of bundled telecommunication subscriptions including fixed-broadband and fixed-telephone services"
19307,"i4213_2x","Subscriptions to fixed-broadband and fixed-telephone bundles",,"count",67,"DEU","Germany","2.4678315E7",2014,"","Bundesnetzagentur (BNetzA) / Federal Network Agency","Refers to the number of bundled telecommunication subscriptions including fixed-broadband and fixed-telephone services"
19307,"i4213_2x","Subscriptions to fixed-broadband and fixed-telephone bundles",,"count",67,"DEU","Germany","2.29E7",2016,"","Bundesnetzagentur für Elektrizität, Gas, Telekommunikation, Post und Eisenbahnen","Refers to the number of bundled telecommunication subscriptions including fixed-broadband and fixed-telephone services"
19307,"i4213_2x","Subscriptions to fixed-broadband and fixed-telephone bundles",,"count",67,"DEU","Germany","2.12E7",2017,"Data is not comparable with previous year due to a different classification of bundles by some companies.","Bundesnetzagentur für Elektrizität, Gas, Telekommunikation, Post und Eisenbahnen","Refers to the number of bundled telecommunication subscriptions including fixed-broadband and fixed-telephone services"
19307,"i4213_2x","Subscriptions to fixed-broadband and fixed-telephone bundles",,"count",67,"DEU","Germany","2.12E7",2018,"Data as of Q2/2018","Bundesnetzagentur für Elektrizität, Gas, Telekommunikation, Post und Eisenbahnen","Refers to the number of bundled telecommunication subscriptions including fixed-broadband and fixed-telephone services"
19307,"i4213_2x","Subscriptions to fixed-broadband and fixed-telephone bundles",,"count",67,"DEU","Germany","2.0540805E7",2019,"Data as of Q1/2019","Bundesnetzagentur (BNetzA) / Federal Network Agency","Refers to the number of bundled telecommunication subscriptions including fixed-broadband and fixed-telephone services"
19307,"i4213_2x","Subscriptions to fixed-broadband and fixed-telephone bundles",,"count",67,"DEU","Germany","2.0691035E7",2020,"","Bundesnetzagentur (BNetzA) / Federal Network Agency","Refers to the number of bundled telecommunication subscriptions including fixed-broadband and fixed-telephone services"
19307,"i4213_2x","Subscriptions to fixed-broadband and fixed-telephone bundles",,"count",67,"DEU","Germany","2.1020099E7",2021,"Data as of Q2/2021","Bundesnetzagentur (BNetzA) / Federal Network Agency","Refers to the number of bundled telecommunication subscriptions including fixed-broadband and fixed-telephone services"
19307,"i4213_2x","Subscriptions to fixed-broadband and fixed-telephone bundles",,"count",67,"DEU","Germany","1.99E7",2022,"","Bundesnetzagentur (BNetzA) / Federal Network Agency","Refers to the number of bundled telecommunication subscriptions including fixed-broadband and fixed-telephone services"
19307,"i4213_2x","Subscriptions to fixed-broadband and fixed-telephone bundles",,"count",67,"DEU","Germany","2.119E7",2023,"","Bundesnetzagentur (BNetzA) / Federal Network Agency","Refers to the number of bundled telecommunication subscriptions including fixed-broadband and fixed-telephone services"
19307,"i4213_2x","Subscriptions to fixed-broadband and fixed-telephone bundles",,"count",67,"DEU","Germany","2.1161E7",2024,"","Bundesnetzagentur (BNetzA) / Federal Network Agency","Refers to the number of bundled telecommunication subscriptions including fixed-broadband and fixed-telephone services"
19307,"i4213_2x","Subscriptions to fixed-broadband and fixed-telephone bundles",,"count",71,"DNK","Denmark","538643.0",2014,"Incl. subscriptions that can be obtained by adding single play offers together; excl. VoIP without QoS.","Danish Energy Agency","Refers to the number of bundled telecommunication subscriptions including fixed-broadband and fixed-telephone services"
19307,"i4213_2x","Subscriptions to fixed-broadband and fixed-telephone bundles",,"count",71,"DNK","Denmark","493809.0",2015,"Excl. VoIP without QoS.","Danish Energy Agency","Refers to the number of bundled telecommunication subscriptions including fixed-broadband and fixed-telephone services"
19307,"i4213_2x","Subscriptions to fixed-broadband and fixed-telephone bundles",,"count",71,"DNK","Denmark","424376.0",2016,"Excl. VoIP without QoS.##","Center for Tele","Refers to the number of bundled telecommunication subscriptions including fixed-broadband and fixed-telephone services"
19307,"i4213_2x","Subscriptions to fixed-broadband and fixed-telephone bundles",,"count",71,"DNK","Denmark","361951.0",2017,"Excl. VoIP without QoS.","Danish Energy Agency","Refers to the number of bundled telecommunication subscriptions including fixed-broadband and fixed-telephone services"
19307,"i4213_2x","Subscriptions to fixed-broadband and fixed-telephone bundles",,"count",71,"DNK","Denmark","262755.0",2018,"Excl. VoIP without QoS.","Danish Energy Agency","Refers to the number of bundled telecommunication subscriptions including fixed-broadband and fixed-telephone services"
19307,"i4213_2x","Subscriptions to fixed-broadband and fixed-telephone bundles",,"count",71,"DNK","Denmark","217943.0",2019,"Excl. VoIP without QoS.","Danish Energy Agency","Refers to the number of bundled telecommunication subscriptions including fixed-broadband and fixed-telephone services"
19307,"i4213_2x","Subscriptions to fixed-broadband and fixed-telephone bundles",,"count",71,"DNK","Denmark","107726.0",2020,"Excl. VoIP without QoS.","Danish Energy Agency","Refers to the number of bundled telecommunication subscriptions including fixed-broadband and fixed-telephone services"
19307,"i4213_2x","Subscriptions to fixed-broadband and fixed-telephone bundles",,"count",71,"DNK","Denmark","88866.0",2021,"Excl. VoIP without QoS.##Data is of 31.12.2022.","Agency for Data Supply and Infrastructure","Refers to the number of bundled telecommunication subscriptions including fixed-broadband and fixed-telephone services"
19307,"i4213_2x","Subscriptions to fixed-broadband and fixed-telephone bundles",,"count",71,"DNK","Denmark","57797.0",2022,"Excl. VoIP without QoS.#Data is of 31.12.2022.#Historical corrections made.","Danish Telecom Authority, Ministry of Digital Affairs","Refers to the number of bundled telecommunication subscriptions including fixed-broadband and fixed-telephone services"
19307,"i4213_2x","Subscriptions to fixed-broadband and fixed-telephone bundles",,"count",71,"DNK","Denmark","45423.0",2023,"Excl. VoIP without QoS.#Data is of 31.12.2023.","Danish Telecom Authority, Ministry of Digital Affairs","Refers to the number of bundled telecommunication subscriptions including fixed-broadband and fixed-telephone services"
19307,"i4213_2x","Subscriptions to fixed-broadband and fixed-telephone bundles",,"count",72,"DOM","Dominican Rep.","281431.0",2022,"","Instituto Dominicano de las Telecomunicaciones (INDOTEL)","Refers to the number of bundled telecommunication subscriptions including fixed-broadband and fixed-telephone services"
19307,"i4213_2x","Subscriptions to fixed-broadband and fixed-telephone bundles",,"count",72,"DOM","Dominican Rep.","308331.0",2023,"","Instituto Dominicano de las Telecomunicaciones (INDOTEL)","Refers to the number of bundled telecommunication subscriptions including fixed-broadband and fixed-telephone services"
19307,"i4213_2x","Subscriptions to fixed-broadband and fixed-telephone bundles",,"count",72,"DOM","Dominican Rep.","380302.0",2024,"","Instituto Dominicano de las Telecomunicaciones (INDOTEL)","Refers to the number of bundled telecommunication subscriptions including fixed-broadband and fixed-telephone services"
19307,"i4213_2x","Subscriptions to fixed-broadband and fixed-telephone bundles",,"count",73,"ESP","Spain","3491958.0",2014,"","Comisión Nacional de los Mercados y la Competencia","Refers to the number of bundled telecommunication subscriptions including fixed-broadband and fixed-telephone services"
19307,"i4213_2x","Subscriptions to fixed-broadband and fixed-telephone bundles",,"count",73,"ESP","Spain","2617025.0",2015,"","Comisión Nacional de los Mercados y la Competencia","Refers to the number of bundled telecommunication subscriptions including fixed-broadband and fixed-telephone services"
19307,"i4213_2x","Subscriptions to fixed-broadband and fixed-telephone bundles",,"count",73,"ESP","Spain","2187100.0",2016,"","Comisión Nacional de los Mercados y la Competencia","Refers to the number of bundled telecommunication subscriptions including fixed-broadband and fixed-telephone services"
19307,"i4213_2x","Subscriptions to fixed-broadband and fixed-telephone bundles",,"count",73,"ESP","Spain","2071898.0",2017,"","Comisión Nacional de los Mercados y la Competencia","Refers to the number of bundled telecommunication subscriptions including fixed-broadband and fixed-telephone services"
19307,"i4213_2x","Subscriptions to fixed-broadband and fixed-telephone bundles",,"count",73,"ESP","Spain","1937757.0",2018,"","CNMC","Refers to the number of bundled telecommunication subscriptions including fixed-broadband and fixed-telephone services"
19307,"i4213_2x","Subscriptions to fixed-broadband and fixed-telephone bundles",,"count",73,"ESP","Spain","1913929.0",2019,"","Comisión Nacional de los Mercados y la Competencia","Refers to the number of bundled telecommunication subscriptions including fixed-broadband and fixed-telephone services"
19307,"i4213_2x","Subscriptions to fixed-broadband and fixed-telephone bundles",,"count",73,"ESP","Spain","1909025.0",2020,"","Comisión Nacional de los Mercados y la Competencia","Refers to the number of bundled telecommunication subscriptions including fixed-broadband and fixed-telephone services"
19307,"i4213_2x","Subscriptions to fixed-broadband and fixed-telephone bundles",,"count",73,"ESP","Spain","2082745.0",2021,"","Comisión Nacional de los Mercados y la Competencia","Refers to the number of bundled telecommunication subscriptions including fixed-broadband and fixed-telephone services"
19307,"i4213_2x","Subscriptions to fixed-broadband and fixed-telephone bundles",,"count",73,"ESP","Spain","2152296.0",2022,"","Comisión Nacional de los Mercados y la Competencia","Refers to the number of bundled telecommunication subscriptions including fixed-broadband and fixed-telephone services"
19307,"i4213_2x","Subscriptions to fixed-broadband and fixed-telephone bundles",,"count",73,"ESP","Spain","2269785.0",2023,"Updated data","Comisión Nacional de los Mercados y la Competencia","Refers to the number of bundled telecommunication subscriptions including fixed-broadband and fixed-telephone services"
19307,"i4213_2x","Subscriptions to fixed-broadband and fixed-telephone bundles",,"count",73,"ESP","Spain","2269658.0",2024,"Provisional data","Comisión Nacional de los Mercados y la Competencia","Refers to the number of bundled telecommunication subscriptions including fixed-broadband and fixed-telephone services"
19307,"i4213_2x","Subscriptions to fixed-broadband and fixed-telephone bundles",,"count",74,"EGY","Egypt","77632.0",2016,"","Ministry of Communications and Information Technology","Refers to the number of bundled telecommunication subscriptions including fixed-broadband and fixed-telephone services"
19307,"i4213_2x","Subscriptions to fixed-broadband and fixed-telephone bundles",,"count",74,"EGY","Egypt","112071.0",2017,"","Ministry of Communications and Information Technology","Refers to the number of bundled telecommunication subscriptions including fixed-broadband and fixed-telephone services"
19307,"i4213_2x","Subscriptions to fixed-broadband and fixed-telephone bundles",,"count",74,"EGY","Egypt","99944.0",2018,"","Ministry of Communications and Information Technology","Refers to the number of bundled telecommunication subscriptions including fixed-broadband and fixed-telephone services"
19307,"i4213_2x","Subscriptions to fixed-broadband and fixed-telephone bundles",,"count",74,"EGY","Egypt","53167.0",2019,"","Ministry of Communications and Information Technology","Refers to the number of bundled telecommunication subscriptions including fixed-broadband and fixed-telephone services"
19307,"i4213_2x","Subscriptions to fixed-broadband and fixed-telephone bundles",,"count",74,"EGY","Egypt","82294.0",2020,"","Ministry of Communications and Information Technology","Refers to the number of bundled telecommunication subscriptions including fixed-broadband and fixed-telephone services"
19307,"i4213_2x","Subscriptions to fixed-broadband and fixed-telephone bundles",,"count",74,"EGY","Egypt","78047.0",2021,"","Ministry of Communications and Information Technology","Refers to the number of bundled telecommunication subscriptions including fixed-broadband and fixed-telephone services"
19307,"i4213_2x","Subscriptions to fixed-broadband and fixed-telephone bundles",,"count",74,"EGY","Egypt","74185.0",2022,"","Ministry of Communications and Information Technology","Refers to the number of bundled telecommunication subscriptions including fixed-broadband and fixed-telephone services"
19307,"i4213_2x","Subscriptions to fixed-broadband and fixed-telephone bundles",,"count",74,"EGY","Egypt","71999.0",2023,"","Ministry of Communications and Information Technology","Refers to the number of bundled telecommunication subscriptions including fixed-broadband and fixed-telephone services"
19307,"i4213_2x","Subscriptions to fixed-broadband and fixed-telephone bundles",,"count",74,"EGY","Egypt","47009.0",2024,"","Ministry of Communications and Information Technology","Refers to the number of bundled telecommunication subscriptions including fixed-broadband and fixed-telephone services"
19307,"i4213_2x","Subscriptions to fixed-broadband and fixed-telephone bundles",,"count",75,"ECU","Ecuador","362295.0",2017,"","Agencia de Regulación y Control de las Telecomunicaciones","Refers to the number of bundled telecommunication subscriptions including fixed-broadband and fixed-telephone services"
19307,"i4213_2x","Subscriptions to fixed-broadband and fixed-telephone bundles",,"count",75,"ECU","Ecuador","538951.0",2018,"","Agencia de Regulación y Control de las Telecomunicaciones","Refers to the number of bundled telecommunication subscriptions including fixed-broadband and fixed-telephone services"
19307,"i4213_2x","Subscriptions to fixed-broadband and fixed-telephone bundles",,"count",75,"ECU","Ecuador","535204.0",2019,"","Agencia de Regulación y Control de las Telecomunicaciones","Refers to the number of bundled telecommunication subscriptions including fixed-broadband and fixed-telephone services"
19307,"i4213_2x","Subscriptions to fixed-broadband and fixed-telephone bundles",,"count",75,"ECU","Ecuador","349570.0",2020,"","Agencia de Regulación y Control de las Telecomunicaciones","Refers to the number of bundled telecommunication subscriptions including fixed-broadband and fixed-telephone services"
19307,"i4213_2x","Subscriptions to fixed-broadband and fixed-telephone bundles",,"count",75,"ECU","Ecuador","352385.0",2021,"","Agencia de Regulación y Control de las Telecomunicaciones","Refers to the number of bundled telecommunication subscriptions including fixed-broadband and fixed-telephone services"
19307,"i4213_2x","Subscriptions to fixed-broadband and fixed-telephone bundles",,"count",75,"ECU","Ecuador","469723.0",2022,"","Agencia de Regulación y Control de las Telecomunicaciones","Refers to the number of bundled telecommunication subscriptions including fixed-broadband and fixed-telephone services"
19307,"i4213_2x","Subscriptions to fixed-broadband and fixed-telephone bundles",,"count",75,"ECU","Ecuador","380662.0",2023,"Un prestador de servicio indica que hubo un error involuntario en la presentación de la información por lo cual se vuelve a calcular el indicador y se actualiza","Agencia de Regulación y Control de las Telecomunicaciones","Refers to the number of bundled telecommunication subscriptions including fixed-broadband and fixed-telephone services"
19307,"i4213_2x","Subscriptions to fixed-broadband and fixed-telephone bundles",,"count",75,"ECU","Ecuador","241644.0",2024,"","Agencia de Regulación y Control de las Telecomunicaciones","Refers to the number of bundled telecommunication subscriptions including fixed-broadband and fixed-telephone services"
19307,"i4213_2x","Subscriptions to fixed-broadband and fixed-telephone bundles",,"count",76,"EST","Estonia","30537.0",2014,"","Estonian Technical Regulation Authority ","Refers to the number of bundled telecommunication subscriptions including fixed-broadband and fixed-telephone services"
19307,"i4213_2x","Subscriptions to fixed-broadband and fixed-telephone bundles",,"count",76,"EST","Estonia","30553.0",2015,"","Estonian Technical Regulatory Authority","Refers to the number of bundled telecommunication subscriptions including fixed-broadband and fixed-telephone services"
19307,"i4213_2x","Subscriptions to fixed-broadband and fixed-telephone bundles",,"count",76,"EST","Estonia","29628.0",2016,"","Consumer Protection and Technical Regulatory Authority","Refers to the number of bundled telecommunication subscriptions including fixed-broadband and fixed-telephone services"
19307,"i4213_2x","Subscriptions to fixed-broadband and fixed-telephone bundles",,"count",76,"EST","Estonia","29201.0",2017,"","Consumer Protection and Technical Regulatory Authority","Refers to the number of bundled telecommunication subscriptions including fixed-broadband and fixed-telephone services"
19307,"i4213_2x","Subscriptions to fixed-broadband and fixed-telephone bundles",,"count",76,"EST","Estonia","28964.0",2018,"","Estonian Technical Regulatory Authority","Refers to the number of bundled telecommunication subscriptions including fixed-broadband and fixed-telephone services"
19307,"i4213_2x","Subscriptions to fixed-broadband and fixed-telephone bundles",,"count",76,"EST","Estonia","27828.0",2019,"","Estonian Technical Regulatory Authority","Refers to the number of bundled telecommunication subscriptions including fixed-broadband and fixed-telephone services"
19307,"i4213_2x","Subscriptions to fixed-broadband and fixed-telephone bundles",,"count",76,"EST","Estonia","18391.0",2020,"","Estonian Technical Regulatory Authority","Refers to the number of bundled telecommunication subscriptions including fixed-broadband and fixed-telephone services"
19307,"i4213_2x","Subscriptions to fixed-broadband and fixed-telephone bundles",,"count",76,"EST","Estonia","7884.0",2021,"","Estonian Technical Regulatory Authority","Refers to the number of bundled telecommunication subscriptions including fixed-broadband and fixed-telephone services"
19307,"i4213_2x","Subscriptions to fixed-broadband and fixed-telephone bundles",,"count",77,"ETH","Ethiopia","41140.0",2022,"","Ethiopian Communications Authority","Refers to the number of bundled telecommunication subscriptions including fixed-broadband and fixed-telephone services"
19307,"i4213_2x","Subscriptions to fixed-broadband and fixed-telephone bundles",,"count",77,"ETH","Ethiopia","1522376.0",2023,"","Ethiopian Communications Authority","Refers to the number of bundled telecommunication subscriptions including fixed-broadband and fixed-telephone services"
19307,"i4213_2x","Subscriptions to fixed-broadband and fixed-telephone bundles",,"count",77,"ETH","Ethiopia","1549743.0",2024,"","Ethiopian Communications Authority","Refers to the number of bundled telecommunication subscriptions including fixed-broadband and fixed-telephone services"
19307,"i4213_2x","Subscriptions to fixed-broadband and fixed-telephone bundles",,"count",78,"FRA","France","7087000.0",2014,"","Autorité de Régulation des Communications électroniques et des postes","Refers to the number of bundled telecommunication subscriptions including fixed-broadband and fixed-telephone services"
19307,"i4213_2x","Subscriptions to fixed-broadband and fixed-telephone bundles",,"count",78,"FRA","France","7405000.0",2015,"","Autorité de régulation des communications électroniques et des postes","Refers to the number of bundled telecommunication subscriptions including fixed-broadband and fixed-telephone services"
19307,"i4213_2x","Subscriptions to fixed-broadband and fixed-telephone bundles",,"count",78,"FRA","France","8100000.0",2016,"","ARCEP","Refers to the number of bundled telecommunication subscriptions including fixed-broadband and fixed-telephone services"
19307,"i4213_2x","Subscriptions to fixed-broadband and fixed-telephone bundles",,"count",78,"FRA","France","8148000.0",2017,"","ARCEP","Refers to the number of bundled telecommunication subscriptions including fixed-broadband and fixed-telephone services"
19307,"i4213_2x","Subscriptions to fixed-broadband and fixed-telephone bundles",,"count",78,"FRA","France","8420000.0",2018,"","ARCEP","Refers to the number of bundled telecommunication subscriptions including fixed-broadband and fixed-telephone services"
19307,"i4213_2x","Subscriptions to fixed-broadband and fixed-telephone bundles",,"count",78,"FRA","France","8550000.0",2019,"","ARCEP","Refers to the number of bundled telecommunication subscriptions including fixed-broadband and fixed-telephone services"
19307,"i4213_2x","Subscriptions to fixed-broadband and fixed-telephone bundles",,"count",84,"GBR","United Kingdom","7185780.0",2012,"Estimate from Ofcom market research data","Office of Communications","Refers to the number of bundled telecommunication subscriptions including fixed-broadband and fixed-telephone services"
19307,"i4213_2x","Subscriptions to fixed-broadband and fixed-telephone bundles",,"count",84,"GBR","United Kingdom","7463120.0",2013,"Estimate from Ofcom market research data","Office of Communications","Refers to the number of bundled telecommunication subscriptions including fixed-broadband and fixed-telephone services"
19307,"i4213_2x","Subscriptions to fixed-broadband and fixed-telephone bundles",,"count",84,"GBR","United Kingdom","7407735.0",2014,"Estimate from Ofcom market research data","Office of Communications","Refers to the number of bundled telecommunication subscriptions including fixed-broadband and fixed-telephone services"
19307,"i4213_2x","Subscriptions to fixed-broadband and fixed-telephone bundles",,"count",84,"GBR","United Kingdom","7283326.0",2015,"Break in comparability: change in the methodology for estimating bundled subscriptions.","Office of Communications","Refers to the number of bundled telecommunication subscriptions including fixed-broadband and fixed-telephone services"
19307,"i4213_2x","Subscriptions to fixed-broadband and fixed-telephone bundles",,"count",84,"GBR","United Kingdom","8661120.0",2016,"Estimate from Ofcom market research data.","Ofcom","Refers to the number of bundled telecommunication subscriptions including fixed-broadband and fixed-telephone services"
19307,"i4213_2x","Subscriptions to fixed-broadband and fixed-telephone bundles",,"count",84,"GBR","United Kingdom","8494000.0",2017,"Estimate based on Ofcom market research data.","Ofcom","Refers to the number of bundled telecommunication subscriptions including fixed-broadband and fixed-telephone services"
19307,"i4213_2x","Subscriptions to fixed-broadband and fixed-telephone bundles",,"count",84,"GBR","United Kingdom","8033000.0",2018,"Estimate based on Ofcom market research data.","Ofcom","Refers to the number of bundled telecommunication subscriptions including fixed-broadband and fixed-telephone services"
19307,"i4213_2x","Subscriptions to fixed-broadband and fixed-telephone bundles",,"count",84,"GBR","United Kingdom","7234000.0",2019,"Estimate based on Ofcom market research data.","Office of Communications","Refers to the number of bundled telecommunication subscriptions including fixed-broadband and fixed-telephone services"
19307,"i4213_2x","Subscriptions to fixed-broadband and fixed-telephone bundles",,"count",84,"GBR","United Kingdom","1.2312472E7",2020,"Estimated breakdown based on operator data for residential connections. Sept 22, figures amended due to operational reinstatement","Office of Communications","Refers to the number of bundled telecommunication subscriptions including fixed-broadband and fixed-telephone services"
19307,"i4213_2x","Subscriptions to fixed-broadband and fixed-telephone bundles",,"count",84,"GBR","United Kingdom","1.1526038E7",2021,"","Office of Communications","Refers to the number of bundled telecommunication subscriptions including fixed-broadband and fixed-telephone services"
19307,"i4213_2x","Subscriptions to fixed-broadband and fixed-telephone bundles",,"count",84,"GBR","United Kingdom","1.1096E7",2022,"Doesnt include estimates for providers we dont collect data from","Office of Communications","Refers to the number of bundled telecommunication subscriptions including fixed-broadband and fixed-telephone services"
19307,"i4213_2x","Subscriptions to fixed-broadband and fixed-telephone bundles",,"count",84,"GBR","United Kingdom","9778000.0",2023,"Doesnt include estimates for providers we dont collect data from","Office of Communications","Refers to the number of bundled telecommunication subscriptions including fixed-broadband and fixed-telephone services"
19307,"i4213_2x","Subscriptions to fixed-broadband and fixed-telephone bundles",,"count",90,"GHA","Ghana","56810.0",2017,"","National Communications Authority","Refers to the number of bundled telecommunication subscriptions including fixed-broadband and fixed-telephone services"
19307,"i4213_2x","Subscriptions to fixed-broadband and fixed-telephone bundles",,"count",90,"GHA","Ghana","0.0",2022,"","National Communications Authority","Refers to the number of bundled telecommunication subscriptions including fixed-broadband and fixed-telephone services"
19307,"i4213_2x","Subscriptions to fixed-broadband and fixed-telephone bundles",,"count",90,"GHA","Ghana","0.0",2023,"","National Communications Authority","Refers to the number of bundled telecommunication subscriptions including fixed-broadband and fixed-telephone services"
19307,"i4213_2x","Subscriptions to fixed-broadband and fixed-telephone bundles",,"count",90,"GHA","Ghana","0.0",2024,"","National Communications Authority","Refers to the number of bundled telecommunication subscriptions including fixed-broadband and fixed-telephone services"
19307,"i4213_2x","Subscriptions to fixed-broadband and fixed-telephone bundles",,"count",91,"GIB","Gibraltar","0.0",2015,"not available as a bundle","Gibraltar Regulatory Authority","Refers to the number of bundled telecommunication subscriptions including fixed-broadband and fixed-telephone services"
19307,"i4213_2x","Subscriptions to fixed-broadband and fixed-telephone bundles",,"count",91,"GIB","Gibraltar","12445.0",2020,"","Gibraltar Regulatory Authority","Refers to the number of bundled telecommunication subscriptions including fixed-broadband and fixed-telephone services"
19307,"i4213_2x","Subscriptions to fixed-broadband and fixed-telephone bundles",,"count",95,"GRC","Greece","1896454.0",2015,"Figure collected according to the new (2015) EU bundle definition.","Hellenic Telecommunications & Post Commission","Refers to the number of bundled telecommunication subscriptions including fixed-broadband and fixed-telephone services"
19307,"i4213_2x","Subscriptions to fixed-broadband and fixed-telephone bundles",,"count",95,"GRC","Greece","2092681.0",2016,"Figure collected according to 2015 EC bundle definition, which in brief states the following: “Bundled offers” are commercial offers provided by one or more operators, of two or more of the following services: Fixed Broadband, Fixed Telephony, Mobile services (including voice and/or broadband) and Pay-TV. “Bundled offers” are either pure bundles, combinations of tied and tying services, or mixed bundles.","Hellenic Telecommunications & Post Commission","Refers to the number of bundled telecommunication subscriptions including fixed-broadband and fixed-telephone services"
19307,"i4213_2x","Subscriptions to fixed-broadband and fixed-telephone bundles",,"count",95,"GRC","Greece","2405296.0",2017,"Figure collected according to 2015 EC bundle definition, which in brief states the following: “Bundled offers” are commercial offers provided by one or more operators, of two or more of the following services: Fixed Broadband, Fixed Telephony, Mobile services (including voice and/or broadband) and Pay-TV. “Bundled offers” are either pure bundles, combinations of tied and tying services, or mixed bundles.","Hellenic Telecommunications & Post Commission","Refers to the number of bundled telecommunication subscriptions including fixed-broadband and fixed-telephone services"
19307,"i4213_2x","Subscriptions to fixed-broadband and fixed-telephone bundles",,"count",95,"GRC","Greece","2393190.0",2018,"Figure collected according to 2015 EC bundle definition, which in brief states the following: “Bundled offers” are commercial offers provided by one or more operators, of two or more of the following services: Fixed Broadband, Fixed Telephony, Mobile services (including voice and/or broadband) and Pay-TV. “Bundled offers” are either pure bundles, combinations of tied and tying services, or mixed bundles.","HELLENIC TELECOMMUNICATIONS & POST COMMISSION","Refers to the number of bundled telecommunication subscriptions including fixed-broadband and fixed-telephone services"
19307,"i4213_2x","Subscriptions to fixed-broadband and fixed-telephone bundles",,"count",95,"GRC","Greece","2326067.0",2019,"Figure collected according to 2015 EC bundle definition, which in brief states the following: “Bundled offers” are commercial offers provided by one or more operators, of two or more of the following services: Fixed Broadband, Fixed Telephony, Mobile services (including voice and/or broadband) and Pay-TV. “Bundled offers” are either pure bundles, combinations of tied and tying services, or mixed bundles.","Hellenic Telecommunications & Post Commission","Refers to the number of bundled telecommunication subscriptions including fixed-broadband and fixed-telephone services"
19307,"i4213_2x","Subscriptions to fixed-broadband and fixed-telephone bundles",,"count",95,"GRC","Greece","2197956.0",2020,"Figure collected according to 2015 EC bundle definition, which in brief states the following: “Bundled offers” are commercial offers provided by one or more operators, of two or more of the following services: Fixed Broadband, Fixed Telephony, Mobile services (including voice and/or broadband) and Pay-TV. “Bundled offers” are either pure bundles, combinations of tied and tying services, or mixed bundles.","Hellenic Telecommunications & Post Commission","Refers to the number of bundled telecommunication subscriptions including fixed-broadband and fixed-telephone services"
19307,"i4213_2x","Subscriptions to fixed-broadband and fixed-telephone bundles",,"count",95,"GRC","Greece","2193117.0",2021,"","Hellenic Telecommunications & Post Commission","Refers to the number of bundled telecommunication subscriptions including fixed-broadband and fixed-telephone services"
19307,"i4213_2x","Subscriptions to fixed-broadband and fixed-telephone bundles",,"count",95,"GRC","Greece","2075634.0",2022,"","Hellenic Telecommunications & Post Commission","Refers to the number of bundled telecommunication subscriptions including fixed-broadband and fixed-telephone services"
19307,"i4213_2x","Subscriptions to fixed-broadband and fixed-telephone bundles",,"count",95,"GRC","Greece","1878426.0",2023,"","Hellenic Telecommunications & Post Commission","Refers to the number of bundled telecommunication subscriptions including fixed-broadband and fixed-telephone services"
19307,"i4213_2x","Subscriptions to fixed-broadband and fixed-telephone bundles",,"count",95,"GRC","Greece","1753583.0",2024,"","Hellenic Telecommunications & Post Commission","Refers to the number of bundled telecommunication subscriptions including fixed-broadband and fixed-telephone services"
19307,"i4213_2x","Subscriptions to fixed-broadband and fixed-telephone bundles",,"count",103,"HKG","Hong Kong, China","433631.0",2014,"","Office of the Communications Authority","Refers to the number of bundled telecommunication subscriptions including fixed-broadband and fixed-telephone services"
19307,"i4213_2x","Subscriptions to fixed-broadband and fixed-telephone bundles",,"count",103,"HKG","Hong Kong, China","502616.0",2015,"","Office of the Communications Authority","Refers to the number of bundled telecommunication subscriptions including fixed-broadband and fixed-telephone services"
19307,"i4213_2x","Subscriptions to fixed-broadband and fixed-telephone bundles",,"count",103,"HKG","Hong Kong, China","540374.0",2016,"","Office of the Communications Authority","Refers to the number of bundled telecommunication subscriptions including fixed-broadband and fixed-telephone services"
19307,"i4213_2x","Subscriptions to fixed-broadband and fixed-telephone bundles",,"count",103,"HKG","Hong Kong, China","551871.0",2017,"","Office of the Communications Authority","Refers to the number of bundled telecommunication subscriptions including fixed-broadband and fixed-telephone services"
19307,"i4213_2x","Subscriptions to fixed-broadband and fixed-telephone bundles",,"count",103,"HKG","Hong Kong, China","487497.0",2018,"","Office of the Communications Authority","Refers to the number of bundled telecommunication subscriptions including fixed-broadband and fixed-telephone services"
19307,"i4213_2x","Subscriptions to fixed-broadband and fixed-telephone bundles",,"count",103,"HKG","Hong Kong, China","493783.0",2019,"","Office of the Communications Authority","Refers to the number of bundled telecommunication subscriptions including fixed-broadband and fixed-telephone services"
19307,"i4213_2x","Subscriptions to fixed-broadband and fixed-telephone bundles",,"count",103,"HKG","Hong Kong, China","497948.0",2020,"","Office of the Communications Authority","Refers to the number of bundled telecommunication subscriptions including fixed-broadband and fixed-telephone services"
19307,"i4213_2x","Subscriptions to fixed-broadband and fixed-telephone bundles",,"count",103,"HKG","Hong Kong, China","488187.0",2021,"","Office of the Communications Authority","Refers to the number of bundled telecommunication subscriptions including fixed-broadband and fixed-telephone services"
19307,"i4213_2x","Subscriptions to fixed-broadband and fixed-telephone bundles",,"count",103,"HKG","Hong Kong, China","467975.0",2022,"","Office of the Communications Authority","Refers to the number of bundled telecommunication subscriptions including fixed-broadband and fixed-telephone services"
19307,"i4213_2x","Subscriptions to fixed-broadband and fixed-telephone bundles",,"count",103,"HKG","Hong Kong, China","452173.0",2023,"","Office of the Communications Authority","Refers to the number of bundled telecommunication subscriptions including fixed-broadband and fixed-telephone services"
19307,"i4213_2x","Subscriptions to fixed-broadband and fixed-telephone bundles",,"count",103,"HKG","Hong Kong, China","418042.0",2024,"","Office of the Communications Authority","Refers to the number of bundled telecommunication subscriptions including fixed-broadband and fixed-telephone services"
19307,"i4213_2x","Subscriptions to fixed-broadband and fixed-telephone bundles",,"count",105,"HUN","Hungary","148590.0",2012,"Source: Annual survey on nationally representative sample of Hungarian households.","National Media and Infocommunications Authority","Refers to the number of bundled telecommunication subscriptions including fixed-broadband and fixed-telephone services"
19307,"i4213_2x","Subscriptions to fixed-broadband and fixed-telephone bundles",,"count",105,"HUN","Hungary","167332.0",2013,"Source: Annual survey on nationally representative sample of Hungarian households.","National Media and Infocommunications Authority","Refers to the number of bundled telecommunication subscriptions including fixed-broadband and fixed-telephone services"
19307,"i4213_2x","Subscriptions to fixed-broadband and fixed-telephone bundles",,"count",105,"HUN","Hungary","169401.0",2014,"Source: Annual survey on nationally representative sample of Hungarian households.","National Media and Infocommunications Authority","Refers to the number of bundled telecommunication subscriptions including fixed-broadband and fixed-telephone services"
19307,"i4213_2x","Subscriptions to fixed-broadband and fixed-telephone bundles",,"count",105,"HUN","Hungary","117881.0",2015,"","National Media and Infocommunications Authority","Refers to the number of bundled telecommunication subscriptions including fixed-broadband and fixed-telephone services"
19307,"i4213_2x","Subscriptions to fixed-broadband and fixed-telephone bundles",,"count",105,"HUN","Hungary","131000.0",2016,"Source: Annual survey on nationally representative sample of Hungarian households.","National Media and Infocommunications Authority","Refers to the number of bundled telecommunication subscriptions including fixed-broadband and fixed-telephone services"
19307,"i4213_2x","Subscriptions to fixed-broadband and fixed-telephone bundles",,"count",105,"HUN","Hungary","152000.0",2017,"This piece of data should be handled carefully because of the low number of subscribers for fixed phone and fixed broadband in a 2-play bundle.##Source of data: Electronic Communication Services Usage by Households and Individuals, 2017. National survey for the Hungarian NRA.","National Media and Infocommunications Authority","Refers to the number of bundled telecommunication subscriptions including fixed-broadband and fixed-telephone services"
19307,"i4213_2x","Subscriptions to fixed-broadband and fixed-telephone bundles",,"count",105,"HUN","Hungary","162000.0",2018,"This piece of data should be handled carefully because of the low number of subscribers for fixed phone and fixed broadband in a 2-play bundle.##Source of data: Electronic Communication Services Usage by Households and Individuals, 2018. National survey for the Hungarian NRA.","National Media and Infocommunications Authority","Refers to the number of bundled telecommunication subscriptions including fixed-broadband and fixed-telephone services"
19307,"i4213_2x","Subscriptions to fixed-broadband and fixed-telephone bundles",,"count",105,"HUN","Hungary","109898.0",2019,"This piece of data should be handled carefully because of the low number of subscribers for fixed phone and fixed broadband in a 2-play bundle. Besides, data of 2019 cannot be compared statistically with data of 2018 and 2017, because survey methodology changed from 2018 to 2019.##Source of data: Research on Electronic Communications Services Users, 2019. Household Survey. Nationally representative survey for the Hungarian NRA","National Media and Infocommunications Authority","Refers to the number of bundled telecommunication subscriptions including fixed-broadband and fixed-telephone services"
19307,"i4213_2x","Subscriptions to fixed-broadband and fixed-telephone bundles",,"count",105,"HUN","Hungary","117871.0",2020,"This piece of data should be handled carefully because of the low number of subscribers for fixed phone and fixed broadband in a 2-play bundle.##Source of data: Research on Electronic Communications Services Users, 2020. Household Survey. Nationally representative survey for the Hungarian NRA","National Media and Infocommunications Authority","Refers to the number of bundled telecommunication subscriptions including fixed-broadband and fixed-telephone services"
19307,"i4213_2x","Subscriptions to fixed-broadband and fixed-telephone bundles",,"count",105,"HUN","Hungary","208642.0",2021,"Estimated number based on the data provided by the 18 largest operators","National Media and Infocommunications Authority","Refers to the number of bundled telecommunication subscriptions including fixed-broadband and fixed-telephone services"
19307,"i4213_2x","Subscriptions to fixed-broadband and fixed-telephone bundles",,"count",105,"HUN","Hungary","189000.0",2022,"Estimated number based on the data provided by the 18 largest operators","National Media and Infocommunications Authority","Refers to the number of bundled telecommunication subscriptions including fixed-broadband and fixed-telephone services"
19307,"i4213_2x","Subscriptions to fixed-broadband and fixed-telephone bundles",,"count",105,"HUN","Hungary","82065.0",2023,"data revised","National Media and Infocommunications Authority","Refers to the number of bundled telecommunication subscriptions including fixed-broadband and fixed-telephone services"
19307,"i4213_2x","Subscriptions to fixed-broadband and fixed-telephone bundles",,"count",105,"HUN","Hungary","73068.0",2024,"Estimated number based on the data provided by the 18 largest operators","National Media and Infocommunications Authority","Refers to the number of bundled telecommunication subscriptions including fixed-broadband and fixed-telephone services"
19307,"i4213_2x","Subscriptions to fixed-broadband and fixed-telephone bundles",,"count",106,"NLD","Netherlands","1758000.0",2014,"","Authority for Consumers and Markets","Refers to the number of bundled telecommunication subscriptions including fixed-broadband and fixed-telephone services"
19307,"i4213_2x","Subscriptions to fixed-broadband and fixed-telephone bundles",,"count",106,"NLD","Netherlands","762000.0",2015,"Q4 2015.","Authority for Consumers and Markets","Refers to the number of bundled telecommunication subscriptions including fixed-broadband and fixed-telephone services"
19307,"i4213_2x","Subscriptions to fixed-broadband and fixed-telephone bundles",,"count",106,"NLD","Netherlands","585000.0",2016,"Q4 2016.","Authority for Consumers and Markets","Refers to the number of bundled telecommunication subscriptions including fixed-broadband and fixed-telephone services"
19307,"i4213_2x","Subscriptions to fixed-broadband and fixed-telephone bundles",,"count",106,"NLD","Netherlands","445000.0",2017,"","The ACM","Refers to the number of bundled telecommunication subscriptions including fixed-broadband and fixed-telephone services"
19307,"i4213_2x","Subscriptions to fixed-broadband and fixed-telephone bundles",,"count",106,"NLD","Netherlands","395000.0",2018,"correction for 2018","The Netherlands Authority for Consumers and Markets","Refers to the number of bundled telecommunication subscriptions including fixed-broadband and fixed-telephone services"
19307,"i4213_2x","Subscriptions to fixed-broadband and fixed-telephone bundles",,"count",106,"NLD","Netherlands","342000.0",2019,"","Authority for Consumers and Markets","Refers to the number of bundled telecommunication subscriptions including fixed-broadband and fixed-telephone services"
19307,"i4213_2x","Subscriptions to fixed-broadband and fixed-telephone bundles",,"count",106,"NLD","Netherlands","310000.0",2020,"","Authority for Consumers and Markets","Refers to the number of bundled telecommunication subscriptions including fixed-broadband and fixed-telephone services"
19307,"i4213_2x","Subscriptions to fixed-broadband and fixed-telephone bundles",,"count",106,"NLD","Netherlands","250000.0",2021,"","Authority for Consumers and Markets","Refers to the number of bundled telecommunication subscriptions including fixed-broadband and fixed-telephone services"
19307,"i4213_2x","Subscriptions to fixed-broadband and fixed-telephone bundles",,"count",106,"NLD","Netherlands","249219.0",2022,"","Authority for Consumers and Markets","Refers to the number of bundled telecommunication subscriptions including fixed-broadband and fixed-telephone services"
19307,"i4213_2x","Subscriptions to fixed-broadband and fixed-telephone bundles",,"count",106,"NLD","Netherlands","243997.0",2023,"","Authority for Consumers and Markets","Refers to the number of bundled telecommunication subscriptions including fixed-broadband and fixed-telephone services"
19307,"i4213_2x","Subscriptions to fixed-broadband and fixed-telephone bundles",,"count",106,"NLD","Netherlands","222318.0",2024,"","Authority for Consumers and Markets","Refers to the number of bundled telecommunication subscriptions including fixed-broadband and fixed-telephone services"
19307,"i4213_2x","Subscriptions to fixed-broadband and fixed-telephone bundles",,"count",107,"HRV","Croatia","153262.0",2012,"","Croatian Regulatory Authority for Network Industries","Refers to the number of bundled telecommunication subscriptions including fixed-broadband and fixed-telephone services"
19307,"i4213_2x","Subscriptions to fixed-broadband and fixed-telephone bundles",,"count",107,"HRV","Croatia","237279.0",2013,"","Croatian Regulatory Authority for Network Industries","Refers to the number of bundled telecommunication subscriptions including fixed-broadband and fixed-telephone services"
19307,"i4213_2x","Subscriptions to fixed-broadband and fixed-telephone bundles",,"count",107,"HRV","Croatia","311049.0",2014,"","Croatian Regulatory Authority for Network Industries","Refers to the number of bundled telecommunication subscriptions including fixed-broadband and fixed-telephone services"
19307,"i4213_2x","Subscriptions to fixed-broadband and fixed-telephone bundles",,"count",107,"HRV","Croatia","383840.0",2015,"","Croatian Regulatory Authority for Network Industries","Refers to the number of bundled telecommunication subscriptions including fixed-broadband and fixed-telephone services"
19307,"i4213_2x","Subscriptions to fixed-broadband and fixed-telephone bundles",,"count",107,"HRV","Croatia","417374.0",2016,"","HAKOM","Refers to the number of bundled telecommunication subscriptions including fixed-broadband and fixed-telephone services"
19307,"i4213_2x","Subscriptions to fixed-broadband and fixed-telephone bundles",,"count",107,"HRV","Croatia","436812.0",2017,"","HAKOM","Refers to the number of bundled telecommunication subscriptions including fixed-broadband and fixed-telephone services"
19307,"i4213_2x","Subscriptions to fixed-broadband and fixed-telephone bundles",,"count",107,"HRV","Croatia","423369.0",2018,"","HAKOM","Refers to the number of bundled telecommunication subscriptions including fixed-broadband and fixed-telephone services"
19307,"i4213_2x","Subscriptions to fixed-broadband and fixed-telephone bundles",,"count",107,"HRV","Croatia","404557.0",2019,"","Croatian Regulatory Authority for Network Industries","Refers to the number of bundled telecommunication subscriptions including fixed-broadband and fixed-telephone services"
19307,"i4213_2x","Subscriptions to fixed-broadband and fixed-telephone bundles",,"count",107,"HRV","Croatia","236438.0",2020,"","Croatian Regulatory Authority for Network Industries","Refers to the number of bundled telecommunication subscriptions including fixed-broadband and fixed-telephone services"
19307,"i4213_2x","Subscriptions to fixed-broadband and fixed-telephone bundles",,"count",107,"HRV","Croatia","310152.0",2021,"","Croatian Regulatory Authority for Network Industries","Refers to the number of bundled telecommunication subscriptions including fixed-broadband and fixed-telephone services"
19307,"i4213_2x","Subscriptions to fixed-broadband and fixed-telephone bundles",,"count",107,"HRV","Croatia","219868.0",2022,"old 381862#new 219 868","Croatian Regulatory Authority for Network Industries","Refers to the number of bundled telecommunication subscriptions including fixed-broadband and fixed-telephone services"
19307,"i4213_2x","Subscriptions to fixed-broadband and fixed-telephone bundles",,"count",107,"HRV","Croatia","221512.0",2023,"","Croatian Regulatory Authority for Network Industries","Refers to the number of bundled telecommunication subscriptions including fixed-broadband and fixed-telephone services"
19307,"i4213_2x","Subscriptions to fixed-broadband and fixed-telephone bundles",,"count",107,"HRV","Croatia","226595.0",2024,"","Croatian Regulatory Authority for Network Industries","Refers to the number of bundled telecommunication subscriptions including fixed-broadband and fixed-telephone services"
19307,"i4213_2x","Subscriptions to fixed-broadband and fixed-telephone bundles",,"count",111,"ITA","Italy","9145440.0",2014,"","AGCOM","Refers to the number of bundled telecommunication subscriptions including fixed-broadband and fixed-telephone services"
19307,"i4213_2x","Subscriptions to fixed-broadband and fixed-telephone bundles",,"count",111,"ITA","Italy","9357617.0",2016,"Source: AGCOM","AGCOM","Refers to the number of bundled telecommunication subscriptions including fixed-broadband and fixed-telephone services"
19307,"i4213_2x","Subscriptions to fixed-broadband and fixed-telephone bundles",,"count",111,"ITA","Italy","1.0185229E7",2017,"Data refer to end of the third quarter","AGCOM","Refers to the number of bundled telecommunication subscriptions including fixed-broadband and fixed-telephone services"
19307,"i4213_2x","Subscriptions to fixed-broadband and fixed-telephone bundles",,"count",111,"ITA","Italy","9918000.0",2018,"Data refer to end of the third quarter. Source: AGCOM","AGCOM","Refers to the number of bundled telecommunication subscriptions including fixed-broadband and fixed-telephone services"
19307,"i4213_2x","Subscriptions to fixed-broadband and fixed-telephone bundles",,"count",111,"ITA","Italy","9369053.0",2019,"Data refer to end of the third quarter. Source: AGCOM","AGCOM","Refers to the number of bundled telecommunication subscriptions including fixed-broadband and fixed-telephone services"
19307,"i4213_2x","Subscriptions to fixed-broadband and fixed-telephone bundles",,"count",111,"ITA","Italy","9589612.0",2020,"Data refer to end of the third quarter. Source: AGCOM","AGCOM","Refers to the number of bundled telecommunication subscriptions including fixed-broadband and fixed-telephone services"
19307,"i4213_2x","Subscriptions to fixed-broadband and fixed-telephone bundles",,"count",111,"ITA","Italy","8289363.0",2021,"Data refer to end of the third quarter. Source: AGCOM","AGCOM","Refers to the number of bundled telecommunication subscriptions including fixed-broadband and fixed-telephone services"
19307,"i4213_2x","Subscriptions to fixed-broadband and fixed-telephone bundles",,"count",111,"ITA","Italy","9972823.0",2022,"Data refer to end of the third quarter. Source: AGCOM","AGCOM","Refers to the number of bundled telecommunication subscriptions including fixed-broadband and fixed-telephone services"
19307,"i4213_2x","Subscriptions to fixed-broadband and fixed-telephone bundles",,"count",111,"ITA","Italy","1.1177711E7",2023,"Source: AGCOM","AGCOM","Refers to the number of bundled telecommunication subscriptions including fixed-broadband and fixed-telephone services"
19307,"i4213_2x","Subscriptions to fixed-broadband and fixed-telephone bundles",,"count",111,"ITA","Italy","1.23826E7",2024,"Estimated","AGCOM","Refers to the number of bundled telecommunication subscriptions including fixed-broadband and fixed-telephone services"
19307,"i4213_2x","Subscriptions to fixed-broadband and fixed-telephone bundles",,"count",114,"IDN","Indonesia","3400000.0",2014,"State owned Telco Operator","Ministry of Communication and Information Technology","Refers to the number of bundled telecommunication subscriptions including fixed-broadband and fixed-telephone services"
19307,"i4213_2x","Subscriptions to fixed-broadband and fixed-telephone bundles",,"count",114,"IDN","Indonesia","3983000.0",2015,"PT. Telkom","Ministry of Communication and Information Technology","Refers to the number of bundled telecommunication subscriptions including fixed-broadband and fixed-telephone services"
19307,"i4213_2x","Subscriptions to fixed-broadband and fixed-telephone bundles",,"count",114,"IDN","Indonesia","4329000.0",2016,"MCIT","Ministry of Communication and Informatics","Refers to the number of bundled telecommunication subscriptions including fixed-broadband and fixed-telephone services"
19307,"i4213_2x","Subscriptions to fixed-broadband and fixed-telephone bundles",,"count",114,"IDN","Indonesia","2167560.0",2017,"","Ministry of Communication and Informatics","Refers to the number of bundled telecommunication subscriptions including fixed-broadband and fixed-telephone services"
19307,"i4213_2x","Subscriptions to fixed-broadband and fixed-telephone bundles",,"count",114,"IDN","Indonesia","1562571.0",2018,"Ministry of Communications and Informatics","Ministry of Communications and Informatics","Refers to the number of bundled telecommunication subscriptions including fixed-broadband and fixed-telephone services"
19307,"i4213_2x","Subscriptions to fixed-broadband and fixed-telephone bundles",,"count",114,"IDN","Indonesia","6651960.0",2020,"","Ministry of Communications and Informatics","Refers to the number of bundled telecommunication subscriptions including fixed-broadband and fixed-telephone services"
19307,"i4213_2x","Subscriptions to fixed-broadband and fixed-telephone bundles",,"count",115,"IRL","Ireland","685572.0",2012,"","Commission for Communications Regulation","Refers to the number of bundled telecommunication subscriptions including fixed-broadband and fixed-telephone services"
19307,"i4213_2x","Subscriptions to fixed-broadband and fixed-telephone bundles",,"count",115,"IRL","Ireland","631153.0",2013,"","Commission for Communications Regulation","Refers to the number of bundled telecommunication subscriptions including fixed-broadband and fixed-telephone services"
19307,"i4213_2x","Subscriptions to fixed-broadband and fixed-telephone bundles",,"count",115,"IRL","Ireland","575843.0",2014,"","Commission for Communications Regulation","Refers to the number of bundled telecommunication subscriptions including fixed-broadband and fixed-telephone services"
19307,"i4213_2x","Subscriptions to fixed-broadband and fixed-telephone bundles",,"count",115,"IRL","Ireland","621741.0",2015,"","Commission for Communications Regulation","Refers to the number of bundled telecommunication subscriptions including fixed-broadband and fixed-telephone services"
19307,"i4213_2x","Subscriptions to fixed-broadband and fixed-telephone bundles",,"count",115,"IRL","Ireland","677282.0",2016,"","ComReg","Refers to the number of bundled telecommunication subscriptions including fixed-broadband and fixed-telephone services"
19307,"i4213_2x","Subscriptions to fixed-broadband and fixed-telephone bundles",,"count",115,"IRL","Ireland","642486.0",2017,"","ComReg","Refers to the number of bundled telecommunication subscriptions including fixed-broadband and fixed-telephone services"
19307,"i4213_2x","Subscriptions to fixed-broadband and fixed-telephone bundles",,"count",115,"IRL","Ireland","672842.0",2018,"","ComReg","Refers to the number of bundled telecommunication subscriptions including fixed-broadband and fixed-telephone services"
19307,"i4213_2x","Subscriptions to fixed-broadband and fixed-telephone bundles",,"count",115,"IRL","Ireland","642422.0",2019,"Double Play - Fixed Telephony and Fixed Internet sub","Commission for Communications Regulation","Refers to the number of bundled telecommunication subscriptions including fixed-broadband and fixed-telephone services"
19307,"i4213_2x","Subscriptions to fixed-broadband and fixed-telephone bundles",,"count",115,"IRL","Ireland","680571.0",2020,"","Commission for Communications Regulation","Refers to the number of bundled telecommunication subscriptions including fixed-broadband and fixed-telephone services"
19307,"i4213_2x","Subscriptions to fixed-broadband and fixed-telephone bundles",,"count",115,"IRL","Ireland","684890.0",2021,"","Commission for Communications Regulation","Refers to the number of bundled telecommunication subscriptions including fixed-broadband and fixed-telephone services"
19307,"i4213_2x","Subscriptions to fixed-broadband and fixed-telephone bundles",,"count",115,"IRL","Ireland","659849.0",2022,"methodology change from subscriptions to lines","Commission for Communications Regulation","Refers to the number of bundled telecommunication subscriptions including fixed-broadband and fixed-telephone services"
19307,"i4213_2x","Subscriptions to fixed-broadband and fixed-telephone bundles",,"count",115,"IRL","Ireland","690829.0",2023,"","","Refers to the number of bundled telecommunication subscriptions including fixed-broadband and fixed-telephone services"
19307,"i4213_2x","Subscriptions to fixed-broadband and fixed-telephone bundles",,"count",115,"IRL","Ireland","681947.0",2024,"","Commission for Communications Regulation","Refers to the number of bundled telecommunication subscriptions including fixed-broadband and fixed-telephone services"
19307,"i4213_2x","Subscriptions to fixed-broadband and fixed-telephone bundles",,"count",116,"IRN","Iran (Islamic Republic of)","0.0",2014,"","Information Technology Organization of Iran (ITO)","Refers to the number of bundled telecommunication subscriptions including fixed-broadband and fixed-telephone services"
19307,"i4213_2x","Subscriptions to fixed-broadband and fixed-telephone bundles",,"count",116,"IRN","Iran (Islamic Republic of)","0.0",2016,"","Information Technology Organization of Iran (ITO)","Refers to the number of bundled telecommunication subscriptions including fixed-broadband and fixed-telephone services"
19307,"i4213_2x","Subscriptions to fixed-broadband and fixed-telephone bundles",,"count",116,"IRN","Iran (Islamic Republic of)","0.0",2017,"","Information Technology Organization of Iran (ITO)","Refers to the number of bundled telecommunication subscriptions including fixed-broadband and fixed-telephone services"
19307,"i4213_2x","Subscriptions to fixed-broadband and fixed-telephone bundles",,"count",116,"IRN","Iran (Islamic Republic of)","0.0",2018,"","Information Technology Organization of Iran(ITO)","Refers to the number of bundled telecommunication subscriptions including fixed-broadband and fixed-telephone services"
19307,"i4213_2x","Subscriptions to fixed-broadband and fixed-telephone bundles",,"count",116,"IRN","Iran (Islamic Republic of)","0.0",2019,"","Information Technology Organization of Iran (ITO)","Refers to the number of bundled telecommunication subscriptions including fixed-broadband and fixed-telephone services"
19307,"i4213_2x","Subscriptions to fixed-broadband and fixed-telephone bundles",,"count",116,"IRN","Iran (Islamic Republic of)","0.0",2020,"","Information Technology Organization of Iran (ITO)","Refers to the number of bundled telecommunication subscriptions including fixed-broadband and fixed-telephone services"
19307,"i4213_2x","Subscriptions to fixed-broadband and fixed-telephone bundles",,"count",116,"IRN","Iran (Islamic Republic of)","0.0",2021,"","Information Technology Organization of Iran (ITO)","Refers to the number of bundled telecommunication subscriptions including fixed-broadband and fixed-telephone services"
19307,"i4213_2x","Subscriptions to fixed-broadband and fixed-telephone bundles",,"count",116,"IRN","Iran (Islamic Republic of)","0.0",2022,"","Information Technology Organization of Iran (ITO)","Refers to the number of bundled telecommunication subscriptions including fixed-broadband and fixed-telephone services"
19307,"i4213_2x","Subscriptions to fixed-broadband and fixed-telephone bundles",,"count",116,"IRN","Iran (Islamic Republic of)","0.0",2023,"","Information Technology Organization of Iran (ITO)","Refers to the number of bundled telecommunication subscriptions including fixed-broadband and fixed-telephone services"
19307,"i4213_2x","Subscriptions to fixed-broadband and fixed-telephone bundles",,"count",116,"IRN","Iran (Islamic Republic of)","0.0",2024,"","Information Technology Organization of Iran (ITO)","Refers to the number of bundled telecommunication subscriptions including fixed-broadband and fixed-telephone services"
19307,"i4213_2x","Subscriptions to fixed-broadband and fixed-telephone bundles",,"count",117,"IRQ","Iraq","344695.0",2017,"","Communications and Media Commission","Refers to the number of bundled telecommunication subscriptions including fixed-broadband and fixed-telephone services"
19307,"i4213_2x","Subscriptions to fixed-broadband and fixed-telephone bundles",,"count",117,"IRQ","Iraq","484733.0",2018,"","Communications and Media Commission of Iraq","Refers to the number of bundled telecommunication subscriptions including fixed-broadband and fixed-telephone services"
19307,"i4213_2x","Subscriptions to fixed-broadband and fixed-telephone bundles",,"count",117,"IRQ","Iraq","551458.0",2019,"","Communications and Media Commission","Refers to the number of bundled telecommunication subscriptions including fixed-broadband and fixed-telephone services"
19307,"i4213_2x","Subscriptions to fixed-broadband and fixed-telephone bundles",,"count",117,"IRQ","Iraq","201941.0",2020,"","Communications and Media Commission","Refers to the number of bundled telecommunication subscriptions including fixed-broadband and fixed-telephone services"
19307,"i4213_2x","Subscriptions to fixed-broadband and fixed-telephone bundles",,"count",117,"IRQ","Iraq","1210000.0",2021,"","Communications and Media Commission","Refers to the number of bundled telecommunication subscriptions including fixed-broadband and fixed-telephone services"
19307,"i4213_2x","Subscriptions to fixed-broadband and fixed-telephone bundles",,"count",118,"ISL","Iceland","397.0",2021,"","Post and Telecom Administration","Refers to the number of bundled telecommunication subscriptions including fixed-broadband and fixed-telephone services"
19307,"i4213_2x","Subscriptions to fixed-broadband and fixed-telephone bundles",,"count",118,"ISL","Iceland","1027.0",2022,"","Post and Telecom Administration","Refers to the number of bundled telecommunication subscriptions including fixed-broadband and fixed-telephone services"
19307,"i4213_2x","Subscriptions to fixed-broadband and fixed-telephone bundles",,"count",118,"ISL","Iceland","912.0",2023,"","Post and Telecom Administration","Refers to the number of bundled telecommunication subscriptions including fixed-broadband and fixed-telephone services"
19307,"i4213_2x","Subscriptions to fixed-broadband and fixed-telephone bundles",,"count",118,"ISL","Iceland","124.0",2024,"Fixed telephony of ever decreasing importance","Post and Telecom Administration","Refers to the number of bundled telecommunication subscriptions including fixed-broadband and fixed-telephone services"
19307,"i4213_2x","Subscriptions to fixed-broadband and fixed-telephone bundles",,"count",122,"JAM","Jamaica","88685.0",2016,"","Office of Utilities Regulation","Refers to the number of bundled telecommunication subscriptions including fixed-broadband and fixed-telephone services"
19307,"i4213_2x","Subscriptions to fixed-broadband and fixed-telephone bundles",,"count",122,"JAM","Jamaica","86798.0",2017,"","Office of Utilities Regulation","Refers to the number of bundled telecommunication subscriptions including fixed-broadband and fixed-telephone services"
19307,"i4213_2x","Subscriptions to fixed-broadband and fixed-telephone bundles",,"count",122,"JAM","Jamaica","112093.0",2018,"","Office of Utilities Regulation","Refers to the number of bundled telecommunication subscriptions including fixed-broadband and fixed-telephone services"
19307,"i4213_2x","Subscriptions to fixed-broadband and fixed-telephone bundles",,"count",122,"JAM","Jamaica","117417.0",2019,"","Office of Utilities Regulation","Refers to the number of bundled telecommunication subscriptions including fixed-broadband and fixed-telephone services"
19307,"i4213_2x","Subscriptions to fixed-broadband and fixed-telephone bundles",,"count",122,"JAM","Jamaica","161831.0",2020,"","Office of Utilities Regulation","Refers to the number of bundled telecommunication subscriptions including fixed-broadband and fixed-telephone services"
19307,"i4213_2x","Subscriptions to fixed-broadband and fixed-telephone bundles",,"count",122,"JAM","Jamaica","195304.0",2021,"","Office of Utilities Regulation","Refers to the number of bundled telecommunication subscriptions including fixed-broadband and fixed-telephone services"
19307,"i4213_2x","Subscriptions to fixed-broadband and fixed-telephone bundles",,"count",122,"JAM","Jamaica","186192.0",2022,"","Office of Utilities Regulation","Refers to the number of bundled telecommunication subscriptions including fixed-broadband and fixed-telephone services"
19307,"i4213_2x","Subscriptions to fixed-broadband and fixed-telephone bundles",,"count",122,"JAM","Jamaica","220853.0",2023,"","Office of Utilities Regulation","Refers to the number of bundled telecommunication subscriptions including fixed-broadband and fixed-telephone services"
19307,"i4213_2x","Subscriptions to fixed-broadband and fixed-telephone bundles",,"count",122,"JAM","Jamaica","227431.0",2024,"","Office of Utilities Regulation","Refers to the number of bundled telecommunication subscriptions including fixed-broadband and fixed-telephone services"
19307,"i4213_2x","Subscriptions to fixed-broadband and fixed-telephone bundles",,"count",124,"JOR","Jordan","124104.0",2016,"","The Telecommunications Regulatory Commission of Jordan","Refers to the number of bundled telecommunication subscriptions including fixed-broadband and fixed-telephone services"
19307,"i4213_2x","Subscriptions to fixed-broadband and fixed-telephone bundles",,"count",124,"JOR","Jordan","143849.0",2017,"","The Telecommunications Regulatory Commission of Jordan","Refers to the number of bundled telecommunication subscriptions including fixed-broadband and fixed-telephone services"
19307,"i4213_2x","Subscriptions to fixed-broadband and fixed-telephone bundles",,"count",124,"JOR","Jordan","160328.0",2018,"","The Telecommunications Regulatory Commission of Jordan","Refers to the number of bundled telecommunication subscriptions including fixed-broadband and fixed-telephone services"
19307,"i4213_2x","Subscriptions to fixed-broadband and fixed-telephone bundles",,"count",124,"JOR","Jordan","191043.0",2019,"","The Telecommunications Regulatory Commission of Jordan","Refers to the number of bundled telecommunication subscriptions including fixed-broadband and fixed-telephone services"
19307,"i4213_2x","Subscriptions to fixed-broadband and fixed-telephone bundles",,"count",124,"JOR","Jordan","237475.0",2020,"","The Telecommunications Regulatory Commission of Jordan","Refers to the number of bundled telecommunication subscriptions including fixed-broadband and fixed-telephone services"
19307,"i4213_2x","Subscriptions to fixed-broadband and fixed-telephone bundles",,"count",124,"JOR","Jordan","289749.0",2021,"","The Telecommunications Regulatory Commission of Jordan","Refers to the number of bundled telecommunication subscriptions including fixed-broadband and fixed-telephone services"
19307,"i4213_2x","Subscriptions to fixed-broadband and fixed-telephone bundles",,"count",124,"JOR","Jordan","332128.0",2022,"","The Telecommunications Regulatory Commission of Jordan","Refers to the number of bundled telecommunication subscriptions including fixed-broadband and fixed-telephone services"
19307,"i4213_2x","Subscriptions to fixed-broadband and fixed-telephone bundles",,"count",124,"JOR","Jordan","363711.0",2023,"","The Telecommunications Regulatory Commission of Jordan","Refers to the number of bundled telecommunication subscriptions including fixed-broadband and fixed-telephone services"
19307,"i4213_2x","Subscriptions to fixed-broadband and fixed-telephone bundles",,"count",124,"JOR","Jordan","373932.0",2024,"","The Telecommunications Regulatory Commission of Jordan","Refers to the number of bundled telecommunication subscriptions including fixed-broadband and fixed-telephone services"
19307,"i4213_2x","Subscriptions to fixed-broadband and fixed-telephone bundles",,"count",125,"KEN","Kenya","0.0",2019,"this service is not available in Kenya","Communications Authority  of Kenya","Refers to the number of bundled telecommunication subscriptions including fixed-broadband and fixed-telephone services"
19307,"i4213_2x","Subscriptions to fixed-broadband and fixed-telephone bundles",,"count",125,"KEN","Kenya","0.0",2020,"","Communications Authority  of Kenya","Refers to the number of bundled telecommunication subscriptions including fixed-broadband and fixed-telephone services"
19307,"i4213_2x","Subscriptions to fixed-broadband and fixed-telephone bundles",,"count",125,"KEN","Kenya","0.0",2021,"","Communications Authority  of Kenya","Refers to the number of bundled telecommunication subscriptions including fixed-broadband and fixed-telephone services"
19307,"i4213_2x","Subscriptions to fixed-broadband and fixed-telephone bundles",,"count",125,"KEN","Kenya","0.0",2022,"","Communications Authority  of Kenya","Refers to the number of bundled telecommunication subscriptions including fixed-broadband and fixed-telephone services"
19307,"i4213_2x","Subscriptions to fixed-broadband and fixed-telephone bundles",,"count",125,"KEN","Kenya","0.0",2023,"","Communications Authority  of Kenya","Refers to the number of bundled telecommunication subscriptions including fixed-broadband and fixed-telephone services"
19307,"i4213_2x","Subscriptions to fixed-broadband and fixed-telephone bundles",,"count",125,"KEN","Kenya","0.0",2024,"Bundle not offered in Kenya","Communications Authority  of Kenya","Refers to the number of bundled telecommunication subscriptions including fixed-broadband and fixed-telephone services"
19307,"i4213_2x","Subscriptions to fixed-broadband and fixed-telephone bundles",,"count",127,"KIR","Kiribati","84.0",2018,"n/a","Ministry of ICTTD","Refers to the number of bundled telecommunication subscriptions including fixed-broadband and fixed-telephone services"
19307,"i4213_2x","Subscriptions to fixed-broadband and fixed-telephone bundles",,"count",127,"KIR","Kiribati","84.0",2019,"","Ministry of Information, Communication, Transport & Tourism Development","Refers to the number of bundled telecommunication subscriptions including fixed-broadband and fixed-telephone services"
19307,"i4213_2x","Subscriptions to fixed-broadband and fixed-telephone bundles",,"count",127,"KIR","Kiribati","0.0",2021,"","Ministry of Information, Communication, Transport & Tourism Development","Refers to the number of bundled telecommunication subscriptions including fixed-broadband and fixed-telephone services"
19307,"i4213_2x","Subscriptions to fixed-broadband and fixed-telephone bundles",,"count",127,"KIR","Kiribati","0.0",2022,"","Ministry of Information, Communication, Transport & Tourism Development","Refers to the number of bundled telecommunication subscriptions including fixed-broadband and fixed-telephone services"
19307,"i4213_2x","Subscriptions to fixed-broadband and fixed-telephone bundles",,"count",127,"KIR","Kiribati","10012.0",2023,"","Ministry of Information, Communication, Transport & Tourism Development","Refers to the number of bundled telecommunication subscriptions including fixed-broadband and fixed-telephone services"
19307,"i4213_2x","Subscriptions to fixed-broadband and fixed-telephone bundles",,"count",127,"KIR","Kiribati","0.0",2024,"haven't receive a response on data verifications","Ministry of Information, Communication, and Transport ","Refers to the number of bundled telecommunication subscriptions including fixed-broadband and fixed-telephone services"
19307,"i4213_2x","Subscriptions to fixed-broadband and fixed-telephone bundles",,"count",128,"KOR","Korea (Rep. of)","1480000.0",2016,"","Ministry of Science and ICT","Refers to the number of bundled telecommunication subscriptions including fixed-broadband and fixed-telephone services"
19307,"i4213_2x","Subscriptions to fixed-broadband and fixed-telephone bundles",,"count",128,"KOR","Korea (Rep. of)","1390000.0",2017,"","Ministry of Science and ICT","Refers to the number of bundled telecommunication subscriptions including fixed-broadband and fixed-telephone services"
19307,"i4213_2x","Subscriptions to fixed-broadband and fixed-telephone bundles",,"count",128,"KOR","Korea (Rep. of)","1290000.0",2018,"","Ministry of Science and ICT","Refers to the number of bundled telecommunication subscriptions including fixed-broadband and fixed-telephone services"
19307,"i4213_2x","Subscriptions to fixed-broadband and fixed-telephone bundles",,"count",128,"KOR","Korea (Rep. of)","1210000.0",2019,"","Ministry of Science and ICT","Refers to the number of bundled telecommunication subscriptions including fixed-broadband and fixed-telephone services"
19307,"i4213_2x","Subscriptions to fixed-broadband and fixed-telephone bundles",,"count",128,"KOR","Korea (Rep. of)","1140000.0",2020,"","Ministry of Science and ICT","Refers to the number of bundled telecommunication subscriptions including fixed-broadband and fixed-telephone services"
19307,"i4213_2x","Subscriptions to fixed-broadband and fixed-telephone bundles",,"count",128,"KOR","Korea (Rep. of)","1090000.0",2021,"","Ministry of Science and ICT","Refers to the number of bundled telecommunication subscriptions including fixed-broadband and fixed-telephone services"
19307,"i4213_2x","Subscriptions to fixed-broadband and fixed-telephone bundles",,"count",128,"KOR","Korea (Rep. of)","1028000.0",2022,"","Ministry of Science and ICT","Refers to the number of bundled telecommunication subscriptions including fixed-broadband and fixed-telephone services"
19307,"i4213_2x","Subscriptions to fixed-broadband and fixed-telephone bundles",,"count",128,"KOR","Korea (Rep. of)","1040000.0",2023,"","Ministry of Science and ICT","Refers to the number of bundled telecommunication subscriptions including fixed-broadband and fixed-telephone services"
19307,"i4213_2x","Subscriptions to fixed-broadband and fixed-telephone bundles",,"count",130,"KWT","Kuwait","110384.0",2016,"","CITRA","Refers to the number of bundled telecommunication subscriptions including fixed-broadband and fixed-telephone services"
19307,"i4213_2x","Subscriptions to fixed-broadband and fixed-telephone bundles",,"count",130,"KWT","Kuwait","0.0",2017,"","CITRA","Refers to the number of bundled telecommunication subscriptions including fixed-broadband and fixed-telephone services"
19307,"i4213_2x","Subscriptions to fixed-broadband and fixed-telephone bundles",,"count",130,"KWT","Kuwait","0.0",2018,"","Communication and information technology regulatory authority Kuwait","Refers to the number of bundled telecommunication subscriptions including fixed-broadband and fixed-telephone services"
19307,"i4213_2x","Subscriptions to fixed-broadband and fixed-telephone bundles",,"count",130,"KWT","Kuwait","0.0",2019,"","Communication and Information Technology Regulatory Authority","Refers to the number of bundled telecommunication subscriptions including fixed-broadband and fixed-telephone services"
19307,"i4213_2x","Subscriptions to fixed-broadband and fixed-telephone bundles",,"count",130,"KWT","Kuwait","0.0",2020,"","Communication and Information Technology Regulatory Authority","Refers to the number of bundled telecommunication subscriptions including fixed-broadband and fixed-telephone services"
19307,"i4213_2x","Subscriptions to fixed-broadband and fixed-telephone bundles",,"count",130,"KWT","Kuwait","0.0",2021,"","Communication and Information Technology Regulatory Authority","Refers to the number of bundled telecommunication subscriptions including fixed-broadband and fixed-telephone services"
19307,"i4213_2x","Subscriptions to fixed-broadband and fixed-telephone bundles",,"count",130,"KWT","Kuwait","0.0",2022,"","Communication and Information Technology Regulatory Authority","Refers to the number of bundled telecommunication subscriptions including fixed-broadband and fixed-telephone services"
19307,"i4213_2x","Subscriptions to fixed-broadband and fixed-telephone bundles",,"count",130,"KWT","Kuwait","0.0",2023,"","Communication and Information Technology Regulatory Authority","Refers to the number of bundled telecommunication subscriptions including fixed-broadband and fixed-telephone services"
19307,"i4213_2x","Subscriptions to fixed-broadband and fixed-telephone bundles",,"count",131,"LAO","Lao P.D.R.","2818.0",2015,"Ref.no from 4 main operators, LTC,BEELINE,UNITEL,ETL","Ministry of Post and Telecommunication","Refers to the number of bundled telecommunication subscriptions including fixed-broadband and fixed-telephone services"
19307,"i4213_2x","Subscriptions to fixed-broadband and fixed-telephone bundles",,"count",131,"LAO","Lao P.D.R.","4402.0",2016,"Ref.no from two main operator LTC,BEELINE","Ministry of Post and Telecommunication","Refers to the number of bundled telecommunication subscriptions including fixed-broadband and fixed-telephone services"
19307,"i4213_2x","Subscriptions to fixed-broadband and fixed-telephone bundles",,"count",132,"LBN","Lebanon","537135.0",2015,"","","Refers to the number of bundled telecommunication subscriptions including fixed-broadband and fixed-telephone services"
19307,"i4213_2x","Subscriptions to fixed-broadband and fixed-telephone bundles",,"count",135,"LCA","Saint Lucia","81.0",2016,"Information is only available for Columbus Communications","National Telecommunications Regulatory Commission","Refers to the number of bundled telecommunication subscriptions including fixed-broadband and fixed-telephone services"
19307,"i4213_2x","Subscriptions to fixed-broadband and fixed-telephone bundles",,"count",136,"LIE","Liechtenstein","3186.0",2014,"","Office for Communications","Refers to the number of bundled telecommunication subscriptions including fixed-broadband and fixed-telephone services"
19307,"i4213_2x","Subscriptions to fixed-broadband and fixed-telephone bundles",,"count",136,"LIE","Liechtenstein","2415.0",2015,"","Office for Communications","Refers to the number of bundled telecommunication subscriptions including fixed-broadband and fixed-telephone services"
19307,"i4213_2x","Subscriptions to fixed-broadband and fixed-telephone bundles",,"count",136,"LIE","Liechtenstein","3194.0",2016,"","Office for Communications","Refers to the number of bundled telecommunication subscriptions including fixed-broadband and fixed-telephone services"
19307,"i4213_2x","Subscriptions to fixed-broadband and fixed-telephone bundles",,"count",136,"LIE","Liechtenstein","3500.0",2017,"","Office for Communications","Refers to the number of bundled telecommunication subscriptions including fixed-broadband and fixed-telephone services"
19307,"i4213_2x","Subscriptions to fixed-broadband and fixed-telephone bundles",,"count",136,"LIE","Liechtenstein","3568.0",2018,"","Office for Communications","Refers to the number of bundled telecommunication subscriptions including fixed-broadband and fixed-telephone services"
19307,"i4213_2x","Subscriptions to fixed-broadband and fixed-telephone bundles",,"count",136,"LIE","Liechtenstein","3276.0",2019,"","Office for Communications","Refers to the number of bundled telecommunication subscriptions including fixed-broadband and fixed-telephone services"
19307,"i4213_2x","Subscriptions to fixed-broadband and fixed-telephone bundles",,"count",136,"LIE","Liechtenstein","2747.0",2020,"","Office for Communications","Refers to the number of bundled telecommunication subscriptions including fixed-broadband and fixed-telephone services"
19307,"i4213_2x","Subscriptions to fixed-broadband and fixed-telephone bundles",,"count",136,"LIE","Liechtenstein","2683.0",2021,"","Office for Communications","Refers to the number of bundled telecommunication subscriptions including fixed-broadband and fixed-telephone services"
19307,"i4213_2x","Subscriptions to fixed-broadband and fixed-telephone bundles",,"count",136,"LIE","Liechtenstein","2247.0",2022,"","Office for Communications","Refers to the number of bundled telecommunication subscriptions including fixed-broadband and fixed-telephone services"
19307,"i4213_2x","Subscriptions to fixed-broadband and fixed-telephone bundles",,"count",136,"LIE","Liechtenstein","1954.0",2023,"","Office for Communications","Refers to the number of bundled telecommunication subscriptions including fixed-broadband and fixed-telephone services"
19307,"i4213_2x","Subscriptions to fixed-broadband and fixed-telephone bundles",,"count",136,"LIE","Liechtenstein","1915.0",2024,"","Office for Communications","Refers to the number of bundled telecommunication subscriptions including fixed-broadband and fixed-telephone services"
19307,"i4213_2x","Subscriptions to fixed-broadband and fixed-telephone bundles",,"count",137,"LSO","Lesotho","963.0",2014,"","LCA","Refers to the number of bundled telecommunication subscriptions including fixed-broadband and fixed-telephone services"
19307,"i4213_2x","Subscriptions to fixed-broadband and fixed-telephone bundles",,"count",137,"LSO","Lesotho","4717.0",2023,"","Lesotho Communications Authority","Refers to the number of bundled telecommunication subscriptions including fixed-broadband and fixed-telephone services"
19307,"i4213_2x","Subscriptions to fixed-broadband and fixed-telephone bundles",,"count",137,"LSO","Lesotho","5417.0",2024,"","Lesotho Communications Authority","Refers to the number of bundled telecommunication subscriptions including fixed-broadband and fixed-telephone services"
19307,"i4213_2x","Subscriptions to fixed-broadband and fixed-telephone bundles",,"count",138,"LTU","Lithuania","54.0",2012,"","Communications Regulatory Authority of the Republic of Lithuania","Refers to the number of bundled telecommunication subscriptions including fixed-broadband and fixed-telephone services"
19307,"i4213_2x","Subscriptions to fixed-broadband and fixed-telephone bundles",,"count",138,"LTU","Lithuania","4914.0",2013,"","Communications Regulatory Authority of the Republic of Lithuania","Refers to the number of bundled telecommunication subscriptions including fixed-broadband and fixed-telephone services"
19307,"i4213_2x","Subscriptions to fixed-broadband and fixed-telephone bundles",,"count",138,"LTU","Lithuania","39596.0",2014,"","Communications Regulatory Authority of the Republic of Lithuania","Refers to the number of bundled telecommunication subscriptions including fixed-broadband and fixed-telephone services"
19307,"i4213_2x","Subscriptions to fixed-broadband and fixed-telephone bundles",,"count",138,"LTU","Lithuania","57220.0",2015,"","Communications Regulatory Authority of the Republic of Lithuania","Refers to the number of bundled telecommunication subscriptions including fixed-broadband and fixed-telephone services"
19307,"i4213_2x","Subscriptions to fixed-broadband and fixed-telephone bundles",,"count",138,"LTU","Lithuania","62227.0",2016,"","Communications Regulatory Authority of the Republic of Lithuania","Refers to the number of bundled telecommunication subscriptions including fixed-broadband and fixed-telephone services"
19307,"i4213_2x","Subscriptions to fixed-broadband and fixed-telephone bundles",,"count",138,"LTU","Lithuania","51991.0",2017,"","The Communications Regulatory Authority of the Republic of Lithuania","Refers to the number of bundled telecommunication subscriptions including fixed-broadband and fixed-telephone services"
19307,"i4213_2x","Subscriptions to fixed-broadband and fixed-telephone bundles",,"count",138,"LTU","Lithuania","30829.0",2018,"","Communications Regulatory Authority of the Republic of Lithuania (RRT)","Refers to the number of bundled telecommunication subscriptions including fixed-broadband and fixed-telephone services"
19307,"i4213_2x","Subscriptions to fixed-broadband and fixed-telephone bundles",,"count",138,"LTU","Lithuania","11746.0",2019,"","Communications Regulatory Authority of the Republic of Lithuania","Refers to the number of bundled telecommunication subscriptions including fixed-broadband and fixed-telephone services"
19307,"i4213_2x","Subscriptions to fixed-broadband and fixed-telephone bundles",,"count",138,"LTU","Lithuania","6977.0",2020,"","Communications Regulatory Authority of the Republic of Lithuania","Refers to the number of bundled telecommunication subscriptions including fixed-broadband and fixed-telephone services"
19307,"i4213_2x","Subscriptions to fixed-broadband and fixed-telephone bundles",,"count",138,"LTU","Lithuania","5183.0",2021,"","Communications Regulatory Authority of the Republic of Lithuania","Refers to the number of bundled telecommunication subscriptions including fixed-broadband and fixed-telephone services"
19307,"i4213_2x","Subscriptions to fixed-broadband and fixed-telephone bundles",,"count",138,"LTU","Lithuania","3464.0",2022,"","Communications Regulatory Authority of the Republic of Lithuania","Refers to the number of bundled telecommunication subscriptions including fixed-broadband and fixed-telephone services"
19307,"i4213_2x","Subscriptions to fixed-broadband and fixed-telephone bundles",,"count",138,"LTU","Lithuania","3114.0",2023,"","Communications Regulatory Authority of the Republic of Lithuania","Refers to the number of bundled telecommunication subscriptions including fixed-broadband and fixed-telephone services"
19307,"i4213_2x","Subscriptions to fixed-broadband and fixed-telephone bundles",,"count",138,"LTU","Lithuania","2761.0",2024,"data_OK","Communications Regulatory Authority of the Republic of Lithuania","Refers to the number of bundled telecommunication subscriptions including fixed-broadband and fixed-telephone services"
19307,"i4213_2x","Subscriptions to fixed-broadband and fixed-telephone bundles",,"count",139,"LUX","Luxembourg","8600.0",2014,"Bundles are not marketed as single price for a set of services.","Institut Luxembourgeois de Régulation","Refers to the number of bundled telecommunication subscriptions including fixed-broadband and fixed-telephone services"
19307,"i4213_2x","Subscriptions to fixed-broadband and fixed-telephone bundles",,"count",139,"LUX","Luxembourg","8100.0",2015,"Bundles are not necessary marketed as single price for a set of services.","Institut Luxembourgeois de Régulation","Refers to the number of bundled telecommunication subscriptions including fixed-broadband and fixed-telephone services"
19307,"i4213_2x","Subscriptions to fixed-broadband and fixed-telephone bundles",,"count",139,"LUX","Luxembourg","13100.0",2016,"Bundles are not necessary marketed as single price for a set of services.","ILR","Refers to the number of bundled telecommunication subscriptions including fixed-broadband and fixed-telephone services"
19307,"i4213_2x","Subscriptions to fixed-broadband and fixed-telephone bundles",,"count",139,"LUX","Luxembourg","29700.0",2017,"Bundles are not necessary marketed as single price for a set of services.","Institut Luxembourgeois de Régulation","Refers to the number of bundled telecommunication subscriptions including fixed-broadband and fixed-telephone services"
19307,"i4213_2x","Subscriptions to fixed-broadband and fixed-telephone bundles",,"count",139,"LUX","Luxembourg","40190.0",2018,"Bundles are not necessary marketed as single price for a set of services.","Institut luxembourgeois de Régulation","Refers to the number of bundled telecommunication subscriptions including fixed-broadband and fixed-telephone services"
19307,"i4213_2x","Subscriptions to fixed-broadband and fixed-telephone bundles",,"count",139,"LUX","Luxembourg","90825.0",2019,"Bundles are not necessary marketed as single price for a set of services.","Institut Luxembourgeois de Régulation","Refers to the number of bundled telecommunication subscriptions including fixed-broadband and fixed-telephone services"
19307,"i4213_2x","Subscriptions to fixed-broadband and fixed-telephone bundles",,"count",139,"LUX","Luxembourg","96840.0",2020,"Bundles are not necessary marketed as single price for a set of services.","Institut Luxembourgeois de Régulation","Refers to the number of bundled telecommunication subscriptions including fixed-broadband and fixed-telephone services"
19307,"i4213_2x","Subscriptions to fixed-broadband and fixed-telephone bundles",,"count",139,"LUX","Luxembourg","98052.0",2021,"Bundles are not necessary marketed as single price for a set of services.","Institut Luxembourgeois de Régulation","Refers to the number of bundled telecommunication subscriptions including fixed-broadband and fixed-telephone services"
19307,"i4213_2x","Subscriptions to fixed-broadband and fixed-telephone bundles",,"count",139,"LUX","Luxembourg","107592.0",2022,"Bundles are not necessary marketed as single price for a set of services.","Institut Luxembourgeois de Régulation","Refers to the number of bundled telecommunication subscriptions including fixed-broadband and fixed-telephone services"
19307,"i4213_2x","Subscriptions to fixed-broadband and fixed-telephone bundles",,"count",140,"LVA","Latvia","131000.0",2012,"Source - Public Utilities Commission","Ministry of Transport","Refers to the number of bundled telecommunication subscriptions including fixed-broadband and fixed-telephone services"
19307,"i4213_2x","Subscriptions to fixed-broadband and fixed-telephone bundles",,"count",140,"LVA","Latvia","91000.0",2013,"Source - Public Utilities Commission","Ministry of Transport","Refers to the number of bundled telecommunication subscriptions including fixed-broadband and fixed-telephone services"
19307,"i4213_2x","Subscriptions to fixed-broadband and fixed-telephone bundles",,"count",140,"LVA","Latvia","81000.0",2014,"Source - Public Utilities Commission","Ministry of Transport","Refers to the number of bundled telecommunication subscriptions including fixed-broadband and fixed-telephone services"
19307,"i4213_2x","Subscriptions to fixed-broadband and fixed-telephone bundles",,"count",140,"LVA","Latvia","64000.0",2015,"Source - Public Utilities Commission","Ministry of Transport, Department of Communications","Refers to the number of bundled telecommunication subscriptions including fixed-broadband and fixed-telephone services"
19307,"i4213_2x","Subscriptions to fixed-broadband and fixed-telephone bundles",,"count",140,"LVA","Latvia","10900.0",2016,"Source - Public Utilities Commission","Ministry of Transport of the Republic of Latvia","Refers to the number of bundled telecommunication subscriptions including fixed-broadband and fixed-telephone services"
19307,"i4213_2x","Subscriptions to fixed-broadband and fixed-telephone bundles",,"count",140,"LVA","Latvia","1469.0",2017,"Source - Public Utilities Commission","Ministry of Transport of the Republic of Latvia","Refers to the number of bundled telecommunication subscriptions including fixed-broadband and fixed-telephone services"
19307,"i4213_2x","Subscriptions to fixed-broadband and fixed-telephone bundles",,"count",140,"LVA","Latvia","1472.0",2019,"","Ministry of Transport, Department of Communications","Refers to the number of bundled telecommunication subscriptions including fixed-broadband and fixed-telephone services"
19307,"i4213_2x","Subscriptions to fixed-broadband and fixed-telephone bundles",,"count",140,"LVA","Latvia","1341.0",2020,"","Ministry of Transport, Department of Communications","Refers to the number of bundled telecommunication subscriptions including fixed-broadband and fixed-telephone services"
19307,"i4213_2x","Subscriptions to fixed-broadband and fixed-telephone bundles",,"count",140,"LVA","Latvia","1329.0",2021,"","Ministry of Transport, Department of Communications","Refers to the number of bundled telecommunication subscriptions including fixed-broadband and fixed-telephone services"
19307,"i4213_2x","Subscriptions to fixed-broadband and fixed-telephone bundles",,"count",140,"LVA","Latvia","1413.0",2022,"","Ministry of Transport, Department of Communications","Refers to the number of bundled telecommunication subscriptions including fixed-broadband and fixed-telephone services"
19307,"i4213_2x","Subscriptions to fixed-broadband and fixed-telephone bundles",,"count",140,"LVA","Latvia","1383.0",2023,"","Ministry of Transport, Department of Communications","Refers to the number of bundled telecommunication subscriptions including fixed-broadband and fixed-telephone services"
19307,"i4213_2x","Subscriptions to fixed-broadband and fixed-telephone bundles",,"count",140,"LVA","Latvia","1276.0",2024,"","Ministry of Transport, Department of Communications","Refers to the number of bundled telecommunication subscriptions including fixed-broadband and fixed-telephone services"
19307,"i4213_2x","Subscriptions to fixed-broadband and fixed-telephone bundles",,"count",142,"MUS","Mauritius","237800.0",2017,"Information and Communication Technologies Authority of Mauritius","Information and Communication Technologies Authority","Refers to the number of bundled telecommunication subscriptions including fixed-broadband and fixed-telephone services"
19307,"i4213_2x","Subscriptions to fixed-broadband and fixed-telephone bundles",,"count",142,"MUS","Mauritius","126700.0",2021,"Information and Communication Technologies Authority of Mauritius","Information and Communication Technologies Authority of Mauritius","Refers to the number of bundled telecommunication subscriptions including fixed-broadband and fixed-telephone services"
19307,"i4213_2x","Subscriptions to fixed-broadband and fixed-telephone bundles",,"count",142,"MUS","Mauritius","237200.0",2022,"Information and Communication Technologies Authority of Mauritius","Information and Communication Technologies Authority of Mauritius","Refers to the number of bundled telecommunication subscriptions including fixed-broadband and fixed-telephone services"
19307,"i4213_2x","Subscriptions to fixed-broadband and fixed-telephone bundles",,"count",142,"MUS","Mauritius","239000.0",2023,"Information and Communication Technologies Authority of Mauritius","Information and Communication Technologies Authority of Mauritius","Refers to the number of bundled telecommunication subscriptions including fixed-broadband and fixed-telephone services"
19307,"i4213_2x","Subscriptions to fixed-broadband and fixed-telephone bundles",,"count",142,"MUS","Mauritius","236300.0",2024,"Information and Communication Technologies Authority of Mauritius","Information and Communication Technologies Authority of Mauritius","Refers to the number of bundled telecommunication subscriptions including fixed-broadband and fixed-telephone services"
19307,"i4213_2x","Subscriptions to fixed-broadband and fixed-telephone bundles",,"count",143,"MCO","Monaco","5590.0",2015,"","Direction des Communications Electroniques","Refers to the number of bundled telecommunication subscriptions including fixed-broadband and fixed-telephone services"
19307,"i4213_2x","Subscriptions to fixed-broadband and fixed-telephone bundles",,"count",143,"MCO","Monaco","7059.0",2016,"","Direction du Développement des Usages Numériques","Refers to the number of bundled telecommunication subscriptions including fixed-broadband and fixed-telephone services"
19307,"i4213_2x","Subscriptions to fixed-broadband and fixed-telephone bundles",,"count",143,"MCO","Monaco","2987.0",2017,"","Direction des Plateformes et des Ressources Numériques","Refers to the number of bundled telecommunication subscriptions including fixed-broadband and fixed-telephone services"
19307,"i4213_2x","Subscriptions to fixed-broadband and fixed-telephone bundles",,"count",143,"MCO","Monaco","2883.0",2018,"","Gouvernement de Monaco","Refers to the number of bundled telecommunication subscriptions including fixed-broadband and fixed-telephone services"
19307,"i4213_2x","Subscriptions to fixed-broadband and fixed-telephone bundles",,"count",143,"MCO","Monaco","3339.0",2019,"","Direction du Développement des Usages Numériques","Refers to the number of bundled telecommunication subscriptions including fixed-broadband and fixed-telephone services"
19307,"i4213_2x","Subscriptions to fixed-broadband and fixed-telephone bundles",,"count",143,"MCO","Monaco","4085.0",2021,"Corrected previous value (7604)","Direction des Plateformes et des Ressources Numériques","Refers to the number of bundled telecommunication subscriptions including fixed-broadband and fixed-telephone services"
19307,"i4213_2x","Subscriptions to fixed-broadband and fixed-telephone bundles",,"count",143,"MCO","Monaco","3353.0",2022,"","Direction des Plateformes et des Ressources Numériques","Refers to the number of bundled telecommunication subscriptions including fixed-broadband and fixed-telephone services"
19307,"i4213_2x","Subscriptions to fixed-broadband and fixed-telephone bundles",,"count",143,"MCO","Monaco","2393.0",2023,"","Direction des Plateformes et des Ressources Numériques","Refers to the number of bundled telecommunication subscriptions including fixed-broadband and fixed-telephone services"
19307,"i4213_2x","Subscriptions to fixed-broadband and fixed-telephone bundles",,"count",143,"MCO","Monaco","5069.0",2024,"Ecart dû à l'extinction du réseau cuivre au 31/12/2024 et les migrations (vers réseau fibre, notamment en offres double et triple play) liées.","Direction des Plateformes et des Ressources Numériques","Refers to the number of bundled telecommunication subscriptions including fixed-broadband and fixed-telephone services"
19307,"i4213_2x","Subscriptions to fixed-broadband and fixed-telephone bundles",,"count",144,"MDG","Madagascar","847.0",2016,"","Autorité de Régulation des Technologies de Communication","Refers to the number of bundled telecommunication subscriptions including fixed-broadband and fixed-telephone services"
19307,"i4213_2x","Subscriptions to fixed-broadband and fixed-telephone bundles",,"count",144,"MDG","Madagascar","730.0",2017,"","Autorité de Régulation des Technologies de Communication","Refers to the number of bundled telecommunication subscriptions including fixed-broadband and fixed-telephone services"
19307,"i4213_2x","Subscriptions to fixed-broadband and fixed-telephone bundles",,"count",144,"MDG","Madagascar","15277.0",2021,"","Autorité de Régulation des Technologies de Communication","Refers to the number of bundled telecommunication subscriptions including fixed-broadband and fixed-telephone services"
19307,"i4213_2x","Subscriptions to fixed-broadband and fixed-telephone bundles",,"count",144,"MDG","Madagascar","14351.0",2022,"","Autorité de Régulation des Technologies de Communication","Refers to the number of bundled telecommunication subscriptions including fixed-broadband and fixed-telephone services"
19307,"i4213_2x","Subscriptions to fixed-broadband and fixed-telephone bundles",,"count",147,"MEX","Mexico","1.0755318E7",2019,"Information as of December 2019.","Instituto Federal de Telecomunicaciones de México","Refers to the number of bundled telecommunication subscriptions including fixed-broadband and fixed-telephone services"
19307,"i4213_2x","Subscriptions to fixed-broadband and fixed-telephone bundles",,"count",147,"MEX","Mexico","1.1481565E7",2020,"Information as of December 2020.","Instituto Federal de Telecomunicaciones de México","Refers to the number of bundled telecommunication subscriptions including fixed-broadband and fixed-telephone services"
19307,"i4213_2x","Subscriptions to fixed-broadband and fixed-telephone bundles",,"count",147,"MEX","Mexico","1.1905066E7",2021,"Information as of December 2021.","Instituto Federal de Telecomunicaciones de México","Refers to the number of bundled telecommunication subscriptions including fixed-broadband and fixed-telephone services"
19307,"i4213_2x","Subscriptions to fixed-broadband and fixed-telephone bundles",,"count",147,"MEX","Mexico","1.2218477E7",2022,"Information as of December 2022.","Instituto Federal de Telecomunicaciones de México","Refers to the number of bundled telecommunication subscriptions including fixed-broadband and fixed-telephone services"
19307,"i4213_2x","Subscriptions to fixed-broadband and fixed-telephone bundles",,"count",147,"MEX","Mexico","1.318931E7",2023,"Information as of December 2023","Instituto Federal de Telecomunicaciones de México","Refers to the number of bundled telecommunication subscriptions including fixed-broadband and fixed-telephone services"
19307,"i4213_2x","Subscriptions to fixed-broadband and fixed-telephone bundles",,"count",147,"MEX","Mexico","1.4372448E7",2024,"Information as of September 2024","Instituto Federal de Telecomunicaciones de México","Refers to the number of bundled telecommunication subscriptions including fixed-broadband and fixed-telephone services"
19307,"i4213_2x","Subscriptions to fixed-broadband and fixed-telephone bundles",,"count",148,"MYS","Malaysia","803300.0",2014,"","Malaysian Communications and Multimedia Commission","Refers to the number of bundled telecommunication subscriptions including fixed-broadband and fixed-telephone services"
19307,"i4213_2x","Subscriptions to fixed-broadband and fixed-telephone bundles",,"count",148,"MYS","Malaysia","828300.0",2015,"","Malaysian Communications and Multimedia Commission","Refers to the number of bundled telecommunication subscriptions including fixed-broadband and fixed-telephone services"
19307,"i4213_2x","Subscriptions to fixed-broadband and fixed-telephone bundles",,"count",148,"MYS","Malaysia","979700.0",2016,"Revised figures from 980'000 reported in ITU Long Questionnaire 2018##","Malaysian Communications and Multimedia Malaysia","Refers to the number of bundled telecommunication subscriptions including fixed-broadband and fixed-telephone services"
19307,"i4213_2x","Subscriptions to fixed-broadband and fixed-telephone bundles",,"count",148,"MYS","Malaysia","1000800.0",2017,"Revised figures from 929'900 reported in ITU Long Questionnaire 2018##Declined due to migration to triple play packages","Malaysian Communications and Multimedia Commission","Refers to the number of bundled telecommunication subscriptions including fixed-broadband and fixed-telephone services"
19307,"i4213_2x","Subscriptions to fixed-broadband and fixed-telephone bundles",,"count",148,"MYS","Malaysia","913100.0",2018,"","Malaysian Communications and Multimedia Commission","Refers to the number of bundled telecommunication subscriptions including fixed-broadband and fixed-telephone services"
19307,"i4213_2x","Subscriptions to fixed-broadband and fixed-telephone bundles",,"count",148,"MYS","Malaysia","672900.0",2019,"Revised figure from 677'900 as reported in ITU Long Questionnaire 2021","Malaysian Communications and Multimedia Commission","Refers to the number of bundled telecommunication subscriptions including fixed-broadband and fixed-telephone services"
19307,"i4213_2x","Subscriptions to fixed-broadband and fixed-telephone bundles",,"count",148,"MYS","Malaysia","783300.0",2020,"Revised figure from 792'400 as reported in ITU Long Questionnaire 2021","Malaysian Communications and Multimedia Commission","Refers to the number of bundled telecommunication subscriptions including fixed-broadband and fixed-telephone services"
19307,"i4213_2x","Subscriptions to fixed-broadband and fixed-telephone bundles",,"count",148,"MYS","Malaysia","2361600.0",2021,"","Malaysian Communications and Multimedia Commission","Refers to the number of bundled telecommunication subscriptions including fixed-broadband and fixed-telephone services"
19307,"i4213_2x","Subscriptions to fixed-broadband and fixed-telephone bundles",,"count",148,"MYS","Malaysia","3031700.0",2022,"Revised figure from 3,031,500 as reported in ITU Long Que 2023 due to revision by service provider.","Malaysian Communications and Multimedia Commission","Refers to the number of bundled telecommunication subscriptions including fixed-broadband and fixed-telephone services"
19307,"i4213_2x","Subscriptions to fixed-broadband and fixed-telephone bundles",,"count",148,"MYS","Malaysia","3310500.0",2023,"Revised figure from 3,310,400 as reported in ITU Long Que 2024 due to revision by service provider.","Malaysian Communications and Multimedia Commission","Refers to the number of bundled telecommunication subscriptions including fixed-broadband and fixed-telephone services"
19307,"i4213_2x","Subscriptions to fixed-broadband and fixed-telephone bundles",,"count",148,"MYS","Malaysia","3463100.0",2024,"Increased in subscriptions due to more service providers offered bundled packages with VoIP when consumers subscribed to fixed-broadband.","Malaysian Communications and Multimedia Commission","Refers to the number of bundled telecommunication subscriptions including fixed-broadband and fixed-telephone services"
19307,"i4213_2x","Subscriptions to fixed-broadband and fixed-telephone bundles",,"count",150,"MLI","Mali","0.0",2016,"Non disponible","Autorité malienne de régulation des télécommunications/TIC et Postes","Refers to the number of bundled telecommunication subscriptions including fixed-broadband and fixed-telephone services"
19307,"i4213_2x","Subscriptions to fixed-broadband and fixed-telephone bundles",,"count",150,"MLI","Mali","0.0",2017,"Non disponible","Autorité Malienne de Régulation des Télécommunication/TIC et Postes (AMRTP)","Refers to the number of bundled telecommunication subscriptions including fixed-broadband and fixed-telephone services"
19307,"i4213_2x","Subscriptions to fixed-broadband and fixed-telephone bundles",,"count",150,"MLI","Mali","35000.0",2018,"Non disponible","Autorité Malienne de Régulation des Télécommunications/TIC et des Postes (AMRTP)","Refers to the number of bundled telecommunication subscriptions including fixed-broadband and fixed-telephone services"
19307,"i4213_2x","Subscriptions to fixed-broadband and fixed-telephone bundles",,"count",150,"MLI","Mali","20000.0",2019,"Donnée non disponible","Autorité Malienne de Régulation des Télécommunications/TIC et Postes (AMRTP)","Refers to the number of bundled telecommunication subscriptions including fixed-broadband and fixed-telephone services"
19307,"i4213_2x","Subscriptions to fixed-broadband and fixed-telephone bundles",,"count",150,"MLI","Mali","15000.0",2020,"","Autorité Malienne de Régulation des Télécommunications/TIC et Postes (AMRTP)","Refers to the number of bundled telecommunication subscriptions including fixed-broadband and fixed-telephone services"
19307,"i4213_2x","Subscriptions to fixed-broadband and fixed-telephone bundles",,"count",151,"MLT","Malta","9653.0",2012,"","Malta Communications Authority","Refers to the number of bundled telecommunication subscriptions including fixed-broadband and fixed-telephone services"
19307,"i4213_2x","Subscriptions to fixed-broadband and fixed-telephone bundles",,"count",151,"MLT","Malta","11349.0",2013,"","Malta Communications Authority","Refers to the number of bundled telecommunication subscriptions including fixed-broadband and fixed-telephone services"
19307,"i4213_2x","Subscriptions to fixed-broadband and fixed-telephone bundles",,"count",151,"MLT","Malta","29890.0",2014,"","Malta Communications Authority","Refers to the number of bundled telecommunication subscriptions including fixed-broadband and fixed-telephone services"
19307,"i4213_2x","Subscriptions to fixed-broadband and fixed-telephone bundles",,"count",151,"MLT","Malta","44179.0",2015,"","Malta Communications Authority","Refers to the number of bundled telecommunication subscriptions including fixed-broadband and fixed-telephone services"
19307,"i4213_2x","Subscriptions to fixed-broadband and fixed-telephone bundles",,"count",151,"MLT","Malta","54413.0",2016,"","Malta Communications Authority","Refers to the number of bundled telecommunication subscriptions including fixed-broadband and fixed-telephone services"
19307,"i4213_2x","Subscriptions to fixed-broadband and fixed-telephone bundles",,"count",151,"MLT","Malta","55793.0",2017,"","Malta Communications Authority","Refers to the number of bundled telecommunication subscriptions including fixed-broadband and fixed-telephone services"
19307,"i4213_2x","Subscriptions to fixed-broadband and fixed-telephone bundles",,"count",151,"MLT","Malta","55306.0",2018,"","Malta Communications Authority","Refers to the number of bundled telecommunication subscriptions including fixed-broadband and fixed-telephone services"
19307,"i4213_2x","Subscriptions to fixed-broadband and fixed-telephone bundles",,"count",151,"MLT","Malta","55691.0",2019,"","Malta Communications Authority","Refers to the number of bundled telecommunication subscriptions including fixed-broadband and fixed-telephone services"
19307,"i4213_2x","Subscriptions to fixed-broadband and fixed-telephone bundles",,"count",151,"MLT","Malta","61280.0",2020,"","Malta Communications Authority","Refers to the number of bundled telecommunication subscriptions including fixed-broadband and fixed-telephone services"
19307,"i4213_2x","Subscriptions to fixed-broadband and fixed-telephone bundles",,"count",151,"MLT","Malta","67511.0",2021,"","Malta Communications Authority","Refers to the number of bundled telecommunication subscriptions including fixed-broadband and fixed-telephone services"
19307,"i4213_2x","Subscriptions to fixed-broadband and fixed-telephone bundles",,"count",151,"MLT","Malta","64418.0",2022,"","Malta Communications Authority","Refers to the number of bundled telecommunication subscriptions including fixed-broadband and fixed-telephone services"
19307,"i4213_2x","Subscriptions to fixed-broadband and fixed-telephone bundles",,"count",151,"MLT","Malta","63238.0",2023,"","Malta Communications Authority","Refers to the number of bundled telecommunication subscriptions including fixed-broadband and fixed-telephone services"
19307,"i4213_2x","Subscriptions to fixed-broadband and fixed-telephone bundles",,"count",151,"MLT","Malta","59987.0",2024,"","Malta Communications Authority","Refers to the number of bundled telecommunication subscriptions including fixed-broadband and fixed-telephone services"
19307,"i4213_2x","Subscriptions to fixed-broadband and fixed-telephone bundles",,"count",152,"MNG","Mongolia","2413.0",2018,"","Communications Regulatory Commision of Mongolia","Refers to the number of bundled telecommunication subscriptions including fixed-broadband and fixed-telephone services"
19307,"i4213_2x","Subscriptions to fixed-broadband and fixed-telephone bundles",,"count",152,"MNG","Mongolia","6555.0",2019,"","Communications Regulatory Commission of Mongolia ","Refers to the number of bundled telecommunication subscriptions including fixed-broadband and fixed-telephone services"
19307,"i4213_2x","Subscriptions to fixed-broadband and fixed-telephone bundles",,"count",152,"MNG","Mongolia","6106.0",2020,"","Communications Regulatory Commission of Mongolia ","Refers to the number of bundled telecommunication subscriptions including fixed-broadband and fixed-telephone services"
19307,"i4213_2x","Subscriptions to fixed-broadband and fixed-telephone bundles",,"count",152,"MNG","Mongolia","12646.0",2021,"","Communications Regulatory Commission of Mongolia","Refers to the number of bundled telecommunication subscriptions including fixed-broadband and fixed-telephone services"
19307,"i4213_2x","Subscriptions to fixed-broadband and fixed-telephone bundles",,"count",152,"MNG","Mongolia","17717.0",2022,"","Communications Regulatory Commission of Mongolia","Refers to the number of bundled telecommunication subscriptions including fixed-broadband and fixed-telephone services"
19307,"i4213_2x","Subscriptions to fixed-broadband and fixed-telephone bundles",,"count",152,"MNG","Mongolia","18596.0",2023,"","Communications Regulatory Commission of Mongolia","Refers to the number of bundled telecommunication subscriptions including fixed-broadband and fixed-telephone services"
19307,"i4213_2x","Subscriptions to fixed-broadband and fixed-telephone bundles",,"count",152,"MNG","Mongolia","16501.0",2024,"","Communications Regulatory Commission of Mongolia","Refers to the number of bundled telecommunication subscriptions including fixed-broadband and fixed-telephone services"
19307,"i4213_2x","Subscriptions to fixed-broadband and fixed-telephone bundles",,"count",153,"MOZ","Mozambique","9383.0",2015,"","Instituto Nacional das Comunicaçőes de Moçambique","Refers to the number of bundled telecommunication subscriptions including fixed-broadband and fixed-telephone services"
19307,"i4213_2x","Subscriptions to fixed-broadband and fixed-telephone bundles",,"count",153,"MOZ","Mozambique","9383.0",2016,"","ARECOM","Refers to the number of bundled telecommunication subscriptions including fixed-broadband and fixed-telephone services"
19307,"i4213_2x","Subscriptions to fixed-broadband and fixed-telephone bundles",,"count",153,"MOZ","Mozambique","11824.0",2017,"ADSL subscriptions","INCM","Refers to the number of bundled telecommunication subscriptions including fixed-broadband and fixed-telephone services"
19307,"i4213_2x","Subscriptions to fixed-broadband and fixed-telephone bundles",,"count",153,"MOZ","Mozambique","11274.0",2018,"","INCM - Communication Regulator Authority","Refers to the number of bundled telecommunication subscriptions including fixed-broadband and fixed-telephone services"
19307,"i4213_2x","Subscriptions to fixed-broadband and fixed-telephone bundles",,"count",153,"MOZ","Mozambique","7310.0",2019,"","INCM - Communication Regulator Authority","Refers to the number of bundled telecommunication subscriptions including fixed-broadband and fixed-telephone services"
19307,"i4213_2x","Subscriptions to fixed-broadband and fixed-telephone bundles",,"count",153,"MOZ","Mozambique","7514.0",2020,"","INCM - Communication Regulator Authority","Refers to the number of bundled telecommunication subscriptions including fixed-broadband and fixed-telephone services"
19307,"i4213_2x","Subscriptions to fixed-broadband and fixed-telephone bundles",,"count",153,"MOZ","Mozambique","7250.0",2021,"","Autoridade Reguladora das Comunicações de Moçambique","Refers to the number of bundled telecommunication subscriptions including fixed-broadband and fixed-telephone services"
19307,"i4213_2x","Subscriptions to fixed-broadband and fixed-telephone bundles",,"count",153,"MOZ","Mozambique","7110.0",2022,"","Autoridade Reguladora das Comunicações de Moçambique","Refers to the number of bundled telecommunication subscriptions including fixed-broadband and fixed-telephone services"
19307,"i4213_2x","Subscriptions to fixed-broadband and fixed-telephone bundles",,"count",153,"MOZ","Mozambique","5694.0",2023,"","Autoridade Reguladora das Comunicações de Moçambique","Refers to the number of bundled telecommunication subscriptions including fixed-broadband and fixed-telephone services"
19307,"i4213_2x","Subscriptions to fixed-broadband and fixed-telephone bundles",,"count",153,"MOZ","Mozambique","4317.0",2024,"","Autoridade Reguladora das Comunicações de Moçambique","Refers to the number of bundled telecommunication subscriptions including fixed-broadband and fixed-telephone services"
19307,"i4213_2x","Subscriptions to fixed-broadband and fixed-telephone bundles",,"count",155,"MAR","Morocco","405918.0",2014,"","Agence Nationale de Réglementation des Télécommunications","Refers to the number of bundled telecommunication subscriptions including fixed-broadband and fixed-telephone services"
19307,"i4213_2x","Subscriptions to fixed-broadband and fixed-telephone bundles",,"count",155,"MAR","Morocco","569582.0",2015,"","Agence Nationale de Réglementation des Télécommunications","Refers to the number of bundled telecommunication subscriptions including fixed-broadband and fixed-telephone services"
19307,"i4213_2x","Subscriptions to fixed-broadband and fixed-telephone bundles",,"count",155,"MAR","Morocco","691790.0",2016,"","ANRT","Refers to the number of bundled telecommunication subscriptions including fixed-broadband and fixed-telephone services"
19307,"i4213_2x","Subscriptions to fixed-broadband and fixed-telephone bundles",,"count",155,"MAR","Morocco","844362.0",2017,"","ANRT","Refers to the number of bundled telecommunication subscriptions including fixed-broadband and fixed-telephone services"
19307,"i4213_2x","Subscriptions to fixed-broadband and fixed-telephone bundles",,"count",155,"MAR","Morocco","1143142.0",2018,"","ANRT","Refers to the number of bundled telecommunication subscriptions including fixed-broadband and fixed-telephone services"
19307,"i4213_2x","Subscriptions to fixed-broadband and fixed-telephone bundles",,"count",155,"MAR","Morocco","1287498.0",2019,"","Agence Nationale de Réglementation des Télécommunications","Refers to the number of bundled telecommunication subscriptions including fixed-broadband and fixed-telephone services"
19307,"i4213_2x","Subscriptions to fixed-broadband and fixed-telephone bundles",,"count",155,"MAR","Morocco","1642171.0",2020,"","Agence Nationale de Réglementation des Télécommunications","Refers to the number of bundled telecommunication subscriptions including fixed-broadband and fixed-telephone services"
19307,"i4213_2x","Subscriptions to fixed-broadband and fixed-telephone bundles",,"count",155,"MAR","Morocco","1704673.0",2021,"","Agence Nationale de Réglementation des Télécommunications","Refers to the number of bundled telecommunication subscriptions including fixed-broadband and fixed-telephone services"
19307,"i4213_2x","Subscriptions to fixed-broadband and fixed-telephone bundles",,"count",155,"MAR","Morocco","1695172.0",2022,"","Agence Nationale de Réglementation des Télécommunications","Refers to the number of bundled telecommunication subscriptions including fixed-broadband and fixed-telephone services"
19307,"i4213_2x","Subscriptions to fixed-broadband and fixed-telephone bundles",,"count",155,"MAR","Morocco","1630496.0",2023,"","Agence Nationale de Réglementation des Télécommunications","Refers to the number of bundled telecommunication subscriptions including fixed-broadband and fixed-telephone services"
19307,"i4213_2x","Subscriptions to fixed-broadband and fixed-telephone bundles",,"count",155,"MAR","Morocco","1585295.0",2024,"","Agence Nationale de Règlementation des Télécommunications","Refers to the number of bundled telecommunication subscriptions including fixed-broadband and fixed-telephone services"
19307,"i4213_2x","Subscriptions to fixed-broadband and fixed-telephone bundles",,"count",161,"MWI","Malawi","22.0",2015,"","Malawi Communications Regulatory Authority","Refers to the number of bundled telecommunication subscriptions including fixed-broadband and fixed-telephone services"
19307,"i4213_2x","Subscriptions to fixed-broadband and fixed-telephone bundles",,"count",161,"MWI","Malawi","2050.0",2016,"","Malawi communications regulatory authority","Refers to the number of bundled telecommunication subscriptions including fixed-broadband and fixed-telephone services"
19307,"i4213_2x","Subscriptions to fixed-broadband and fixed-telephone bundles",,"count",163,"NIC","Nicaragua","14119.0",2024,"Datos a diciembre 2024. Se está fortaleciendo el proceso de recolección de información.","Instituto Nicaraguense de Telecomunicaciones y Correos","Refers to the number of bundled telecommunication subscriptions including fixed-broadband and fixed-telephone services"
19307,"i4213_2x","Subscriptions to fixed-broadband and fixed-telephone bundles",,"count",166,"NER","Niger","0.0",2017,"","MPT-EN","Refers to the number of bundled telecommunication subscriptions including fixed-broadband and fixed-telephone services"
19307,"i4213_2x","Subscriptions to fixed-broadband and fixed-telephone bundles",,"count",169,"NAM","Namibia","0.0",2021,"","Communications Regulatory Authority of Namibia","Refers to the number of bundled telecommunication subscriptions including fixed-broadband and fixed-telephone services"
19307,"i4213_2x","Subscriptions to fixed-broadband and fixed-telephone bundles",,"count",169,"NAM","Namibia","0.0",2022,"","Communications Regulatory Authority of Namibia","Refers to the number of bundled telecommunication subscriptions including fixed-broadband and fixed-telephone services"
19307,"i4213_2x","Subscriptions to fixed-broadband and fixed-telephone bundles",,"count",169,"NAM","Namibia","0.0",2023,"","Communications Regulatory Authority of Namibia","Refers to the number of bundled telecommunication subscriptions including fixed-broadband and fixed-telephone services"
19307,"i4213_2x","Subscriptions to fixed-broadband and fixed-telephone bundles",,"count",169,"NAM","Namibia","0.0",2024,"","Communications Regulatory Authority of Namibia","Refers to the number of bundled telecommunication subscriptions including fixed-broadband and fixed-telephone services"
19307,"i4213_2x","Subscriptions to fixed-broadband and fixed-telephone bundles",,"count",171,"NPL","Nepal (Republic of)","135064.0",2014,"All ADSL subscriptions.","Nepal Telecommunications Authority","Refers to the number of bundled telecommunication subscriptions including fixed-broadband and fixed-telephone services"
19307,"i4213_2x","Subscriptions to fixed-broadband and fixed-telephone bundles",,"count",171,"NPL","Nepal (Republic of)","167363.0",2015,"All ADSL subscriptions. NTA MIS December 2015","Nepal Telecommunications Authority","Refers to the number of bundled telecommunication subscriptions including fixed-broadband and fixed-telephone services"
19307,"i4213_2x","Subscriptions to fixed-broadband and fixed-telephone bundles",,"count",173,"NZL","New Zealand","1100000.0",2014,"Estimate only","Ministry of Business, Innovation and Employment","Refers to the number of bundled telecommunication subscriptions including fixed-broadband and fixed-telephone services"
19307,"i4213_2x","Subscriptions to fixed-broadband and fixed-telephone bundles",,"count",173,"NZL","New Zealand","1000000.0",2015,"Estimate","Ministry of Business, Innovation and Employment","Refers to the number of bundled telecommunication subscriptions including fixed-broadband and fixed-telephone services"
19307,"i4213_2x","Subscriptions to fixed-broadband and fixed-telephone bundles",,"count",173,"NZL","New Zealand","1100000.0",2016,"","Ministry of Business, Innovation and Employment","Refers to the number of bundled telecommunication subscriptions including fixed-broadband and fixed-telephone services"
19307,"i4213_2x","Subscriptions to fixed-broadband and fixed-telephone bundles",,"count",173,"NZL","New Zealand","1000000.0",2017,"Estimated from residential bundles and business bundles","Ministry of Business, Innovation and Employment","Refers to the number of bundled telecommunication subscriptions including fixed-broadband and fixed-telephone services"
19307,"i4213_2x","Subscriptions to fixed-broadband and fixed-telephone bundles",,"count",175,"PYF","French Polynesia","0.0",2014,"","Service des Postes et Télécommunications","Refers to the number of bundled telecommunication subscriptions including fixed-broadband and fixed-telephone services"
19307,"i4213_2x","Subscriptions to fixed-broadband and fixed-telephone bundles",,"count",175,"PYF","French Polynesia","20931.0",2016,"","Direction Générale de l'Economie Numérique","Refers to the number of bundled telecommunication subscriptions including fixed-broadband and fixed-telephone services"
19307,"i4213_2x","Subscriptions to fixed-broadband and fixed-telephone bundles",,"count",175,"PYF","French Polynesia","26354.0",2017,"","Direction Générale de l'Economie Numérique","Refers to the number of bundled telecommunication subscriptions including fixed-broadband and fixed-telephone services"
19307,"i4213_2x","Subscriptions to fixed-broadband and fixed-telephone bundles",,"count",175,"PYF","French Polynesia","28220.0",2018,"","Direction Générale de l'Economie Numérique","Refers to the number of bundled telecommunication subscriptions including fixed-broadband and fixed-telephone services"
19307,"i4213_2x","Subscriptions to fixed-broadband and fixed-telephone bundles",,"count",175,"PYF","French Polynesia","32080.0",2023,"","Direction générale de l'économie numérique (DGEN)","Refers to the number of bundled telecommunication subscriptions including fixed-broadband and fixed-telephone services"
19307,"i4213_2x","Subscriptions to fixed-broadband and fixed-telephone bundles",,"count",176,"OMN","Oman","361708.0",2012,"","Telecommunication Regulatory Authority","Refers to the number of bundled telecommunication subscriptions including fixed-broadband and fixed-telephone services"
19307,"i4213_2x","Subscriptions to fixed-broadband and fixed-telephone bundles",,"count",176,"OMN","Oman","535915.0",2013,"","Telecommunication Regulatory Authority","Refers to the number of bundled telecommunication subscriptions including fixed-broadband and fixed-telephone services"
19307,"i4213_2x","Subscriptions to fixed-broadband and fixed-telephone bundles",,"count",176,"OMN","Oman","594608.0",2014,"","Telecommunication Regulatory Authority","Refers to the number of bundled telecommunication subscriptions including fixed-broadband and fixed-telephone services"
19307,"i4213_2x","Subscriptions to fixed-broadband and fixed-telephone bundles",,"count",176,"OMN","Oman","523063.0",2015,"","Telecommunication Regulatory Authority","Refers to the number of bundled telecommunication subscriptions including fixed-broadband and fixed-telephone services"
19307,"i4213_2x","Subscriptions to fixed-broadband and fixed-telephone bundles",,"count",176,"OMN","Oman","823334.0",2016,"","Telecommunication Regulatory Authority","Refers to the number of bundled telecommunication subscriptions including fixed-broadband and fixed-telephone services"
19307,"i4213_2x","Subscriptions to fixed-broadband and fixed-telephone bundles",,"count",176,"OMN","Oman","196770.0",2017,"","Telecommunication Regulatory Authority","Refers to the number of bundled telecommunication subscriptions including fixed-broadband and fixed-telephone services"
19307,"i4213_2x","Subscriptions to fixed-broadband and fixed-telephone bundles",,"count",176,"OMN","Oman","366120.0",2018,"","Telecommunication Regulatory Authority","Refers to the number of bundled telecommunication subscriptions including fixed-broadband and fixed-telephone services"
19307,"i4213_2x","Subscriptions to fixed-broadband and fixed-telephone bundles",,"count",176,"OMN","Oman","451504.0",2019,"","Telecommunication Regulatory Authority","Refers to the number of bundled telecommunication subscriptions including fixed-broadband and fixed-telephone services"
19307,"i4213_2x","Subscriptions to fixed-broadband and fixed-telephone bundles",,"count",176,"OMN","Oman","366120.0",2020,"","Telecommunication Regulatory Authority","Refers to the number of bundled telecommunication subscriptions including fixed-broadband and fixed-telephone services"
19307,"i4213_2x","Subscriptions to fixed-broadband and fixed-telephone bundles",,"count",176,"OMN","Oman","379468.0",2022,"","Telecommunication Regulatory Authority","Refers to the number of bundled telecommunication subscriptions including fixed-broadband and fixed-telephone services"
19307,"i4213_2x","Subscriptions to fixed-broadband and fixed-telephone bundles",,"count",176,"OMN","Oman","354252.0",2023,"","Telecommunication Regulatory Authority","Refers to the number of bundled telecommunication subscriptions including fixed-broadband and fixed-telephone services"
19307,"i4213_2x","Subscriptions to fixed-broadband and fixed-telephone bundles",,"count",176,"OMN","Oman","349319.0",2024,"","Telecommunication Regulatory Authority","Refers to the number of bundled telecommunication subscriptions including fixed-broadband and fixed-telephone services"
19307,"i4213_2x","Subscriptions to fixed-broadband and fixed-telephone bundles",,"count",182,"PAK","Pakistan","904548.0",2012,"Figures are as on 31st December, 2014 based##on data received from Fixed Line and Broadband Operators","","Refers to the number of bundled telecommunication subscriptions including fixed-broadband and fixed-telephone services"
19307,"i4213_2x","Subscriptions to fixed-broadband and fixed-telephone bundles",,"count",182,"PAK","Pakistan","1198171.0",2013,"Figures are as on 31st December, 2014 based##on data received from Fixed Line and Broadband Operators","","Refers to the number of bundled telecommunication subscriptions including fixed-broadband and fixed-telephone services"
19307,"i4213_2x","Subscriptions to fixed-broadband and fixed-telephone bundles",,"count",182,"PAK","Pakistan","1504136.0",2014,"Figures are as on 31st December, 2014 based##on data received from Fixed Line and Broadband Operators","","Refers to the number of bundled telecommunication subscriptions including fixed-broadband and fixed-telephone services"
19307,"i4213_2x","Subscriptions to fixed-broadband and fixed-telephone bundles",,"count",182,"PAK","Pakistan","1546568.0",2015,"Figures are as on 31st December, 2015 based##on data received from Fixed Line and Broadband Operators","Pakistan Telecommunication Authority","Refers to the number of bundled telecommunication subscriptions including fixed-broadband and fixed-telephone services"
19307,"i4213_2x","Subscriptions to fixed-broadband and fixed-telephone bundles",,"count",182,"PAK","Pakistan","1437581.0",2016,"Figures are as on 31st December, 2016 based##on data received from Fixed Line and Broadband Operators","Pakistan Telecommunication Authority","Refers to the number of bundled telecommunication subscriptions including fixed-broadband and fixed-telephone services"
19307,"i4213_2x","Subscriptions to fixed-broadband and fixed-telephone bundles",,"count",182,"PAK","Pakistan","1435126.0",2017,"Estimated Figures are as on 31st December, 2017 based##on data received from Fixed Line and Broadband Operators","Pakistan Telecommunication Authority","Refers to the number of bundled telecommunication subscriptions including fixed-broadband and fixed-telephone services"
19307,"i4213_2x","Subscriptions to fixed-broadband and fixed-telephone bundles",,"count",182,"PAK","Pakistan","1464396.0",2018,"Estimated Figures are as on 31st December, 2018 based##on data received from Fixed Line and Broadband Operators","Pakistan Telecommunication Authoriity","Refers to the number of bundled telecommunication subscriptions including fixed-broadband and fixed-telephone services"
19307,"i4213_2x","Subscriptions to fixed-broadband and fixed-telephone bundles",,"count",182,"PAK","Pakistan","1405856.0",2019,"Estimated Figures are as on 31st December, 2019 based##on data received from Fixed Line and Broadband Operators","Pakistan Telecommunication Authority","Refers to the number of bundled telecommunication subscriptions including fixed-broadband and fixed-telephone services"
19307,"i4213_2x","Subscriptions to fixed-broadband and fixed-telephone bundles",,"count",182,"PAK","Pakistan","1508093.0",2020,"Estimated Figures are as on 31st December, 2020 based##on data received from Fixed Line and Broadband Operators","Pakistan Telecommunication Authority","Refers to the number of bundled telecommunication subscriptions including fixed-broadband and fixed-telephone services"
19307,"i4213_2x","Subscriptions to fixed-broadband and fixed-telephone bundles",,"count",182,"PAK","Pakistan","2066037.0",2021,"Estimated Figures (DSL, FTTH) are as on 31st December, 2021 based##on data received from Fixed Line and Broadband Operators","Pakistan Telecommunication Authority","Refers to the number of bundled telecommunication subscriptions including fixed-broadband and fixed-telephone services"
19307,"i4213_2x","Subscriptions to fixed-broadband and fixed-telephone bundles",,"count",182,"PAK","Pakistan","2249353.0",2022,"Estimated Figures (DSL, FTTH) are as on 31st December, 2022 based#on data received from Fixed Line and Broadband Operators","Pakistan Telecommunication Authority","Refers to the number of bundled telecommunication subscriptions including fixed-broadband and fixed-telephone services"
19307,"i4213_2x","Subscriptions to fixed-broadband and fixed-telephone bundles",,"count",182,"PAK","Pakistan","2658266.0",2023,"Estimated Figures (DSL, FTTH) are as on 31st December, 2023 based#on data received from Fixed Line and Broadband Operators","Pakistan Telecommunication Authority","Refers to the number of bundled telecommunication subscriptions including fixed-broadband and fixed-telephone services"
19307,"i4213_2x","Subscriptions to fixed-broadband and fixed-telephone bundles",,"count",182,"PAK","Pakistan","3021340.0",2024,"Estimated Figures (DSL, FTTH) are as on 31st December, 2024 based on data received from Fixed Line and Broadband Operators#","Pakistan Telecommunication Authority","Refers to the number of bundled telecommunication subscriptions including fixed-broadband and fixed-telephone services"
19307,"i4213_2x","Subscriptions to fixed-broadband and fixed-telephone bundles",,"count",190,"POL","Poland","459513.0",2014,"","Office of Electronic Communications","Refers to the number of bundled telecommunication subscriptions including fixed-broadband and fixed-telephone services"
19307,"i4213_2x","Subscriptions to fixed-broadband and fixed-telephone bundles",,"count",190,"POL","Poland","272011.0",2015,"","Office of Electronic Communications","Refers to the number of bundled telecommunication subscriptions including fixed-broadband and fixed-telephone services"
19307,"i4213_2x","Subscriptions to fixed-broadband and fixed-telephone bundles",,"count",190,"POL","Poland","231581.0",2016,"","Office of Electronic Communications","Refers to the number of bundled telecommunication subscriptions including fixed-broadband and fixed-telephone services"
19307,"i4213_2x","Subscriptions to fixed-broadband and fixed-telephone bundles",,"count",190,"POL","Poland","199623.0",2017,"","Office of Electronic Communications","Refers to the number of bundled telecommunication subscriptions including fixed-broadband and fixed-telephone services"
19307,"i4213_2x","Subscriptions to fixed-broadband and fixed-telephone bundles",,"count",190,"POL","Poland","190277.0",2018,"","Office of Electronic Communications","Refers to the number of bundled telecommunication subscriptions including fixed-broadband and fixed-telephone services"
19307,"i4213_2x","Subscriptions to fixed-broadband and fixed-telephone bundles",,"count",190,"POL","Poland","165105.0",2019,"","Office of Electronic Communications","Refers to the number of bundled telecommunication subscriptions including fixed-broadband and fixed-telephone services"
19307,"i4213_2x","Subscriptions to fixed-broadband and fixed-telephone bundles",,"count",190,"POL","Poland","143085.0",2020,"","Office of Electronic Communications","Refers to the number of bundled telecommunication subscriptions including fixed-broadband and fixed-telephone services"
19307,"i4213_2x","Subscriptions to fixed-broadband and fixed-telephone bundles",,"count",190,"POL","Poland","123226.0",2021,"","Office of Electronic Communications","Refers to the number of bundled telecommunication subscriptions including fixed-broadband and fixed-telephone services"
19307,"i4213_2x","Subscriptions to fixed-broadband and fixed-telephone bundles",,"count",190,"POL","Poland","95132.0",2022,"","Office of Electronic Communications","Refers to the number of bundled telecommunication subscriptions including fixed-broadband and fixed-telephone services"
19307,"i4213_2x","Subscriptions to fixed-broadband and fixed-telephone bundles",,"count",190,"POL","Poland","79938.0",2023,"","Office of Electronic Communications","Refers to the number of bundled telecommunication subscriptions including fixed-broadband and fixed-telephone services"
19307,"i4213_2x","Subscriptions to fixed-broadband and fixed-telephone bundles",,"count",190,"POL","Poland","72175.0",2024,"","Office of Electronic Communications","Refers to the number of bundled telecommunication subscriptions including fixed-broadband and fixed-telephone services"
19307,"i4213_2x","Subscriptions to fixed-broadband and fixed-telephone bundles",,"count",191,"PRT","Portugal","155773.0",2012,"","Autoridade Nacional de Comunicaçőes","Refers to the number of bundled telecommunication subscriptions including fixed-broadband and fixed-telephone services"
19307,"i4213_2x","Subscriptions to fixed-broadband and fixed-telephone bundles",,"count",191,"PRT","Portugal","150222.0",2013,"","Autoridade Nacional de Comunicaçőes","Refers to the number of bundled telecommunication subscriptions including fixed-broadband and fixed-telephone services"
19307,"i4213_2x","Subscriptions to fixed-broadband and fixed-telephone bundles",,"count",191,"PRT","Portugal","126104.0",2014,"Decrease in 2P subscriptions due to increase in 4P/5P subscriptions","Autoridade Nacional de Comunicaçőes","Refers to the number of bundled telecommunication subscriptions including fixed-broadband and fixed-telephone services"
19307,"i4213_2x","Subscriptions to fixed-broadband and fixed-telephone bundles",,"count",191,"PRT","Portugal","146601.0",2015,"","Autoridade Nacional de Comunicaçőes","Refers to the number of bundled telecommunication subscriptions including fixed-broadband and fixed-telephone services"
19307,"i4213_2x","Subscriptions to fixed-broadband and fixed-telephone bundles",,"count",191,"PRT","Portugal","181615.0",2016,"","ANACOM","Refers to the number of bundled telecommunication subscriptions including fixed-broadband and fixed-telephone services"
19307,"i4213_2x","Subscriptions to fixed-broadband and fixed-telephone bundles",,"count",191,"PRT","Portugal","177495.0",2017,"","ANACOM","Refers to the number of bundled telecommunication subscriptions including fixed-broadband and fixed-telephone services"
19307,"i4213_2x","Subscriptions to fixed-broadband and fixed-telephone bundles",,"count",191,"PRT","Portugal","464242.0",2018,"Total 2P subscriptions.","ANACOM","Refers to the number of bundled telecommunication subscriptions including fixed-broadband and fixed-telephone services"
19307,"i4213_2x","Subscriptions to fixed-broadband and fixed-telephone bundles",,"count",191,"PRT","Portugal","435171.0",2019,"Total 2P subscriptions.","Autoridade Nacional de Comunicaçőes","Refers to the number of bundled telecommunication subscriptions including fixed-broadband and fixed-telephone services"
19307,"i4213_2x","Subscriptions to fixed-broadband and fixed-telephone bundles",,"count",191,"PRT","Portugal","422158.0",2020,"Total 2P subscriptions.","Autoridade Nacional de Comunicaçőes","Refers to the number of bundled telecommunication subscriptions including fixed-broadband and fixed-telephone services"
19307,"i4213_2x","Subscriptions to fixed-broadband and fixed-telephone bundles",,"count",191,"PRT","Portugal","419958.0",2021,"Total 2P subscriptions. Revised.","Autoridade Nacional de Comunicaçőes","Refers to the number of bundled telecommunication subscriptions including fixed-broadband and fixed-telephone services"
19307,"i4213_2x","Subscriptions to fixed-broadband and fixed-telephone bundles",,"count",191,"PRT","Portugal","413423.0",2022,"Total 2P subscriptions. Revised","Autoridade Nacional de Comunicaçőes","Refers to the number of bundled telecommunication subscriptions including fixed-broadband and fixed-telephone services"
19307,"i4213_2x","Subscriptions to fixed-broadband and fixed-telephone bundles",,"count",191,"PRT","Portugal","405138.0",2023,"Total 2P subscriptions.","Autoridade Nacional de Comunicaçőes","Refers to the number of bundled telecommunication subscriptions including fixed-broadband and fixed-telephone services"
19307,"i4213_2x","Subscriptions to fixed-broadband and fixed-telephone bundles",,"count",191,"PRT","Portugal","405303.0",2024,"Total 2P subscriptions.","Autoridade Nacional de Comunicaçőes","Refers to the number of bundled telecommunication subscriptions including fixed-broadband and fixed-telephone services"
19307,"i4213_2x","Subscriptions to fixed-broadband and fixed-telephone bundles",,"count",192,"PRY","Paraguay","47632.0",2019,"","Comisión Nacional de Telecomunicaciones - CONATEL","Refers to the number of bundled telecommunication subscriptions including fixed-broadband and fixed-telephone services"
19307,"i4213_2x","Subscriptions to fixed-broadband and fixed-telephone bundles",,"count",192,"PRY","Paraguay","42171.0",2020,"","Comisión Nacional de Telecomunicaciones - CONATEL","Refers to the number of bundled telecommunication subscriptions including fixed-broadband and fixed-telephone services"
19307,"i4213_2x","Subscriptions to fixed-broadband and fixed-telephone bundles",,"count",192,"PRY","Paraguay","28211.0",2021,"","Comisión Nacional de Telecomunicaciones - CONATEL","Refers to the number of bundled telecommunication subscriptions including fixed-broadband and fixed-telephone services"
19307,"i4213_2x","Subscriptions to fixed-broadband and fixed-telephone bundles",,"count",192,"PRY","Paraguay","10380.0",2022,"Estimado sobre evolución de accesos ADSL","Comisión Nacional de Telecomunicaciones - CONATEL","Refers to the number of bundled telecommunication subscriptions including fixed-broadband and fixed-telephone services"
19307,"i4213_2x","Subscriptions to fixed-broadband and fixed-telephone bundles",,"count",192,"PRY","Paraguay","7547.0",2023,"Estimado sobre evolución de accesos ADSL","Comisión Nacional de Telecomunicaciones - CONATEL","Refers to the number of bundled telecommunication subscriptions including fixed-broadband and fixed-telephone services"
19307,"i4213_2x","Subscriptions to fixed-broadband and fixed-telephone bundles",,"count",193,"PER","Peru","709345.0",2021,"Punku-Osiptel","Ministerio de Transportes y Comunicaciones","Refers to the number of bundled telecommunication subscriptions including fixed-broadband and fixed-telephone services"
19307,"i4213_2x","Subscriptions to fixed-broadband and fixed-telephone bundles",,"count",193,"PER","Peru","659085.0",2022,"Se consideran los paquetes dúos de Internet fijo (IF) y Telefonía fija de abonados (TFA).","Ministerio de Transportes y Comunicaciones","Refers to the number of bundled telecommunication subscriptions including fixed-broadband and fixed-telephone services"
19307,"i4213_2x","Subscriptions to fixed-broadband and fixed-telephone bundles",,"count",193,"PER","Peru","557975.0",2023,"Se consideran los paquetes dúos de Internet fijo (IF) y Telefonía fija de abonados (TFA).","Ministerio de Transportes y Comunicaciones","Refers to the number of bundled telecommunication subscriptions including fixed-broadband and fixed-telephone services"
19307,"i4213_2x","Subscriptions to fixed-broadband and fixed-telephone bundles",,"count",193,"PER","Peru","564398.0",2024,"Se consideran los paquetes dúos de Internet fijo (IF) y Telefonía fija de abonados (TFA)","Ministerio de Transportes y Comunicaciones","Refers to the number of bundled telecommunication subscriptions including fixed-broadband and fixed-telephone services"
19307,"i4213_2x","Subscriptions to fixed-broadband and fixed-telephone bundles",,"count",196,"QAT","Qatar","224633.0",2014,"","ictQATAR","Refers to the number of bundled telecommunication subscriptions including fixed-broadband and fixed-telephone services"
19307,"i4213_2x","Subscriptions to fixed-broadband and fixed-telephone bundles",,"count",196,"QAT","Qatar","236372.0",2015,"","Ministry of Transport and Communications","Refers to the number of bundled telecommunication subscriptions including fixed-broadband and fixed-telephone services"
19307,"i4213_2x","Subscriptions to fixed-broadband and fixed-telephone bundles",,"count",196,"QAT","Qatar","134010.0",2016,"Break in series: Until 2015 the triple play was included in the fixed BB and fixed telephone bundles. Now the number is split to reflect the correct numbers","Ministry of Transport and Commuications","Refers to the number of bundled telecommunication subscriptions including fixed-broadband and fixed-telephone services"
19307,"i4213_2x","Subscriptions to fixed-broadband and fixed-telephone bundles",,"count",196,"QAT","Qatar","89748.0",2017,"","Ministry of Transport and Commuications","Refers to the number of bundled telecommunication subscriptions including fixed-broadband and fixed-telephone services"
19307,"i4213_2x","Subscriptions to fixed-broadband and fixed-telephone bundles",,"count",196,"QAT","Qatar","82272.0",2018,"","Ministry of Transport and Communications","Refers to the number of bundled telecommunication subscriptions including fixed-broadband and fixed-telephone services"
19307,"i4213_2x","Subscriptions to fixed-broadband and fixed-telephone bundles",,"count",196,"QAT","Qatar","80798.0",2019,"","Ministry of Communications and Information Technology","Refers to the number of bundled telecommunication subscriptions including fixed-broadband and fixed-telephone services"
19307,"i4213_2x","Subscriptions to fixed-broadband and fixed-telephone bundles",,"count",196,"QAT","Qatar","85557.0",2020,"","Ministry of Communications and Information Technology","Refers to the number of bundled telecommunication subscriptions including fixed-broadband and fixed-telephone services"
19307,"i4213_2x","Subscriptions to fixed-broadband and fixed-telephone bundles",,"count",196,"QAT","Qatar","89931.0",2021,"","Communications Regulatory Authority","Refers to the number of bundled telecommunication subscriptions including fixed-broadband and fixed-telephone services"
19307,"i4213_2x","Subscriptions to fixed-broadband and fixed-telephone bundles",,"count",196,"QAT","Qatar","61167.0",2022,"","Communications Regulatory Authority","Refers to the number of bundled telecommunication subscriptions including fixed-broadband and fixed-telephone services"
19307,"i4213_2x","Subscriptions to fixed-broadband and fixed-telephone bundles",,"count",196,"QAT","Qatar","65851.0",2023,"","Communications Regulatory Authority","Refers to the number of bundled telecommunication subscriptions including fixed-broadband and fixed-telephone services"
19307,"i4213_2x","Subscriptions to fixed-broadband and fixed-telephone bundles",,"count",196,"QAT","Qatar","73794.0",2024,"","Communications Regulatory Authority","Refers to the number of bundled telecommunication subscriptions including fixed-broadband and fixed-telephone services"
19307,"i4213_2x","Subscriptions to fixed-broadband and fixed-telephone bundles",,"count",200,"ROU","Romania","490000.0",2012,"Incl. tied services.","National Authority for Management and Regulation in Communications of Romania","Refers to the number of bundled telecommunication subscriptions including fixed-broadband and fixed-telephone services"
19307,"i4213_2x","Subscriptions to fixed-broadband and fixed-telephone bundles",,"count",200,"ROU","Romania","570000.0",2013,"Incl. tied services.","National Authority for Management and Regulation in Communications of Romania","Refers to the number of bundled telecommunication subscriptions including fixed-broadband and fixed-telephone services"
19307,"i4213_2x","Subscriptions to fixed-broadband and fixed-telephone bundles",,"count",200,"ROU","Romania","504000.0",2014,"Incl. tied services.","National Authority for Management and Regulation in Communications","Refers to the number of bundled telecommunication subscriptions including fixed-broadband and fixed-telephone services"
19307,"i4213_2x","Subscriptions to fixed-broadband and fixed-telephone bundles",,"count",200,"ROU","Romania","441000.0",2015,"Incl. tied services.","National Authority for Management and Regulation in Communications","Refers to the number of bundled telecommunication subscriptions including fixed-broadband and fixed-telephone services"
19307,"i4213_2x","Subscriptions to fixed-broadband and fixed-telephone bundles",,"count",200,"ROU","Romania","359000.0",2016,"Incl. tied services.","National Authority for Management and Regulation in Communications","Refers to the number of bundled telecommunication subscriptions including fixed-broadband and fixed-telephone services"
19307,"i4213_2x","Subscriptions to fixed-broadband and fixed-telephone bundles",,"count",200,"ROU","Romania","424000.0",2017,"Incl. tied services.","ANCOM","Refers to the number of bundled telecommunication subscriptions including fixed-broadband and fixed-telephone services"
19307,"i4213_2x","Subscriptions to fixed-broadband and fixed-telephone bundles",,"count",200,"ROU","Romania","367000.0",2018,"Incl. tied services.","ANCOM","Refers to the number of bundled telecommunication subscriptions including fixed-broadband and fixed-telephone services"
19307,"i4213_2x","Subscriptions to fixed-broadband and fixed-telephone bundles",,"count",200,"ROU","Romania","314000.0",2019,"Incl. tied services.","National Authority for Management and Regulation in Communications","Refers to the number of bundled telecommunication subscriptions including fixed-broadband and fixed-telephone services"
19307,"i4213_2x","Subscriptions to fixed-broadband and fixed-telephone bundles",,"count",200,"ROU","Romania","249000.0",2020,"Incl. tied services.","National Authority for Management and Regulation in Communications","Refers to the number of bundled telecommunication subscriptions including fixed-broadband and fixed-telephone services"
19307,"i4213_2x","Subscriptions to fixed-broadband and fixed-telephone bundles",,"count",200,"ROU","Romania","198000.0",2021,"Incl. tied services.","National Authority for Management and Regulation in Communications","Refers to the number of bundled telecommunication subscriptions including fixed-broadband and fixed-telephone services"
19307,"i4213_2x","Subscriptions to fixed-broadband and fixed-telephone bundles",,"count",200,"ROU","Romania","178000.0",2022,"","National Authority for Management and Regulation in Communications","Refers to the number of bundled telecommunication subscriptions including fixed-broadband and fixed-telephone services"
19307,"i4213_2x","Subscriptions to fixed-broadband and fixed-telephone bundles",,"count",200,"ROU","Romania","127885.0",2023,"","National Authority for Management and Regulation in Communications","Refers to the number of bundled telecommunication subscriptions including fixed-broadband and fixed-telephone services"
19307,"i4213_2x","Subscriptions to fixed-broadband and fixed-telephone bundles",,"count",200,"ROU","Romania","137626.0",2024,"","National Authority for Management and Regulation in Communications","Refers to the number of bundled telecommunication subscriptions including fixed-broadband and fixed-telephone services"
19307,"i4213_2x","Subscriptions to fixed-broadband and fixed-telephone bundles",,"count",202,"RUS","Russian Federation","1.2804011E7",2016,"","Ministry of Digital Development, Communications and Mass Media of the Russian Federation","Refers to the number of bundled telecommunication subscriptions including fixed-broadband and fixed-telephone services"
19307,"i4213_2x","Subscriptions to fixed-broadband and fixed-telephone bundles",,"count",203,"SWE","Sweden","738172.0",2012,"","Swedish Post and Telecom Authority","Refers to the number of bundled telecommunication subscriptions including fixed-broadband and fixed-telephone services"
19307,"i4213_2x","Subscriptions to fixed-broadband and fixed-telephone bundles",,"count",203,"SWE","Sweden","707849.0",2013,"","Swedish Post and Telecom Authority","Refers to the number of bundled telecommunication subscriptions including fixed-broadband and fixed-telephone services"
19307,"i4213_2x","Subscriptions to fixed-broadband and fixed-telephone bundles",,"count",203,"SWE","Sweden","762054.0",2014,"","Swedish Post and Telecom Authority","Refers to the number of bundled telecommunication subscriptions including fixed-broadband and fixed-telephone services"
19307,"i4213_2x","Subscriptions to fixed-broadband and fixed-telephone bundles",,"count",203,"SWE","Sweden","702065.0",2015,"","Swedish Post and Telecom Authority","Refers to the number of bundled telecommunication subscriptions including fixed-broadband and fixed-telephone services"
19307,"i4213_2x","Subscriptions to fixed-broadband and fixed-telephone bundles",,"count",203,"SWE","Sweden","586976.0",2016,"","Swedish Post and Telecom Authority","Refers to the number of bundled telecommunication subscriptions including fixed-broadband and fixed-telephone services"
19307,"i4213_2x","Subscriptions to fixed-broadband and fixed-telephone bundles",,"count",203,"SWE","Sweden","352795.0",2017,"","Swedish Post and Telecom Authority (PTS)","Refers to the number of bundled telecommunication subscriptions including fixed-broadband and fixed-telephone services"
19307,"i4213_2x","Subscriptions to fixed-broadband and fixed-telephone bundles",,"count",203,"SWE","Sweden","269010.0",2018,"","Swedish Post and Telecom Authority (PTS)","Refers to the number of bundled telecommunication subscriptions including fixed-broadband and fixed-telephone services"
19307,"i4213_2x","Subscriptions to fixed-broadband and fixed-telephone bundles",,"count",203,"SWE","Sweden","134795.0",2019,"Change of definitions in 2019.","Swedish Post and Telecom Authority","Refers to the number of bundled telecommunication subscriptions including fixed-broadband and fixed-telephone services"
19307,"i4213_2x","Subscriptions to fixed-broadband and fixed-telephone bundles",,"count",203,"SWE","Sweden","99499.0",2020,"","Swedish Post and Telecom Authority","Refers to the number of bundled telecommunication subscriptions including fixed-broadband and fixed-telephone services"
19307,"i4213_2x","Subscriptions to fixed-broadband and fixed-telephone bundles",,"count",203,"SWE","Sweden","84779.0",2021,"","Swedish Post and Telecom Authority","Refers to the number of bundled telecommunication subscriptions including fixed-broadband and fixed-telephone services"
19307,"i4213_2x","Subscriptions to fixed-broadband and fixed-telephone bundles",,"count",203,"SWE","Sweden","75046.0",2022,"","Swedish Post and Telecom Authority","Refers to the number of bundled telecommunication subscriptions including fixed-broadband and fixed-telephone services"
19307,"i4213_2x","Subscriptions to fixed-broadband and fixed-telephone bundles",,"count",203,"SWE","Sweden","61371.0",2023,"","Swedish Post and Telecom Authority","Refers to the number of bundled telecommunication subscriptions including fixed-broadband and fixed-telephone services"
19307,"i4213_2x","Subscriptions to fixed-broadband and fixed-telephone bundles",,"count",203,"SWE","Sweden","60135.0",2024,"","Swedish Post and Telecom Authority","Refers to the number of bundled telecommunication subscriptions including fixed-broadband and fixed-telephone services"
19307,"i4213_2x","Subscriptions to fixed-broadband and fixed-telephone bundles",,"count",204,"KNA","Saint Kitts and Nevis","9.0",2015,"","ECTEL.","Refers to the number of bundled telecommunication subscriptions including fixed-broadband and fixed-telephone services"
19307,"i4213_2x","Subscriptions to fixed-broadband and fixed-telephone bundles",,"count",213,"SMR","San Marino","2000.0",2021,"","TELECOMMUNICATION SECTOR","Refers to the number of bundled telecommunication subscriptions including fixed-broadband and fixed-telephone services"
19307,"i4213_2x","Subscriptions to fixed-broadband and fixed-telephone bundles",,"count",217,"SLE","Sierra Leone","4.0",2019,"Only the 4 MNOs that provides data bundled telecommunication services","National Telecommunications Commission ","Refers to the number of bundled telecommunication subscriptions including fixed-broadband and fixed-telephone services"
19307,"i4213_2x","Subscriptions to fixed-broadband and fixed-telephone bundles",,"count",217,"SLE","Sierra Leone","4.0",2020,"Only the 4 MNOs that provides data bundled telecommunication services","National Telecommunications Commission ","Refers to the number of bundled telecommunication subscriptions including fixed-broadband and fixed-telephone services"
19307,"i4213_2x","Subscriptions to fixed-broadband and fixed-telephone bundles",,"count",217,"SLE","Sierra Leone","4.0",2021,"Only the 4 MNOs that provides data bundled telecommunication services","National Telecommunications Commission ","Refers to the number of bundled telecommunication subscriptions including fixed-broadband and fixed-telephone services"
19307,"i4213_2x","Subscriptions to fixed-broadband and fixed-telephone bundles",,"count",218,"STP","Sao Tome and Principe","0.0",2016,"we don't have this service","AGER - Autoridade Geral de Regulação","Refers to the number of bundled telecommunication subscriptions including fixed-broadband and fixed-telephone services"
19307,"i4213_2x","Subscriptions to fixed-broadband and fixed-telephone bundles",,"count",218,"STP","Sao Tome and Principe","0.0",2017,"we don't have this service","AGER - Autoridade Geral de Regulação","Refers to the number of bundled telecommunication subscriptions including fixed-broadband and fixed-telephone services"
19307,"i4213_2x","Subscriptions to fixed-broadband and fixed-telephone bundles",,"count",218,"STP","Sao Tome and Principe","0.0",2023,"N/A Nous n'avons pas encore  offre groupée comprenant des services large bande fixe et des services de téléphonie fixe","Autoridade Geral de Regulação","Refers to the number of bundled telecommunication subscriptions including fixed-broadband and fixed-telephone services"
19307,"i4213_2x","Subscriptions to fixed-broadband and fixed-telephone bundles",,"count",219,"CHE","Switzerland","458906.0",2014,"","Office Fédéral de la Communication","Refers to the number of bundled telecommunication subscriptions including fixed-broadband and fixed-telephone services"
19307,"i4213_2x","Subscriptions to fixed-broadband and fixed-telephone bundles",,"count",219,"CHE","Switzerland","418134.0",2015,"","Office Fédéral de la Communication","Refers to the number of bundled telecommunication subscriptions including fixed-broadband and fixed-telephone services"
19307,"i4213_2x","Subscriptions to fixed-broadband and fixed-telephone bundles",,"count",219,"CHE","Switzerland","370918.0",2016,"Telecommunications statistics 2016","OFCOM","Refers to the number of bundled telecommunication subscriptions including fixed-broadband and fixed-telephone services"
19307,"i4213_2x","Subscriptions to fixed-broadband and fixed-telephone bundles",,"count",219,"CHE","Switzerland","373809.0",2017,"Telecommunications statistics 2017","Office Fédéral de la Communication","Refers to the number of bundled telecommunication subscriptions including fixed-broadband and fixed-telephone services"
19307,"i4213_2x","Subscriptions to fixed-broadband and fixed-telephone bundles",,"count",219,"CHE","Switzerland","533785.0",2018,"Telecommunications statistics 2018","OFCOM","Refers to the number of bundled telecommunication subscriptions including fixed-broadband and fixed-telephone services"
19307,"i4213_2x","Subscriptions to fixed-broadband and fixed-telephone bundles",,"count",219,"CHE","Switzerland","553720.0",2019,"Telecommunications statistics 2019","Office Fédéral de la Communication","Refers to the number of bundled telecommunication subscriptions including fixed-broadband and fixed-telephone services"
19307,"i4213_2x","Subscriptions to fixed-broadband and fixed-telephone bundles",,"count",219,"CHE","Switzerland","535305.0",2020,"Telecommunications statistics 2020","Office Fédéral de la Communication","Refers to the number of bundled telecommunication subscriptions including fixed-broadband and fixed-telephone services"
19307,"i4213_2x","Subscriptions to fixed-broadband and fixed-telephone bundles",,"count",219,"CHE","Switzerland","352732.0",2021,"Telecommunications statistics 2021","Office Fédéral de la Communication","Refers to the number of bundled telecommunication subscriptions including fixed-broadband and fixed-telephone services"
19307,"i4213_2x","Subscriptions to fixed-broadband and fixed-telephone bundles",,"count",219,"CHE","Switzerland","323100.0",2022,"Telecommunications statistics 2022 / Definitive data","Office fédéral de la communication","Refers to the number of bundled telecommunication subscriptions including fixed-broadband and fixed-telephone services"
19307,"i4213_2x","Subscriptions to fixed-broadband and fixed-telephone bundles",,"count",219,"CHE","Switzerland","317507.0",2023,"Telecommunications statistics 2023 / Provisional data","Office fédéral de la communication","Refers to the number of bundled telecommunication subscriptions including fixed-broadband and fixed-telephone services"
19307,"i4213_2x","Subscriptions to fixed-broadband and fixed-telephone bundles",,"count",220,"SUR","Suriname","3400.0",2015,"","Telecommunications Authority Suriname (TAS)","Refers to the number of bundled telecommunication subscriptions including fixed-broadband and fixed-telephone services"
19307,"i4213_2x","Subscriptions to fixed-broadband and fixed-telephone bundles",,"count",220,"SUR","Suriname","55723.0",2018,"","Telecommunication Authority Suriname","Refers to the number of bundled telecommunication subscriptions including fixed-broadband and fixed-telephone services"
19307,"i4213_2x","Subscriptions to fixed-broadband and fixed-telephone bundles",,"count",220,"SUR","Suriname","60997.0",2019,"","Telecommunications Authority Suriname (TAS)","Refers to the number of bundled telecommunication subscriptions including fixed-broadband and fixed-telephone services"
19307,"i4213_2x","Subscriptions to fixed-broadband and fixed-telephone bundles",,"count",220,"SUR","Suriname","60459.0",2020,"","Telecommunications Authority Suriname (TAS)","Refers to the number of bundled telecommunication subscriptions including fixed-broadband and fixed-telephone services"
19307,"i4213_2x","Subscriptions to fixed-broadband and fixed-telephone bundles",,"count",221,"SVN","Slovenia","68568.0",2012,"","Agency for Communication Networks and Services of the Republic of Slovenia","Refers to the number of bundled telecommunication subscriptions including fixed-broadband and fixed-telephone services"
19307,"i4213_2x","Subscriptions to fixed-broadband and fixed-telephone bundles",,"count",221,"SVN","Slovenia","62773.0",2013,"","Agency for Communication Networks and Services of the Republic of Slovenia","Refers to the number of bundled telecommunication subscriptions including fixed-broadband and fixed-telephone services"
19307,"i4213_2x","Subscriptions to fixed-broadband and fixed-telephone bundles",,"count",221,"SVN","Slovenia","61924.0",2014,"","Agency for Communication Networks and Services of the Republic of Slovenia","Refers to the number of bundled telecommunication subscriptions including fixed-broadband and fixed-telephone services"
19307,"i4213_2x","Subscriptions to fixed-broadband and fixed-telephone bundles",,"count",221,"SVN","Slovenia","42995.0",2015,"","Agency for Communication Networks and Services of the Republic of Slovenia","Refers to the number of bundled telecommunication subscriptions including fixed-broadband and fixed-telephone services"
19307,"i4213_2x","Subscriptions to fixed-broadband and fixed-telephone bundles",,"count",221,"SVN","Slovenia","34607.0",2016,"","AKOS","Refers to the number of bundled telecommunication subscriptions including fixed-broadband and fixed-telephone services"
19307,"i4213_2x","Subscriptions to fixed-broadband and fixed-telephone bundles",,"count",221,"SVN","Slovenia","25565.0",2017,"","AKOS","Refers to the number of bundled telecommunication subscriptions including fixed-broadband and fixed-telephone services"
19307,"i4213_2x","Subscriptions to fixed-broadband and fixed-telephone bundles",,"count",221,"SVN","Slovenia","24870.0",2018,"","AKOS","Refers to the number of bundled telecommunication subscriptions including fixed-broadband and fixed-telephone services"
19307,"i4213_2x","Subscriptions to fixed-broadband and fixed-telephone bundles",,"count",221,"SVN","Slovenia","22294.0",2019,"","Agency for Communication Networks and Services of the Republic of Slovenia","Refers to the number of bundled telecommunication subscriptions including fixed-broadband and fixed-telephone services"
19307,"i4213_2x","Subscriptions to fixed-broadband and fixed-telephone bundles",,"count",221,"SVN","Slovenia","17478.0",2020,"","Agency for Communication Networks and Services of the Republic of Slovenia","Refers to the number of bundled telecommunication subscriptions including fixed-broadband and fixed-telephone services"
19307,"i4213_2x","Subscriptions to fixed-broadband and fixed-telephone bundles",,"count",221,"SVN","Slovenia","14625.0",2021,"Validated data due to operator corrections.","Agency for Communication Networks and Services of the Republic of Slovenia","Refers to the number of bundled telecommunication subscriptions including fixed-broadband and fixed-telephone services"
19307,"i4213_2x","Subscriptions to fixed-broadband and fixed-telephone bundles",,"count",221,"SVN","Slovenia","13209.0",2022,"","Agency for Communication Networks and Services of the Republic of Slovenia","Refers to the number of bundled telecommunication subscriptions including fixed-broadband and fixed-telephone services"
19307,"i4213_2x","Subscriptions to fixed-broadband and fixed-telephone bundles",,"count",221,"SVN","Slovenia","8340.0",2023,"","Agency for Communication Networks and Services of the Republic of Slovenia","Refers to the number of bundled telecommunication subscriptions including fixed-broadband and fixed-telephone services"
19307,"i4213_2x","Subscriptions to fixed-broadband and fixed-telephone bundles",,"count",221,"SVN","Slovenia","7373.0",2024,"","Agency for Communication Networks and Services of the Republic of Slovenia","Refers to the number of bundled telecommunication subscriptions including fixed-broadband and fixed-telephone services"
19307,"i4213_2x","Subscriptions to fixed-broadband and fixed-telephone bundles",,"count",223,"SWZ","Eswatini","0.0",2021,"There are no fixed-broadband, and fixed-telephone bundle offers yet in the market.","Eswatini Communications Commission","Refers to the number of bundled telecommunication subscriptions including fixed-broadband and fixed-telephone services"
19307,"i4213_2x","Subscriptions to fixed-broadband and fixed-telephone bundles",,"count",223,"SWZ","Eswatini","3336.0",2022,"Fixed wireless broadband and fixed wireless-telephone bundles.","Eswatini Communications Commission","Refers to the number of bundled telecommunication subscriptions including fixed-broadband and fixed-telephone services"
19307,"i4213_2x","Subscriptions to fixed-broadband and fixed-telephone bundles",,"count",223,"SWZ","Eswatini","17443.0",2023,"Fixed wireless broadband and fixed wireless-telephone bundles.","Eswatini Communications Commission","Refers to the number of bundled telecommunication subscriptions including fixed-broadband and fixed-telephone services"
19307,"i4213_2x","Subscriptions to fixed-broadband and fixed-telephone bundles",,"count",223,"SWZ","Eswatini","14313.0",2024,"","Eswatini Communications Commission","Refers to the number of bundled telecommunication subscriptions including fixed-broadband and fixed-telephone services"
19307,"i4213_2x","Subscriptions to fixed-broadband and fixed-telephone bundles",,"count",224,"SYR","Syrian Arab Republic","1328756.0",2018,"","SY-TPRA","Refers to the number of bundled telecommunication subscriptions including fixed-broadband and fixed-telephone services"
19307,"i4213_2x","Subscriptions to fixed-broadband and fixed-telephone bundles",,"count",224,"SYR","Syrian Arab Republic","1490344.0",2019,"","Syrian Telecommunication Regulatory Authority","Refers to the number of bundled telecommunication subscriptions including fixed-broadband and fixed-telephone services"
19307,"i4213_2x","Subscriptions to fixed-broadband and fixed-telephone bundles",,"count",224,"SYR","Syrian Arab Republic","1384799.0",2020,"","Syrian Telecommunication Regulatory Authority","Refers to the number of bundled telecommunication subscriptions including fixed-broadband and fixed-telephone services"
19307,"i4213_2x","Subscriptions to fixed-broadband and fixed-telephone bundles",,"count",224,"SYR","Syrian Arab Republic","1574913.0",2021,"","Syrian Telecommunication and postal Regulatory Authority","Refers to the number of bundled telecommunication subscriptions including fixed-broadband and fixed-telephone services"
19307,"i4213_2x","Subscriptions to fixed-broadband and fixed-telephone bundles",,"count",224,"SYR","Syrian Arab Republic","1608328.0",2022,"","Syrian Telecommunication Regulatory Authority","Refers to the number of bundled telecommunication subscriptions including fixed-broadband and fixed-telephone services"
19307,"i4213_2x","Subscriptions to fixed-broadband and fixed-telephone bundles",,"count",224,"SYR","Syrian Arab Republic","1869679.0",2024,"","Syrian Telecommunication Regulatory Authority","Refers to the number of bundled telecommunication subscriptions including fixed-broadband and fixed-telephone services"
19307,"i4213_2x","Subscriptions to fixed-broadband and fixed-telephone bundles",,"count",226,"TCD","Chad","0.0",2017,"","Autorité de Régulation des Communications Électroniques et des Postes","Refers to the number of bundled telecommunication subscriptions including fixed-broadband and fixed-telephone services"
19307,"i4213_2x","Subscriptions to fixed-broadband and fixed-telephone bundles",,"count",226,"TCD","Chad","0.0",2018,"","Autorité de Régulation des Communications Électroniques et des Postes","Refers to the number of bundled telecommunication subscriptions including fixed-broadband and fixed-telephone services"
19307,"i4213_2x","Subscriptions to fixed-broadband and fixed-telephone bundles",,"count",226,"TCD","Chad","0.0",2019,"Il n'y a pas d'offres groupées au niveau de la téléphonie fixe","Autorité de Régulation des Communications Électroniques et des Postes","Refers to the number of bundled telecommunication subscriptions including fixed-broadband and fixed-telephone services"
19307,"i4213_2x","Subscriptions to fixed-broadband and fixed-telephone bundles",,"count",226,"TCD","Chad","0.0",2020,"Il n'y a pas d'offres groupées au niveau de la téléphonie fixe","Autorité de Régulation des Communications Électroniques et des Postes","Refers to the number of bundled telecommunication subscriptions including fixed-broadband and fixed-telephone services"
19307,"i4213_2x","Subscriptions to fixed-broadband and fixed-telephone bundles",,"count",226,"TCD","Chad","0.0",2021,"Il n'y a pas d'offres groupées au niveau de la téléphonie fixe","Autorité de Régulation des Communications Électroniques et des Postes","Refers to the number of bundled telecommunication subscriptions including fixed-broadband and fixed-telephone services"
19307,"i4213_2x","Subscriptions to fixed-broadband and fixed-telephone bundles",,"count",226,"TCD","Chad","0.0",2022,"Il n'y a pas d'offres groupées au niveau de la téléphonie fixe","Autorité de Régulation des Communications Électroniques et des Postes","Refers to the number of bundled telecommunication subscriptions including fixed-broadband and fixed-telephone services"
19307,"i4213_2x","Subscriptions to fixed-broadband and fixed-telephone bundles",,"count",226,"TCD","Chad","0.0",2023,"","Autorité de Régulation des Communications Électroniques et des Postes","Refers to the number of bundled telecommunication subscriptions including fixed-broadband and fixed-telephone services"
19307,"i4213_2x","Subscriptions to fixed-broadband and fixed-telephone bundles",,"count",226,"TCD","Chad","0.0",2024,"","Autorité de Régulation des Communications Électroniques et des Postes","Refers to the number of bundled telecommunication subscriptions including fixed-broadband and fixed-telephone services"
19307,"i4213_2x","Subscriptions to fixed-broadband and fixed-telephone bundles",,"count",227,"CZE","Czech Republic","417201.0",2012,"","Czech Telecommunication Office","Refers to the number of bundled telecommunication subscriptions including fixed-broadband and fixed-telephone services"
19307,"i4213_2x","Subscriptions to fixed-broadband and fixed-telephone bundles",,"count",227,"CZE","Czech Republic","367814.0",2013,"","Czech Telecommunication Office","Refers to the number of bundled telecommunication subscriptions including fixed-broadband and fixed-telephone services"
19307,"i4213_2x","Subscriptions to fixed-broadband and fixed-telephone bundles",,"count",227,"CZE","Czech Republic","352042.0",2014,"","Czech Telecommunication Office","Refers to the number of bundled telecommunication subscriptions including fixed-broadband and fixed-telephone services"
19307,"i4213_2x","Subscriptions to fixed-broadband and fixed-telephone bundles",,"count",227,"CZE","Czech Republic","180141.0",2015,"","Czech Telecommunication Office","Refers to the number of bundled telecommunication subscriptions including fixed-broadband and fixed-telephone services"
19307,"i4213_2x","Subscriptions to fixed-broadband and fixed-telephone bundles",,"count",227,"CZE","Czech Republic","137619.0",2016,"","Czech Telecommunication Office","Refers to the number of bundled telecommunication subscriptions including fixed-broadband and fixed-telephone services"
19307,"i4213_2x","Subscriptions to fixed-broadband and fixed-telephone bundles",,"count",227,"CZE","Czech Republic","129521.0",2017,"","Czech Telecommunication Office","Refers to the number of bundled telecommunication subscriptions including fixed-broadband and fixed-telephone services"
19307,"i4213_2x","Subscriptions to fixed-broadband and fixed-telephone bundles",,"count",227,"CZE","Czech Republic","93269.0",2018,"","Czech Telecommunication Office","Refers to the number of bundled telecommunication subscriptions including fixed-broadband and fixed-telephone services"
19307,"i4213_2x","Subscriptions to fixed-broadband and fixed-telephone bundles",,"count",227,"CZE","Czech Republic","86399.0",2019,"","Czech Telecommunication Office","Refers to the number of bundled telecommunication subscriptions including fixed-broadband and fixed-telephone services"
19307,"i4213_2x","Subscriptions to fixed-broadband and fixed-telephone bundles",,"count",227,"CZE","Czech Republic","69373.0",2020,"","Czech Telecommunication Office","Refers to the number of bundled telecommunication subscriptions including fixed-broadband and fixed-telephone services"
19307,"i4213_2x","Subscriptions to fixed-broadband and fixed-telephone bundles",,"count",227,"CZE","Czech Republic","48788.0",2021,"","Czech Telecommunication Office","Refers to the number of bundled telecommunication subscriptions including fixed-broadband and fixed-telephone services"
19307,"i4213_2x","Subscriptions to fixed-broadband and fixed-telephone bundles",,"count",227,"CZE","Czech Republic","43087.0",2022,"","Czech Telecommunication Office","Refers to the number of bundled telecommunication subscriptions including fixed-broadband and fixed-telephone services"
19307,"i4213_2x","Subscriptions to fixed-broadband and fixed-telephone bundles",,"count",227,"CZE","Czech Republic","36759.0",2023,"","Czech Telecommunication Office","Refers to the number of bundled telecommunication subscriptions including fixed-broadband and fixed-telephone services"
19307,"i4213_2x","Subscriptions to fixed-broadband and fixed-telephone bundles",,"count",227,"CZE","Czech Republic","31067.0",2024,"","Czech Telecommunication Office","Refers to the number of bundled telecommunication subscriptions including fixed-broadband and fixed-telephone services"
19307,"i4213_2x","Subscriptions to fixed-broadband and fixed-telephone bundles",,"count",228,"TGO","Togo","0.0",2014,"","Autorité de Règlementation des secteurs de Postes et de Télécommunications","Refers to the number of bundled telecommunication subscriptions including fixed-broadband and fixed-telephone services"
19307,"i4213_2x","Subscriptions to fixed-broadband and fixed-telephone bundles",,"count",232,"TON","Tonga","0.0",2015,"","Ministry of Meteorology, Energy, Information, Disaster Management, Environment and Climate Change, Communication (MEIDECC) ","Refers to the number of bundled telecommunication subscriptions including fixed-broadband and fixed-telephone services"
19307,"i4213_2x","Subscriptions to fixed-broadband and fixed-telephone bundles",,"count",232,"TON","Tonga","5726.0",2016,"","MEIDECC","Refers to the number of bundled telecommunication subscriptions including fixed-broadband and fixed-telephone services"
19307,"i4213_2x","Subscriptions to fixed-broadband and fixed-telephone bundles",,"count",232,"TON","Tonga","6105.0",2017,"","MEIDECC","Refers to the number of bundled telecommunication subscriptions including fixed-broadband and fixed-telephone services"
19307,"i4213_2x","Subscriptions to fixed-broadband and fixed-telephone bundles",,"count",232,"TON","Tonga","2694.0",2018,"","MEIDECC","Refers to the number of bundled telecommunication subscriptions including fixed-broadband and fixed-telephone services"
19307,"i4213_2x","Subscriptions to fixed-broadband and fixed-telephone bundles",,"count",234,"TTO","Trinidad and Tobago","1753.0",2017,"","Telecommunications Authority of Trinidad and Tobago","Refers to the number of bundled telecommunication subscriptions including fixed-broadband and fixed-telephone services"
19307,"i4213_2x","Subscriptions to fixed-broadband and fixed-telephone bundles",,"count",234,"TTO","Trinidad and Tobago","7101.0",2018,"","Telecommunications Authority of Trinidad and Tobago","Refers to the number of bundled telecommunication subscriptions including fixed-broadband and fixed-telephone services"
19307,"i4213_2x","Subscriptions to fixed-broadband and fixed-telephone bundles",,"count",234,"TTO","Trinidad and Tobago","7247.0",2019,"","Telecommunications Authority of Trinidad and Tobago","Refers to the number of bundled telecommunication subscriptions including fixed-broadband and fixed-telephone services"
19307,"i4213_2x","Subscriptions to fixed-broadband and fixed-telephone bundles",,"count",234,"TTO","Trinidad and Tobago","9919.0",2020,"","Telecommunications Authority of Trinidad and Tobago","Refers to the number of bundled telecommunication subscriptions including fixed-broadband and fixed-telephone services"
19307,"i4213_2x","Subscriptions to fixed-broadband and fixed-telephone bundles",,"count",234,"TTO","Trinidad and Tobago","16607.0",2021,"","Telecommunications Authority of Trinidad and Tobago (TATT)","Refers to the number of bundled telecommunication subscriptions including fixed-broadband and fixed-telephone services"
19307,"i4213_2x","Subscriptions to fixed-broadband and fixed-telephone bundles",,"count",234,"TTO","Trinidad and Tobago","26878.0",2022,"","Telecommunications Authority of Trinidad and Tobago (TATT)","Refers to the number of bundled telecommunication subscriptions including fixed-broadband and fixed-telephone services"
19307,"i4213_2x","Subscriptions to fixed-broadband and fixed-telephone bundles",,"count",234,"TTO","Trinidad and Tobago","26296.0",2023,"","Telecommunications Authority of Trinidad and Tobago (TATT)","Refers to the number of bundled telecommunication subscriptions including fixed-broadband and fixed-telephone services"
19307,"i4213_2x","Subscriptions to fixed-broadband and fixed-telephone bundles",,"count",234,"TTO","Trinidad and Tobago","22160.0",2024,"","Telecommunications Authority of Trinidad and Tobago (TATT)","Refers to the number of bundled telecommunication subscriptions including fixed-broadband and fixed-telephone services"
19307,"i4213_2x","Subscriptions to fixed-broadband and fixed-telephone bundles",,"count",235,"TUN","Tunisia","3.0",2012,"","Ministère des Technologies de la Communication et de l'Economie Numérique","Refers to the number of bundled telecommunication subscriptions including fixed-broadband and fixed-telephone services"
19307,"i4213_2x","Subscriptions to fixed-broadband and fixed-telephone bundles",,"count",235,"TUN","Tunisia","522.0",2013,"","Ministère des Technologies de la Communication et de l'Economie Numérique","Refers to the number of bundled telecommunication subscriptions including fixed-broadband and fixed-telephone services"
19307,"i4213_2x","Subscriptions to fixed-broadband and fixed-telephone bundles",,"count",235,"TUN","Tunisia","71994.0",2014,"","Instance Nationale des Télécommunications","Refers to the number of bundled telecommunication subscriptions including fixed-broadband and fixed-telephone services"
19307,"i4213_2x","Subscriptions to fixed-broadband and fixed-telephone bundles",,"count",235,"TUN","Tunisia","91966.0",2015,"","Instance Nationale des Télécommunications","Refers to the number of bundled telecommunication subscriptions including fixed-broadband and fixed-telephone services"
19307,"i4213_2x","Subscriptions to fixed-broadband and fixed-telephone bundles",,"count",235,"TUN","Tunisia","197956.0",2016,"","Instance Nationale des Télécommunications","Refers to the number of bundled telecommunication subscriptions including fixed-broadband and fixed-telephone services"
19307,"i4213_2x","Subscriptions to fixed-broadband and fixed-telephone bundles",,"count",235,"TUN","Tunisia","386257.0",2017,"","Instance Nationale des Télécommunications de Tunisie","Refers to the number of bundled telecommunication subscriptions including fixed-broadband and fixed-telephone services"
19307,"i4213_2x","Subscriptions to fixed-broadband and fixed-telephone bundles",,"count",235,"TUN","Tunisia","641069.0",2018,"","Instance Nationale des Télécommunications de Tunisie","Refers to the number of bundled telecommunication subscriptions including fixed-broadband and fixed-telephone services"
19307,"i4213_2x","Subscriptions to fixed-broadband and fixed-telephone bundles",,"count",235,"TUN","Tunisia","863903.0",2019,"","Instance Nationale des Télécommunications","Refers to the number of bundled telecommunication subscriptions including fixed-broadband and fixed-telephone services"
19307,"i4213_2x","Subscriptions to fixed-broadband and fixed-telephone bundles",,"count",235,"TUN","Tunisia","1027790.0",2020,"","Instance Nationale des Télécommunications","Refers to the number of bundled telecommunication subscriptions including fixed-broadband and fixed-telephone services"
19307,"i4213_2x","Subscriptions to fixed-broadband and fixed-telephone bundles",,"count",235,"TUN","Tunisia","1209127.0",2021,"","Instance Nationale des Télécommunications","Refers to the number of bundled telecommunication subscriptions including fixed-broadband and fixed-telephone services"
19307,"i4213_2x","Subscriptions to fixed-broadband and fixed-telephone bundles",,"count",235,"TUN","Tunisia","1387208.0",2022,"","Instance Nationale des Télécommunications","Refers to the number of bundled telecommunication subscriptions including fixed-broadband and fixed-telephone services"
19307,"i4213_2x","Subscriptions to fixed-broadband and fixed-telephone bundles",,"count",235,"TUN","Tunisia","1498715.0",2023,"","Instance Nationale des Télécommunications","Refers to the number of bundled telecommunication subscriptions including fixed-broadband and fixed-telephone services"
19307,"i4213_2x","Subscriptions to fixed-broadband and fixed-telephone bundles",,"count",235,"TUN","Tunisia","1730067.0",2024,"","Instance Nationale des Télécommunications","Refers to the number of bundled telecommunication subscriptions including fixed-broadband and fixed-telephone services"
19307,"i4213_2x","Subscriptions to fixed-broadband and fixed-telephone bundles",,"count",238,"TZA","Tanzania","27444.0",2020,"","Tanzania Communications Regulatory Authority (TCRA)","Refers to the number of bundled telecommunication subscriptions including fixed-broadband and fixed-telephone services"
19307,"i4213_2x","Subscriptions to fixed-broadband and fixed-telephone bundles",,"count",239,"ARE","United Arab Emirates","403616.0",2013,"","Telecommunications Regulatory Authority (TRA)","Refers to the number of bundled telecommunication subscriptions including fixed-broadband and fixed-telephone services"
19307,"i4213_2x","Subscriptions to fixed-broadband and fixed-telephone bundles",,"count",239,"ARE","United Arab Emirates","340150.0",2014,"","Telecommunications Regulatory Authority (TRA)","Refers to the number of bundled telecommunication subscriptions including fixed-broadband and fixed-telephone services"
19307,"i4213_2x","Subscriptions to fixed-broadband and fixed-telephone bundles",,"count",239,"ARE","United Arab Emirates","284206.0",2015,"","Telecommunications Regulatory Authority (TRA)","Refers to the number of bundled telecommunication subscriptions including fixed-broadband and fixed-telephone services"
19307,"i4213_2x","Subscriptions to fixed-broadband and fixed-telephone bundles",,"count",239,"ARE","United Arab Emirates","320700.0",2016,"","Telecommunications  Regulatory Authority","Refers to the number of bundled telecommunication subscriptions including fixed-broadband and fixed-telephone services"
19307,"i4213_2x","Subscriptions to fixed-broadband and fixed-telephone bundles",,"count",239,"ARE","United Arab Emirates","1380915.0",2017,"","Telecommunications  Regulatory Authority","Refers to the number of bundled telecommunication subscriptions including fixed-broadband and fixed-telephone services"
19307,"i4213_2x","Subscriptions to fixed-broadband and fixed-telephone bundles",,"count",239,"ARE","United Arab Emirates","1464842.0",2018,"","Telecommunications and Digital Government Regulatory Authority","Refers to the number of bundled telecommunication subscriptions including fixed-broadband and fixed-telephone services"
19307,"i4213_2x","Subscriptions to fixed-broadband and fixed-telephone bundles",,"count",239,"ARE","United Arab Emirates","1230577.0",2019,"","Telecommunications Regulatory Authority ","Refers to the number of bundled telecommunication subscriptions including fixed-broadband and fixed-telephone services"
19307,"i4213_2x","Subscriptions to fixed-broadband and fixed-telephone bundles",,"count",239,"ARE","United Arab Emirates","1251825.0",2020,"","Telecommunications Regulatory Authority ","Refers to the number of bundled telecommunication subscriptions including fixed-broadband and fixed-telephone services"
19307,"i4213_2x","Subscriptions to fixed-broadband and fixed-telephone bundles",,"count",239,"ARE","United Arab Emirates","1330787.0",2021,"","Telecommunications Regulatory Authority","Refers to the number of bundled telecommunication subscriptions including fixed-broadband and fixed-telephone services"
19307,"i4213_2x","Subscriptions to fixed-broadband and fixed-telephone bundles",,"count",239,"ARE","United Arab Emirates","1330568.0",2022,"","Telecommunications and Digital Government Regulatory Authority","Refers to the number of bundled telecommunication subscriptions including fixed-broadband and fixed-telephone services"
19307,"i4213_2x","Subscriptions to fixed-broadband and fixed-telephone bundles",,"count",239,"ARE","United Arab Emirates","1165529.0",2023,"","Telecommunications and Digital Government Regulatory Authority","Refers to the number of bundled telecommunication subscriptions including fixed-broadband and fixed-telephone services"
19307,"i4213_2x","Subscriptions to fixed-broadband and fixed-telephone bundles",,"count",239,"ARE","United Arab Emirates","1526388.0",2024,"","Telecommunications Regulatory Authority","Refers to the number of bundled telecommunication subscriptions including fixed-broadband and fixed-telephone services"
19307,"i4213_2x","Subscriptions to fixed-broadband and fixed-telephone bundles",,"count",242,"URY","Uruguay","1024653.0",2021,"son servicio de banda ancha fija alambricaque por contrato tambien tienen servicios de voz fija.","Unidad Reguladora de Servicios de Comunicaciones","Refers to the number of bundled telecommunication subscriptions including fixed-broadband and fixed-telephone services"
19307,"i4213_2x","Subscriptions to fixed-broadband and fixed-telephone bundles",,"count",242,"URY","Uruguay","1054722.0",2022,"son servicio de banda ancha fija alambrica que por contrato tambien tienen servicios de voz fija","Unidad Reguladora de Servicios de Comunicaciones","Refers to the number of bundled telecommunication subscriptions including fixed-broadband and fixed-telephone services"
19307,"i4213_2x","Subscriptions to fixed-broadband and fixed-telephone bundles",,"count",242,"URY","Uruguay","1029428.0",2023,"son servicio de banda ancha fija alambrica que por contrato tambien tienen servicios de voz fija","Unidad Reguladora de Servicios de Comunicaciones","Refers to the number of bundled telecommunication subscriptions including fixed-broadband and fixed-telephone services"
19307,"i4213_2x","Subscriptions to fixed-broadband and fixed-telephone bundles",,"count",242,"URY","Uruguay","1051592.0",2024,"son servicio de banda ancha fija alambrica que por contrato tambien tienen servicios de voz fija","Unidad Reguladora de Servicios de Comunicaciones","Refers to the number of bundled telecommunication subscriptions including fixed-broadband and fixed-telephone services"
19307,"i4213_2x","Subscriptions to fixed-broadband and fixed-telephone bundles",,"count",244,"USA","United States","7.0433E7",2017,"Source: FCC Form 477 (Subject to Change).","Federal Communications Commission","Refers to the number of bundled telecommunication subscriptions including fixed-broadband and fixed-telephone services"
19307,"i4213_2x","Subscriptions to fixed-broadband and fixed-telephone bundles",,"count",244,"USA","United States","6.7449E7",2018,"Source: FCC Form 477 (Subject to Change).","Federal Communications Commission","Refers to the number of bundled telecommunication subscriptions including fixed-broadband and fixed-telephone services"
19307,"i4213_2x","Subscriptions to fixed-broadband and fixed-telephone bundles",,"count",244,"USA","United States","6.4125E7",2019,"Source: FCC Form 477 (Preliminary and Subject to Change).","U.S. Federal Communications Commission","Refers to the number of bundled telecommunication subscriptions including fixed-broadband and fixed-telephone services"
19307,"i4213_2x","Subscriptions to fixed-broadband and fixed-telephone bundles",,"count",244,"USA","United States","6.0109457E7",2020,"Source: FCC Form 477 (Preliminary and Subject to Change).","U.S. Federal Communications Commission","Refers to the number of bundled telecommunication subscriptions including fixed-broadband and fixed-telephone services"
19307,"i4213_2x","Subscriptions to fixed-broadband and fixed-telephone bundles",,"count",244,"USA","United States","5.6139E7",2021,"Source: FCC Form 477.","U.S. Federal Communications Commission","Refers to the number of bundled telecommunication subscriptions including fixed-broadband and fixed-telephone services"
19307,"i4213_2x","Subscriptions to fixed-broadband and fixed-telephone bundles",,"count",244,"USA","United States","4.9427E7",2022,"Source: FCC Form 477 (Preliminary and Subject to Change).","U.S. Federal Communications Commission","Refers to the number of bundled telecommunication subscriptions including fixed-broadband and fixed-telephone services"
19307,"i4213_2x","Subscriptions to fixed-broadband and fixed-telephone bundles",,"count",244,"USA","United States","4.2706E7",2023,"Source:  FCC Form 477 (Preliminary and Subject to Change). #","U.S. Federal Communications Commission","Refers to the number of bundled telecommunication subscriptions including fixed-broadband and fixed-telephone services"
19307,"i4213_2x","Subscriptions to fixed-broadband and fixed-telephone bundles",,"count",244,"USA","United States","3.8E7",2024,"Source:  FCC Form 477 (Preliminary and Subject to Change). #","U.S. Federal Communications Commission","Refers to the number of bundled telecommunication subscriptions including fixed-broadband and fixed-telephone services"
19307,"i4213_2x","Subscriptions to fixed-broadband and fixed-telephone bundles",,"count",245,"UZB","Uzbekistan","317945.0",2014,"","State Committee for Communications, Informatization and Telecommunication Technologies ","Refers to the number of bundled telecommunication subscriptions including fixed-broadband and fixed-telephone services"
19307,"i4213_2x","Subscriptions to fixed-broadband and fixed-telephone bundles",,"count",245,"UZB","Uzbekistan","1417009.0",2015,"","State Committee for Communications, Informatization and Telecommunication Technologies ","Refers to the number of bundled telecommunication subscriptions including fixed-broadband and fixed-telephone services"
19307,"i4213_2x","Subscriptions to fixed-broadband and fixed-telephone bundles",,"count",245,"UZB","Uzbekistan","2022281.0",2016,"","Ministry for Development of Information Technologies and Communications of the Republic of Uzbekistan","Refers to the number of bundled telecommunication subscriptions including fixed-broadband and fixed-telephone services"
19307,"i4213_2x","Subscriptions to fixed-broadband and fixed-telephone bundles",,"count",245,"UZB","Uzbekistan","2060900.0",2017,"","Ministry for Development of Information Technologies and Communications of the Republic of Uzbekistan","Refers to the number of bundled telecommunication subscriptions including fixed-broadband and fixed-telephone services"
19307,"i4213_2x","Subscriptions to fixed-broadband and fixed-telephone bundles",,"count",245,"UZB","Uzbekistan","2225772.0",2018,"","Ministry of Development of the Information Technologies and Communications of the Republic of Uzbekistan","Refers to the number of bundled telecommunication subscriptions including fixed-broadband and fixed-telephone services"
19307,"i4213_2x","Subscriptions to fixed-broadband and fixed-telephone bundles",,"count",245,"UZB","Uzbekistan","1599178.0",2019,"","Ministry for Development of Information Technologies and Communications of the Republic of Uzbekistan","Refers to the number of bundled telecommunication subscriptions including fixed-broadband and fixed-telephone services"
19307,"i4213_2x","Subscriptions to fixed-broadband and fixed-telephone bundles",,"count",245,"UZB","Uzbekistan","2498820.0",2020,"","Ministry for Development of Information Technologies and Communications of the Republic of Uzbekistan","Refers to the number of bundled telecommunication subscriptions including fixed-broadband and fixed-telephone services"
19307,"i4213_2x","Subscriptions to fixed-broadband and fixed-telephone bundles",,"count",245,"UZB","Uzbekistan","2923951.0",2021,"","Ministry for Development of Information Technologies and Communications of the Republic of Uzbekistan","Refers to the number of bundled telecommunication subscriptions including fixed-broadband and fixed-telephone services"
19307,"i4213_2x","Subscriptions to fixed-broadband and fixed-telephone bundles",,"count",245,"UZB","Uzbekistan","3477085.0",2022,"","Ministry of Digital Technologies of the Republic of Uzbekistan","Refers to the number of bundled telecommunication subscriptions including fixed-broadband and fixed-telephone services"
19307,"i4213_2x","Subscriptions to fixed-broadband and fixed-telephone bundles",,"count",245,"UZB","Uzbekistan","3592692.0",2023,"","Ministry of Digital Technologies of the Republic of Uzbekistan","Refers to the number of bundled telecommunication subscriptions including fixed-broadband and fixed-telephone services"
19307,"i4213_2x","Subscriptions to fixed-broadband and fixed-telephone bundles",,"count",245,"UZB","Uzbekistan","3561833.0",2024,"","Ministry for Development of Information Technologies and Communications of the Republic of Uzbekistan","Refers to the number of bundled telecommunication subscriptions including fixed-broadband and fixed-telephone services"
19307,"i4213_2x","Subscriptions to fixed-broadband and fixed-telephone bundles",,"count",246,"VCT","Saint Vincent and the Grenadines","5028.0",2018,"Data as at March 2019","National Telecommunications Regulatory Commission","Refers to the number of bundled telecommunication subscriptions including fixed-broadband and fixed-telephone services"
19307,"i4213_2x","Subscriptions to fixed-broadband and fixed-telephone bundles",,"count",246,"VCT","Saint Vincent and the Grenadines","0.0",2019,"","National Telecommunications Regulatory Commission","Refers to the number of bundled telecommunication subscriptions including fixed-broadband and fixed-telephone services"
19307,"i4213_2x","Subscriptions to fixed-broadband and fixed-telephone bundles",,"count",247,"VEN","Venezuela","0.0",2021,"Actualmente los operadores no presentan su servicio por paquete","Comisión Nacional de Telecomunicaciones","Refers to the number of bundled telecommunication subscriptions including fixed-broadband and fixed-telephone services"
19307,"i4213_2x","Subscriptions to fixed-broadband and fixed-telephone bundles",,"count",247,"VEN","Venezuela","0.0",2022,"Actualmente los operadores no presentan su servicio por paquete","Comisión Nacional de Telecomunicaciones","Refers to the number of bundled telecommunication subscriptions including fixed-broadband and fixed-telephone services"
19307,"i4213_2x","Subscriptions to fixed-broadband and fixed-telephone bundles",,"count",247,"VEN","Venezuela","0.0",2023,"Actualmente los operadores no presentan su servicio por paquete","Comisión Nacional de Telecomunicaciones","Refers to the number of bundled telecommunication subscriptions including fixed-broadband and fixed-telephone services"
19307,"i4213_2x","Subscriptions to fixed-broadband and fixed-telephone bundles",,"count",247,"VEN","Venezuela","0.0",2024,"Preliminary","Comisión Nacional de Telecomunicaciones","Refers to the number of bundled telecommunication subscriptions including fixed-broadband and fixed-telephone services"
19307,"i4213_2x","Subscriptions to fixed-broadband and fixed-telephone bundles",,"count",249,"VGB","British Virgin Islands","482.0",2017,"","TRC","Refers to the number of bundled telecommunication subscriptions including fixed-broadband and fixed-telephone services"
19307,"i4213_2x","Subscriptions to fixed-broadband and fixed-telephone bundles",,"count",250,"VNM","Viet Nam","84733.0",2019,"","Ministry of Information and Communications","Refers to the number of bundled telecommunication subscriptions including fixed-broadband and fixed-telephone services"
19307,"i4213_2x","Subscriptions to fixed-broadband and fixed-telephone bundles",,"count",250,"VNM","Viet Nam","325310.0",2020,"","Ministry of Information and Communications","Refers to the number of bundled telecommunication subscriptions including fixed-broadband and fixed-telephone services"
19307,"i4213_2x","Subscriptions to fixed-broadband and fixed-telephone bundles",,"count",250,"VNM","Viet Nam","191694.0",2021,"","Ministry of Information and Communications","Refers to the number of bundled telecommunication subscriptions including fixed-broadband and fixed-telephone services"
19307,"i4213_2x","Subscriptions to fixed-broadband and fixed-telephone bundles",,"count",250,"VNM","Viet Nam","225850.0",2022,"","Ministry of Information and Communications","Refers to the number of bundled telecommunication subscriptions including fixed-broadband and fixed-telephone services"
19307,"i4213_2x","Subscriptions to fixed-broadband and fixed-telephone bundles",,"count",250,"VNM","Viet Nam","229987.0",2023,"","Ministry of Information and Communications","Refers to the number of bundled telecommunication subscriptions including fixed-broadband and fixed-telephone services"
19307,"i4213_2x","Subscriptions to fixed-broadband and fixed-telephone bundles",,"count",250,"VNM","Viet Nam","24541.0",2024,"Decreased as household fixed telephone subscriptions decreasing and increasing the rate of pay TV service.","Ministry of Science and Technology","Refers to the number of bundled telecommunication subscriptions including fixed-broadband and fixed-telephone services"
19307,"i4213_2x","Subscriptions to fixed-broadband and fixed-telephone bundles",,"count",251,"VUT","Vanuatu","0.0",2018,"Not Collected","Telecommunications, Radiocommunications and Broadcasting Regulator","Refers to the number of bundled telecommunication subscriptions including fixed-broadband and fixed-telephone services"
19307,"i4213_2x","Subscriptions to fixed-broadband and fixed-telephone bundles",,"count",251,"VUT","Vanuatu","6963.0",2022,"This subscription is total number of fixed broadband and telephone subscription.","Office of the Telecommunications, Radiocommunications & Broadcasting Regulator","Refers to the number of bundled telecommunication subscriptions including fixed-broadband and fixed-telephone services"
19307,"i4213_2x","Subscriptions to fixed-broadband and fixed-telephone bundles",,"count",251,"VUT","Vanuatu","7115.0",2023,"This subscription is total number of fixed broadband and telephone subscription.","Office of the Telecommunications, Radiocommunications & Broadcasting Regulator","Refers to the number of bundled telecommunication subscriptions including fixed-broadband and fixed-telephone services"
19307,"i4213_2x","Subscriptions to fixed-broadband and fixed-telephone bundles",,"count",253,"WLF","Wallis and Futuna","0.0",2022,"","Service des Postes et Telecommunications","Refers to the number of bundled telecommunication subscriptions including fixed-broadband and fixed-telephone services"
19307,"i4213_2x","Subscriptions to fixed-broadband and fixed-telephone bundles",,"count",253,"WLF","Wallis and Futuna","0.0",2023,"","Service des Postes et Telecommunications","Refers to the number of bundled telecommunication subscriptions including fixed-broadband and fixed-telephone services"
19307,"i4213_2x","Subscriptions to fixed-broadband and fixed-telephone bundles",,"count",256,"SRB","Serbia","116049.0",2015,"","Regulatory  Agency for Electronic Communications and Postal Services (RATEL)","Refers to the number of bundled telecommunication subscriptions including fixed-broadband and fixed-telephone services"
19307,"i4213_2x","Subscriptions to fixed-broadband and fixed-telephone bundles",,"count",256,"SRB","Serbia","129498.0",2016,"","Regulatory Agency for Electronic Communications and Postal Services","Refers to the number of bundled telecommunication subscriptions including fixed-broadband and fixed-telephone services"
19307,"i4213_2x","Subscriptions to fixed-broadband and fixed-telephone bundles",,"count",256,"SRB","Serbia","128518.0",2017,"","Regulatory Agency for Electronic Communications and Postal Services","Refers to the number of bundled telecommunication subscriptions including fixed-broadband and fixed-telephone services"
19307,"i4213_2x","Subscriptions to fixed-broadband and fixed-telephone bundles",,"count",256,"SRB","Serbia","146039.0",2018,"","Regulatory Agency for Electronic Communications and Postal Services","Refers to the number of bundled telecommunication subscriptions including fixed-broadband and fixed-telephone services"
19307,"i4213_2x","Subscriptions to fixed-broadband and fixed-telephone bundles",,"count",256,"SRB","Serbia","124334.0",2019,"","Regulatory  Agency for Electronic Communications and Postal Services (RATEL)","Refers to the number of bundled telecommunication subscriptions including fixed-broadband and fixed-telephone services"
19307,"i4213_2x","Subscriptions to fixed-broadband and fixed-telephone bundles",,"count",256,"SRB","Serbia","109767.0",2020,"","Regulatory  Agency for Electronic Communications and Postal Services (RATEL)","Refers to the number of bundled telecommunication subscriptions including fixed-broadband and fixed-telephone services"
19307,"i4213_2x","Subscriptions to fixed-broadband and fixed-telephone bundles",,"count",256,"SRB","Serbia","107524.0",2021,"","Regulatory  Agency for Electronic Communications and Postal Services (RATEL)","Refers to the number of bundled telecommunication subscriptions including fixed-broadband and fixed-telephone services"
19307,"i4213_2x","Subscriptions to fixed-broadband and fixed-telephone bundles",,"count",256,"SRB","Serbia","95963.0",2022,"","Regulatory  Agency for Electronic Communications and Postal Services (RATEL)","Refers to the number of bundled telecommunication subscriptions including fixed-broadband and fixed-telephone services"
19307,"i4213_2x","Subscriptions to fixed-broadband and fixed-telephone bundles",,"count",256,"SRB","Serbia","96782.0",2023,"","Regulatory  Agency for Electronic Communications and Postal Services (RATEL)","Refers to the number of bundled telecommunication subscriptions including fixed-broadband and fixed-telephone services"
19307,"i4213_2x","Subscriptions to fixed-broadband and fixed-telephone bundles",,"count",256,"SRB","Serbia","104155.0",2024,"","Regulatory  Agency for Electronic Communications and Postal Services (RATEL)","Refers to the number of bundled telecommunication subscriptions including fixed-broadband and fixed-telephone services"
19307,"i4213_2x","Subscriptions to fixed-broadband and fixed-telephone bundles",,"count",260,"ZWE","Zimbabwe","0.0",2016,"Currently fixed broadband and fixed telephone bundles are unavailable. Kindly disregard last year`s response as it was erroneous.","POTRAZ","Refers to the number of bundled telecommunication subscriptions including fixed-broadband and fixed-telephone services"
19307,"i4213_2x","Subscriptions to fixed-broadband and fixed-telephone bundles",,"count",274,"MDA","Moldova","54733.0",2014,"","National Regulatory Agency for Electronic Communications and Information Technology","Refers to the number of bundled telecommunication subscriptions including fixed-broadband and fixed-telephone services"
19307,"i4213_2x","Subscriptions to fixed-broadband and fixed-telephone bundles",,"count",275,"BIH","Bosnia and Herzegovina","36644.0",2014,"","Communications Regulatory Agency B & H","Refers to the number of bundled telecommunication subscriptions including fixed-broadband and fixed-telephone services"
19307,"i4213_2x","Subscriptions to fixed-broadband and fixed-telephone bundles",,"count",275,"BIH","Bosnia and Herzegovina","44123.0",2015,"","Communications Regulatory Agency B & H","Refers to the number of bundled telecommunication subscriptions including fixed-broadband and fixed-telephone services"
19307,"i4213_2x","Subscriptions to fixed-broadband and fixed-telephone bundles",,"count",275,"BIH","Bosnia and Herzegovina","45484.0",2016,"","Communications Regulatory Agency","Refers to the number of bundled telecommunication subscriptions including fixed-broadband and fixed-telephone services"
19307,"i4213_2x","Subscriptions to fixed-broadband and fixed-telephone bundles",,"count",275,"BIH","Bosnia and Herzegovina","49013.0",2017,"","Communications Regulatory Agency","Refers to the number of bundled telecommunication subscriptions including fixed-broadband and fixed-telephone services"
19307,"i4213_2x","Subscriptions to fixed-broadband and fixed-telephone bundles",,"count",275,"BIH","Bosnia and Herzegovina","42164.0",2018,"","Communications Regulatory Agency","Refers to the number of bundled telecommunication subscriptions including fixed-broadband and fixed-telephone services"
19307,"i4213_2x","Subscriptions to fixed-broadband and fixed-telephone bundles",,"count",275,"BIH","Bosnia and Herzegovina","37601.0",2019,"","Communications Regulatory Agency B & H","Refers to the number of bundled telecommunication subscriptions including fixed-broadband and fixed-telephone services"
19307,"i4213_2x","Subscriptions to fixed-broadband and fixed-telephone bundles",,"count",275,"BIH","Bosnia and Herzegovina","36670.0",2020,"","Communications Regulatory Agency B & H","Refers to the number of bundled telecommunication subscriptions including fixed-broadband and fixed-telephone services"
19307,"i4213_2x","Subscriptions to fixed-broadband and fixed-telephone bundles",,"count",275,"BIH","Bosnia and Herzegovina","39990.0",2021,"","Communications Regulatory Agency B & H","Refers to the number of bundled telecommunication subscriptions including fixed-broadband and fixed-telephone services"
19307,"i4213_2x","Subscriptions to fixed-broadband and fixed-telephone bundles",,"count",275,"BIH","Bosnia and Herzegovina","36958.0",2022,"","Communications Regulatory Agency of Bosnia and Herzegovina","Refers to the number of bundled telecommunication subscriptions including fixed-broadband and fixed-telephone services"
19307,"i4213_2x","Subscriptions to fixed-broadband and fixed-telephone bundles",,"count",275,"BIH","Bosnia and Herzegovina","36871.0",2023,"","Communications Regulatory Agency of Bosnia and Herzegovina","Refers to the number of bundled telecommunication subscriptions including fixed-broadband and fixed-telephone services"
19307,"i4213_2x","Subscriptions to fixed-broadband and fixed-telephone bundles",,"count",275,"BIH","Bosnia and Herzegovina","36395.0",2024,"","Communications Regulatory Agency of Bosnia and Herzegovina","Refers to the number of bundled telecommunication subscriptions including fixed-broadband and fixed-telephone services"
19307,"i4213_2x","Subscriptions to fixed-broadband and fixed-telephone bundles",,"count",276,"GEO","Georgia","155118.0",2015,"","Georgian National Communications Commission","Refers to the number of bundled telecommunication subscriptions including fixed-broadband and fixed-telephone services"
19307,"i4213_2x","Subscriptions to fixed-broadband and fixed-telephone bundles",,"count",276,"GEO","Georgia","156100.0",2016,"","GNCC","Refers to the number of bundled telecommunication subscriptions including fixed-broadband and fixed-telephone services"
19307,"i4213_2x","Subscriptions to fixed-broadband and fixed-telephone bundles",,"count",276,"GEO","Georgia","119895.0",2017,"","Georgian National Communications Commission","Refers to the number of bundled telecommunication subscriptions including fixed-broadband and fixed-telephone services"
19307,"i4213_2x","Subscriptions to fixed-broadband and fixed-telephone bundles",,"count",276,"GEO","Georgia","27875.0",2019,"","Communications Comission","Refers to the number of bundled telecommunication subscriptions including fixed-broadband and fixed-telephone services"
19307,"i4213_2x","Subscriptions to fixed-broadband and fixed-telephone bundles",,"count",276,"GEO","Georgia","19046.0",2020,"","Communications Comission","Refers to the number of bundled telecommunication subscriptions including fixed-broadband and fixed-telephone services"
19307,"i4213_2x","Subscriptions to fixed-broadband and fixed-telephone bundles",,"count",276,"GEO","Georgia","25823.0",2021,"","Communications Comission","Refers to the number of bundled telecommunication subscriptions including fixed-broadband and fixed-telephone services"
19307,"i4213_2x","Subscriptions to fixed-broadband and fixed-telephone bundles",,"count",276,"GEO","Georgia","12790.0",2022,"","Communications Comission","Refers to the number of bundled telecommunication subscriptions including fixed-broadband and fixed-telephone services"
19307,"i4213_2x","Subscriptions to fixed-broadband and fixed-telephone bundles",,"count",276,"GEO","Georgia","12069.0",2023,"","Communications Comission","Refers to the number of bundled telecommunication subscriptions including fixed-broadband and fixed-telephone services"
19307,"i4213_2x","Subscriptions to fixed-broadband and fixed-telephone bundles",,"count",276,"GEO","Georgia","10069.0",2024,"","Communications Comission","Refers to the number of bundled telecommunication subscriptions including fixed-broadband and fixed-telephone services"
19307,"i4213_2x","Subscriptions to fixed-broadband and fixed-telephone bundles",,"count",277,"KAZ","Kazakhstan","350.0",2016,"","Ministry of Digital Development Innovation and Aerospace","Refers to the number of bundled telecommunication subscriptions including fixed-broadband and fixed-telephone services"
19307,"i4213_2x","Subscriptions to fixed-broadband and fixed-telephone bundles",,"count",277,"KAZ","Kazakhstan","1800.0",2017,"","Ministry of digital development, innovation and aerospace industry of the Republic of Kazakhstan","Refers to the number of bundled telecommunication subscriptions including fixed-broadband and fixed-telephone services"
19307,"i4213_2x","Subscriptions to fixed-broadband and fixed-telephone bundles",,"count",277,"KAZ","Kazakhstan","923700.0",2018,"923700 units","Ministry of Digital Development Innovation and Aerospace Industry of the Republic of Kazakhstan","Refers to the number of bundled telecommunication subscriptions including fixed-broadband and fixed-telephone services"
19307,"i4213_2x","Subscriptions to fixed-broadband and fixed-telephone bundles",,"count",277,"KAZ","Kazakhstan","925700.0",2019,"","Ministry of digital development, defense and aerospace industry of the Republic of Kazakhstan","Refers to the number of bundled telecommunication subscriptions including fixed-broadband and fixed-telephone services"
19307,"i4213_2x","Subscriptions to fixed-broadband and fixed-telephone bundles",,"count",277,"KAZ","Kazakhstan","1009500.0",2020,"","Ministry of digital development, defense and aerospace industry of the Republic of Kazakhstan","Refers to the number of bundled telecommunication subscriptions including fixed-broadband and fixed-telephone services"
19307,"i4213_2x","Subscriptions to fixed-broadband and fixed-telephone bundles",,"count",277,"KAZ","Kazakhstan","522700.0",2021,"","Ministry of digital development, defense and aerospace industry of the Republic of Kazakhstan","Refers to the number of bundled telecommunication subscriptions including fixed-broadband and fixed-telephone services"
19307,"i4213_2x","Subscriptions to fixed-broadband and fixed-telephone bundles",,"count",277,"KAZ","Kazakhstan","552600.0",2022,"","Ministry of digital development, defense and aerospace industry of the Republic of Kazakhstan","Refers to the number of bundled telecommunication subscriptions including fixed-broadband and fixed-telephone services"
19307,"i4213_2x","Subscriptions to fixed-broadband and fixed-telephone bundles",,"count",277,"KAZ","Kazakhstan","2656200.0",2023,"according to the final data of the Office for National Statistics for 2023","Ministry of digital development, defense and aerospace industry of the Republic of Kazakhstan","Refers to the number of bundled telecommunication subscriptions including fixed-broadband and fixed-telephone services"
19307,"i4213_2x","Subscriptions to fixed-broadband and fixed-telephone bundles",,"count",277,"KAZ","Kazakhstan","2816800.0",2024,"according to the final data of the Office for National Statistics for 2024","Ministry of digital development, defense and aerospace industry of the Republic of Kazakhstan","Refers to the number of bundled telecommunication subscriptions including fixed-broadband and fixed-telephone services"
19307,"i4213_2x","Subscriptions to fixed-broadband and fixed-telephone bundles",,"count",280,"KGZ","Kyrgyzstan","0.0",2021,"Telecom operators providing fixed broadband and fixed telephone services do not provide such package tariff plans.","Service for the Regulation and Supervision of the Communications Sector under the Ministry of Digital Development of the Kyrgyz Republic ","Refers to the number of bundled telecommunication subscriptions including fixed-broadband and fixed-telephone services"
19307,"i4213_2x","Subscriptions to fixed-broadband and fixed-telephone bundles",,"count",280,"KGZ","Kyrgyzstan","0.0",2022,"Telecom operators providing fixed broadband and fixed telephone services do not provide such package tariff plans.","Service for the Regulation and Supervision of the Communications Sector under the Ministry of Digital Development of the Kyrgyz Republic","Refers to the number of bundled telecommunication subscriptions including fixed-broadband and fixed-telephone services"
19307,"i4213_2x","Subscriptions to fixed-broadband and fixed-telephone bundles",,"count",280,"KGZ","Kyrgyzstan","0.0",2023,"","Service for the Regulation and Supervision of the Communications Sector under the Ministry of Digital Development of the Kyrgyz Republic","Refers to the number of bundled telecommunication subscriptions including fixed-broadband and fixed-telephone services"
19307,"i4213_2x","Subscriptions to fixed-broadband and fixed-telephone bundles",,"count",280,"KGZ","Kyrgyzstan","0.0",2024,"","Service for the Regulation and Supervision of the Communications Sector under the Ministry of Digital Development of the Kyrgyz Republic","Refers to the number of bundled telecommunication subscriptions including fixed-broadband and fixed-telephone services"
19307,"i4213_2x","Subscriptions to fixed-broadband and fixed-telephone bundles",,"count",281,"SVK","Slovakia","133355.0",2014,"Source: Regulatory Authority for Electronic Communications and Postal Services","Ministry of Transport, Construction and Regional Development of the Slovak Republic  ","Refers to the number of bundled telecommunication subscriptions including fixed-broadband and fixed-telephone services"
19307,"i4213_2x","Subscriptions to fixed-broadband and fixed-telephone bundles",,"count",281,"SVK","Slovakia","127753.0",2015,"Source: Regulatory Authority for Electronic Communications and Postal Services","Ministry of Transport, Construction and Regional Development of the Slovak Republic  ","Refers to the number of bundled telecommunication subscriptions including fixed-broadband and fixed-telephone services"
19307,"i4213_2x","Subscriptions to fixed-broadband and fixed-telephone bundles",,"count",281,"SVK","Slovakia","118959.0",2016,"","Ministry of Transport and Construction of the Slovak Republic","Refers to the number of bundled telecommunication subscriptions including fixed-broadband and fixed-telephone services"
19307,"i4213_2x","Subscriptions to fixed-broadband and fixed-telephone bundles",,"count",281,"SVK","Slovakia","100585.0",2017,"","Ministry of Transport and Construction of the Slovak Republic","Refers to the number of bundled telecommunication subscriptions including fixed-broadband and fixed-telephone services"
19307,"i4213_2x","Subscriptions to fixed-broadband and fixed-telephone bundles",,"count",281,"SVK","Slovakia","83976.0",2018,"","Ministry of Transport and Construction of the Slovak Republic","Refers to the number of bundled telecommunication subscriptions including fixed-broadband and fixed-telephone services"
19307,"i4213_2x","Subscriptions to fixed-broadband and fixed-telephone bundles",,"count",281,"SVK","Slovakia","71708.0",2019,"","Ministry of Transport and Construction of the Slovak Republic  ","Refers to the number of bundled telecommunication subscriptions including fixed-broadband and fixed-telephone services"
19307,"i4213_2x","Subscriptions to fixed-broadband and fixed-telephone bundles",,"count",281,"SVK","Slovakia","73589.0",2020,"","Ministry of Transport and Construction of the Slovak Republic  ","Refers to the number of bundled telecommunication subscriptions including fixed-broadband and fixed-telephone services"
19307,"i4213_2x","Subscriptions to fixed-broadband and fixed-telephone bundles",,"count",281,"SVK","Slovakia","60487.0",2021,"","Ministry of Transport of the Slovak Republic","Refers to the number of bundled telecommunication subscriptions including fixed-broadband and fixed-telephone services"
19307,"i4213_2x","Subscriptions to fixed-broadband and fixed-telephone bundles",,"count",281,"SVK","Slovakia","53806.0",2022,"","Ministry of Transport of the Slovak Republic","Refers to the number of bundled telecommunication subscriptions including fixed-broadband and fixed-telephone services"
19307,"i4213_2x","Subscriptions to fixed-broadband and fixed-telephone bundles",,"count",281,"SVK","Slovakia","51924.0",2023,"","Ministry of Transport of the Slovak Republic","Refers to the number of bundled telecommunication subscriptions including fixed-broadband and fixed-telephone services"
19307,"i4213_2x","Subscriptions to fixed-broadband and fixed-telephone bundles",,"count",281,"SVK","Slovakia","26869.0",2024,"","Ministry of Transport of the Slovak Republic","Refers to the number of bundled telecommunication subscriptions including fixed-broadband and fixed-telephone services"
19307,"i4213_2x","Subscriptions to fixed-broadband and fixed-telephone bundles",,"count",283,"MKD","North Macedonia","69632.0",2014,"","Agency for Electronic Communications","Refers to the number of bundled telecommunication subscriptions including fixed-broadband and fixed-telephone services"
19307,"i4213_2x","Subscriptions to fixed-broadband and fixed-telephone bundles",,"count",283,"MKD","North Macedonia","62411.0",2015,"","","Refers to the number of bundled telecommunication subscriptions including fixed-broadband and fixed-telephone services"
19307,"i4213_2x","Subscriptions to fixed-broadband and fixed-telephone bundles",,"count",283,"MKD","North Macedonia","57432.0",2016,"","AEK","Refers to the number of bundled telecommunication subscriptions including fixed-broadband and fixed-telephone services"
19307,"i4213_2x","Subscriptions to fixed-broadband and fixed-telephone bundles",,"count",283,"MKD","North Macedonia","53684.0",2017,"","AEK","Refers to the number of bundled telecommunication subscriptions including fixed-broadband and fixed-telephone services"
19307,"i4213_2x","Subscriptions to fixed-broadband and fixed-telephone bundles",,"count",283,"MKD","North Macedonia","59734.0",2018,"","Agency for Electronic Communication","Refers to the number of bundled telecommunication subscriptions including fixed-broadband and fixed-telephone services"
19307,"i4213_2x","Subscriptions to fixed-broadband and fixed-telephone bundles",,"count",283,"MKD","North Macedonia","69618.0",2019,"","Agency for Electronic Communications","Refers to the number of bundled telecommunication subscriptions including fixed-broadband and fixed-telephone services"
19307,"i4213_2x","Subscriptions to fixed-broadband and fixed-telephone bundles",,"count",283,"MKD","North Macedonia","80012.0",2020,"","Agency for Electronic Communications","Refers to the number of bundled telecommunication subscriptions including fixed-broadband and fixed-telephone services"
19307,"i4213_2x","Subscriptions to fixed-broadband and fixed-telephone bundles",,"count",283,"MKD","North Macedonia","90327.0",2021,"","Agency for Electronic Communications","Refers to the number of bundled telecommunication subscriptions including fixed-broadband and fixed-telephone services"
19307,"i4213_2x","Subscriptions to fixed-broadband and fixed-telephone bundles",,"count",283,"MKD","North Macedonia","101715.0",2022,"","Agency for Electronic Communications","Refers to the number of bundled telecommunication subscriptions including fixed-broadband and fixed-telephone services"
19307,"i4213_2x","Subscriptions to fixed-broadband and fixed-telephone bundles",,"count",283,"MKD","North Macedonia","111954.0",2023,"","Agency for Electronic Communications","Refers to the number of bundled telecommunication subscriptions including fixed-broadband and fixed-telephone services"
19307,"i4213_2x","Subscriptions to fixed-broadband and fixed-telephone bundles",,"count",283,"MKD","North Macedonia","117633.0",2024,"","Agency for Electronic Communications","Refers to the number of bundled telecommunication subscriptions including fixed-broadband and fixed-telephone services"
19307,"i4213_2x","Subscriptions to fixed-broadband and fixed-telephone bundles",,"count",288,"ASC","Ascension","0.0",2014,"","Sure South Atlantic Ltd","Refers to the number of bundled telecommunication subscriptions including fixed-broadband and fixed-telephone services"
19307,"i4213_2x","Subscriptions to fixed-broadband and fixed-telephone bundles",,"count",288,"ASC","Ascension","0.0",2015,"","Sure South Atlantic Ltd","Refers to the number of bundled telecommunication subscriptions including fixed-broadband and fixed-telephone services"
19307,"i4213_2x","Subscriptions to fixed-broadband and fixed-telephone bundles",,"count",288,"ASC","Ascension","0.0",2016,"","Sure South Atlantic Ltd","Refers to the number of bundled telecommunication subscriptions including fixed-broadband and fixed-telephone services"
19307,"i4213_2x","Subscriptions to fixed-broadband and fixed-telephone bundles",,"count",298,"TWN","Taiwan, Province of China","3905.0",2014,"","National Communications Commission","Refers to the number of bundled telecommunication subscriptions including fixed-broadband and fixed-telephone services"
19307,"i4213_2x","Subscriptions to fixed-broadband and fixed-telephone bundles",,"count",298,"TWN","Taiwan, Province of China","4145.0",2015,"","National Communications Commission","Refers to the number of bundled telecommunication subscriptions including fixed-broadband and fixed-telephone services"
19307,"i4213_2x","Subscriptions to fixed-broadband and fixed-telephone bundles",,"count",298,"TWN","Taiwan, Province of China","5484.0",2016,"","National Communications Commission","Refers to the number of bundled telecommunication subscriptions including fixed-broadband and fixed-telephone services"
19307,"i4213_2x","Subscriptions to fixed-broadband and fixed-telephone bundles",,"count",298,"TWN","Taiwan, Province of China","4786.0",2017,"","National Communications Commission","Refers to the number of bundled telecommunication subscriptions including fixed-broadband and fixed-telephone services"
19307,"i4213_2x","Subscriptions to fixed-broadband and fixed-telephone bundles",,"count",298,"TWN","Taiwan, Province of China","4608.0",2018,"","National Communications Commission","Refers to the number of bundled telecommunication subscriptions including fixed-broadband and fixed-telephone services"
19307,"i4213_2x","Subscriptions to fixed-broadband and fixed-telephone bundles",,"count",298,"TWN","Taiwan, Province of China","3820.0",2019,"","National Communications Commission","Refers to the number of bundled telecommunication subscriptions including fixed-broadband and fixed-telephone services"
19307,"i4213_2x","Subscriptions to fixed-broadband and fixed-telephone bundles",,"count",298,"TWN","Taiwan, Province of China","3047.0",2020,"","National Communications Commission","Refers to the number of bundled telecommunication subscriptions including fixed-broadband and fixed-telephone services"
19307,"i4213_2x","Subscriptions to fixed-broadband and fixed-telephone bundles",,"count",298,"TWN","Taiwan, Province of China","2742.0",2021,"","National Communications Commission","Refers to the number of bundled telecommunication subscriptions including fixed-broadband and fixed-telephone services"
19307,"i4213_2x","Subscriptions to fixed-broadband and fixed-telephone bundles",,"count",298,"TWN","Taiwan, Province of China","3185.0",2022,"","National Communications Commission","Refers to the number of bundled telecommunication subscriptions including fixed-broadband and fixed-telephone services"
19307,"i4213_2x","Subscriptions to fixed-broadband and fixed-telephone bundles",,"count",298,"TWN","Taiwan, Province of China","2815.0",2023,"","National Communications Commission","Refers to the number of bundled telecommunication subscriptions including fixed-broadband and fixed-telephone services"
19307,"i4213_2x","Subscriptions to fixed-broadband and fixed-telephone bundles",,"count",298,"TWN","Taiwan, Province of China","2700.0",2024,"","National Communications Commission","Refers to the number of bundled telecommunication subscriptions including fixed-broadband and fixed-telephone services"
19307,"i4213_2x","Subscriptions to fixed-broadband and fixed-telephone bundles",,"count",308,"PSE","State of Palestine","320500.0",2016,"","Ministry of Telecom and IT","Refers to the number of bundled telecommunication subscriptions including fixed-broadband and fixed-telephone services"
19307,"i4213_2x","Subscriptions to fixed-broadband and fixed-telephone bundles",,"count",308,"PSE","State of Palestine","293168.0",2018,"","Ministry of Telecom and IT","Refers to the number of bundled telecommunication subscriptions including fixed-broadband and fixed-telephone services"
19307,"i4213_2x","Subscriptions to fixed-broadband and fixed-telephone bundles",,"count",308,"PSE","State of Palestine","221917.0",2019,"","Ministry of Telecommunication and IT","Refers to the number of bundled telecommunication subscriptions including fixed-broadband and fixed-telephone services"
19307,"i4213_2x","Subscriptions to fixed-broadband and fixed-telephone bundles",,"count",308,"PSE","State of Palestine","0.0",2020,"","Ministry of Telecommunication and IT","Refers to the number of bundled telecommunication subscriptions including fixed-broadband and fixed-telephone services"
19307,"i4213_2x","Subscriptions to fixed-broadband and fixed-telephone bundles",,"count",308,"PSE","State of Palestine","0.0",2021,"","Ministry of Telecommunication and IT","Refers to the number of bundled telecommunication subscriptions including fixed-broadband and fixed-telephone services"
19307,"i4213_2x","Subscriptions to fixed-broadband and fixed-telephone bundles",,"count",308,"PSE","State of Palestine","0.0",2022,"","","Refers to the number of bundled telecommunication subscriptions including fixed-broadband and fixed-telephone services"
19307,"i4213_2x","Subscriptions to fixed-broadband and fixed-telephone bundles",,"count",308,"PSE","State of Palestine","0.0",2023,"","Ministry of Telecommunications and Digital Economy","Refers to the number of bundled telecommunication subscriptions including fixed-broadband and fixed-telephone services"
19307,"i4213_2x","Subscriptions to fixed-broadband and fixed-telephone bundles",,"count",316,"MNE","Montenegro","29691.0",2012,"","Agency for Electronic Communications and Postal Services","Refers to the number of bundled telecommunication subscriptions including fixed-broadband and fixed-telephone services"
19307,"i4213_2x","Subscriptions to fixed-broadband and fixed-telephone bundles",,"count",316,"MNE","Montenegro","31917.0",2013,"","Agency for Electronic Communications and Postal Services","Refers to the number of bundled telecommunication subscriptions including fixed-broadband and fixed-telephone services"
19307,"i4213_2x","Subscriptions to fixed-broadband and fixed-telephone bundles",,"count",316,"MNE","Montenegro","31867.0",2014,"","Agency for Electronic Communications and Postal Services","Refers to the number of bundled telecommunication subscriptions including fixed-broadband and fixed-telephone services"
19307,"i4213_2x","Subscriptions to fixed-broadband and fixed-telephone bundles",,"count",316,"MNE","Montenegro","36303.0",2015,"","Agency for Electronic Communications and Postal Services","Refers to the number of bundled telecommunication subscriptions including fixed-broadband and fixed-telephone services"
19307,"i4213_2x","Subscriptions to fixed-broadband and fixed-telephone bundles",,"count",316,"MNE","Montenegro","27202.0",2016,"","Agency for electronic communications and postal sevices Montenegro","Refers to the number of bundled telecommunication subscriptions including fixed-broadband and fixed-telephone services"
19307,"i4213_2x","Subscriptions to fixed-broadband and fixed-telephone bundles",,"count",316,"MNE","Montenegro","28332.0",2017,"","Agency for electronic communications and postal sevices Montenegro","Refers to the number of bundled telecommunication subscriptions including fixed-broadband and fixed-telephone services"
19307,"i4213_2x","Subscriptions to fixed-broadband and fixed-telephone bundles",,"count",316,"MNE","Montenegro","27535.0",2018,"","Agency for Electronic Communications and Postal Services","Refers to the number of bundled telecommunication subscriptions including fixed-broadband and fixed-telephone services"
19307,"i4213_2x","Subscriptions to fixed-broadband and fixed-telephone bundles",,"count",316,"MNE","Montenegro","27566.0",2019,"","Agency for Electronic Communications and Postal Services","Refers to the number of bundled telecommunication subscriptions including fixed-broadband and fixed-telephone services"
19307,"i4213_2x","Subscriptions to fixed-broadband and fixed-telephone bundles",,"count",316,"MNE","Montenegro","10051.0",2020,"","Agency for Electronic Communications and Postal Services","Refers to the number of bundled telecommunication subscriptions including fixed-broadband and fixed-telephone services"
19307,"i4213_2x","Subscriptions to fixed-broadband and fixed-telephone bundles",,"count",316,"MNE","Montenegro","9508.0",2021,"","Agency for Electronic Communications and Postal Services","Refers to the number of bundled telecommunication subscriptions including fixed-broadband and fixed-telephone services"
19307,"i4213_2x","Subscriptions to fixed-broadband and fixed-telephone bundles",,"count",316,"MNE","Montenegro","23988.0",2022,"","Agency for Electronic Communications and Postal Services","Refers to the number of bundled telecommunication subscriptions including fixed-broadband and fixed-telephone services"
19307,"i4213_2x","Subscriptions to fixed-broadband and fixed-telephone bundles",,"count",316,"MNE","Montenegro","23987.0",2023,"","Agency for Electronic Communications and Postal Services","Refers to the number of bundled telecommunication subscriptions including fixed-broadband and fixed-telephone services"
19307,"i4213_2x","Subscriptions to fixed-broadband and fixed-telephone bundles",,"count",316,"MNE","Montenegro","18697.0",2024,"","Agency for Electronic Communications and Postal Services","Refers to the number of bundled telecommunication subscriptions including fixed-broadband and fixed-telephone services"
19307,"i4213_2x","Subscriptions to fixed-broadband and fixed-telephone bundles",,"count",321,"SSD","South Sudan","0.0",2015,"These services was not used","Ministry of Telecommunications & Postal Services","Refers to the number of bundled telecommunication subscriptions including fixed-broadband and fixed-telephone services"
19307,"i4213_2x","Subscriptions to fixed-broadband and fixed-telephone bundles",,"count",321,"SSD","South Sudan","0.0",2016,"","National Communication Authority, NCA","Refers to the number of bundled telecommunication subscriptions including fixed-broadband and fixed-telephone services"
19307,"i4213_2x","Subscriptions to fixed-broadband and fixed-telephone bundles",,"count",321,"SSD","South Sudan","0.0",2017,"","National Communication Authority, NCA","Refers to the number of bundled telecommunication subscriptions including fixed-broadband and fixed-telephone services"
19307,"i4213_2x","Subscriptions to fixed-broadband and fixed-telephone bundles",,"count",321,"SSD","South Sudan","0.0",2018,"","National Communication Authority, NCA","Refers to the number of bundled telecommunication subscriptions including fixed-broadband and fixed-telephone services"
19307,"i4213_2x","Subscriptions to fixed-broadband and fixed-telephone bundles",,"count",321,"SSD","South Sudan","0.0",2019,"","National Communication Authority, NCA.","Refers to the number of bundled telecommunication subscriptions including fixed-broadband and fixed-telephone services"
19307,"i4213_2x","Subscriptions to fixed-broadband and fixed-telephone bundles",,"count",330,"CUW","Curacao","6289.0",2019,"","Bureau Telecommunicatie & Post Curacao","Refers to the number of bundled telecommunication subscriptions including fixed-broadband and fixed-telephone services"
19307,"i4213_2x","Subscriptions to fixed-broadband and fixed-telephone bundles",,"count",330,"CUW","Curacao","4720.0",2021,"","Bureau Telecommunicatie & Post Curacao","Refers to the number of bundled telecommunication subscriptions including fixed-broadband and fixed-telephone services"